id,sequence,event_type,event,context,recorded_at
00000000-0000-0000-0000-000000000001,1,initialized,"{""type"": ""initialized"", ""values"": {""id"": ""00000000-0000-0000-0000-000000000001"", ""code"": ""Income"", ""name"": ""Income"", ""config"": {""is_account_set"": false, ""eventually_consistent"": false}, ""status"": ""active"", ""version"": 1, ""metadata"": null, ""description"": null, ""external_id"": null, ""normal_balance_type"": ""credit""}}",,2026-09-06 15:30:42.429188+00
01a07756-fce9-7ef1-b45c-3344e41f13bf,1,initialized,"{""type"": ""initialized"", ""values"": {""id"": ""01a07756-fce9-7ef1-b45c-3344e41f13bf"", ""code"": ""01a07756-fce9-7ef1-b45c-3344e41f13bf"", ""name"": """", ""config"": {""is_account_set"": true, ""eventually_consistent"": false}, ""status"": ""active"", ""version"": 1, ""metadata"": null, ""description"": null, ""external_id"": null, ""normal_balance_type"": ""credit""}}",,2026-09-06 15:29:44.682003+00
01a07756-fd02-79b2-a4b8-0e7b76b67e03,1,initialized,"{""type"": ""initialized"", ""values"": {""id"": ""01a07756-fd02-79b2-a4b8-0e7b76b67e03"", ""code"": ""01a07756-fd02-79b2-a4b8-0e7b76b67e03"", ""name"": """", ""config"": {""is_account_set"": true, ""eventually_consistent"": false}, ""status"": ""active"", ""version"": 1, ""metadata"": null, ""description"": null, ""external_id"": null, ""normal_balance_type"": ""credit""}}",,2026-09-06 15:29:44.708366+00
01a07756-fd02-79b2-a4b8-0e82d3431d89,1,initialized,"{""type"": ""initialized"", ""values"": {""id"": ""01a07756-fd02-79b2-a4b8-0e82d3431d89"", ""code"": ""01a07756-fd02-79b2-a4b8-0e82d3431d89"", ""name"": """", ""config"": {""is_account_set"": true, ""eventually_consistent"": false}, ""status"": ""active"", ""version"": 1, ""metadata"": null, ""description"": null, ""external_id"": null, ""normal_balance_type"": ""credit""}}",,2026-09-06 15:29:44.881102+00
01a07756-fd02-79b2-a4b8-0e9e1b833158,1,initialized,"{""type"": ""initialized"", ""values"": {""id"": ""01a07756-fd02-79b2-a4b8-0e9e1b833158"", ""code"": ""01a07756-fd02-79b2-a4b8-0e9e1b833158"", ""name"": """", ""config"": {""is_account_set"": true, ""eventually_consistent"": false}, ""status"": ""active"", ""version"": 1, ""metadata"": null, ""description"": null, ""external_id"": null, ""normal_balance_type"": ""credit""}}",,2026-09-06 15:29:45.487805+00
01a07756-fd02-79b2-a4b8-0ea5f8ac2e14,1,initialized,"{""type"": ""initialized"", ""values"": {""id"": ""01a07756-fd02-79b2-a4b8-0ea5f8ac2e14"", ""code"": ""01a07756-fd02-79b2-a4b8-0ea5f8ac2e14"", ""name"": """", ""config"": {""is_account_set"": true, ""eventually_consistent"": false}, ""status"": ""active"", ""version"": 1, ""metadata"": null, ""description"": null, ""external_id"": null, ""normal_balance_type"": ""credit""}}",,2026-09-06 15:29:45.48854+00
01a07756-fd02-79b2-a4b8-0ebbd23e6b48,1,initialized,"{""type"": ""initialized"", ""values"": {""id"": ""01a07756-fd02-79b2-a4b8-0ebbd23e6b48"", ""code"": ""01a07756-fd02-79b2-a4b8-0ebbd23e6b48"", ""name"": """", ""config"": {""is_account_set"": true, ""eventually_consistent"": false}, ""status"": ""active"", ""version"": 1, ""metadata"": null, ""description"": null, ""external_id"": null, ""normal_balance_type"": ""credit""}}",,2026-09-06 15:29:45.76008+00
01a07756-fd0f-7101-9851-6fb0e31f30bd,1,initialized,"{""type"": ""initialized"", ""values"": {""id"": ""01a07756-fd0f-7101-9851-6fb0e31f30bd"", ""code"": ""01a07756-fd0f-7101-9851-6fb0e31f30bd"", ""name"": """", ""config"": {""is_account_set"": true, ""eventually_consistent"": false}, ""status"": ""active"", ""version"": 1, ""metadata"": null, ""description"": null, ""external_id"": null, ""normal_balance_type"": ""credit""}}",,2026-09-06 15:29:44.721389+00
01a07756-fd13-7703-b040-8f8eb8551d9d,1,initialized,"{""type"": ""initialized"", ""values"": {""id"": ""01a07756-fd13-7703-b040-8f8eb8551d9d"", ""code"": ""01a07756-fd13-7703-b040-8f8eb8551d9d"", ""name"": """", ""config"": {""is_account_set"": true, ""eventually_consistent"": false}, ""status"": ""active"", ""version"": 1, ""metadata"": null, ""description"": null, ""external_id"": null, ""normal_balance_type"": ""credit""}}",,2026-09-06 15:29:44.723932+00
01a07756-fd19-7703-974e-ba91847e3849,1,initialized,"{""type"": ""initialized"", ""values"": {""id"": ""01a07756-fd19-7703-974e-ba91847e3849"", ""code"": ""01a07756-fd19-7703-974e-ba91847e3849"", ""name"": """", ""config"": {""is_account_set"": true, ""eventually_consistent"": false}, ""status"": ""active"", ""version"": 1, ""metadata"": null, ""description"": null, ""external_id"": null, ""normal_balance_type"": ""credit""}}",,2026-09-06 15:29:44.732182+00
01a07756-fd3f-7312-bac2-07a2f16a2d3c,1,initialized,"{""type"": ""initialized"", ""values"": {""id"": ""01a07756-fd3f-7312-bac2-07a2f16a2d3c"", ""code"": ""01a07756-fd3f-7312-bac2-07a2f16a2d3c"", ""name"": """", ""config"": {""is_account_set"": true, ""eventually_consistent"": false}, ""status"": ""active"", ""version"": 1, ""metadata"": null, ""description"": null, ""external_id"": null, ""normal_balance_type"": ""credit""}}",,2026-09-06 15:29:44.948337+00
01a07756-fe06-7bc1-a12f-a5d7e53c712b,1,initialized,"{""type"": ""initialized"", ""values"": {""id"": ""01a07756-fe06-7bc1-a12f-a5d7e53c712b"", ""code"": ""ChRax7fg224hBJhN2O1MFhJh0AF9dbwM"", ""name"": ""Test Sender Account ChRax7fg224hBJhN2O1MFhJh0AF9dbwM"", ""config"": {""is_account_set"": false, ""eventually_consistent"": false}, ""status"": ""active"", ""version"": 1, ""metadata"": null, ""description"": null, ""external_id"": null, ""normal_balance_type"": ""credit""}}",,2026-09-06 15:29:44.973812+00
01a07756-fe06-7bc1-a12f-a5e31f818282,1,initialized,"{""type"": ""initialized"", ""values"": {""id"": ""01a07756-fe06-7bc1-a12f-a5e31f818282"", ""code"": ""WXv0Tx4rSoqrVVIGNaSSC0IqRdHk7piV"", ""name"": ""Test Recipient Account WXv0Tx4rSoqrVVIGNaSSC0IqRdHk7piV"", ""config"": {""is_account_set"": false, ""eventually_consistent"": false}, ""status"": ""active"", ""version"": 1, ""metadata"": null, ""description"": null, ""external_id"": null, ""normal_balance_type"": ""credit""}}",,2026-09-06 15:29:45.016462+00
01a07756-fe07-7352-8cdd-10bae904518f,1,initialized,"{""type"": ""initialized"", ""values"": {""id"": ""01a07756-fe07-7352-8cdd-10bae904518f"", ""code"": ""01a07756-fe07-7352-8cdd-10bae904518f"", ""name"": """", ""config"": {""is_account_set"": true, ""eventually_consistent"": false}, ""status"": ""active"", ""version"": 1, ""metadata"": null, ""description"": null, ""external_id"": null, ""normal_balance_type"": ""credit""}}",,2026-09-06 15:29:45.348398+00
01a07756-ff22-7672-8dea-b4e832d9a58b,1,initialized,"{""type"": ""initialized"", ""values"": {""id"": ""01a07756-ff22-7672-8dea-b4e832d9a58b"", ""code"": ""01a07756-ff22-7672-8dea-b4e832d9a58b"", ""name"": """", ""config"": {""is_account_set"": true, ""eventually_consistent"": false}, ""status"": ""active"", ""version"": 1, ""metadata"": null, ""description"": null, ""external_id"": null, ""normal_balance_type"": ""credit""}}",,2026-09-06 15:29:45.251595+00
01a07756-ff55-7782-98a2-1155434e7c9d,1,initialized,"{""type"": ""initialized"", ""values"": {""id"": ""01a07756-ff55-7782-98a2-1155434e7c9d"", ""code"": ""xK9cyDoq4yGqyUDKxlc2XDH8myJbkkkt"", ""name"": ""Fresh"", ""config"": {""is_account_set"": false, ""eventually_consistent"": false}, ""status"": ""active"", ""version"": 1, ""metadata"": null, ""description"": null, ""external_id"": null, ""normal_balance_type"": ""credit""}}",,2026-09-06 15:29:45.312266+00
01a07756-ff6b-7b03-a84b-eeef7c1ad95f,1,initialized,"{""type"": ""initialized"", ""values"": {""id"": ""01a07756-ff6b-7b03-a84b-eeef7c1ad95f"", ""code"": ""01a07756-ff6b-7b03-a84b-eeef7c1ad95f"", ""name"": """", ""config"": {""is_account_set"": true, ""eventually_consistent"": false}, ""status"": ""active"", ""version"": 1, ""metadata"": null, ""description"": null, ""external_id"": null, ""normal_balance_type"": ""credit""}}",,2026-09-06 15:29:45.325283+00
01a07756-ffad-7eb1-88f6-b68375d40999,1,initialized,"{""type"": ""initialized"", ""values"": {""id"": ""01a07756-ffad-7eb1-88f6-b68375d40999"", ""code"": ""01a07756-ffad-7eb1-88f6-b68375d40999"", ""name"": """", ""config"": {""is_account_set"": true, ""eventually_consistent"": false}, ""status"": ""active"", ""version"": 1, ""metadata"": null, ""description"": null, ""external_id"": null, ""normal_balance_type"": ""credit""}}",,2026-09-06 15:29:45.390275+00
01a07756-ffca-7650-9a0b-f9e0d7314f25,1,initialized,"{""type"": ""initialized"", ""values"": {""id"": ""01a07756-ffca-7650-9a0b-f9e0d7314f25"", ""code"": ""01a07756-ffca-7650-9a0b-f9e0d7314f25"", ""name"": """", ""config"": {""is_account_set"": true, ""eventually_consistent"": false}, ""status"": ""active"", ""version"": 1, ""metadata"": null, ""description"": null, ""external_id"": null, ""normal_balance_type"": ""credit""}}",,2026-09-06 15:29:45.419343+00
01a07756-ffd9-7c91-a388-ea3d5ed9a0f9,1,initialized,"{""type"": ""initialized"", ""values"": {""id"": ""01a07756-ffd9-7c91-a388-ea3d5ed9a0f9"", ""code"": ""01a07756-ffd9-7c91-a388-ea3d5ed9a0f9"", ""name"": """", ""config"": {""is_account_set"": true, ""eventually_consistent"": false}, ""status"": ""active"", ""version"": 1, ""metadata"": null, ""description"": null, ""external_id"": null, ""normal_balance_type"": ""credit""}}",,2026-09-06 15:29:45.436234+00
01a07756-ffe1-74b0-8c31-baa3bfaa1826,1,initialized,"{""type"": ""initialized"", ""values"": {""id"": ""01a07756-ffe1-74b0-8c31-baa3bfaa1826"", ""code"": ""01a07756-ffe1-74b0-8c31-baa3bfaa1826"", ""name"": """", ""config"": {""is_account_set"": true, ""eventually_consistent"": false}, ""status"": ""active"", ""version"": 1, ""metadata"": null, ""description"": null, ""external_id"": null, ""normal_balance_type"": ""credit""}}",,2026-09-06 15:29:45.443297+00
01a07757-0004-7bc0-a2df-2c08fe983923,1,initialized,"{""type"": ""initialized"", ""values"": {""id"": ""01a07757-0004-7bc0-a2df-2c08fe983923"", ""code"": ""01a07757-0004-7bc0-a2df-2c08fe983923"", ""name"": """", ""config"": {""is_account_set"": true, ""eventually_consistent"": false}, ""status"": ""active"", ""version"": 1, ""metadata"": null, ""description"": null, ""external_id"": null, ""normal_balance_type"": ""credit""}}",,2026-09-06 15:29:45.478257+00
01a07757-0018-73d2-8944-7fdbb2d38357,1,initialized,"{""type"": ""initialized"", ""values"": {""id"": ""01a07757-0018-73d2-8944-7fdbb2d38357"", ""code"": ""01a07757-0018-73d2-8944-7fdbb2d38357"", ""name"": """", ""config"": {""is_account_set"": true, ""eventually_consistent"": false}, ""status"": ""active"", ""version"": 1, ""metadata"": null, ""description"": null, ""external_id"": null, ""normal_balance_type"": ""credit""}}",,2026-09-06 15:29:45.498461+00
01a07757-0043-7f71-bc0f-9d6449ca37af,1,initialized,"{""type"": ""initialized"", ""values"": {""id"": ""01a07757-0043-7f71-bc0f-9d6449ca37af"", ""code"": ""01a07757-0043-7f71-bc0f-9d6449ca37af"", ""name"": """", ""config"": {""is_account_set"": true, ""eventually_consistent"": false}, ""status"": ""active"", ""version"": 1, ""metadata"": null, ""description"": null, ""external_id"": null, ""normal_balance_type"": ""credit""}}",,2026-09-06 15:29:45.540829+00
01a07757-0051-7172-aadb-a188dbc7744f,1,initialized,"{""type"": ""initialized"", ""values"": {""id"": ""01a07757-0051-7172-aadb-a188dbc7744f"", ""code"": ""01a07757-0051-7172-aadb-a188dbc7744f"", ""name"": """", ""config"": {""is_account_set"": true, ""eventually_consistent"": false}, ""status"": ""active"", ""version"": 1, ""metadata"": null, ""description"": null, ""external_id"": null, ""normal_balance_type"": ""credit""}}",,2026-09-06 15:29:45.557032+00
01a07757-0070-7b32-bd84-2ddeacb9f43d,1,initialized,"{""type"": ""initialized"", ""values"": {""id"": ""01a07757-0070-7b32-bd84-2ddeacb9f43d"", ""code"": ""01a07757-0070-7b32-bd84-2ddeacb9f43d"", ""name"": """", ""config"": {""is_account_set"": true, ""eventually_consistent"": false}, ""status"": ""active"", ""version"": 1, ""metadata"": null, ""description"": null, ""external_id"": null, ""normal_balance_type"": ""credit""}}",,2026-09-06 15:29:45.586649+00
01a07757-007c-7720-9ec9-00701b014435,1,initialized,"{""type"": ""initialized"", ""values"": {""id"": ""01a07757-007c-7720-9ec9-00701b014435"", ""code"": ""01a07757-007c-7720-9ec9-00701b014435"", ""name"": """", ""config"": {""is_account_set"": true, ""eventually_consistent"": false}, ""status"": ""active"", ""version"": 1, ""metadata"": null, ""description"": null, ""external_id"": null, ""normal_balance_type"": ""credit""}}",,2026-09-06 15:29:45.598843+00
01a07757-007d-7531-a1b9-8c64fdfb0946,1,initialized,"{""type"": ""initialized"", ""values"": {""id"": ""01a07757-007d-7531-a1b9-8c64fdfb0946"", ""code"": ""01a07757-007d-7531-a1b9-8c64fdfb0946"", ""name"": """", ""config"": {""is_account_set"": true, ""eventually_consistent"": false}, ""status"": ""active"", ""version"": 1, ""metadata"": null, ""description"": null, ""external_id"": null, ""normal_balance_type"": ""credit""}}",,2026-09-06 15:29:45.599303+00
01a07757-008f-7f13-9626-5636c56ec08f,1,initialized,"{""type"": ""initialized"", ""values"": {""id"": ""01a07757-008f-7f13-9626-5636c56ec08f"", ""code"": ""01a07757-008f-7f13-9626-5636c56ec08f"", ""name"": """", ""config"": {""is_account_set"": true, ""eventually_consistent"": false}, ""status"": ""active"", ""version"": 1, ""metadata"": null, ""description"": null, ""external_id"": null, ""normal_balance_type"": ""credit""}}",,2026-09-06 15:29:45.618408+00
01a07757-00a4-70e0-979c-1dfd69ffa4f2,1,initialized,"{""type"": ""initialized"", ""values"": {""id"": ""01a07757-00a4-70e0-979c-1dfd69ffa4f2"", ""code"": ""01a07757-00a4-70e0-979c-1dfd69ffa4f2"", ""name"": """", ""config"": {""is_account_set"": true, ""eventually_consistent"": false}, ""status"": ""active"", ""version"": 1, ""metadata"": null, ""description"": null, ""external_id"": null, ""normal_balance_type"": ""credit""}}",,2026-09-06 15:29:45.646078+00
01a07757-00c9-7301-9bd8-f9b2ac56e8df,1,initialized,"{""type"": ""initialized"", ""values"": {""id"": ""01a07757-00c9-7301-9bd8-f9b2ac56e8df"", ""code"": ""01a07757-00c9-7301-9bd8-f9b2ac56e8df"", ""name"": """", ""config"": {""is_account_set"": true, ""eventually_consistent"": false}, ""status"": ""active"", ""version"": 1, ""metadata"": null, ""description"": null, ""external_id"": null, ""normal_balance_type"": ""credit""}}",,2026-09-06 15:29:45.890189+00
01a07757-00f9-7833-9c36-8329865e5199,1,initialized,"{""type"": ""initialized"", ""values"": {""id"": ""01a07757-00f9-7833-9c36-8329865e5199"", ""code"": ""01a07757-00f9-7833-9c36-8329865e5199"", ""name"": """", ""config"": {""is_account_set"": true, ""eventually_consistent"": false}, ""status"": ""active"", ""version"": 1, ""metadata"": null, ""description"": null, ""external_id"": null, ""normal_balance_type"": ""credit""}}",,2026-09-06 15:29:45.725892+00
01a07757-014e-7a10-a8d8-e52da3322a77,1,initialized,"{""type"": ""initialized"", ""values"": {""id"": ""01a07757-014e-7a10-a8d8-e52da3322a77"", ""code"": ""WosIXYkl0vHPA4Sm3bgdmLmZFemy0k0O"", ""name"": ""Test Sender Account WosIXYkl0vHPA4Sm3bgdmLmZFemy0k0O"", ""config"": {""is_account_set"": false, ""eventually_consistent"": false}, ""status"": ""active"", ""version"": 1, ""metadata"": null, ""description"": null, ""external_id"": null, ""normal_balance_type"": ""credit""}}",,2026-09-06 15:29:45.813552+00
01a07757-01b9-7960-b78e-a2f08aa50c81,1,initialized,"{""type"": ""initialized"", ""values"": {""id"": ""01a07757-01b9-7960-b78e-a2f08aa50c81"", ""code"": ""01a07757-01b9-7960-b78e-a2f08aa50c81"", ""name"": """", ""config"": {""is_account_set"": true, ""eventually_consistent"": false}, ""status"": ""active"", ""version"": 1, ""metadata"": null, ""description"": null, ""external_id"": null, ""normal_balance_type"": ""credit""}}",,2026-09-06 15:29:45.91921+00
01a07757-01e0-7991-85af-cefc91484544,1,initialized,"{""type"": ""initialized"", ""values"": {""id"": ""01a07757-01e0-7991-85af-cefc91484544"", ""code"": ""01a07757-01e0-7991-85af-cefc91484544"", ""name"": """", ""config"": {""is_account_set"": true, ""eventually_consistent"": false}, ""status"": ""active"", ""version"": 1, ""metadata"": null, ""description"": null, ""external_id"": null, ""normal_balance_type"": ""credit""}}",,2026-09-06 15:29:45.956619+00
01a07757-01f8-7400-85fd-1c92e5dc918b,1,initialized,"{""type"": ""initialized"", ""values"": {""id"": ""01a07757-01f8-7400-85fd-1c92e5dc918b"", ""code"": ""01a07757-01f8-7400-85fd-1c92e5dc918b"", ""name"": """", ""config"": {""is_account_set"": true, ""eventually_consistent"": false}, ""status"": ""active"", ""version"": 1, ""metadata"": null, ""description"": null, ""external_id"": null, ""normal_balance_type"": ""credit""}}",,2026-09-06 15:29:45.977594+00
01a07757-0228-7100-91a7-33eb513d59a3,1,initialized,"{""type"": ""initialized"", ""values"": {""id"": ""01a07757-0228-7100-91a7-33eb513d59a3"", ""code"": ""01a07757-0228-7100-91a7-33eb513d59a3"", ""name"": """", ""config"": {""is_account_set"": true, ""eventually_consistent"": false}, ""status"": ""active"", ""version"": 1, ""metadata"": null, ""description"": null, ""external_id"": null, ""normal_balance_type"": ""credit""}}",,2026-09-06 15:29:46.0263+00
01a07757-0238-7050-9e41-f3a0c4f791a0,1,initialized,"{""type"": ""initialized"", ""values"": {""id"": ""01a07757-0238-7050-9e41-f3a0c4f791a0"", ""code"": ""01a07757-0238-7050-9e41-f3a0c4f791a0"", ""name"": """", ""config"": {""is_account_set"": true, ""eventually_consistent"": false}, ""status"": ""active"", ""version"": 1, ""metadata"": null, ""description"": null, ""external_id"": null, ""normal_balance_type"": ""credit""}}",,2026-09-06 15:29:46.041405+00
01a07757-0247-74e3-ac1f-d94fb51a1b96,1,initialized,"{""type"": ""initialized"", ""values"": {""id"": ""01a07757-0247-74e3-ac1f-d94fb51a1b96"", ""code"": ""01a07757-0247-74e3-ac1f-d94fb51a1b96"", ""name"": """", ""config"": {""is_account_set"": true, ""eventually_consistent"": false}, ""status"": ""active"", ""version"": 1, ""metadata"": null, ""description"": null, ""external_id"": null, ""normal_balance_type"": ""credit""}}",,2026-09-06 15:29:46.058482+00
01a07757-044c-7e10-b8bc-3fb3b339e549,1,initialized,"{""type"": ""initialized"", ""values"": {""id"": ""01a07757-044c-7e10-b8bc-3fb3b339e549"", ""code"": ""01a07757-044c-7e10-b8bc-3fb3b339e549"", ""name"": """", ""config"": {""is_account_set"": true, ""eventually_consistent"": false}, ""status"": ""active"", ""version"": 1, ""metadata"": null, ""description"": null, ""external_id"": null, ""normal_balance_type"": ""credit""}}",,2026-09-06 15:29:46.574207+00
01a07757-044c-7e10-b8bc-3fc912dd7b9b,1,initialized,"{""type"": ""initialized"", ""values"": {""id"": ""01a07757-044c-7e10-b8bc-3fc912dd7b9b"", ""code"": ""01a07757-044c-7e10-b8bc-3fc912dd7b9b"", ""name"": """", ""config"": {""is_account_set"": true, ""eventually_consistent"": false}, ""status"": ""active"", ""version"": 1, ""metadata"": null, ""description"": null, ""external_id"": null, ""normal_balance_type"": ""credit""}}",,2026-09-06 15:29:46.57652+00
01a07757-044c-7e10-b8bc-3fd1576c5ed2,1,initialized,"{""type"": ""initialized"", ""values"": {""id"": ""01a07757-044c-7e10-b8bc-3fd1576c5ed2"", ""code"": ""01a07757-044c-7e10-b8bc-3fd1576c5ed2"", ""name"": """", ""config"": {""is_account_set"": true, ""eventually_consistent"": false}, ""status"": ""active"", ""version"": 1, ""metadata"": null, ""description"": null, ""external_id"": null, ""normal_balance_type"": ""credit""}}",,2026-09-06 15:29:46.57928+00
01a07757-044c-7e10-b8bc-3fee9b265602,1,initialized,"{""type"": ""initialized"", ""values"": {""id"": ""01a07757-044c-7e10-b8bc-3fee9b265602"", ""code"": ""01a07757-044c-7e10-b8bc-3fee9b265602"", ""name"": """", ""config"": {""is_account_set"": true, ""eventually_consistent"": false}, ""status"": ""active"", ""version"": 1, ""metadata"": null, ""description"": null, ""external_id"": null, ""normal_balance_type"": ""credit""}}",,2026-09-06 15:29:46.575759+00
01a07757-044c-7e10-b8bc-3ffeaddf47a5,1,initialized,"{""type"": ""initialized"", ""values"": {""id"": ""01a07757-044c-7e10-b8bc-3ffeaddf47a5"", ""code"": ""01a07757-044c-7e10-b8bc-3ffeaddf47a5"", ""name"": """", ""config"": {""is_account_set"": true, ""eventually_consistent"": false}, ""status"": ""active"", ""version"": 1, ""metadata"": null, ""description"": null, ""external_id"": null, ""normal_balance_type"": ""credit""}}",,2026-09-06 15:29:46.574277+00
01a07757-076a-7012-8b97-bb680895f24f,1,initialized,"{""type"": ""initialized"", ""values"": {""id"": ""01a07757-076a-7012-8b97-bb680895f24f"", ""code"": ""pFrlWYGHLVCKzTgJdSr6lLhxjBklnqaY"", ""name"": ""Test Sender Account pFrlWYGHLVCKzTgJdSr6lLhxjBklnqaY"", ""config"": {""is_account_set"": false, ""eventually_consistent"": false}, ""status"": ""active"", ""version"": 1, ""metadata"": null, ""description"": null, ""external_id"": null, ""normal_balance_type"": ""credit""}}",,2026-09-06 15:29:47.372271+00
01a07757-076a-7012-8b97-bb77c1312dcd,1,initialized,"{""type"": ""initialized"", ""values"": {""id"": ""01a07757-076a-7012-8b97-bb77c1312dcd"", ""code"": ""qvbuPgkXWcwGSoajiLOzI1bQFStZKWCn"", ""name"": ""Test Recipient Account qvbuPgkXWcwGSoajiLOzI1bQFStZKWCn"", ""config"": {""is_account_set"": false, ""eventually_consistent"": false}, ""status"": ""active"", ""version"": 1, ""metadata"": null, ""description"": null, ""external_id"": null, ""normal_balance_type"": ""credit""}}",,2026-09-06 15:29:47.419768+00
01a07757-07ca-7443-9b6a-b322a47089ab,1,initialized,"{""type"": ""initialized"", ""values"": {""id"": ""01a07757-07ca-7443-9b6a-b322a47089ab"", ""code"": ""01a07757-07ca-7443-9b6a-b322a47089ab"", ""name"": """", ""config"": {""is_account_set"": true, ""eventually_consistent"": false}, ""status"": ""active"", ""version"": 1, ""metadata"": null, ""description"": null, ""external_id"": null, ""normal_balance_type"": ""credit""}}",,2026-09-06 15:29:47.468277+00
01a07757-07d7-7a03-a1f6-6802464349aa,1,initialized,"{""type"": ""initialized"", ""values"": {""id"": ""01a07757-07d7-7a03-a1f6-6802464349aa"", ""code"": ""01a07757-07d7-7a03-a1f6-6802464349aa"", ""name"": """", ""config"": {""is_account_set"": true, ""eventually_consistent"": false}, ""status"": ""active"", ""version"": 1, ""metadata"": null, ""description"": null, ""external_id"": null, ""normal_balance_type"": ""credit""}}",,2026-09-06 15:29:47.483167+00
01a07757-07e9-7981-b193-01454552c62b,1,initialized,"{""type"": ""initialized"", ""values"": {""id"": ""01a07757-07e9-7981-b193-01454552c62b"", ""code"": ""01a07757-07e9-7981-b193-01454552c62b"", ""name"": """", ""config"": {""is_account_set"": true, ""eventually_consistent"": false}, ""status"": ""active"", ""version"": 1, ""metadata"": null, ""description"": null, ""external_id"": null, ""normal_balance_type"": ""credit""}}",,2026-09-06 15:29:47.953181+00
01a07757-0813-7a61-a721-06817e98fe56,1,initialized,"{""type"": ""initialized"", ""values"": {""id"": ""01a07757-0813-7a61-a721-06817e98fe56"", ""code"": ""01a07757-0813-7a61-a721-06817e98fe56"", ""name"": """", ""config"": {""is_account_set"": true, ""eventually_consistent"": false}, ""status"": ""active"", ""version"": 1, ""metadata"": null, ""description"": null, ""external_id"": null, ""normal_balance_type"": ""credit""}}",,2026-09-06 15:29:47.545536+00
01a07757-0853-7a70-ab3d-4ff156ecb5a8,1,initialized,"{""type"": ""initialized"", ""values"": {""id"": ""01a07757-0853-7a70-ab3d-4ff156ecb5a8"", ""code"": ""01a07757-0853-7a70-ab3d-4ff156ecb5a8"", ""name"": """", ""config"": {""is_account_set"": true, ""eventually_consistent"": false}, ""status"": ""active"", ""version"": 1, ""metadata"": null, ""description"": null, ""external_id"": null, ""normal_balance_type"": ""credit""}}",,2026-09-06 15:29:47.604035+00
01a07757-0859-7b61-b4e3-60d3610db614,1,initialized,"{""type"": ""initialized"", ""values"": {""id"": ""01a07757-0859-7b61-b4e3-60d3610db614"", ""code"": ""01a07757-0859-7b61-b4e3-60d3610db614"", ""name"": """", ""config"": {""is_account_set"": true, ""eventually_consistent"": false}, ""status"": ""active"", ""version"": 1, ""metadata"": null, ""description"": null, ""external_id"": null, ""normal_balance_type"": ""credit""}}",,2026-09-06 15:29:47.609968+00
01a07757-085e-7c72-9c6c-9e6d37602cb6,1,initialized,"{""type"": ""initialized"", ""values"": {""id"": ""01a07757-085e-7c72-9c6c-9e6d37602cb6"", ""code"": ""01a07757-085e-7c72-9c6c-9e6d37602cb6"", ""name"": """", ""config"": {""is_account_set"": true, ""eventually_consistent"": false}, ""status"": ""active"", ""version"": 1, ""metadata"": null, ""description"": null, ""external_id"": null, ""normal_balance_type"": ""credit""}}",,2026-09-06 15:29:47.623625+00
01a07757-087b-7d40-b4f8-e72c984d8107,1,initialized,"{""type"": ""initialized"", ""values"": {""id"": ""01a07757-087b-7d40-b4f8-e72c984d8107"", ""code"": ""01a07757-087b-7d40-b4f8-e72c984d8107"", ""name"": """", ""config"": {""is_account_set"": true, ""eventually_consistent"": false}, ""status"": ""active"", ""version"": 1, ""metadata"": null, ""description"": null, ""external_id"": null, ""normal_balance_type"": ""credit""}}",,2026-09-06 15:29:47.646327+00
01a07757-0895-7282-be16-d6f1943295f9,1,initialized,"{""type"": ""initialized"", ""values"": {""id"": ""01a07757-0895-7282-be16-d6f1943295f9"", ""code"": ""01a07757-0895-7282-be16-d6f1943295f9"", ""name"": """", ""config"": {""is_account_set"": true, ""eventually_consistent"": false}, ""status"": ""active"", ""version"": 1, ""metadata"": null, ""description"": null, ""external_id"": null, ""normal_balance_type"": ""credit""}}",,2026-09-06 15:29:47.672279+00
01a07757-08a0-76b3-b0d0-61d59166fb48,1,initialized,"{""type"": ""initialized"", ""values"": {""id"": ""01a07757-08a0-76b3-b0d0-61d59166fb48"", ""code"": ""01a07757-08a0-76b3-b0d0-61d59166fb48"", ""name"": """", ""config"": {""is_account_set"": true, ""eventually_consistent"": false}, ""status"": ""active"", ""version"": 1, ""metadata"": null, ""description"": null, ""external_id"": null, ""normal_balance_type"": ""credit""}}",,2026-09-06 15:29:47.682345+00
01a07757-08a3-7723-8e66-dea68f5221b4,1,initialized,"{""type"": ""initialized"", ""values"": {""id"": ""01a07757-08a3-7723-8e66-dea68f5221b4"", ""code"": ""01a07757-08a3-7723-8e66-dea68f5221b4"", ""name"": """", ""config"": {""is_account_set"": true, ""eventually_consistent"": false}, ""status"": ""active"", ""version"": 1, ""metadata"": null, ""description"": null, ""external_id"": null, ""normal_balance_type"": ""credit""}}",,2026-09-06 15:29:47.686058+00
01a07757-08a7-7520-9126-64eaca331054,1,initialized,"{""type"": ""initialized"", ""values"": {""id"": ""01a07757-08a7-7520-9126-64eaca331054"", ""code"": ""01a07757-08a7-7520-9126-64eaca331054"", ""name"": """", ""config"": {""is_account_set"": true, ""eventually_consistent"": false}, ""status"": ""active"", ""version"": 1, ""metadata"": null, ""description"": null, ""external_id"": null, ""normal_balance_type"": ""credit""}}",,2026-09-06 15:29:47.696133+00
01a07757-08b1-7811-aa12-b895b549de15,1,initialized,"{""type"": ""initialized"", ""values"": {""id"": ""01a07757-08b1-7811-aa12-b895b549de15"", ""code"": ""01a07757-08b1-7811-aa12-b895b549de15"", ""name"": """", ""config"": {""is_account_set"": true, ""eventually_consistent"": false}, ""status"": ""active"", ""version"": 1, ""metadata"": null, ""description"": null, ""external_id"": null, ""normal_balance_type"": ""credit""}}",,2026-09-06 15:29:47.70009+00
01a07757-08c4-7c81-b10c-06b2d20d662f,1,initialized,"{""type"": ""initialized"", ""values"": {""id"": ""01a07757-08c4-7c81-b10c-06b2d20d662f"", ""code"": ""01a07757-08c4-7c81-b10c-06b2d20d662f"", ""name"": """", ""config"": {""is_account_set"": true, ""eventually_consistent"": false}, ""status"": ""active"", ""version"": 1, ""metadata"": null, ""description"": null, ""external_id"": null, ""normal_balance_type"": ""credit""}}",,2026-09-06 15:29:47.717287+00
01a07757-08cc-7911-8c5f-24aa2c87818e,1,initialized,"{""type"": ""initialized"", ""values"": {""id"": ""01a07757-08cc-7911-8c5f-24aa2c87818e"", ""code"": ""01a07757-08cc-7911-8c5f-24aa2c87818e"", ""name"": """", ""config"": {""is_account_set"": true, ""eventually_consistent"": false}, ""status"": ""active"", ""version"": 1, ""metadata"": null, ""description"": null, ""external_id"": null, ""normal_balance_type"": ""credit""}}",,2026-09-06 15:29:47.726338+00
01a07757-08d6-7e92-83c2-4f97338fafa4,1,initialized,"{""type"": ""initialized"", ""values"": {""id"": ""01a07757-08d6-7e92-83c2-4f97338fafa4"", ""code"": ""01a07757-08d6-7e92-83c2-4f97338fafa4"", ""name"": """", ""config"": {""is_account_set"": true, ""eventually_consistent"": false}, ""status"": ""active"", ""version"": 1, ""metadata"": null, ""description"": null, ""external_id"": null, ""normal_balance_type"": ""credit""}}",,2026-09-06 15:29:47.736333+00
01a07757-08e2-7a40-b67b-0b86e79f55a7,1,initialized,"{""type"": ""initialized"", ""values"": {""id"": ""01a07757-08e2-7a40-b67b-0b86e79f55a7"", ""code"": ""01a07757-08e2-7a40-b67b-0b86e79f55a7"", ""name"": """", ""config"": {""is_account_set"": true, ""eventually_consistent"": false}, ""status"": ""active"", ""version"": 1, ""metadata"": null, ""description"": null, ""external_id"": null, ""normal_balance_type"": ""credit""}}",,2026-09-06 15:29:47.747838+00
01a07757-08e9-75c3-8fe4-24f2f669644b,1,initialized,"{""type"": ""initialized"", ""values"": {""id"": ""01a07757-08e9-75c3-8fe4-24f2f669644b"", ""code"": ""01a07757-08e9-75c3-8fe4-24f2f669644b"", ""name"": """", ""config"": {""is_account_set"": true, ""eventually_consistent"": false}, ""status"": ""active"", ""version"": 1, ""metadata"": null, ""description"": null, ""external_id"": null, ""normal_balance_type"": ""credit""}}",,2026-09-06 15:29:47.761315+00
01a07757-08f2-7c50-aefe-91d002821ac4,1,initialized,"{""type"": ""initialized"", ""values"": {""id"": ""01a07757-08f2-7c50-aefe-91d002821ac4"", ""code"": ""01a07757-08f2-7c50-aefe-91d002821ac4"", ""name"": """", ""config"": {""is_account_set"": true, ""eventually_consistent"": false}, ""status"": ""active"", ""version"": 1, ""metadata"": null, ""description"": null, ""external_id"": null, ""normal_balance_type"": ""credit""}}",,2026-09-06 15:29:47.76543+00
01a07757-08ff-72d2-99ee-28959d8f53b3,1,initialized,"{""type"": ""initialized"", ""values"": {""id"": ""01a07757-08ff-72d2-99ee-28959d8f53b3"", ""code"": ""01a07757-08ff-72d2-99ee-28959d8f53b3"", ""name"": """", ""config"": {""is_account_set"": true, ""eventually_consistent"": false}, ""status"": ""active"", ""version"": 1, ""metadata"": null, ""description"": null, ""external_id"": null, ""normal_balance_type"": ""credit""}}",,2026-09-06 15:29:47.777005+00
01a07757-0903-7241-8332-efb51bd0a6de,1,initialized,"{""type"": ""initialized"", ""values"": {""id"": ""01a07757-0903-7241-8332-efb51bd0a6de"", ""code"": ""01a07757-0903-7241-8332-efb51bd0a6de"", ""name"": """", ""config"": {""is_account_set"": true, ""eventually_consistent"": false}, ""status"": ""active"", ""version"": 1, ""metadata"": null, ""description"": null, ""external_id"": null, ""normal_balance_type"": ""credit""}}",,2026-09-06 15:29:47.781451+00
01a07757-090f-7731-bb0e-53a61feb39b3,1,initialized,"{""type"": ""initialized"", ""values"": {""id"": ""01a07757-090f-7731-bb0e-53a61feb39b3"", ""code"": ""01a07757-090f-7731-bb0e-53a61feb39b3"", ""name"": """", ""config"": {""is_account_set"": true, ""eventually_consistent"": false}, ""status"": ""active"", ""version"": 1, ""metadata"": null, ""description"": null, ""external_id"": null, ""normal_balance_type"": ""credit""}}",,2026-09-06 15:29:47.798545+00
01a07757-092a-7c50-9930-03455114bde4,1,initialized,"{""type"": ""initialized"", ""values"": {""id"": ""01a07757-092a-7c50-9930-03455114bde4"", ""code"": ""01a07757-092a-7c50-9930-03455114bde4"", ""name"": """", ""config"": {""is_account_set"": true, ""eventually_consistent"": false}, ""status"": ""active"", ""version"": 1, ""metadata"": null, ""description"": null, ""external_id"": null, ""normal_balance_type"": ""credit""}}",,2026-09-06 15:29:47.820291+00
01a07757-0940-77a3-8750-d9b3c1c38a99,1,initialized,"{""type"": ""initialized"", ""values"": {""id"": ""01a07757-0940-77a3-8750-d9b3c1c38a99"", ""code"": ""01a07757-0940-77a3-8750-d9b3c1c38a99"", ""name"": """", ""config"": {""is_account_set"": true, ""eventually_consistent"": false}, ""status"": ""active"", ""version"": 1, ""metadata"": null, ""description"": null, ""external_id"": null, ""normal_balance_type"": ""credit""}}",,2026-09-06 15:29:47.842331+00
01a07757-094c-7221-871f-256e9235287f,1,initialized,"{""type"": ""initialized"", ""values"": {""id"": ""01a07757-094c-7221-871f-256e9235287f"", ""code"": ""01a07757-094c-7221-871f-256e9235287f"", ""name"": """", ""config"": {""is_account_set"": true, ""eventually_consistent"": false}, ""status"": ""active"", ""version"": 1, ""metadata"": null, ""description"": null, ""external_id"": null, ""normal_balance_type"": ""credit""}}",,2026-09-06 15:29:47.855708+00
01a07757-0952-7940-b758-94d02c3b6246,1,initialized,"{""type"": ""initialized"", ""values"": {""id"": ""01a07757-0952-7940-b758-94d02c3b6246"", ""code"": ""01a07757-0952-7940-b758-94d02c3b6246"", ""name"": """", ""config"": {""is_account_set"": true, ""eventually_consistent"": false}, ""status"": ""active"", ""version"": 1, ""metadata"": null, ""description"": null, ""external_id"": null, ""normal_balance_type"": ""credit""}}",,2026-09-06 15:29:47.859813+00
01a07757-099c-7913-88f9-e867d31cf683,1,initialized,"{""type"": ""initialized"", ""values"": {""id"": ""01a07757-099c-7913-88f9-e867d31cf683"", ""code"": ""01a07757-099c-7913-88f9-e867d31cf683"", ""name"": """", ""config"": {""is_account_set"": true, ""eventually_consistent"": false}, ""status"": ""active"", ""version"": 1, ""metadata"": null, ""description"": null, ""external_id"": null, ""normal_balance_type"": ""credit""}}",,2026-09-06 15:29:47.93628+00
01a07757-09aa-7661-a3cb-b57aa4756f7e,1,initialized,"{""type"": ""initialized"", ""values"": {""id"": ""01a07757-09aa-7661-a3cb-b57aa4756f7e"", ""code"": ""01a07757-09aa-7661-a3cb-b57aa4756f7e"", ""name"": """", ""config"": {""is_account_set"": true, ""eventually_consistent"": false}, ""status"": ""active"", ""version"": 1, ""metadata"": null, ""description"": null, ""external_id"": null, ""normal_balance_type"": ""credit""}}",,2026-09-06 15:29:47.947278+00
01a07757-09b3-7003-a566-b96d90f7f249,1,initialized,"{""type"": ""initialized"", ""values"": {""id"": ""01a07757-09b3-7003-a566-b96d90f7f249"", ""code"": ""01a07757-09b3-7003-a566-b96d90f7f249"", ""name"": """", ""config"": {""is_account_set"": true, ""eventually_consistent"": false}, ""status"": ""active"", ""version"": 1, ""metadata"": null, ""description"": null, ""external_id"": null, ""normal_balance_type"": ""credit""}}",,2026-09-06 15:29:47.95632+00
01a07757-09bc-7c41-93f0-9310467b0316,1,initialized,"{""type"": ""initialized"", ""values"": {""id"": ""01a07757-09bc-7c41-93f0-9310467b0316"", ""code"": ""01a07757-09bc-7c41-93f0-9310467b0316"", ""name"": """", ""config"": {""is_account_set"": true, ""eventually_consistent"": false}, ""status"": ""active"", ""version"": 1, ""metadata"": null, ""description"": null, ""external_id"": null, ""normal_balance_type"": ""credit""}}",,2026-09-06 15:29:47.966282+00
01a07757-09c1-7dc3-a257-f352117dbaa8,1,initialized,"{""type"": ""initialized"", ""values"": {""id"": ""01a07757-09c1-7dc3-a257-f352117dbaa8"", ""code"": ""01a07757-09c1-7dc3-a257-f352117dbaa8"", ""name"": """", ""config"": {""is_account_set"": true, ""eventually_consistent"": false}, ""status"": ""active"", ""version"": 1, ""metadata"": null, ""description"": null, ""external_id"": null, ""normal_balance_type"": ""credit""}}",,2026-09-06 15:29:47.972286+00
01a07757-09e8-71f3-913e-52db88699c99,1,initialized,"{""type"": ""initialized"", ""values"": {""id"": ""01a07757-09e8-71f3-913e-52db88699c99"", ""code"": ""01a07757-09e8-71f3-913e-52db88699c99"", ""name"": """", ""config"": {""is_account_set"": true, ""eventually_consistent"": false}, ""status"": ""active"", ""version"": 1, ""metadata"": null, ""description"": null, ""external_id"": null, ""normal_balance_type"": ""credit""}}",,2026-09-06 15:29:48.010309+00
01a07757-09f7-7ed0-969c-7c73322d9796,1,initialized,"{""type"": ""initialized"", ""values"": {""id"": ""01a07757-09f7-7ed0-969c-7c73322d9796"", ""code"": ""01a07757-09f7-7ed0-969c-7c73322d9796"", ""name"": """", ""config"": {""is_account_set"": true, ""eventually_consistent"": false}, ""status"": ""active"", ""version"": 1, ""metadata"": null, ""description"": null, ""external_id"": null, ""normal_balance_type"": ""credit""}}",,2026-09-06 15:29:48.02631+00
01a07757-09fa-7110-af2f-4df41f63c993,1,initialized,"{""type"": ""initialized"", ""values"": {""id"": ""01a07757-09fa-7110-af2f-4df41f63c993"", ""code"": ""01a07757-09fa-7110-af2f-4df41f63c993"", ""name"": """", ""config"": {""is_account_set"": true, ""eventually_consistent"": false}, ""status"": ""active"", ""version"": 1, ""metadata"": null, ""description"": null, ""external_id"": null, ""normal_balance_type"": ""credit""}}",,2026-09-06 15:29:48.031275+00
01a07757-0a08-7640-bf97-f1b7e8ca63a6,1,initialized,"{""type"": ""initialized"", ""values"": {""id"": ""01a07757-0a08-7640-bf97-f1b7e8ca63a6"", ""code"": ""01a07757-0a08-7640-bf97-f1b7e8ca63a6"", ""name"": """", ""config"": {""is_account_set"": true, ""eventually_consistent"": false}, ""status"": ""active"", ""version"": 1, ""metadata"": null, ""description"": null, ""external_id"": null, ""normal_balance_type"": ""credit""}}",,2026-09-06 15:29:48.045161+00
01a07757-0a0a-74a0-a5b0-46df97298901,1,initialized,"{""type"": ""initialized"", ""values"": {""id"": ""01a07757-0a0a-74a0-a5b0-46df97298901"", ""code"": ""01a07757-0a0a-74a0-a5b0-46df97298901"", ""name"": """", ""config"": {""is_account_set"": true, ""eventually_consistent"": false}, ""status"": ""active"", ""version"": 1, ""metadata"": null, ""description"": null, ""external_id"": null, ""normal_balance_type"": ""credit""}}",,2026-09-06 15:29:48.051509+00
01a07757-0a1f-7661-bafd-bfd1f69ea5c5,1,initialized,"{""type"": ""initialized"", ""values"": {""id"": ""01a07757-0a1f-7661-bafd-bfd1f69ea5c5"", ""code"": ""01a07757-0a1f-7661-bafd-bfd1f69ea5c5"", ""name"": """", ""config"": {""is_account_set"": true, ""eventually_consistent"": false}, ""status"": ""active"", ""version"": 1, ""metadata"": null, ""description"": null, ""external_id"": null, ""normal_balance_type"": ""credit""}}",,2026-09-06 15:29:48.067789+00
01a07757-0a30-7141-a2a2-327676f6ade9,1,initialized,"{""type"": ""initialized"", ""values"": {""id"": ""01a07757-0a30-7141-a2a2-327676f6ade9"", ""code"": ""01a07757-0a30-7141-a2a2-327676f6ade9"", ""name"": """", ""config"": {""is_account_set"": true, ""eventually_consistent"": false}, ""status"": ""active"", ""version"": 1, ""metadata"": null, ""description"": null, ""external_id"": null, ""normal_balance_type"": ""credit""}}",,2026-09-06 15:29:48.082634+00
01a07757-0a34-7af0-b0c5-6607a8c3c6dd,1,initialized,"{""type"": ""initialized"", ""values"": {""id"": ""01a07757-0a34-7af0-b0c5-6607a8c3c6dd"", ""code"": ""01a07757-0a34-7af0-b0c5-6607a8c3c6dd"", ""name"": """", ""config"": {""is_account_set"": true, ""eventually_consistent"": false}, ""status"": ""active"", ""version"": 1, ""metadata"": null, ""description"": null, ""external_id"": null, ""normal_balance_type"": ""credit""}}",,2026-09-06 15:29:48.087136+00
01a07757-0a4a-7272-8823-7b1ff2039f67,1,initialized,"{""type"": ""initialized"", ""values"": {""id"": ""01a07757-0a4a-7272-8823-7b1ff2039f67"", ""code"": ""01a07757-0a4a-7272-8823-7b1ff2039f67"", ""name"": """", ""config"": {""is_account_set"": true, ""eventually_consistent"": false}, ""status"": ""active"", ""version"": 1, ""metadata"": null, ""description"": null, ""external_id"": null, ""normal_balance_type"": ""credit""}}",,2026-09-06 15:29:48.110285+00
01a07757-0a61-70b1-b689-3451291c016d,1,initialized,"{""type"": ""initialized"", ""values"": {""id"": ""01a07757-0a61-70b1-b689-3451291c016d"", ""code"": ""01a07757-0a61-70b1-b689-3451291c016d"", ""name"": """", ""config"": {""is_account_set"": true, ""eventually_consistent"": false}, ""status"": ""active"", ""version"": 1, ""metadata"": null, ""description"": null, ""external_id"": null, ""normal_balance_type"": ""credit""}}",,2026-09-06 15:29:48.137297+00
01a07757-0a64-7251-9f83-71b4f34bf741,1,initialized,"{""type"": ""initialized"", ""values"": {""id"": ""01a07757-0a64-7251-9f83-71b4f34bf741"", ""code"": ""01a07757-0a64-7251-9f83-71b4f34bf741"", ""name"": """", ""config"": {""is_account_set"": true, ""eventually_consistent"": false}, ""status"": ""active"", ""version"": 1, ""metadata"": null, ""description"": null, ""external_id"": null, ""normal_balance_type"": ""credit""}}",,2026-09-06 15:29:48.135218+00
01a07757-0a74-7a83-b612-f65b9fa8e2c9,1,initialized,"{""type"": ""initialized"", ""values"": {""id"": ""01a07757-0a74-7a83-b612-f65b9fa8e2c9"", ""code"": ""01a07757-0a74-7a83-b612-f65b9fa8e2c9"", ""name"": """", ""config"": {""is_account_set"": true, ""eventually_consistent"": false}, ""status"": ""active"", ""version"": 1, ""metadata"": null, ""description"": null, ""external_id"": null, ""normal_balance_type"": ""credit""}}",,2026-09-06 15:29:48.150229+00
01a07757-0a7b-7e61-9a85-0cdb4aac70df,1,initialized,"{""type"": ""initialized"", ""values"": {""id"": ""01a07757-0a7b-7e61-9a85-0cdb4aac70df"", ""code"": ""01a07757-0a7b-7e61-9a85-0cdb4aac70df"", ""name"": """", ""config"": {""is_account_set"": true, ""eventually_consistent"": false}, ""status"": ""active"", ""version"": 1, ""metadata"": null, ""description"": null, ""external_id"": null, ""normal_balance_type"": ""credit""}}",,2026-09-06 15:29:48.157159+00
01a07757-0a85-7e11-96b5-7afdbca5c1e8,1,initialized,"{""type"": ""initialized"", ""values"": {""id"": ""01a07757-0a85-7e11-96b5-7afdbca5c1e8"", ""code"": ""01a07757-0a85-7e11-96b5-7afdbca5c1e8"", ""name"": """", ""config"": {""is_account_set"": true, ""eventually_consistent"": false}, ""status"": ""active"", ""version"": 1, ""metadata"": null, ""description"": null, ""external_id"": null, ""normal_balance_type"": ""credit""}}",,2026-09-06 15:29:48.166952+00
01a07757-0a90-7b33-a21c-605ea5030cf2,1,initialized,"{""type"": ""initialized"", ""values"": {""id"": ""01a07757-0a90-7b33-a21c-605ea5030cf2"", ""code"": ""01a07757-0a90-7b33-a21c-605ea5030cf2"", ""name"": """", ""config"": {""is_account_set"": true, ""eventually_consistent"": false}, ""status"": ""active"", ""version"": 1, ""metadata"": null, ""description"": null, ""external_id"": null, ""normal_balance_type"": ""credit""}}",,2026-09-06 15:29:48.177051+00
01a07757-0a9a-72d1-80fa-876e39514654,1,initialized,"{""type"": ""initialized"", ""values"": {""id"": ""01a07757-0a9a-72d1-80fa-876e39514654"", ""code"": ""01a07757-0a9a-72d1-80fa-876e39514654"", ""name"": """", ""config"": {""is_account_set"": true, ""eventually_consistent"": false}, ""status"": ""active"", ""version"": 1, ""metadata"": null, ""description"": null, ""external_id"": null, ""normal_balance_type"": ""credit""}}",,2026-09-06 15:29:48.187149+00
01a07757-0aa6-7401-8632-ac194c4fc52f,1,initialized,"{""type"": ""initialized"", ""values"": {""id"": ""01a07757-0aa6-7401-8632-ac194c4fc52f"", ""code"": ""01a07757-0aa6-7401-8632-ac194c4fc52f"", ""name"": """", ""config"": {""is_account_set"": true, ""eventually_consistent"": false}, ""status"": ""active"", ""version"": 1, ""metadata"": null, ""description"": null, ""external_id"": null, ""normal_balance_type"": ""credit""}}",,2026-09-06 15:29:48.201605+00
01a07757-0aaa-79b2-b6f5-ca4ef736b3af,1,initialized,"{""type"": ""initialized"", ""values"": {""id"": ""01a07757-0aaa-79b2-b6f5-ca4ef736b3af"", ""code"": ""01a07757-0aaa-79b2-b6f5-ca4ef736b3af"", ""name"": """", ""config"": {""is_account_set"": true, ""eventually_consistent"": false}, ""status"": ""active"", ""version"": 1, ""metadata"": null, ""description"": null, ""external_id"": null, ""normal_balance_type"": ""credit""}}",,2026-09-06 15:29:48.211427+00
01a07757-0abd-7840-8a95-fc5a7c2bfe48,1,initialized,"{""type"": ""initialized"", ""values"": {""id"": ""01a07757-0abd-7840-8a95-fc5a7c2bfe48"", ""code"": ""01a07757-0abd-7840-8a95-fc5a7c2bfe48"", ""name"": """", ""config"": {""is_account_set"": true, ""eventually_consistent"": false}, ""status"": ""active"", ""version"": 1, ""metadata"": null, ""description"": null, ""external_id"": null, ""normal_balance_type"": ""credit""}}",,2026-09-06 15:29:48.224842+00
01a07757-0ac9-7fa0-a4e1-e032bdf3f647,1,initialized,"{""type"": ""initialized"", ""values"": {""id"": ""01a07757-0ac9-7fa0-a4e1-e032bdf3f647"", ""code"": ""01a07757-0ac9-7fa0-a4e1-e032bdf3f647"", ""name"": """", ""config"": {""is_account_set"": true, ""eventually_consistent"": false}, ""status"": ""active"", ""version"": 1, ""metadata"": null, ""description"": null, ""external_id"": null, ""normal_balance_type"": ""credit""}}",,2026-09-06 15:29:48.235084+00
01a07757-0ace-7c71-8336-6bbcd45ca696,1,initialized,"{""type"": ""initialized"", ""values"": {""id"": ""01a07757-0ace-7c71-8336-6bbcd45ca696"", ""code"": ""01a07757-0ace-7c71-8336-6bbcd45ca696"", ""name"": """", ""config"": {""is_account_set"": true, ""eventually_consistent"": false}, ""status"": ""active"", ""version"": 1, ""metadata"": null, ""description"": null, ""external_id"": null, ""normal_balance_type"": ""credit""}}",,2026-09-06 15:29:48.240684+00
01a07757-0ae3-7623-842f-2a36caaf1cce,1,initialized,"{""type"": ""initialized"", ""values"": {""id"": ""01a07757-0ae3-7623-842f-2a36caaf1cce"", ""code"": ""01a07757-0ae3-7623-842f-2a36caaf1cce"", ""name"": """", ""config"": {""is_account_set"": true, ""eventually_consistent"": false}, ""status"": ""active"", ""version"": 1, ""metadata"": null, ""description"": null, ""external_id"": null, ""normal_balance_type"": ""credit""}}",,2026-09-06 15:29:48.260658+00
01a07757-0af9-7181-bb99-1da0b259d1af,1,initialized,"{""type"": ""initialized"", ""values"": {""id"": ""01a07757-0af9-7181-bb99-1da0b259d1af"", ""code"": ""01a07757-0af9-7181-bb99-1da0b259d1af"", ""name"": """", ""config"": {""is_account_set"": true, ""eventually_consistent"": false}, ""status"": ""active"", ""version"": 1, ""metadata"": null, ""description"": null, ""external_id"": null, ""normal_balance_type"": ""credit""}}",,2026-09-06 15:29:48.284272+00
01a07757-0b03-75c2-bffa-22e7c4c57acf,1,initialized,"{""type"": ""initialized"", ""values"": {""id"": ""01a07757-0b03-75c2-bffa-22e7c4c57acf"", ""code"": ""elqjkjpzIF1l6fcfLKXM7kdWJYpJ1QKZ"", ""name"": ""Test Sender Account elqjkjpzIF1l6fcfLKXM7kdWJYpJ1QKZ"", ""config"": {""is_account_set"": false, ""eventually_consistent"": false}, ""status"": ""active"", ""version"": 1, ""metadata"": null, ""description"": null, ""external_id"": null, ""normal_balance_type"": ""credit""}}",,2026-09-06 15:29:48.293282+00
01a07757-0b03-75c2-bffa-22fc48247820,1,initialized,"{""type"": ""initialized"", ""values"": {""id"": ""01a07757-0b03-75c2-bffa-22fc48247820"", ""code"": ""iOV9ekXAm8hISJMCuEEB1hMc9Lv0z9ug"", ""name"": ""Test Recipient Account iOV9ekXAm8hISJMCuEEB1hMc9Lv0z9ug"", ""config"": {""is_account_set"": false, ""eventually_consistent"": false}, ""status"": ""active"", ""version"": 1, ""metadata"": null, ""description"": null, ""external_id"": null, ""normal_balance_type"": ""credit""}}",,2026-09-06 15:29:48.360146+00
01a07757-0b0c-71a3-87fc-3fd852fffaf7,1,initialized,"{""type"": ""initialized"", ""values"": {""id"": ""01a07757-0b0c-71a3-87fc-3fd852fffaf7"", ""code"": ""01a07757-0b0c-71a3-87fc-3fd852fffaf7"", ""name"": """", ""config"": {""is_account_set"": true, ""eventually_consistent"": false}, ""status"": ""active"", ""version"": 1, ""metadata"": null, ""description"": null, ""external_id"": null, ""normal_balance_type"": ""credit""}}",,2026-09-06 15:29:48.30228+00
01a07757-0b28-7eb3-891b-3f582d58865e,1,initialized,"{""type"": ""initialized"", ""values"": {""id"": ""01a07757-0b28-7eb3-891b-3f582d58865e"", ""code"": ""BhiXhHGm2rQ4yvN5N7YeuwXzhh4ZYzji"", ""name"": ""Test Sender Account BhiXhHGm2rQ4yvN5N7YeuwXzhh4ZYzji"", ""config"": {""is_account_set"": false, ""eventually_consistent"": false}, ""status"": ""active"", ""version"": 1, ""metadata"": null, ""description"": null, ""external_id"": null, ""normal_balance_type"": ""credit""}}",,2026-09-06 15:29:48.552841+00
01a07757-0b28-7eb3-891b-3f6d33df132f,1,initialized,"{""type"": ""initialized"", ""values"": {""id"": ""01a07757-0b28-7eb3-891b-3f6d33df132f"", ""code"": ""01a07757-0b28-7eb3-891b-3f6d33df132f"", ""name"": """", ""config"": {""is_account_set"": true, ""eventually_consistent"": false}, ""status"": ""active"", ""version"": 1, ""metadata"": null, ""description"": null, ""external_id"": null, ""normal_balance_type"": ""credit""}}",,2026-09-06 15:29:48.329601+00
01a07757-0b28-7eb3-891b-3f7572093948,1,initialized,"{""type"": ""initialized"", ""values"": {""id"": ""01a07757-0b28-7eb3-891b-3f7572093948"", ""code"": ""9b476p5JuuuOce2uPyHxzgwpBr8NxPwp"", ""name"": ""Test Recipient Account 9b476p5JuuuOce2uPyHxzgwpBr8NxPwp"", ""config"": {""is_account_set"": false, ""eventually_consistent"": false}, ""status"": ""active"", ""version"": 1, ""metadata"": null, ""description"": null, ""external_id"": null, ""normal_balance_type"": ""credit""}}",,2026-09-06 15:29:48.642284+00
01a07757-0b3c-7062-8c76-9cb7a15d494d,1,initialized,"{""type"": ""initialized"", ""values"": {""id"": ""01a07757-0b3c-7062-8c76-9cb7a15d494d"", ""code"": ""01a07757-0b3c-7062-8c76-9cb7a15d494d"", ""name"": """", ""config"": {""is_account_set"": true, ""eventually_consistent"": false}, ""status"": ""active"", ""version"": 1, ""metadata"": null, ""description"": null, ""external_id"": null, ""normal_balance_type"": ""credit""}}",,2026-09-06 15:29:48.349172+00
01a07757-0b49-7962-b4cf-7ad12e0cd27a,1,initialized,"{""type"": ""initialized"", ""values"": {""id"": ""01a07757-0b49-7962-b4cf-7ad12e0cd27a"", ""code"": ""01a07757-0b49-7962-b4cf-7ad12e0cd27a"", ""name"": """", ""config"": {""is_account_set"": true, ""eventually_consistent"": false}, ""status"": ""active"", ""version"": 1, ""metadata"": null, ""description"": null, ""external_id"": null, ""normal_balance_type"": ""credit""}}",,2026-09-06 15:29:48.362941+00
01a07757-0b58-70d1-a9f4-458f17194daa,1,initialized,"{""type"": ""initialized"", ""values"": {""id"": ""01a07757-0b58-70d1-a9f4-458f17194daa"", ""code"": ""01a07757-0b58-70d1-a9f4-458f17194daa"", ""name"": """", ""config"": {""is_account_set"": true, ""eventually_consistent"": false}, ""status"": ""active"", ""version"": 1, ""metadata"": null, ""description"": null, ""external_id"": null, ""normal_balance_type"": ""credit""}}",,2026-09-06 15:29:48.377549+00
01a07757-0b72-73f1-a57d-cec2025564b3,1,initialized,"{""type"": ""initialized"", ""values"": {""id"": ""01a07757-0b72-73f1-a57d-cec2025564b3"", ""code"": ""01a07757-0b72-73f1-a57d-cec2025564b3"", ""name"": """", ""config"": {""is_account_set"": true, ""eventually_consistent"": false}, ""status"": ""active"", ""version"": 1, ""metadata"": null, ""description"": null, ""external_id"": null, ""normal_balance_type"": ""credit""}}",,2026-09-06 15:29:48.405448+00
01a07757-0b89-7150-9016-e95a8d47abd8,1,initialized,"{""type"": ""initialized"", ""values"": {""id"": ""01a07757-0b89-7150-9016-e95a8d47abd8"", ""code"": ""01a07757-0b89-7150-9016-e95a8d47abd8"", ""name"": """", ""config"": {""is_account_set"": true, ""eventually_consistent"": false}, ""status"": ""active"", ""version"": 1, ""metadata"": null, ""description"": null, ""external_id"": null, ""normal_balance_type"": ""credit""}}",,2026-09-06 15:29:48.428288+00
01a07757-0b91-7820-b8a8-0a7b5ad923dd,1,initialized,"{""type"": ""initialized"", ""values"": {""id"": ""01a07757-0b91-7820-b8a8-0a7b5ad923dd"", ""code"": ""01a07757-0b91-7820-b8a8-0a7b5ad923dd"", ""name"": """", ""config"": {""is_account_set"": true, ""eventually_consistent"": false}, ""status"": ""active"", ""version"": 1, ""metadata"": null, ""description"": null, ""external_id"": null, ""normal_balance_type"": ""credit""}}",,2026-09-06 15:29:48.438353+00
01a07757-0b99-7a50-8d04-a8a203d4aecb,1,initialized,"{""type"": ""initialized"", ""values"": {""id"": ""01a07757-0b99-7a50-8d04-a8a203d4aecb"", ""code"": ""01a07757-0b99-7a50-8d04-a8a203d4aecb"", ""name"": """", ""config"": {""is_account_set"": true, ""eventually_consistent"": false}, ""status"": ""active"", ""version"": 1, ""metadata"": null, ""description"": null, ""external_id"": null, ""normal_balance_type"": ""credit""}}",,2026-09-06 15:29:48.442364+00
01a07757-0ba8-7a80-a813-f1e02f17eddc,1,initialized,"{""type"": ""initialized"", ""values"": {""id"": ""01a07757-0ba8-7a80-a813-f1e02f17eddc"", ""code"": ""01a07757-0ba8-7a80-a813-f1e02f17eddc"", ""name"": """", ""config"": {""is_account_set"": true, ""eventually_consistent"": false}, ""status"": ""active"", ""version"": 1, ""metadata"": null, ""description"": null, ""external_id"": null, ""normal_balance_type"": ""credit""}}",,2026-09-06 15:29:48.45694+00
01a07757-0bac-70d2-9e52-1dde504f7047,1,initialized,"{""type"": ""initialized"", ""values"": {""id"": ""01a07757-0bac-70d2-9e52-1dde504f7047"", ""code"": ""01a07757-0bac-70d2-9e52-1dde504f7047"", ""name"": """", ""config"": {""is_account_set"": true, ""eventually_consistent"": false}, ""status"": ""active"", ""version"": 1, ""metadata"": null, ""description"": null, ""external_id"": null, ""normal_balance_type"": ""credit""}}",,2026-09-06 15:29:48.46428+00
01a07757-0bc8-7cf0-a73e-29b0a6179a96,1,initialized,"{""type"": ""initialized"", ""values"": {""id"": ""01a07757-0bc8-7cf0-a73e-29b0a6179a96"", ""code"": ""01a07757-0bc8-7cf0-a73e-29b0a6179a96"", ""name"": """", ""config"": {""is_account_set"": true, ""eventually_consistent"": false}, ""status"": ""active"", ""version"": 1, ""metadata"": null, ""description"": null, ""external_id"": null, ""normal_balance_type"": ""credit""}}",,2026-09-06 15:29:48.490049+00
01a07757-0bd0-79b3-bc98-a10863de3e68,1,initialized,"{""type"": ""initialized"", ""values"": {""id"": ""01a07757-0bd0-79b3-bc98-a10863de3e68"", ""code"": ""01a07757-0bd0-79b3-bc98-a10863de3e68"", ""name"": """", ""config"": {""is_account_set"": true, ""eventually_consistent"": false}, ""status"": ""active"", ""version"": 1, ""metadata"": null, ""description"": null, ""external_id"": null, ""normal_balance_type"": ""credit""}}",,2026-09-06 15:29:48.49905+00
01a07757-0be3-7811-8863-821c4d64bdbc,1,initialized,"{""type"": ""initialized"", ""values"": {""id"": ""01a07757-0be3-7811-8863-821c4d64bdbc"", ""code"": ""01a07757-0be3-7811-8863-821c4d64bdbc"", ""name"": """", ""config"": {""is_account_set"": true, ""eventually_consistent"": false}, ""status"": ""active"", ""version"": 1, ""metadata"": null, ""description"": null, ""external_id"": null, ""normal_balance_type"": ""credit""}}",,2026-09-06 15:29:48.517459+00
01a07757-0bf3-7412-a6af-d65973360b43,1,initialized,"{""type"": ""initialized"", ""values"": {""id"": ""01a07757-0bf3-7412-a6af-d65973360b43"", ""code"": ""01a07757-0bf3-7412-a6af-d65973360b43"", ""name"": """", ""config"": {""is_account_set"": true, ""eventually_consistent"": false}, ""status"": ""active"", ""version"": 1, ""metadata"": null, ""description"": null, ""external_id"": null, ""normal_balance_type"": ""credit""}}",,2026-09-06 15:29:48.534474+00
01a07757-0c02-7482-84e3-1cb8e58d32c8,1,initialized,"{""type"": ""initialized"", ""values"": {""id"": ""01a07757-0c02-7482-84e3-1cb8e58d32c8"", ""code"": ""01a07757-0c02-7482-84e3-1cb8e58d32c8"", ""name"": """", ""config"": {""is_account_set"": true, ""eventually_consistent"": false}, ""status"": ""active"", ""version"": 1, ""metadata"": null, ""description"": null, ""external_id"": null, ""normal_balance_type"": ""credit""}}",,2026-09-06 15:29:48.54956+00
01a07757-0c05-7c61-a5fb-89c8ae51741d,1,initialized,"{""type"": ""initialized"", ""values"": {""id"": ""01a07757-0c05-7c61-a5fb-89c8ae51741d"", ""code"": ""01a07757-0c05-7c61-a5fb-89c8ae51741d"", ""name"": """", ""config"": {""is_account_set"": true, ""eventually_consistent"": false}, ""status"": ""active"", ""version"": 1, ""metadata"": null, ""description"": null, ""external_id"": null, ""normal_balance_type"": ""credit""}}",,2026-09-06 15:29:48.549928+00
01a07757-0c1a-7e22-9195-35e6317892d1,1,initialized,"{""type"": ""initialized"", ""values"": {""id"": ""01a07757-0c1a-7e22-9195-35e6317892d1"", ""code"": ""01a07757-0c1a-7e22-9195-35e6317892d1"", ""name"": """", ""config"": {""is_account_set"": true, ""eventually_consistent"": false}, ""status"": ""active"", ""version"": 1, ""metadata"": null, ""description"": null, ""external_id"": null, ""normal_balance_type"": ""credit""}}",,2026-09-06 15:29:48.575235+00
01a07757-0c2c-7521-b8d4-eca659b6c3a3,1,initialized,"{""type"": ""initialized"", ""values"": {""id"": ""01a07757-0c2c-7521-b8d4-eca659b6c3a3"", ""code"": ""01a07757-0c2c-7521-b8d4-eca659b6c3a3"", ""name"": """", ""config"": {""is_account_set"": true, ""eventually_consistent"": false}, ""status"": ""active"", ""version"": 1, ""metadata"": null, ""description"": null, ""external_id"": null, ""normal_balance_type"": ""credit""}}",,2026-09-06 15:29:48.591669+00
01a07757-0c3c-7382-9445-beadd50e1acb,1,initialized,"{""type"": ""initialized"", ""values"": {""id"": ""01a07757-0c3c-7382-9445-beadd50e1acb"", ""code"": ""01a07757-0c3c-7382-9445-beadd50e1acb"", ""name"": """", ""config"": {""is_account_set"": true, ""eventually_consistent"": false}, ""status"": ""active"", ""version"": 1, ""metadata"": null, ""description"": null, ""external_id"": null, ""normal_balance_type"": ""credit""}}",,2026-09-06 15:29:48.605708+00
01a07757-0c4e-7d50-856d-0590172da0bc,1,initialized,"{""type"": ""initialized"", ""values"": {""id"": ""01a07757-0c4e-7d50-856d-0590172da0bc"", ""code"": ""01a07757-0c4e-7d50-856d-0590172da0bc"", ""name"": """", ""config"": {""is_account_set"": true, ""eventually_consistent"": false}, ""status"": ""active"", ""version"": 1, ""metadata"": null, ""description"": null, ""external_id"": null, ""normal_balance_type"": ""credit""}}",,2026-09-06 15:29:48.625551+00
01a07757-0c60-7692-beae-62aa0b7c7b02,1,initialized,"{""type"": ""initialized"", ""values"": {""id"": ""01a07757-0c60-7692-beae-62aa0b7c7b02"", ""code"": ""01a07757-0c60-7692-beae-62aa0b7c7b02"", ""name"": """", ""config"": {""is_account_set"": true, ""eventually_consistent"": false}, ""status"": ""active"", ""version"": 1, ""metadata"": null, ""description"": null, ""external_id"": null, ""normal_balance_type"": ""credit""}}",,2026-09-06 15:29:48.649464+00
01a07757-0c7b-77d1-a52d-620a3d0822b3,1,initialized,"{""type"": ""initialized"", ""values"": {""id"": ""01a07757-0c7b-77d1-a52d-620a3d0822b3"", ""code"": ""01a07757-0c7b-77d1-a52d-620a3d0822b3"", ""name"": """", ""config"": {""is_account_set"": true, ""eventually_consistent"": false}, ""status"": ""active"", ""version"": 1, ""metadata"": null, ""description"": null, ""external_id"": null, ""normal_balance_type"": ""credit""}}",,2026-09-06 15:29:48.67542+00
01a07757-0c99-7a31-a5c2-bc0297fe1add,1,initialized,"{""type"": ""initialized"", ""values"": {""id"": ""01a07757-0c99-7a31-a5c2-bc0297fe1add"", ""code"": ""01a07757-0c99-7a31-a5c2-bc0297fe1add"", ""name"": """", ""config"": {""is_account_set"": true, ""eventually_consistent"": false}, ""status"": ""active"", ""version"": 1, ""metadata"": null, ""description"": null, ""external_id"": null, ""normal_balance_type"": ""credit""}}",,2026-09-06 15:29:48.704769+00
01a07757-0cb2-7f21-97ea-08ca8aea5f12,1,initialized,"{""type"": ""initialized"", ""values"": {""id"": ""01a07757-0cb2-7f21-97ea-08ca8aea5f12"", ""code"": ""01a07757-0cb2-7f21-97ea-08ca8aea5f12"", ""name"": """", ""config"": {""is_account_set"": true, ""eventually_consistent"": false}, ""status"": ""active"", ""version"": 1, ""metadata"": null, ""description"": null, ""external_id"": null, ""normal_balance_type"": ""credit""}}",,2026-09-06 15:29:48.724239+00
01a07757-0cbe-7901-a1f2-4b43f6a7bd4e,1,initialized,"{""type"": ""initialized"", ""values"": {""id"": ""01a07757-0cbe-7901-a1f2-4b43f6a7bd4e"", ""code"": ""01a07757-0cbe-7901-a1f2-4b43f6a7bd4e"", ""name"": """", ""config"": {""is_account_set"": true, ""eventually_consistent"": false}, ""status"": ""active"", ""version"": 1, ""metadata"": null, ""description"": null, ""external_id"": null, ""normal_balance_type"": ""credit""}}",,2026-09-06 15:29:48.73828+00
01a07757-0cc6-76f2-ae9d-db9db916b1ce,1,initialized,"{""type"": ""initialized"", ""values"": {""id"": ""01a07757-0cc6-76f2-ae9d-db9db916b1ce"", ""code"": ""01a07757-0cc6-76f2-ae9d-db9db916b1ce"", ""name"": """", ""config"": {""is_account_set"": true, ""eventually_consistent"": false}, ""status"": ""active"", ""version"": 1, ""metadata"": null, ""description"": null, ""external_id"": null, ""normal_balance_type"": ""credit""}}",,2026-09-06 15:29:48.758278+00
01a07757-0ce5-7b80-8fbd-704d52a646f9,1,initialized,"{""type"": ""initialized"", ""values"": {""id"": ""01a07757-0ce5-7b80-8fbd-704d52a646f9"", ""code"": ""01a07757-0ce5-7b80-8fbd-704d52a646f9"", ""name"": """", ""config"": {""is_account_set"": true, ""eventually_consistent"": false}, ""status"": ""active"", ""version"": 1, ""metadata"": null, ""description"": null, ""external_id"": null, ""normal_balance_type"": ""credit""}}",,2026-09-06 15:29:48.778647+00
01a07757-0cfc-7901-baba-e09a9f9a38df,1,initialized,"{""type"": ""initialized"", ""values"": {""id"": ""01a07757-0cfc-7901-baba-e09a9f9a38df"", ""code"": ""01a07757-0cfc-7901-baba-e09a9f9a38df"", ""name"": """", ""config"": {""is_account_set"": true, ""eventually_consistent"": false}, ""status"": ""active"", ""version"": 1, ""metadata"": null, ""description"": null, ""external_id"": null, ""normal_balance_type"": ""credit""}}",,2026-09-06 15:29:48.803273+00
01a07757-0d14-7f50-8f45-d08d8a5438d8,1,initialized,"{""type"": ""initialized"", ""values"": {""id"": ""01a07757-0d14-7f50-8f45-d08d8a5438d8"", ""code"": ""01a07757-0d14-7f50-8f45-d08d8a5438d8"", ""name"": """", ""config"": {""is_account_set"": true, ""eventually_consistent"": false}, ""status"": ""active"", ""version"": 1, ""metadata"": null, ""description"": null, ""external_id"": null, ""normal_balance_type"": ""credit""}}",,2026-09-06 15:29:48.82528+00
01a07757-0d19-73d1-9125-7cd24207131e,1,initialized,"{""type"": ""initialized"", ""values"": {""id"": ""01a07757-0d19-73d1-9125-7cd24207131e"", ""code"": ""01a07757-0d19-73d1-9125-7cd24207131e"", ""name"": """", ""config"": {""is_account_set"": true, ""eventually_consistent"": false}, ""status"": ""active"", ""version"": 1, ""metadata"": null, ""description"": null, ""external_id"": null, ""normal_balance_type"": ""credit""}}",,2026-09-06 15:29:48.827521+00
01a07757-0d2c-7cc1-9fc5-e828f8cb4338,1,initialized,"{""type"": ""initialized"", ""values"": {""id"": ""01a07757-0d2c-7cc1-9fc5-e828f8cb4338"", ""code"": ""01a07757-0d2c-7cc1-9fc5-e828f8cb4338"", ""name"": """", ""config"": {""is_account_set"": true, ""eventually_consistent"": false}, ""status"": ""active"", ""version"": 1, ""metadata"": null, ""description"": null, ""external_id"": null, ""normal_balance_type"": ""credit""}}",,2026-09-06 15:29:48.845636+00
01a07757-0d40-76f1-8a1f-182a0296bf88,1,initialized,"{""type"": ""initialized"", ""values"": {""id"": ""01a07757-0d40-76f1-8a1f-182a0296bf88"", ""code"": ""01a07757-0d40-76f1-8a1f-182a0296bf88"", ""name"": """", ""config"": {""is_account_set"": true, ""eventually_consistent"": false}, ""status"": ""active"", ""version"": 1, ""metadata"": null, ""description"": null, ""external_id"": null, ""normal_balance_type"": ""credit""}}",,2026-09-06 15:29:48.868793+00
01a07757-0d40-76f1-8a1f-183e337e4ef9,1,initialized,"{""type"": ""initialized"", ""values"": {""id"": ""01a07757-0d40-76f1-8a1f-183e337e4ef9"", ""code"": ""01a07757-0d40-76f1-8a1f-183e337e4ef9"", ""name"": """", ""config"": {""is_account_set"": true, ""eventually_consistent"": false}, ""status"": ""active"", ""version"": 1, ""metadata"": null, ""description"": null, ""external_id"": null, ""normal_balance_type"": ""credit""}}",,2026-09-06 15:29:48.871144+00
01a07757-0d54-78d3-9abd-402f0915a7ed,1,initialized,"{""type"": ""initialized"", ""values"": {""id"": ""01a07757-0d54-78d3-9abd-402f0915a7ed"", ""code"": ""01a07757-0d54-78d3-9abd-402f0915a7ed"", ""name"": """", ""config"": {""is_account_set"": true, ""eventually_consistent"": false}, ""status"": ""active"", ""version"": 1, ""metadata"": null, ""description"": null, ""external_id"": null, ""normal_balance_type"": ""credit""}}",,2026-09-06 15:29:48.892281+00
01a07757-0d79-7331-ac7f-d57133397443,1,initialized,"{""type"": ""initialized"", ""values"": {""id"": ""01a07757-0d79-7331-ac7f-d57133397443"", ""code"": ""01a07757-0d79-7331-ac7f-d57133397443"", ""name"": """", ""config"": {""is_account_set"": true, ""eventually_consistent"": false}, ""status"": ""active"", ""version"": 1, ""metadata"": null, ""description"": null, ""external_id"": null, ""normal_balance_type"": ""credit""}}",,2026-09-06 15:29:48.93207+00
01a07757-0daa-7133-b716-e6910545f794,1,initialized,"{""type"": ""initialized"", ""values"": {""id"": ""01a07757-0daa-7133-b716-e6910545f794"", ""code"": ""01a07757-0daa-7133-b716-e6910545f794"", ""name"": """", ""config"": {""is_account_set"": true, ""eventually_consistent"": false}, ""status"": ""active"", ""version"": 1, ""metadata"": null, ""description"": null, ""external_id"": null, ""normal_balance_type"": ""credit""}}",,2026-09-06 15:29:48.97408+00
01a07757-0dc1-7922-a6e2-2f2fa56bc6df,1,initialized,"{""type"": ""initialized"", ""values"": {""id"": ""01a07757-0dc1-7922-a6e2-2f2fa56bc6df"", ""code"": ""01a07757-0dc1-7922-a6e2-2f2fa56bc6df"", ""name"": """", ""config"": {""is_account_set"": true, ""eventually_consistent"": false}, ""status"": ""active"", ""version"": 1, ""metadata"": null, ""description"": null, ""external_id"": null, ""normal_balance_type"": ""credit""}}",,2026-09-06 15:29:48.994215+00
01a07757-0dd2-7791-b327-c69bdad09c17,1,initialized,"{""type"": ""initialized"", ""values"": {""id"": ""01a07757-0dd2-7791-b327-c69bdad09c17"", ""code"": ""01a07757-0dd2-7791-b327-c69bdad09c17"", ""name"": """", ""config"": {""is_account_set"": true, ""eventually_consistent"": false}, ""status"": ""active"", ""version"": 1, ""metadata"": null, ""description"": null, ""external_id"": null, ""normal_balance_type"": ""credit""}}",,2026-09-06 15:29:49.015284+00
01a07757-0deb-7403-b57a-09d14e6bc52a,1,initialized,"{""type"": ""initialized"", ""values"": {""id"": ""01a07757-0deb-7403-b57a-09d14e6bc52a"", ""code"": ""I1rBb3sf8uSWhYxOzeGP6riFV0vSZMgZ"", ""name"": ""Test Sender Account I1rBb3sf8uSWhYxOzeGP6riFV0vSZMgZ"", ""config"": {""is_account_set"": false, ""eventually_consistent"": false}, ""status"": ""active"", ""version"": 1, ""metadata"": null, ""description"": null, ""external_id"": null, ""normal_balance_type"": ""credit""}}",,2026-09-06 15:29:49.039308+00
01a07757-0df1-7051-abb7-65599832e92d,1,initialized,"{""type"": ""initialized"", ""values"": {""id"": ""01a07757-0df1-7051-abb7-65599832e92d"", ""code"": ""01a07757-0df1-7051-abb7-65599832e92d"", ""name"": """", ""config"": {""is_account_set"": true, ""eventually_consistent"": false}, ""status"": ""active"", ""version"": 1, ""metadata"": null, ""description"": null, ""external_id"": null, ""normal_balance_type"": ""credit""}}",,2026-09-06 15:29:49.053287+00
01a07757-0e0c-7e21-a11f-2b9ab8d8a07b,1,initialized,"{""type"": ""initialized"", ""values"": {""id"": ""01a07757-0e0c-7e21-a11f-2b9ab8d8a07b"", ""code"": ""01a07757-0e0c-7e21-a11f-2b9ab8d8a07b"", ""name"": """", ""config"": {""is_account_set"": true, ""eventually_consistent"": false}, ""status"": ""active"", ""version"": 1, ""metadata"": null, ""description"": null, ""external_id"": null, ""normal_balance_type"": ""credit""}}",,2026-09-06 15:29:49.072097+00
01a07757-0e23-7172-9772-b6a2fe098205,1,initialized,"{""type"": ""initialized"", ""values"": {""id"": ""01a07757-0e23-7172-9772-b6a2fe098205"", ""code"": ""01a07757-0e23-7172-9772-b6a2fe098205"", ""name"": """", ""config"": {""is_account_set"": true, ""eventually_consistent"": false}, ""status"": ""active"", ""version"": 1, ""metadata"": null, ""description"": null, ""external_id"": null, ""normal_balance_type"": ""credit""}}",,2026-09-06 15:29:49.093034+00
01a07757-0e3e-7400-b05c-16b8a92de5f7,1,initialized,"{""type"": ""initialized"", ""values"": {""id"": ""01a07757-0e3e-7400-b05c-16b8a92de5f7"", ""code"": ""01a07757-0e3e-7400-b05c-16b8a92de5f7"", ""name"": """", ""config"": {""is_account_set"": true, ""eventually_consistent"": false}, ""status"": ""active"", ""version"": 1, ""metadata"": null, ""description"": null, ""external_id"": null, ""normal_balance_type"": ""credit""}}",,2026-09-06 15:29:49.12305+00
01a07757-0e51-78f1-9d57-53767e662fd4,1,initialized,"{""type"": ""initialized"", ""values"": {""id"": ""01a07757-0e51-78f1-9d57-53767e662fd4"", ""code"": ""01a07757-0e51-78f1-9d57-53767e662fd4"", ""name"": """", ""config"": {""is_account_set"": true, ""eventually_consistent"": false}, ""status"": ""active"", ""version"": 1, ""metadata"": null, ""description"": null, ""external_id"": null, ""normal_balance_type"": ""credit""}}",,2026-09-06 15:29:49.139375+00
01a07757-0e5f-7a70-a57d-9e258e7d4ca9,1,initialized,"{""type"": ""initialized"", ""values"": {""id"": ""01a07757-0e5f-7a70-a57d-9e258e7d4ca9"", ""code"": ""01a07757-0e5f-7a70-a57d-9e258e7d4ca9"", ""name"": """", ""config"": {""is_account_set"": true, ""eventually_consistent"": false}, ""status"": ""active"", ""version"": 1, ""metadata"": null, ""description"": null, ""external_id"": null, ""normal_balance_type"": ""credit""}}",,2026-09-06 15:29:49.154289+00
01a07757-0fb7-7462-b19f-0a85d24a56fc,1,initialized,"{""type"": ""initialized"", ""values"": {""id"": ""01a07757-0fb7-7462-b19f-0a85d24a56fc"", ""code"": ""01a07757-0fb7-7462-b19f-0a85d24a56fc"", ""name"": """", ""config"": {""is_account_set"": true, ""eventually_consistent"": false}, ""status"": ""active"", ""version"": 1, ""metadata"": null, ""description"": null, ""external_id"": null, ""normal_balance_type"": ""credit""}}",,2026-09-06 15:29:49.499118+00
01a07757-0fe0-7571-8c00-ca2db2fb4028,1,initialized,"{""type"": ""initialized"", ""values"": {""id"": ""01a07757-0fe0-7571-8c00-ca2db2fb4028"", ""code"": ""01a07757-0fe0-7571-8c00-ca2db2fb4028"", ""name"": """", ""config"": {""is_account_set"": true, ""eventually_consistent"": false}, ""status"": ""active"", ""version"": 1, ""metadata"": null, ""description"": null, ""external_id"": null, ""normal_balance_type"": ""credit""}}",,2026-09-06 15:29:49.540888+00
01a07757-0fec-7c30-bafa-bc086192213e,1,initialized,"{""type"": ""initialized"", ""values"": {""id"": ""01a07757-0fec-7c30-bafa-bc086192213e"", ""code"": ""8PvpcXwfqvhbnHrijEvC8tohMlo9Sl5U"", ""name"": ""Test Sender Account 8PvpcXwfqvhbnHrijEvC8tohMlo9Sl5U"", ""config"": {""is_account_set"": false, ""eventually_consistent"": false}, ""status"": ""active"", ""version"": 1, ""metadata"": null, ""description"": null, ""external_id"": null, ""normal_balance_type"": ""credit""}}",,2026-09-06 15:29:49.549537+00
01a07757-0fec-7c30-bafa-bc1ac19feba1,1,initialized,"{""type"": ""initialized"", ""values"": {""id"": ""01a07757-0fec-7c30-bafa-bc1ac19feba1"", ""code"": ""esuKsFxVf6M2IcWkLcbE0qoWwXKU8lYT"", ""name"": ""Test Recipient Account esuKsFxVf6M2IcWkLcbE0qoWwXKU8lYT"", ""config"": {""is_account_set"": false, ""eventually_consistent"": false}, ""status"": ""active"", ""version"": 1, ""metadata"": null, ""description"": null, ""external_id"": null, ""normal_balance_type"": ""credit""}}",,2026-09-06 15:29:49.928292+00
01a07757-0ff3-7c42-a7bb-2616f24b499b,1,initialized,"{""type"": ""initialized"", ""values"": {""id"": ""01a07757-0ff3-7c42-a7bb-2616f24b499b"", ""code"": ""01a07757-0ff3-7c42-a7bb-2616f24b499b"", ""name"": """", ""config"": {""is_account_set"": true, ""eventually_consistent"": false}, ""status"": ""active"", ""version"": 1, ""metadata"": null, ""description"": null, ""external_id"": null, ""normal_balance_type"": ""credit""}}",,2026-09-06 15:29:49.55664+00
01a07757-1026-7c93-bd05-25a57710590a,1,initialized,"{""type"": ""initialized"", ""values"": {""id"": ""01a07757-1026-7c93-bd05-25a57710590a"", ""code"": ""01a07757-1026-7c93-bd05-25a57710590a"", ""name"": """", ""config"": {""is_account_set"": true, ""eventually_consistent"": false}, ""status"": ""active"", ""version"": 1, ""metadata"": null, ""description"": null, ""external_id"": null, ""normal_balance_type"": ""credit""}}",,2026-09-06 15:29:49.607227+00
01a07757-1064-7f72-9b66-ce2a15971ea3,1,initialized,"{""type"": ""initialized"", ""values"": {""id"": ""01a07757-1064-7f72-9b66-ce2a15971ea3"", ""code"": ""01a07757-1064-7f72-9b66-ce2a15971ea3"", ""name"": """", ""config"": {""is_account_set"": true, ""eventually_consistent"": false}, ""status"": ""active"", ""version"": 1, ""metadata"": null, ""description"": null, ""external_id"": null, ""normal_balance_type"": ""credit""}}",,2026-09-06 15:29:49.674751+00
01a07757-10d6-7c91-a186-25147fce887c,1,initialized,"{""type"": ""initialized"", ""values"": {""id"": ""01a07757-10d6-7c91-a186-25147fce887c"", ""code"": ""VaUZsDvo3C35wP9F68VBpIKpcFNUKQPj"", ""name"": ""Test Sender Account VaUZsDvo3C35wP9F68VBpIKpcFNUKQPj"", ""config"": {""is_account_set"": false, ""eventually_consistent"": false}, ""status"": ""active"", ""version"": 1, ""metadata"": null, ""description"": null, ""external_id"": null, ""normal_balance_type"": ""credit""}}",,2026-09-06 15:29:49.78929+00
01a07757-10d6-7c91-a186-252caa5ac4ab,1,initialized,"{""type"": ""initialized"", ""values"": {""id"": ""01a07757-10d6-7c91-a186-252caa5ac4ab"", ""code"": ""6BsuZPxPHh3J95VYKb7oA8ZOU013bvM6"", ""name"": ""Test Recipient Account 6BsuZPxPHh3J95VYKb7oA8ZOU013bvM6"", ""config"": {""is_account_set"": false, ""eventually_consistent"": false}, ""status"": ""active"", ""version"": 1, ""metadata"": null, ""description"": null, ""external_id"": null, ""normal_balance_type"": ""credit""}}",,2026-09-06 15:29:49.88152+00
01a07757-10f6-7402-85f8-3d964d4ba060,1,initialized,"{""type"": ""initialized"", ""values"": {""id"": ""01a07757-10f6-7402-85f8-3d964d4ba060"", ""code"": ""01a07757-10f6-7402-85f8-3d964d4ba060"", ""name"": """", ""config"": {""is_account_set"": true, ""eventually_consistent"": false}, ""status"": ""active"", ""version"": 1, ""metadata"": null, ""description"": null, ""external_id"": null, ""normal_balance_type"": ""credit""}}",,2026-09-06 15:29:49.819733+00
01a07757-11a5-73a2-a7f0-65d9121af084,1,initialized,"{""type"": ""initialized"", ""values"": {""id"": ""01a07757-11a5-73a2-a7f0-65d9121af084"", ""code"": ""01a07757-11a5-73a2-a7f0-65d9121af084"", ""name"": """", ""config"": {""is_account_set"": true, ""eventually_consistent"": false}, ""status"": ""active"", ""version"": 1, ""metadata"": null, ""description"": null, ""external_id"": null, ""normal_balance_type"": ""credit""}}",,2026-09-06 15:29:49.990809+00
01a07757-11d0-7360-8605-7ebbb91070ec,1,initialized,"{""type"": ""initialized"", ""values"": {""id"": ""01a07757-11d0-7360-8605-7ebbb91070ec"", ""code"": ""01a07757-11d0-7360-8605-7ebbb91070ec"", ""name"": """", ""config"": {""is_account_set"": true, ""eventually_consistent"": false}, ""status"": ""active"", ""version"": 1, ""metadata"": null, ""description"": null, ""external_id"": null, ""normal_balance_type"": ""credit""}}",,2026-09-06 15:29:50.034279+00
01a07757-11f0-76b2-9f30-15b7e891e361,1,initialized,"{""type"": ""initialized"", ""values"": {""id"": ""01a07757-11f0-76b2-9f30-15b7e891e361"", ""code"": ""01a07757-11f0-76b2-9f30-15b7e891e361"", ""name"": """", ""config"": {""is_account_set"": true, ""eventually_consistent"": false}, ""status"": ""active"", ""version"": 1, ""metadata"": null, ""description"": null, ""external_id"": null, ""normal_balance_type"": ""credit""}}",,2026-09-06 15:29:50.287152+00
01a07757-11f6-7ab3-937c-b7e1a5cee91f,1,initialized,"{""type"": ""initialized"", ""values"": {""id"": ""01a07757-11f6-7ab3-937c-b7e1a5cee91f"", ""code"": ""01a07757-11f6-7ab3-937c-b7e1a5cee91f"", ""name"": """", ""config"": {""is_account_set"": true, ""eventually_consistent"": false}, ""status"": ""active"", ""version"": 1, ""metadata"": null, ""description"": null, ""external_id"": null, ""normal_balance_type"": ""credit""}}",,2026-09-06 15:29:50.071715+00
01a07757-129f-78f2-8bc9-b43f409f6005,1,initialized,"{""type"": ""initialized"", ""values"": {""id"": ""01a07757-129f-78f2-8bc9-b43f409f6005"", ""code"": ""SGDq9ZhFhhrXwXtGmihgDEwZxDh7CZuE"", ""name"": ""Test Sender Account SGDq9ZhFhhrXwXtGmihgDEwZxDh7CZuE"", ""config"": {""is_account_set"": false, ""eventually_consistent"": false}, ""status"": ""active"", ""version"": 1, ""metadata"": null, ""description"": null, ""external_id"": null, ""normal_balance_type"": ""credit""}}",,2026-09-06 15:29:50.240999+00
01a07757-129f-78f2-8bc9-b443a2781f9c,1,initialized,"{""type"": ""initialized"", ""values"": {""id"": ""01a07757-129f-78f2-8bc9-b443a2781f9c"", ""code"": ""MHioMmbxZkodsuwHkQnDwVl4uemaYB9D"", ""name"": ""Test Recipient Account MHioMmbxZkodsuwHkQnDwVl4uemaYB9D"", ""config"": {""is_account_set"": false, ""eventually_consistent"": false}, ""status"": ""active"", ""version"": 1, ""metadata"": null, ""description"": null, ""external_id"": null, ""normal_balance_type"": ""credit""}}",,2026-09-06 15:29:50.266018+00
01a07757-1309-79e1-918d-d8b1c08e935b,1,initialized,"{""type"": ""initialized"", ""values"": {""id"": ""01a07757-1309-79e1-918d-d8b1c08e935b"", ""code"": ""01a07757-1309-79e1-918d-d8b1c08e935b"", ""name"": """", ""config"": {""is_account_set"": true, ""eventually_consistent"": false}, ""status"": ""active"", ""version"": 1, ""metadata"": null, ""description"": null, ""external_id"": null, ""normal_balance_type"": ""credit""}}",,2026-09-06 15:29:50.347031+00
01a07757-1321-79d3-a0ef-1facebe3bfc2,1,initialized,"{""type"": ""initialized"", ""values"": {""id"": ""01a07757-1321-79d3-a0ef-1facebe3bfc2"", ""code"": ""01a07757-1321-79d3-a0ef-1facebe3bfc2"", ""name"": """", ""config"": {""is_account_set"": true, ""eventually_consistent"": false}, ""status"": ""active"", ""version"": 1, ""metadata"": null, ""description"": null, ""external_id"": null, ""normal_balance_type"": ""credit""}}",,2026-09-06 15:29:50.371286+00
01a07757-1329-7270-80bd-730e11aaff05,1,initialized,"{""type"": ""initialized"", ""values"": {""id"": ""01a07757-1329-7270-80bd-730e11aaff05"", ""code"": ""01a07757-1329-7270-80bd-730e11aaff05"", ""name"": """", ""config"": {""is_account_set"": true, ""eventually_consistent"": false}, ""status"": ""active"", ""version"": 1, ""metadata"": null, ""description"": null, ""external_id"": null, ""normal_balance_type"": ""credit""}}",,2026-09-06 15:29:50.379229+00
01a07757-1361-7c41-9478-8112ee8bbe4a,1,initialized,"{""type"": ""initialized"", ""values"": {""id"": ""01a07757-1361-7c41-9478-8112ee8bbe4a"", ""code"": ""01a07757-1361-7c41-9478-8112ee8bbe4a"", ""name"": """", ""config"": {""is_account_set"": true, ""eventually_consistent"": false}, ""status"": ""active"", ""version"": 1, ""metadata"": null, ""description"": null, ""external_id"": null, ""normal_balance_type"": ""credit""}}",,2026-09-06 15:29:50.442306+00
01a07757-1397-7291-a0d2-cbf7d1fc3bb7,1,initialized,"{""type"": ""initialized"", ""values"": {""id"": ""01a07757-1397-7291-a0d2-cbf7d1fc3bb7"", ""code"": ""01a07757-1397-7291-a0d2-cbf7d1fc3bb7"", ""name"": """", ""config"": {""is_account_set"": true, ""eventually_consistent"": false}, ""status"": ""active"", ""version"": 1, ""metadata"": null, ""description"": null, ""external_id"": null, ""normal_balance_type"": ""credit""}}",,2026-09-06 15:29:50.489159+00
01a07757-13ab-77f2-a04f-c08fb8231aa2,1,initialized,"{""type"": ""initialized"", ""values"": {""id"": ""01a07757-13ab-77f2-a04f-c08fb8231aa2"", ""code"": ""01a07757-13ab-77f2-a04f-c08fb8231aa2"", ""name"": """", ""config"": {""is_account_set"": true, ""eventually_consistent"": false}, ""status"": ""active"", ""version"": 1, ""metadata"": null, ""description"": null, ""external_id"": null, ""normal_balance_type"": ""credit""}}",,2026-09-06 15:29:50.50851+00
01a07757-13c7-7052-b7ee-bb3f9ea13133,1,initialized,"{""type"": ""initialized"", ""values"": {""id"": ""01a07757-13c7-7052-b7ee-bb3f9ea13133"", ""code"": ""01a07757-13c7-7052-b7ee-bb3f9ea13133"", ""name"": """", ""config"": {""is_account_set"": true, ""eventually_consistent"": false}, ""status"": ""active"", ""version"": 1, ""metadata"": null, ""description"": null, ""external_id"": null, ""normal_balance_type"": ""credit""}}",,2026-09-06 15:29:50.539309+00
01a07757-13ce-7c90-9a79-092a4d747ac0,1,initialized,"{""type"": ""initialized"", ""values"": {""id"": ""01a07757-13ce-7c90-9a79-092a4d747ac0"", ""code"": ""UGWCqJsE7dc3ENezRJz14jz9rFRsypIE"", ""name"": ""Test Sender Account UGWCqJsE7dc3ENezRJz14jz9rFRsypIE"", ""config"": {""is_account_set"": false, ""eventually_consistent"": false}, ""status"": ""active"", ""version"": 1, ""metadata"": null, ""description"": null, ""external_id"": null, ""normal_balance_type"": ""credit""}}",,2026-09-06 15:29:50.543315+00
01a07757-13ce-7c90-9a79-093af3de4493,1,initialized,"{""type"": ""initialized"", ""values"": {""id"": ""01a07757-13ce-7c90-9a79-093af3de4493"", ""code"": ""JfuGhwAEPXwBrF3HmbS4OAgK3Tb2rk5c"", ""name"": ""Test Recipient Account JfuGhwAEPXwBrF3HmbS4OAgK3Tb2rk5c"", ""config"": {""is_account_set"": false, ""eventually_consistent"": false}, ""status"": ""active"", ""version"": 1, ""metadata"": null, ""description"": null, ""external_id"": null, ""normal_balance_type"": ""credit""}}",,2026-09-06 15:29:50.601975+00
01a07757-14ae-7a12-a427-9e1d105d391e,1,initialized,"{""type"": ""initialized"", ""values"": {""id"": ""01a07757-14ae-7a12-a427-9e1d105d391e"", ""code"": ""01a07757-14ae-7a12-a427-9e1d105d391e"", ""name"": """", ""config"": {""is_account_set"": true, ""eventually_consistent"": false}, ""status"": ""active"", ""version"": 1, ""metadata"": null, ""description"": null, ""external_id"": null, ""normal_balance_type"": ""credit""}}",,2026-09-06 15:29:50.770172+00
01a07757-14b8-7ce0-abb3-b1d7ee1d9018,1,initialized,"{""type"": ""initialized"", ""values"": {""id"": ""01a07757-14b8-7ce0-abb3-b1d7ee1d9018"", ""code"": ""01a07757-14b8-7ce0-abb3-b1d7ee1d9018"", ""name"": """", ""config"": {""is_account_set"": true, ""eventually_consistent"": false}, ""status"": ""active"", ""version"": 1, ""metadata"": null, ""description"": null, ""external_id"": null, ""normal_balance_type"": ""credit""}}",,2026-09-06 15:29:50.779132+00
01a07757-14c6-7cb0-86d4-281f3875f473,1,initialized,"{""type"": ""initialized"", ""values"": {""id"": ""01a07757-14c6-7cb0-86d4-281f3875f473"", ""code"": ""4QUgdk9wRksTDkrQXFbB4TVxUkr4lphw"", ""name"": ""Test Sender Account 4QUgdk9wRksTDkrQXFbB4TVxUkr4lphw"", ""config"": {""is_account_set"": false, ""eventually_consistent"": false}, ""status"": ""active"", ""version"": 1, ""metadata"": null, ""description"": null, ""external_id"": null, ""normal_balance_type"": ""credit""}}",,2026-09-06 15:29:50.791969+00
01a07757-14de-7083-b87f-df1420ddb03d,1,initialized,"{""type"": ""initialized"", ""values"": {""id"": ""01a07757-14de-7083-b87f-df1420ddb03d"", ""code"": ""01a07757-14de-7083-b87f-df1420ddb03d"", ""name"": """", ""config"": {""is_account_set"": true, ""eventually_consistent"": false}, ""status"": ""active"", ""version"": 1, ""metadata"": null, ""description"": null, ""external_id"": null, ""normal_balance_type"": ""credit""}}",,2026-09-06 15:29:50.815269+00
01a07757-151c-7db2-ab63-13145f55ee8f,1,initialized,"{""type"": ""initialized"", ""values"": {""id"": ""01a07757-151c-7db2-ab63-13145f55ee8f"", ""code"": ""01a07757-151c-7db2-ab63-13145f55ee8f"", ""name"": """", ""config"": {""is_account_set"": true, ""eventually_consistent"": false}, ""status"": ""active"", ""version"": 1, ""metadata"": null, ""description"": null, ""external_id"": null, ""normal_balance_type"": ""credit""}}",,2026-09-06 15:29:50.882293+00
01a07757-1526-7251-97f4-4252323cf9c7,1,initialized,"{""type"": ""initialized"", ""values"": {""id"": ""01a07757-1526-7251-97f4-4252323cf9c7"", ""code"": ""01a07757-1526-7251-97f4-4252323cf9c7"", ""name"": """", ""config"": {""is_account_set"": true, ""eventually_consistent"": false}, ""status"": ""active"", ""version"": 1, ""metadata"": null, ""description"": null, ""external_id"": null, ""normal_balance_type"": ""credit""}}",,2026-09-06 15:29:50.888285+00
01a07757-1543-73e3-8c68-62b9acbffa5d,1,initialized,"{""type"": ""initialized"", ""values"": {""id"": ""01a07757-1543-73e3-8c68-62b9acbffa5d"", ""code"": ""01a07757-1543-73e3-8c68-62b9acbffa5d"", ""name"": """", ""config"": {""is_account_set"": true, ""eventually_consistent"": false}, ""status"": ""active"", ""version"": 1, ""metadata"": null, ""description"": null, ""external_id"": null, ""normal_balance_type"": ""credit""}}",,2026-09-06 15:29:50.916289+00
01a07757-1544-7121-8d67-006d226f0453,1,initialized,"{""type"": ""initialized"", ""values"": {""id"": ""01a07757-1544-7121-8d67-006d226f0453"", ""code"": ""01a07757-1544-7121-8d67-006d226f0453"", ""name"": """", ""config"": {""is_account_set"": true, ""eventually_consistent"": false}, ""status"": ""active"", ""version"": 1, ""metadata"": null, ""description"": null, ""external_id"": null, ""normal_balance_type"": ""credit""}}",,2026-09-06 15:29:50.918224+00
01a07757-1559-7731-99d6-9a8cb94f5f01,1,initialized,"{""type"": ""initialized"", ""values"": {""id"": ""01a07757-1559-7731-99d6-9a8cb94f5f01"", ""code"": ""01a07757-1559-7731-99d6-9a8cb94f5f01"", ""name"": """", ""config"": {""is_account_set"": true, ""eventually_consistent"": false}, ""status"": ""active"", ""version"": 1, ""metadata"": null, ""description"": null, ""external_id"": null, ""normal_balance_type"": ""credit""}}",,2026-09-06 15:29:50.937938+00
01a07757-1563-7c13-bfb6-8f5aa4bcd9b3,1,initialized,"{""type"": ""initialized"", ""values"": {""id"": ""01a07757-1563-7c13-bfb6-8f5aa4bcd9b3"", ""code"": ""01a07757-1563-7c13-bfb6-8f5aa4bcd9b3"", ""name"": """", ""config"": {""is_account_set"": true, ""eventually_consistent"": false}, ""status"": ""active"", ""version"": 1, ""metadata"": null, ""description"": null, ""external_id"": null, ""normal_balance_type"": ""credit""}}",,2026-09-06 15:29:50.950281+00
01a07757-1573-7841-9483-94a16ab47d20,1,initialized,"{""type"": ""initialized"", ""values"": {""id"": ""01a07757-1573-7841-9483-94a16ab47d20"", ""code"": ""01a07757-1573-7841-9483-94a16ab47d20"", ""name"": """", ""config"": {""is_account_set"": true, ""eventually_consistent"": false}, ""status"": ""active"", ""version"": 1, ""metadata"": null, ""description"": null, ""external_id"": null, ""normal_balance_type"": ""credit""}}",,2026-09-06 15:29:50.966361+00
01a07757-157e-7c10-9d8f-5fe337a998d3,1,initialized,"{""type"": ""initialized"", ""values"": {""id"": ""01a07757-157e-7c10-9d8f-5fe337a998d3"", ""code"": ""01a07757-157e-7c10-9d8f-5fe337a998d3"", ""name"": """", ""config"": {""is_account_set"": true, ""eventually_consistent"": false}, ""status"": ""active"", ""version"": 1, ""metadata"": null, ""description"": null, ""external_id"": null, ""normal_balance_type"": ""credit""}}",,2026-09-06 15:29:50.977618+00
01a07757-1591-7dc3-94e8-1cb831a0f5df,1,initialized,"{""type"": ""initialized"", ""values"": {""id"": ""01a07757-1591-7dc3-94e8-1cb831a0f5df"", ""code"": ""01a07757-1591-7dc3-94e8-1cb831a0f5df"", ""name"": """", ""config"": {""is_account_set"": true, ""eventually_consistent"": false}, ""status"": ""active"", ""version"": 1, ""metadata"": null, ""description"": null, ""external_id"": null, ""normal_balance_type"": ""credit""}}",,2026-09-06 15:29:50.99935+00
01a07757-15b6-7ae2-bb0a-4835bea4a861,1,initialized,"{""type"": ""initialized"", ""values"": {""id"": ""01a07757-15b6-7ae2-bb0a-4835bea4a861"", ""code"": ""01a07757-15b6-7ae2-bb0a-4835bea4a861"", ""name"": """", ""config"": {""is_account_set"": true, ""eventually_consistent"": false}, ""status"": ""active"", ""version"": 1, ""metadata"": null, ""description"": null, ""external_id"": null, ""normal_balance_type"": ""credit""}}",,2026-09-06 15:29:51.032823+00
01a07757-15ba-7033-9652-5b33a17e4d9d,1,initialized,"{""type"": ""initialized"", ""values"": {""id"": ""01a07757-15ba-7033-9652-5b33a17e4d9d"", ""code"": ""01a07757-15ba-7033-9652-5b33a17e4d9d"", ""name"": """", ""config"": {""is_account_set"": true, ""eventually_consistent"": false}, ""status"": ""active"", ""version"": 1, ""metadata"": null, ""description"": null, ""external_id"": null, ""normal_balance_type"": ""credit""}}",,2026-09-06 15:29:51.035812+00
01a07757-15cc-7a53-bd3d-3c65beab31b3,1,initialized,"{""type"": ""initialized"", ""values"": {""id"": ""01a07757-15cc-7a53-bd3d-3c65beab31b3"", ""code"": ""W5m7NHkC2vRsXzK4ha3VR8uhjnzMg9xy"", ""name"": ""Test Sender Account W5m7NHkC2vRsXzK4ha3VR8uhjnzMg9xy"", ""config"": {""is_account_set"": false, ""eventually_consistent"": false}, ""status"": ""active"", ""version"": 1, ""metadata"": null, ""description"": null, ""external_id"": null, ""normal_balance_type"": ""credit""}}",,2026-09-06 15:29:51.056344+00
01a07757-15d0-7ca1-a6ac-9dfcf40c1039,1,initialized,"{""type"": ""initialized"", ""values"": {""id"": ""01a07757-15d0-7ca1-a6ac-9dfcf40c1039"", ""code"": ""01a07757-15d0-7ca1-a6ac-9dfcf40c1039"", ""name"": """", ""config"": {""is_account_set"": true, ""eventually_consistent"": false}, ""status"": ""active"", ""version"": 1, ""metadata"": null, ""description"": null, ""external_id"": null, ""normal_balance_type"": ""credit""}}",,2026-09-06 15:29:51.057085+00
01a07757-15fc-7bd0-97f3-4cac5a0452d8,1,initialized,"{""type"": ""initialized"", ""values"": {""id"": ""01a07757-15fc-7bd0-97f3-4cac5a0452d8"", ""code"": ""01a07757-15fc-7bd0-97f3-4cac5a0452d8"", ""name"": """", ""config"": {""is_account_set"": true, ""eventually_consistent"": false}, ""status"": ""active"", ""version"": 1, ""metadata"": null, ""description"": null, ""external_id"": null, ""normal_balance_type"": ""credit""}}",,2026-09-06 15:29:51.101625+00
01a07757-1609-7203-884c-3e558dc55ee3,1,initialized,"{""type"": ""initialized"", ""values"": {""id"": ""01a07757-1609-7203-884c-3e558dc55ee3"", ""code"": ""01a07757-1609-7203-884c-3e558dc55ee3"", ""name"": """", ""config"": {""is_account_set"": true, ""eventually_consistent"": false}, ""status"": ""active"", ""version"": 1, ""metadata"": null, ""description"": null, ""external_id"": null, ""normal_balance_type"": ""credit""}}",,2026-09-06 15:29:51.114064+00
01a07757-1619-7043-ab6e-a1e3a608f381,1,initialized,"{""type"": ""initialized"", ""values"": {""id"": ""01a07757-1619-7043-ab6e-a1e3a608f381"", ""code"": ""01a07757-1619-7043-ab6e-a1e3a608f381"", ""name"": """", ""config"": {""is_account_set"": true, ""eventually_consistent"": false}, ""status"": ""active"", ""version"": 1, ""metadata"": null, ""description"": null, ""external_id"": null, ""normal_balance_type"": ""credit""}}",,2026-09-06 15:29:51.132283+00
01a07757-1629-7613-b694-c12187687723,1,initialized,"{""type"": ""initialized"", ""values"": {""id"": ""01a07757-1629-7613-b694-c12187687723"", ""code"": ""01a07757-1629-7613-b694-c12187687723"", ""name"": """", ""config"": {""is_account_set"": true, ""eventually_consistent"": false}, ""status"": ""active"", ""version"": 1, ""metadata"": null, ""description"": null, ""external_id"": null, ""normal_balance_type"": ""credit""}}",,2026-09-06 15:29:51.146747+00
01a07757-1633-7981-97b7-499c2be2761e,1,initialized,"{""type"": ""initialized"", ""values"": {""id"": ""01a07757-1633-7981-97b7-499c2be2761e"", ""code"": ""01a07757-1633-7981-97b7-499c2be2761e"", ""name"": """", ""config"": {""is_account_set"": true, ""eventually_consistent"": false}, ""status"": ""active"", ""version"": 1, ""metadata"": null, ""description"": null, ""external_id"": null, ""normal_balance_type"": ""credit""}}",,2026-09-06 15:29:51.156004+00
01a07757-163e-7011-9c21-2c436c90ec86,1,initialized,"{""type"": ""initialized"", ""values"": {""id"": ""01a07757-163e-7011-9c21-2c436c90ec86"", ""code"": ""01a07757-163e-7011-9c21-2c436c90ec86"", ""name"": """", ""config"": {""is_account_set"": true, ""eventually_consistent"": false}, ""status"": ""active"", ""version"": 1, ""metadata"": null, ""description"": null, ""external_id"": null, ""normal_balance_type"": ""credit""}}",,2026-09-06 15:29:51.167011+00
01a07757-1649-7201-91f7-05a475500d83,1,initialized,"{""type"": ""initialized"", ""values"": {""id"": ""01a07757-1649-7201-91f7-05a475500d83"", ""code"": ""01a07757-1649-7201-91f7-05a475500d83"", ""name"": """", ""config"": {""is_account_set"": true, ""eventually_consistent"": false}, ""status"": ""active"", ""version"": 1, ""metadata"": null, ""description"": null, ""external_id"": null, ""normal_balance_type"": ""credit""}}",,2026-09-06 15:29:51.178546+00
01a07757-1656-7a60-9d7e-8954f4cf48b3,1,initialized,"{""type"": ""initialized"", ""values"": {""id"": ""01a07757-1656-7a60-9d7e-8954f4cf48b3"", ""code"": ""01a07757-1656-7a60-9d7e-8954f4cf48b3"", ""name"": """", ""config"": {""is_account_set"": true, ""eventually_consistent"": false}, ""status"": ""active"", ""version"": 1, ""metadata"": null, ""description"": null, ""external_id"": null, ""normal_balance_type"": ""credit""}}",,2026-09-06 15:29:51.191078+00
01a07757-1658-7a10-87bc-40d599fb7dcb,1,initialized,"{""type"": ""initialized"", ""values"": {""id"": ""01a07757-1658-7a10-87bc-40d599fb7dcb"", ""code"": ""DrmeLikz"", ""name"": ""lQ85kbCb"", ""config"": {""is_account_set"": false, ""eventually_consistent"": false}, ""status"": ""active"", ""version"": 1, ""metadata"": null, ""description"": null, ""external_id"": ""a-oqb3z3IX"", ""normal_balance_type"": ""credit""}}",,2026-09-06 15:29:51.193453+00
01a07757-165f-7c73-b12e-fd76a6115742,1,initialized,"{""type"": ""initialized"", ""values"": {""id"": ""01a07757-165f-7c73-b12e-fd76a6115742"", ""code"": ""01a07757-165f-7c73-b12e-fd76a6115742"", ""name"": """", ""config"": {""is_account_set"": true, ""eventually_consistent"": false}, ""status"": ""active"", ""version"": 1, ""metadata"": null, ""description"": null, ""external_id"": null, ""normal_balance_type"": ""credit""}}",,2026-09-06 15:29:51.200589+00
01a07757-1669-7d90-abfb-ee742e78ff2f,1,initialized,"{""type"": ""initialized"", ""values"": {""id"": ""01a07757-1669-7d90-abfb-ee742e78ff2f"", ""code"": ""01a07757-1669-7d90-abfb-ee742e78ff2f"", ""name"": """", ""config"": {""is_account_set"": true, ""eventually_consistent"": false}, ""status"": ""active"", ""version"": 1, ""metadata"": null, ""description"": null, ""external_id"": null, ""normal_balance_type"": ""credit""}}",,2026-09-06 15:29:51.210548+00
01a07757-1673-7bc2-bc92-c408f57b2e85,1,initialized,"{""type"": ""initialized"", ""values"": {""id"": ""01a07757-1673-7bc2-bc92-c408f57b2e85"", ""code"": ""Z4qfgA6X"", ""name"": ""MvX6GYSK"", ""config"": {""is_account_set"": false, ""eventually_consistent"": false}, ""status"": ""active"", ""version"": 1, ""metadata"": null, ""description"": null, ""external_id"": ""z-oqb3z3IX"", ""normal_balance_type"": ""credit""}}",,2026-09-06 15:29:51.220856+00
01a07757-1683-7fd0-8e45-dc150c22c139,1,initialized,"{""type"": ""initialized"", ""values"": {""id"": ""01a07757-1683-7fd0-8e45-dc150c22c139"", ""code"": ""01a07757-1683-7fd0-8e45-dc150c22c139"", ""name"": """", ""config"": {""is_account_set"": true, ""eventually_consistent"": false}, ""status"": ""active"", ""version"": 1, ""metadata"": null, ""description"": null, ""external_id"": null, ""normal_balance_type"": ""credit""}}",,2026-09-06 15:29:51.236284+00
01a07757-1690-7893-a824-761132900fa7,1,initialized,"{""type"": ""initialized"", ""values"": {""id"": ""01a07757-1690-7893-a824-761132900fa7"", ""code"": ""TycxnNC7"", ""name"": ""SS6NpiG8"", ""config"": {""is_account_set"": false, ""eventually_consistent"": false}, ""status"": ""active"", ""version"": 1, ""metadata"": null, ""description"": null, ""external_id"": null, ""normal_balance_type"": ""credit""}}",,2026-09-06 15:29:51.248924+00
01a07757-16af-7413-a023-42ac3fd03ef1,1,initialized,"{""type"": ""initialized"", ""values"": {""id"": ""01a07757-16af-7413-a023-42ac3fd03ef1"", ""code"": ""CGuaaUdYEUpjS9u74Vw2QzWRzQg0vQqY"", ""name"": ""Test Sender Account CGuaaUdYEUpjS9u74Vw2QzWRzQg0vQqY"", ""config"": {""is_account_set"": false, ""eventually_consistent"": false}, ""status"": ""active"", ""version"": 1, ""metadata"": null, ""description"": null, ""external_id"": null, ""normal_balance_type"": ""credit""}}",,2026-09-06 15:29:51.284246+00
01a07757-16af-7413-a023-42b4fec197a3,1,initialized,"{""type"": ""initialized"", ""values"": {""id"": ""01a07757-16af-7413-a023-42b4fec197a3"", ""code"": ""0PzBtiror78cT6fWilvmJp00hDfO8EYC"", ""name"": ""Test Recipient Account 0PzBtiror78cT6fWilvmJp00hDfO8EYC"", ""config"": {""is_account_set"": false, ""eventually_consistent"": false}, ""status"": ""active"", ""version"": 1, ""metadata"": null, ""description"": null, ""external_id"": null, ""normal_balance_type"": ""credit""}}",,2026-09-06 15:29:51.312705+00
01a07757-16ef-7a93-95d6-a1532be61a3e,1,initialized,"{""type"": ""initialized"", ""values"": {""id"": ""01a07757-16ef-7a93-95d6-a1532be61a3e"", ""code"": ""01a07757-16ef-7a93-95d6-a1532be61a3e"", ""name"": """", ""config"": {""is_account_set"": true, ""eventually_consistent"": false}, ""status"": ""active"", ""version"": 1, ""metadata"": null, ""description"": null, ""external_id"": null, ""normal_balance_type"": ""credit""}}",,2026-09-06 15:29:51.344662+00
01a07757-16fd-7962-9927-9f83f0014784,1,initialized,"{""type"": ""initialized"", ""values"": {""id"": ""01a07757-16fd-7962-9927-9f83f0014784"", ""code"": ""01a07757-16fd-7962-9927-9f83f0014784"", ""name"": """", ""config"": {""is_account_set"": true, ""eventually_consistent"": false}, ""status"": ""active"", ""version"": 1, ""metadata"": null, ""description"": null, ""external_id"": null, ""normal_balance_type"": ""credit""}}",,2026-09-06 15:29:51.357824+00
01a07757-1719-78e0-95e7-0139e77f4f79,1,initialized,"{""type"": ""initialized"", ""values"": {""id"": ""01a07757-1719-78e0-95e7-0139e77f4f79"", ""code"": ""01a07757-1719-78e0-95e7-0139e77f4f79"", ""name"": """", ""config"": {""is_account_set"": true, ""eventually_consistent"": false}, ""status"": ""active"", ""version"": 1, ""metadata"": null, ""description"": null, ""external_id"": null, ""normal_balance_type"": ""credit""}}",,2026-09-06 15:29:51.385886+00
01a07757-1887-7ef2-94ee-305dbd98867d,1,initialized,"{""type"": ""initialized"", ""values"": {""id"": ""01a07757-1887-7ef2-94ee-305dbd98867d"", ""code"": ""brqaPnxWUiQm2ntRngvPBpzQzEAzEIqO"", ""name"": ""Test Sender Account brqaPnxWUiQm2ntRngvPBpzQzEAzEIqO"", ""config"": {""is_account_set"": false, ""eventually_consistent"": false}, ""status"": ""active"", ""version"": 1, ""metadata"": null, ""description"": null, ""external_id"": null, ""normal_balance_type"": ""credit""}}",,2026-09-06 15:29:51.752363+00
01a07757-1887-7ef2-94ee-306ef54d1b4d,1,initialized,"{""type"": ""initialized"", ""values"": {""id"": ""01a07757-1887-7ef2-94ee-306ef54d1b4d"", ""code"": ""lO8XdsXjhP5QK5MYzQ7vPRBS1B0jogou"", ""name"": ""Test Recipient Account lO8XdsXjhP5QK5MYzQ7vPRBS1B0jogou"", ""config"": {""is_account_set"": false, ""eventually_consistent"": false}, ""status"": ""active"", ""version"": 1, ""metadata"": null, ""description"": null, ""external_id"": null, ""normal_balance_type"": ""credit""}}",,2026-09-06 15:29:51.758163+00
01a07757-1898-72a3-a398-1b27162c6904,1,initialized,"{""type"": ""initialized"", ""values"": {""id"": ""01a07757-1898-72a3-a398-1b27162c6904"", ""code"": ""nS5RXlJxgwoj6jSiiwIRRFJvmhofDORK"", ""name"": ""Test Sender Account nS5RXlJxgwoj6jSiiwIRRFJvmhofDORK"", ""config"": {""is_account_set"": false, ""eventually_consistent"": false}, ""status"": ""active"", ""version"": 1, ""metadata"": null, ""description"": null, ""external_id"": null, ""normal_balance_type"": ""credit""}}",,2026-09-06 15:29:51.769284+00
01a07757-1898-72a3-a398-1b35d11e5a04,1,initialized,"{""type"": ""initialized"", ""values"": {""id"": ""01a07757-1898-72a3-a398-1b35d11e5a04"", ""code"": ""hYWE7ckraalU2YKk6aV0LIb7dVJDUcrU"", ""name"": ""Test Recipient Account hYWE7ckraalU2YKk6aV0LIb7dVJDUcrU"", ""config"": {""is_account_set"": false, ""eventually_consistent"": false}, ""status"": ""active"", ""version"": 1, ""metadata"": null, ""description"": null, ""external_id"": null, ""normal_balance_type"": ""credit""}}",,2026-09-06 15:29:51.787279+00
01a07757-18ad-74a2-8399-44377a6d45a6,1,initialized,"{""type"": ""initialized"", ""values"": {""id"": ""01a07757-18ad-74a2-8399-44377a6d45a6"", ""code"": ""BlgJktHRoIZhpUoyqd4KVPYqZBoylDUx"", ""name"": ""Test Sender Account BlgJktHRoIZhpUoyqd4KVPYqZBoylDUx"", ""config"": {""is_account_set"": false, ""eventually_consistent"": false}, ""status"": ""active"", ""version"": 1, ""metadata"": null, ""description"": null, ""external_id"": null, ""normal_balance_type"": ""credit""}}",,2026-09-06 15:29:51.790756+00
01a07757-18ae-7101-8e63-118b265a6ed0,1,initialized,"{""type"": ""initialized"", ""values"": {""id"": ""01a07757-18ae-7101-8e63-118b265a6ed0"", ""code"": ""aDVmUjJUUDTytNawOJoOCAy6DVG32FEj"", ""name"": ""Test Recipient Account aDVmUjJUUDTytNawOJoOCAy6DVG32FEj"", ""config"": {""is_account_set"": false, ""eventually_consistent"": false}, ""status"": ""active"", ""version"": 1, ""metadata"": null, ""description"": null, ""external_id"": null, ""normal_balance_type"": ""credit""}}",,2026-09-06 15:29:51.806012+00
01a07757-18c6-71b3-a682-8ce4ff48a5de,1,initialized,"{""type"": ""initialized"", ""values"": {""id"": ""01a07757-18c6-71b3-a682-8ce4ff48a5de"", ""code"": ""01a07757-18c6-71b3-a682-8ce4ff48a5de"", ""name"": """", ""config"": {""is_account_set"": true, ""eventually_consistent"": false}, ""status"": ""active"", ""version"": 1, ""metadata"": null, ""description"": null, ""external_id"": null, ""normal_balance_type"": ""credit""}}",,2026-09-06 15:29:51.814717+00
01a07757-341e-7642-baf5-e55ce7ab13c8,1,initialized,"{""type"": ""initialized"", ""values"": {""id"": ""01a07757-341e-7642-baf5-e55ce7ab13c8"", ""code"": ""uiTLJh2E6jm2NGvGU3rQeDuMfAA6dkod"", ""name"": ""Test Sender Account uiTLJh2E6jm2NGvGU3rQeDuMfAA6dkod"", ""config"": {""is_account_set"": false, ""eventually_consistent"": false}, ""status"": ""active"", ""version"": 1, ""metadata"": null, ""description"": null, ""external_id"": null, ""normal_balance_type"": ""credit""}}",,2026-09-06 15:29:58.815149+00
01a07757-341e-7642-baf5-e569d73c438d,1,initialized,"{""type"": ""initialized"", ""values"": {""id"": ""01a07757-341e-7642-baf5-e569d73c438d"", ""code"": ""9EHJIlk21ElhrkKsgWKRcL5fVZ8jYrL2"", ""name"": ""Test Recipient Account 9EHJIlk21ElhrkKsgWKRcL5fVZ8jYrL2"", ""config"": {""is_account_set"": false, ""eventually_consistent"": false}, ""status"": ""active"", ""version"": 1, ""metadata"": null, ""description"": null, ""external_id"": null, ""normal_balance_type"": ""credit""}}",,2026-09-06 15:29:58.829632+00
01a07757-3420-7f12-b462-e74e7062df50,1,initialized,"{""type"": ""initialized"", ""values"": {""id"": ""01a07757-3420-7f12-b462-e74e7062df50"", ""code"": ""Uxmg4OVB0Q3jFOJQimeiLGWKyXAhYIBB"", ""name"": ""Test Sender Account Uxmg4OVB0Q3jFOJQimeiLGWKyXAhYIBB"", ""config"": {""is_account_set"": false, ""eventually_consistent"": false}, ""status"": ""active"", ""version"": 1, ""metadata"": null, ""description"": null, ""external_id"": null, ""normal_balance_type"": ""credit""}}",,2026-09-06 15:29:58.816729+00
01a07757-3420-7f12-b462-e751ac064206,1,initialized,"{""type"": ""initialized"", ""values"": {""id"": ""01a07757-3420-7f12-b462-e751ac064206"", ""code"": ""lcTLkGkqogHfCojVmZa6AWHu01VkkMhk"", ""name"": ""Test Recipient Account lcTLkGkqogHfCojVmZa6AWHu01VkkMhk"", ""config"": {""is_account_set"": false, ""eventually_consistent"": false}, ""status"": ""active"", ""version"": 1, ""metadata"": null, ""description"": null, ""external_id"": null, ""normal_balance_type"": ""credit""}}",,2026-09-06 15:29:58.833794+00
01a07757-3549-76c3-b565-2b52114bc176,1,initialized,"{""type"": ""initialized"", ""values"": {""id"": ""01a07757-3549-76c3-b565-2b52114bc176"", ""code"": ""tmcKwf3fxV8uv9VWw6i7JEGPqhxx7sjG"", ""name"": ""Test Sender Account tmcKwf3fxV8uv9VWw6i7JEGPqhxx7sjG"", ""config"": {""is_account_set"": false, ""eventually_consistent"": false}, ""status"": ""active"", ""version"": 1, ""metadata"": null, ""description"": null, ""external_id"": null, ""normal_balance_type"": ""credit""}}",,2026-09-06 15:29:59.114608+00
01a07757-36e1-7151-ad48-53b5a6bd1a32,1,initialized,"{""type"": ""initialized"", ""values"": {""id"": ""01a07757-36e1-7151-ad48-53b5a6bd1a32"", ""code"": ""q3ZgPRRgwTGoza78lvmLPpPVPdJvVNDL"", ""name"": ""Test Sender Account q3ZgPRRgwTGoza78lvmLPpPVPdJvVNDL"", ""config"": {""is_account_set"": false, ""eventually_consistent"": false}, ""status"": ""active"", ""version"": 1, ""metadata"": null, ""description"": null, ""external_id"": null, ""normal_balance_type"": ""credit""}}",,2026-09-06 15:29:59.522228+00
01a07757-36e1-7151-ad48-53cdddf6fa33,1,initialized,"{""type"": ""initialized"", ""values"": {""id"": ""01a07757-36e1-7151-ad48-53cdddf6fa33"", ""code"": ""0zhvEcD8B6Qr9B3h4iRXMVlStOmrazRT"", ""name"": ""Test Recipient Account 0zhvEcD8B6Qr9B3h4iRXMVlStOmrazRT"", ""config"": {""is_account_set"": false, ""eventually_consistent"": false}, ""status"": ""active"", ""version"": 1, ""metadata"": null, ""description"": null, ""external_id"": null, ""normal_balance_type"": ""credit""}}",,2026-09-06 15:29:59.538444+00
01a07757-3700-7172-8434-3dda4289d498,1,initialized,"{""type"": ""initialized"", ""values"": {""id"": ""01a07757-3700-7172-8434-3dda4289d498"", ""code"": ""fODFYRRyReNMHrVhyLLdHSV2VUx1neWb"", ""name"": ""Test Recipient Account fODFYRRyReNMHrVhyLLdHSV2VUx1neWb"", ""config"": {""is_account_set"": false, ""eventually_consistent"": false}, ""status"": ""active"", ""version"": 1, ""metadata"": null, ""description"": null, ""external_id"": null, ""normal_balance_type"": ""credit""}}",,2026-09-06 15:29:59.552717+00
01a07757-3712-7a00-9b00-fd2916b3884c,1,initialized,"{""type"": ""initialized"", ""values"": {""id"": ""01a07757-3712-7a00-9b00-fd2916b3884c"", ""code"": ""01a07757-3712-7a00-9b00-fd2916b3884c"", ""name"": """", ""config"": {""is_account_set"": true, ""eventually_consistent"": false}, ""status"": ""active"", ""version"": 1, ""metadata"": null, ""description"": null, ""external_id"": null, ""normal_balance_type"": ""credit""}}",,2026-09-06 15:29:59.571348+00
01a07757-3ae7-7e61-a355-22ccedf9049d,1,initialized,"{""type"": ""initialized"", ""values"": {""id"": ""01a07757-3ae7-7e61-a355-22ccedf9049d"", ""code"": ""FfT5UK6glSReF6cRwuw2wbX6iaGjkhRx"", ""name"": ""Test Sender Account FfT5UK6glSReF6cRwuw2wbX6iaGjkhRx"", ""config"": {""is_account_set"": false, ""eventually_consistent"": false}, ""status"": ""active"", ""version"": 1, ""metadata"": null, ""description"": null, ""external_id"": null, ""normal_balance_type"": ""credit""}}",,2025-01-01 12:00:00+00
01a07757-3ae7-7e61-a355-22d10c31e128,1,initialized,"{""type"": ""initialized"", ""values"": {""id"": ""01a07757-3ae7-7e61-a355-22d10c31e128"", ""code"": ""nlyhQwVinYM4YFQ12CCr1QJNKmk88Vgx"", ""name"": ""Test Recipient Account nlyhQwVinYM4YFQ12CCr1QJNKmk88Vgx"", ""config"": {""is_account_set"": false, ""eventually_consistent"": false}, ""status"": ""active"", ""version"": 1, ""metadata"": null, ""description"": null, ""external_id"": null, ""normal_balance_type"": ""credit""}}",,2025-01-01 12:00:00+00
01a07757-3af2-7b20-8df1-9c810032d5dd,1,initialized,"{""type"": ""initialized"", ""values"": {""id"": ""01a07757-3af2-7b20-8df1-9c810032d5dd"", ""code"": ""L8lffF0qGG0opEERB7vF3vAXRvzekv7K"", ""name"": ""Test Sender Account L8lffF0qGG0opEERB7vF3vAXRvzekv7K"", ""config"": {""is_account_set"": false, ""eventually_consistent"": false}, ""status"": ""active"", ""version"": 1, ""metadata"": null, ""description"": null, ""external_id"": null, ""normal_balance_type"": ""credit""}}",,2025-09-21 08:15:00+00
01a07757-3af2-7b20-8df1-9c946e32d3ec,1,initialized,"{""type"": ""initialized"", ""values"": {""id"": ""01a07757-3af2-7b20-8df1-9c946e32d3ec"", ""code"": ""h1p7INGzYnpcXIndNchqs71s6L7jbfkt"", ""name"": ""Test Recipient Account h1p7INGzYnpcXIndNchqs71s6L7jbfkt"", ""config"": {""is_account_set"": false, ""eventually_consistent"": false}, ""status"": ""active"", ""version"": 1, ""metadata"": null, ""description"": null, ""external_id"": null, ""normal_balance_type"": ""credit""}}",,2025-09-21 08:15:00+00
01a07757-3b34-72f0-a3a4-f06eb1d2c8d4,1,initialized,"{""type"": ""initialized"", ""values"": {""id"": ""01a07757-3b34-72f0-a3a4-f06eb1d2c8d4"", ""code"": ""YXhZuthetGkOP4G1hLTctigoVKlLNIBs"", ""name"": ""Test Sender Account YXhZuthetGkOP4G1hLTctigoVKlLNIBs"", ""config"": {""is_account_set"": false, ""eventually_consistent"": false}, ""status"": ""active"", ""version"": 1, ""metadata"": null, ""description"": null, ""external_id"": null, ""normal_balance_type"": ""credit""}}",,2025-06-15 10:30:00+00
01a07757-3b34-72f0-a3a4-f070f45db94f,1,initialized,"{""type"": ""initialized"", ""values"": {""id"": ""01a07757-3b34-72f0-a3a4-f070f45db94f"", ""code"": ""cRiJrj5rbe4wxNhSdNfenkoLOg5bQKoz"", ""name"": ""Test Recipient Account cRiJrj5rbe4wxNhSdNfenkoLOg5bQKoz"", ""config"": {""is_account_set"": false, ""eventually_consistent"": false}, ""status"": ""active"", ""version"": 1, ""metadata"": null, ""description"": null, ""external_id"": null, ""normal_balance_type"": ""credit""}}",,2025-06-15 10:30:00+00
01a07757-3c79-7a50-857c-3d5803f788a1,1,initialized,"{""type"": ""initialized"", ""values"": {""id"": ""01a07757-3c79-7a50-857c-3d5803f788a1"", ""code"": ""9x1yc3RRn6RAyUS9Cpt3Fw05yHr7zoix"", ""name"": ""Test Sender Account 9x1yc3RRn6RAyUS9Cpt3Fw05yHr7zoix"", ""config"": {""is_account_set"": false, ""eventually_consistent"": false}, ""status"": ""active"", ""version"": 1, ""metadata"": null, ""description"": null, ""external_id"": null, ""normal_balance_type"": ""credit""}}",,2025-03-01 09:00:00+00
01a07757-3c79-7a50-857c-3d653e1f2803,1,initialized,"{""type"": ""initialized"", ""values"": {""id"": ""01a07757-3c79-7a50-857c-3d653e1f2803"", ""code"": ""2Gf6O96BqsrMLgz3D1ZFELTPaxC8eP23"", ""name"": ""Test Recipient Account 2Gf6O96BqsrMLgz3D1ZFELTPaxC8eP23"", ""config"": {""is_account_set"": false, ""eventually_consistent"": false}, ""status"": ""active"", ""version"": 1, ""metadata"": null, ""description"": null, ""external_id"": null, ""normal_balance_type"": ""credit""}}",,2025-03-01 09:00:00+00
01a07757-6af6-7950-a2c2-5fe5b99ce358,1,initialized,"{""type"": ""initialized"", ""values"": {""id"": ""01a07757-6af6-7950-a2c2-5fe5b99ce358"", ""code"": ""69eiCLnIY5tdxkyr3XF14EMwkJMlGNOU"", ""name"": ""Test Sender Account 69eiCLnIY5tdxkyr3XF14EMwkJMlGNOU"", ""config"": {""is_account_set"": false, ""eventually_consistent"": false}, ""status"": ""active"", ""version"": 1, ""metadata"": null, ""description"": null, ""external_id"": null, ""normal_balance_type"": ""credit""}}",,2026-09-06 15:30:12.857389+00
01a07757-6af6-7950-a2c2-5ff4ff29617a,1,initialized,"{""type"": ""initialized"", ""values"": {""id"": ""01a07757-6af6-7950-a2c2-5ff4ff29617a"", ""code"": ""v9ujbvH7UudYcQzBtlgC4FgcboNXLeWe"", ""name"": ""Test Recipient Account v9ujbvH7UudYcQzBtlgC4FgcboNXLeWe"", ""config"": {""is_account_set"": false, ""eventually_consistent"": false}, ""status"": ""active"", ""version"": 1, ""metadata"": null, ""description"": null, ""external_id"": null, ""normal_balance_type"": ""credit""}}",,2026-09-06 15:30:13.091081+00
01a07757-6b03-7d12-beb9-3d738e9435d4,1,initialized,"{""type"": ""initialized"", ""values"": {""id"": ""01a07757-6b03-7d12-beb9-3d738e9435d4"", ""code"": ""RFPOP0PI6pVFdSeUKkzR9BXkrnnTDq0I"", ""name"": ""Test Sender Account RFPOP0PI6pVFdSeUKkzR9BXkrnnTDq0I"", ""config"": {""is_account_set"": false, ""eventually_consistent"": false}, ""status"": ""active"", ""version"": 1, ""metadata"": null, ""description"": null, ""external_id"": null, ""normal_balance_type"": ""credit""}}",,2026-09-06 15:30:12.870123+00
01a07757-6b03-7d12-beb9-3d83aeb61d81,1,initialized,"{""type"": ""initialized"", ""values"": {""id"": ""01a07757-6b03-7d12-beb9-3d83aeb61d81"", ""code"": ""f6vXAWvY4rn3rtrAjp0cryAkWfIJx3YX"", ""name"": ""Test Recipient Account f6vXAWvY4rn3rtrAjp0cryAkWfIJx3YX"", ""config"": {""is_account_set"": false, ""eventually_consistent"": false}, ""status"": ""active"", ""version"": 1, ""metadata"": null, ""description"": null, ""external_id"": null, ""normal_balance_type"": ""credit""}}",,2026-09-06 15:30:13.62717+00
01a07757-6b1a-7e23-8463-5b32b5d62d13,1,initialized,"{""type"": ""initialized"", ""values"": {""id"": ""01a07757-6b1a-7e23-8463-5b32b5d62d13"", ""code"": ""LCmIcMapGPBDJzmhQiZVFvJ97IjqaZg5"", ""name"": ""Test Sender Account LCmIcMapGPBDJzmhQiZVFvJ97IjqaZg5"", ""config"": {""is_account_set"": false, ""eventually_consistent"": false}, ""status"": ""active"", ""version"": 1, ""metadata"": null, ""description"": null, ""external_id"": null, ""normal_balance_type"": ""credit""}}",,2026-09-06 15:30:13.318425+00
01a07757-6bf2-76a0-8d5d-f2a53706ceb5,1,initialized,"{""type"": ""initialized"", ""values"": {""id"": ""01a07757-6bf2-76a0-8d5d-f2a53706ceb5"", ""code"": ""O9XVm8kRESVHlWqm0MnzWAr1e7bsEYDT"", ""name"": ""Test Sender Account O9XVm8kRESVHlWqm0MnzWAr1e7bsEYDT"", ""config"": {""is_account_set"": false, ""eventually_consistent"": false}, ""status"": ""active"", ""version"": 1, ""metadata"": null, ""description"": null, ""external_id"": null, ""normal_balance_type"": ""credit""}}",,2026-09-06 15:30:13.108289+00
01a07757-6bf2-76a0-8d5d-f2bf7c8f045b,1,initialized,"{""type"": ""initialized"", ""values"": {""id"": ""01a07757-6bf2-76a0-8d5d-f2bf7c8f045b"", ""code"": ""ziQFf1B7syHWOYwiPdjDch05aWSOIIbg"", ""name"": ""Test Recipient Account ziQFf1B7syHWOYwiPdjDch05aWSOIIbg"", ""config"": {""is_account_set"": false, ""eventually_consistent"": false}, ""status"": ""active"", ""version"": 1, ""metadata"": null, ""description"": null, ""external_id"": null, ""normal_balance_type"": ""credit""}}",,2026-09-06 15:30:13.358641+00
01a07757-6d0e-71c0-90d1-1e538217472b,1,initialized,"{""type"": ""initialized"", ""values"": {""id"": ""01a07757-6d0e-71c0-90d1-1e538217472b"", ""code"": ""7ZUstYhPUpqqJR55JPolg6WPMj1vQ4Do"", ""name"": ""Test Sender Account 7ZUstYhPUpqqJR55JPolg6WPMj1vQ4Do"", ""config"": {""is_account_set"": false, ""eventually_consistent"": false}, ""status"": ""active"", ""version"": 1, ""metadata"": null, ""description"": null, ""external_id"": null, ""normal_balance_type"": ""credit""}}",,2026-09-06 15:30:13.578985+00
01a07757-6d0e-71c0-90d1-1e60b2d89ee4,1,initialized,"{""type"": ""initialized"", ""values"": {""id"": ""01a07757-6d0e-71c0-90d1-1e60b2d89ee4"", ""code"": ""EeDCsOYv9ebtKZC9eHpUGA3U6lNgl7rZ"", ""name"": ""Test Recipient Account EeDCsOYv9ebtKZC9eHpUGA3U6lNgl7rZ"", ""config"": {""is_account_set"": false, ""eventually_consistent"": false}, ""status"": ""active"", ""version"": 1, ""metadata"": null, ""description"": null, ""external_id"": null, ""normal_balance_type"": ""credit""}}",,2026-09-06 15:30:13.616811+00
01a07757-6d2e-74e3-8d01-b3abfd49acbb,1,initialized,"{""type"": ""initialized"", ""values"": {""id"": ""01a07757-6d2e-74e3-8d01-b3abfd49acbb"", ""code"": ""T55bB6BbpOGp3fN6F9l7ewkKz3hOnvPR"", ""name"": ""Test Sender Account T55bB6BbpOGp3fN6F9l7ewkKz3hOnvPR"", ""config"": {""is_account_set"": false, ""eventually_consistent"": false}, ""status"": ""active"", ""version"": 1, ""metadata"": null, ""description"": null, ""external_id"": null, ""normal_balance_type"": ""credit""}}",,2026-09-06 15:30:14.160895+00
01a07757-6ddb-7ca2-996f-07cbbd547ddf,1,initialized,"{""type"": ""initialized"", ""values"": {""id"": ""01a07757-6ddb-7ca2-996f-07cbbd547ddf"", ""code"": ""eeGFVfOHVJ5fWJgF4SInop6srKB89Bqx"", ""name"": ""Test Recipient Account eeGFVfOHVJ5fWJgF4SInop6srKB89Bqx"", ""config"": {""is_account_set"": false, ""eventually_consistent"": false}, ""status"": ""active"", ""version"": 1, ""metadata"": null, ""description"": null, ""external_id"": null, ""normal_balance_type"": ""credit""}}",,2026-09-06 15:30:13.597294+00
01a07757-6dfd-78c0-9053-0dac3ea65a5b,1,initialized,"{""type"": ""initialized"", ""values"": {""id"": ""01a07757-6dfd-78c0-9053-0dac3ea65a5b"", ""code"": ""guLVoKJLb0To9tRAltVwVnLTcLoyu5ZQ"", ""name"": ""Test Recipient Account guLVoKJLb0To9tRAltVwVnLTcLoyu5ZQ"", ""config"": {""is_account_set"": false, ""eventually_consistent"": false}, ""status"": ""active"", ""version"": 1, ""metadata"": null, ""description"": null, ""external_id"": null, ""normal_balance_type"": ""credit""}}",,2026-09-06 15:30:13.630514+00
01a07757-6e0c-7311-81a9-77171f28491a,1,initialized,"{""type"": ""initialized"", ""values"": {""id"": ""01a07757-6e0c-7311-81a9-77171f28491a"", ""code"": ""1NgYVWTYa1vEqDuL6yiMg6zODfNB0tQY"", ""name"": ""Test Sender Account 1NgYVWTYa1vEqDuL6yiMg6zODfNB0tQY"", ""config"": {""is_account_set"": false, ""eventually_consistent"": false}, ""status"": ""active"", ""version"": 1, ""metadata"": null, ""description"": null, ""external_id"": null, ""normal_balance_type"": ""credit""}}",,2026-09-06 15:30:13.646478+00
01a07757-6e0c-7311-81a9-772875f252f4,1,initialized,"{""type"": ""initialized"", ""values"": {""id"": ""01a07757-6e0c-7311-81a9-772875f252f4"", ""code"": ""BfbMNuyDwuvbfLqUTwi9KVwdd5cM1BJ9"", ""name"": ""Test Recipient Account BfbMNuyDwuvbfLqUTwi9KVwdd5cM1BJ9"", ""config"": {""is_account_set"": false, ""eventually_consistent"": false}, ""status"": ""active"", ""version"": 1, ""metadata"": null, ""description"": null, ""external_id"": null, ""normal_balance_type"": ""credit""}}",,2026-09-06 15:30:13.692261+00
01a07757-738a-75c1-8cdf-3134eb86c278,1,initialized,"{""type"": ""initialized"", ""values"": {""id"": ""01a07757-738a-75c1-8cdf-3134eb86c278"", ""code"": ""4Gg81s2cjCVB5qN5wxPxJHrJpuN3ClJx"", ""name"": ""Test Sender Account 4Gg81s2cjCVB5qN5wxPxJHrJpuN3ClJx"", ""config"": {""is_account_set"": false, ""eventually_consistent"": false}, ""status"": ""active"", ""version"": 1, ""metadata"": null, ""description"": null, ""external_id"": null, ""normal_balance_type"": ""credit""}}",,2026-09-06 15:30:15.058353+00
01a07757-73b8-7ef1-ac9c-dc2be9c54cf6,1,initialized,"{""type"": ""initialized"", ""values"": {""id"": ""01a07757-73b8-7ef1-ac9c-dc2be9c54cf6"", ""code"": ""cq7Gz63swIsNfJX0QBls8ttVYScdrSrM"", ""name"": ""Test Sender Account cq7Gz63swIsNfJX0QBls8ttVYScdrSrM"", ""config"": {""is_account_set"": false, ""eventually_consistent"": false}, ""status"": ""active"", ""version"": 1, ""metadata"": null, ""description"": null, ""external_id"": null, ""normal_balance_type"": ""credit""}}",,2026-09-06 15:30:15.097242+00
01a07757-73b8-7ef1-ac9c-dc3e71d26e9c,1,initialized,"{""type"": ""initialized"", ""values"": {""id"": ""01a07757-73b8-7ef1-ac9c-dc3e71d26e9c"", ""code"": ""mlfutqQDyJ7H3z3fTRKgY8HxYAa7UDgl"", ""name"": ""Test Recipient Account mlfutqQDyJ7H3z3fTRKgY8HxYAa7UDgl"", ""config"": {""is_account_set"": false, ""eventually_consistent"": false}, ""status"": ""active"", ""version"": 1, ""metadata"": null, ""description"": null, ""external_id"": null, ""normal_balance_type"": ""credit""}}",,2026-09-06 15:30:15.119092+00
01a07757-7430-7003-9ae5-eaf1233d7853,1,initialized,"{""type"": ""initialized"", ""values"": {""id"": ""01a07757-7430-7003-9ae5-eaf1233d7853"", ""code"": ""nrZJrA2Mcb1XQSqtNRc2QFnJo09484Ss"", ""name"": ""Test Recipient Account nrZJrA2Mcb1XQSqtNRc2QFnJo09484Ss"", ""config"": {""is_account_set"": false, ""eventually_consistent"": false}, ""status"": ""active"", ""version"": 1, ""metadata"": null, ""description"": null, ""external_id"": null, ""normal_balance_type"": ""credit""}}",,2026-09-06 15:30:15.219287+00
01a07757-749c-7ea2-9b45-0d6f5f1401cd,1,initialized,"{""type"": ""initialized"", ""values"": {""id"": ""01a07757-749c-7ea2-9b45-0d6f5f1401cd"", ""code"": ""XDaFOvWSmU0sF8WXi9n2pqKjVqt60oUV"", ""name"": ""Test Recipient Account XDaFOvWSmU0sF8WXi9n2pqKjVqt60oUV"", ""config"": {""is_account_set"": false, ""eventually_consistent"": false}, ""status"": ""active"", ""version"": 1, ""metadata"": null, ""description"": null, ""external_id"": null, ""normal_balance_type"": ""credit""}}",,2026-09-06 15:30:15.325316+00
01a07757-74ad-7cf2-bdc4-cb8118cbeb9f,1,initialized,"{""type"": ""initialized"", ""values"": {""id"": ""01a07757-74ad-7cf2-bdc4-cb8118cbeb9f"", ""code"": ""oKMPArAWMBjA7FcSZmHD7lWQO4Vqmw2H"", ""name"": ""Test Sender Account oKMPArAWMBjA7FcSZmHD7lWQO4Vqmw2H"", ""config"": {""is_account_set"": false, ""eventually_consistent"": false}, ""status"": ""active"", ""version"": 1, ""metadata"": null, ""description"": null, ""external_id"": null, ""normal_balance_type"": ""credit""}}",,2026-09-06 15:30:15.342826+00
01a07757-74e2-7953-b37f-cb294f214ff7,1,initialized,"{""type"": ""initialized"", ""values"": {""id"": ""01a07757-74e2-7953-b37f-cb294f214ff7"", ""code"": ""A67JqIEfs6gEJoAHRm5XErpvr2IzhbmS"", ""name"": ""Test Recipient Account A67JqIEfs6gEJoAHRm5XErpvr2IzhbmS"", ""config"": {""is_account_set"": false, ""eventually_consistent"": false}, ""status"": ""active"", ""version"": 1, ""metadata"": null, ""description"": null, ""external_id"": null, ""normal_balance_type"": ""credit""}}",,2026-09-06 15:30:15.395315+00
01a07757-7521-72c1-9cb0-471985fd29f3,1,initialized,"{""type"": ""initialized"", ""values"": {""id"": ""01a07757-7521-72c1-9cb0-471985fd29f3"", ""code"": ""IIlwGst0lx08p1STO27gx1aOSUHkhaAv"", ""name"": ""Test Recipient Account IIlwGst0lx08p1STO27gx1aOSUHkhaAv"", ""config"": {""is_account_set"": false, ""eventually_consistent"": false}, ""status"": ""active"", ""version"": 1, ""metadata"": null, ""description"": null, ""external_id"": null, ""normal_balance_type"": ""credit""}}",,2026-09-06 15:30:15.458395+00
01a07757-7538-73b1-82d0-b0aa94c9db45,1,initialized,"{""type"": ""initialized"", ""values"": {""id"": ""01a07757-7538-73b1-82d0-b0aa94c9db45"", ""code"": ""nsTARXloIwllsGcGD2Mr8VyJVpZGzcvk"", ""name"": ""Test Sender Account nsTARXloIwllsGcGD2Mr8VyJVpZGzcvk"", ""config"": {""is_account_set"": false, ""eventually_consistent"": false}, ""status"": ""active"", ""version"": 1, ""metadata"": null, ""description"": null, ""external_id"": null, ""normal_balance_type"": ""credit""}}",,2026-09-06 15:30:15.481322+00
01a07757-7538-73b1-82d0-b0bb0624b915,1,initialized,"{""type"": ""initialized"", ""values"": {""id"": ""01a07757-7538-73b1-82d0-b0bb0624b915"", ""code"": ""60oe9RXhawIHUGdlCQKgPkPdv0mABPcW"", ""name"": ""Test Recipient Account 60oe9RXhawIHUGdlCQKgPkPdv0mABPcW"", ""config"": {""is_account_set"": false, ""eventually_consistent"": false}, ""status"": ""active"", ""version"": 1, ""metadata"": null, ""description"": null, ""external_id"": null, ""normal_balance_type"": ""credit""}}",,2026-09-06 15:30:15.78581+00
01a07757-755e-7190-b8d1-d7a5879677e3,1,initialized,"{""type"": ""initialized"", ""values"": {""id"": ""01a07757-755e-7190-b8d1-d7a5879677e3"", ""code"": ""vlC4AzKTRlOWPSc4lV2kNbsZg2ed8D3D"", ""name"": ""Test Recipient Account vlC4AzKTRlOWPSc4lV2kNbsZg2ed8D3D"", ""config"": {""is_account_set"": false, ""eventually_consistent"": false}, ""status"": ""active"", ""version"": 1, ""metadata"": null, ""description"": null, ""external_id"": null, ""normal_balance_type"": ""credit""}}",,2026-09-06 15:30:15.5211+00
01a07757-75ac-7523-a551-499b8b108581,1,initialized,"{""type"": ""initialized"", ""values"": {""id"": ""01a07757-75ac-7523-a551-499b8b108581"", ""code"": ""0qgO2USPe4zubBS8HAWyzckk7M4kd5xS"", ""name"": ""Test Sender Account 0qgO2USPe4zubBS8HAWyzckk7M4kd5xS"", ""config"": {""is_account_set"": false, ""eventually_consistent"": false}, ""status"": ""active"", ""version"": 1, ""metadata"": null, ""description"": null, ""external_id"": null, ""normal_balance_type"": ""credit""}}",,2026-09-06 15:30:15.597322+00
01a07757-75ac-7523-a551-49ab8f98e148,1,initialized,"{""type"": ""initialized"", ""values"": {""id"": ""01a07757-75ac-7523-a551-49ab8f98e148"", ""code"": ""cjfhjS7QCEUos5sLPd9GIX977MjyYmZ1"", ""name"": ""Test Recipient Account cjfhjS7QCEUos5sLPd9GIX977MjyYmZ1"", ""config"": {""is_account_set"": false, ""eventually_consistent"": false}, ""status"": ""active"", ""version"": 1, ""metadata"": null, ""description"": null, ""external_id"": null, ""normal_balance_type"": ""credit""}}",,2026-09-06 15:30:15.615706+00
01a07757-79b7-7031-9d9e-8fa588ffd67f,1,initialized,"{""type"": ""initialized"", ""values"": {""id"": ""01a07757-79b7-7031-9d9e-8fa588ffd67f"", ""code"": ""L9YrMqMhvU04lhlhbseRlAxNZoKVVMEf"", ""name"": ""Test Sender Account L9YrMqMhvU04lhlhbseRlAxNZoKVVMEf"", ""config"": {""is_account_set"": false, ""eventually_consistent"": false}, ""status"": ""active"", ""version"": 1, ""metadata"": null, ""description"": null, ""external_id"": null, ""normal_balance_type"": ""credit""}}",,2026-09-06 15:30:16.631852+00
01a07757-79b7-7031-9d9e-8fb9eeb1277b,1,initialized,"{""type"": ""initialized"", ""values"": {""id"": ""01a07757-79b7-7031-9d9e-8fb9eeb1277b"", ""code"": ""eTlSligp658OMSNFVG97dGh9tgVw3teY"", ""name"": ""Test Recipient Account eTlSligp658OMSNFVG97dGh9tgVw3teY"", ""config"": {""is_account_set"": false, ""eventually_consistent"": false}, ""status"": ""active"", ""version"": 1, ""metadata"": null, ""description"": null, ""external_id"": null, ""normal_balance_type"": ""credit""}}",,2026-09-06 15:30:16.644031+00
01a07757-7bba-7b42-8be7-f3021154b91a,1,initialized,"{""type"": ""initialized"", ""values"": {""id"": ""01a07757-7bba-7b42-8be7-f3021154b91a"", ""code"": ""HLC03zUl23uowpZf8agF9shoXjWn1IUY"", ""name"": ""Test Sender Account HLC03zUl23uowpZf8agF9shoXjWn1IUY"", ""config"": {""is_account_set"": false, ""eventually_consistent"": false}, ""status"": ""active"", ""version"": 1, ""metadata"": null, ""description"": null, ""external_id"": null, ""normal_balance_type"": ""credit""}}",,2026-09-06 15:30:17.146459+00
01a07757-7bba-7b42-8be7-f3021154b91a,2,updated,"{""type"": ""updated"", ""fields"": [""status""], ""values"": {""id"": ""01a07757-7bba-7b42-8be7-f3021154b91a"", ""code"": ""HLC03zUl23uowpZf8agF9shoXjWn1IUY"", ""name"": ""Test Sender Account HLC03zUl23uowpZf8agF9shoXjWn1IUY"", ""config"": {""is_account_set"": false, ""eventually_consistent"": false}, ""status"": ""locked"", ""version"": 1, ""metadata"": null, ""description"": null, ""external_id"": null, ""normal_balance_type"": ""credit""}}",,2026-09-06 15:30:17.166072+00
01a07757-7bba-7b42-8be7-f31c090fc17f,1,initialized,"{""type"": ""initialized"", ""values"": {""id"": ""01a07757-7bba-7b42-8be7-f31c090fc17f"", ""code"": ""QuJ7hdxmrlJJCVA38lgqtJJFsp0EjSFp"", ""name"": ""Test Recipient Account QuJ7hdxmrlJJCVA38lgqtJJFsp0EjSFp"", ""config"": {""is_account_set"": false, ""eventually_consistent"": false}, ""status"": ""active"", ""version"": 1, ""metadata"": null, ""description"": null, ""external_id"": null, ""normal_balance_type"": ""credit""}}",,2026-09-06 15:30:17.157029+00
01a07757-90eb-7660-9327-5f01f2a55338,1,initialized,"{""type"": ""initialized"", ""values"": {""id"": ""01a07757-90eb-7660-9327-5f01f2a55338"", ""code"": ""YjCU6o4lLaqurrhcKfPJcNfKNSsXL5HF"", ""name"": ""Test Sender Account YjCU6o4lLaqurrhcKfPJcNfKNSsXL5HF"", ""config"": {""is_account_set"": false, ""eventually_consistent"": false}, ""status"": ""active"", ""version"": 1, ""metadata"": null, ""description"": null, ""external_id"": null, ""normal_balance_type"": ""credit""}}",,2026-09-06 15:30:22.573134+00
01a07757-90eb-7660-9327-5f01f2a55338,2,updated,"{""type"": ""updated"", ""fields"": [""status""], ""values"": {""id"": ""01a07757-90eb-7660-9327-5f01f2a55338"", ""code"": ""YjCU6o4lLaqurrhcKfPJcNfKNSsXL5HF"", ""name"": ""Test Sender Account YjCU6o4lLaqurrhcKfPJcNfKNSsXL5HF"", ""config"": {""is_account_set"": false, ""eventually_consistent"": false}, ""status"": ""locked"", ""version"": 1, ""metadata"": null, ""description"": null, ""external_id"": null, ""normal_balance_type"": ""credit""}}",,2026-09-06 15:30:22.704292+00
01a07757-90eb-7660-9327-5f10f507d416,1,initialized,"{""type"": ""initialized"", ""values"": {""id"": ""01a07757-90eb-7660-9327-5f10f507d416"", ""code"": ""m9CETKtk8d7tVHoe8syZrURJjEODpd9W"", ""name"": ""Test Recipient Account m9CETKtk8d7tVHoe8syZrURJjEODpd9W"", ""config"": {""is_account_set"": false, ""eventually_consistent"": false}, ""status"": ""active"", ""version"": 1, ""metadata"": null, ""description"": null, ""external_id"": null, ""normal_balance_type"": ""credit""}}",,2026-09-06 15:30:22.633285+00
01a07757-9228-71e1-afd2-7aed16b88711,1,initialized,"{""type"": ""initialized"", ""values"": {""id"": ""01a07757-9228-71e1-afd2-7aed16b88711"", ""code"": ""zqvylaS410JYYjQXfK6qrQUkJVQLcZ0s"", ""name"": ""Test Sender Account zqvylaS410JYYjQXfK6qrQUkJVQLcZ0s"", ""config"": {""is_account_set"": false, ""eventually_consistent"": false}, ""status"": ""active"", ""version"": 1, ""metadata"": null, ""description"": null, ""external_id"": null, ""normal_balance_type"": ""credit""}}",,2026-09-06 15:30:22.890276+00
01a07757-9228-71e1-afd2-7af87275a6a2,1,initialized,"{""type"": ""initialized"", ""values"": {""id"": ""01a07757-9228-71e1-afd2-7af87275a6a2"", ""code"": ""iUIUlAqWdOOfluf0hkAgQDU256KB2bW2"", ""name"": ""Test Recipient Account iUIUlAqWdOOfluf0hkAgQDU256KB2bW2"", ""config"": {""is_account_set"": false, ""eventually_consistent"": false}, ""status"": ""active"", ""version"": 1, ""metadata"": null, ""description"": null, ""external_id"": null, ""normal_balance_type"": ""credit""}}",,2026-09-06 15:30:23.153316+00
01a07757-930c-7ee1-9b1d-dc5c9e2635d6,1,initialized,"{""type"": ""initialized"", ""values"": {""id"": ""01a07757-930c-7ee1-9b1d-dc5c9e2635d6"", ""code"": ""LOCKCEIL-01a07757930c7ee19b1ddc6dd0a8a2e1-0"", ""name"": ""lock ceiling 0"", ""config"": {""is_account_set"": false, ""eventually_consistent"": false}, ""status"": ""active"", ""version"": 1, ""metadata"": null, ""description"": null, ""external_id"": null, ""normal_balance_type"": ""credit""}}",,2026-09-06 15:30:23.414343+00
01a07757-930c-7ee1-9b1d-dc7648956836,1,initialized,"{""type"": ""initialized"", ""values"": {""id"": ""01a07757-930c-7ee1-9b1d-dc7648956836"", ""code"": ""LOCKCEIL-01a07757930c7ee19b1ddc8ba4fe2b21-1"", ""name"": ""lock ceiling 1"", ""config"": {""is_account_set"": false, ""eventually_consistent"": false}, ""status"": ""active"", ""version"": 1, ""metadata"": null, ""description"": null, ""external_id"": null, ""normal_balance_type"": ""credit""}}",,2026-09-06 15:30:23.414343+00
01a07757-930c-7ee1-9b1d-dc993738e3d6,1,initialized,"{""type"": ""initialized"", ""values"": {""id"": ""01a07757-930c-7ee1-9b1d-dc993738e3d6"", ""code"": ""LOCKCEIL-01a07757930c7ee19b1ddca1a5891205-2"", ""name"": ""lock ceiling 2"", ""config"": {""is_account_set"": false, ""eventually_consistent"": false}, ""status"": ""active"", ""version"": 1, ""metadata"": null, ""description"": null, ""external_id"": null, ""normal_balance_type"": ""credit""}}",,2026-09-06 15:30:23.414343+00
01a07757-930c-7ee1-9b1d-dcb6df88bc07,1,initialized,"{""type"": ""initialized"", ""values"": {""id"": ""01a07757-930c-7ee1-9b1d-dcb6df88bc07"", ""code"": ""LOCKCEIL-01a07757930c7ee19b1ddcc4bf007596-3"", ""name"": ""lock ceiling 3"", ""config"": {""is_account_set"": false, ""eventually_consistent"": false}, ""status"": ""active"", ""version"": 1, ""metadata"": null, ""description"": null, ""external_id"": null, ""normal_balance_type"": ""credit""}}",,2026-09-06 15:30:23.414343+00
01a07757-930c-7ee1-9b1d-dcd305dea290,1,initialized,"{""type"": ""initialized"", ""values"": {""id"": ""01a07757-930c-7ee1-9b1d-dcd305dea290"", ""code"": ""LOCKCEIL-01a07757930c7ee19b1ddceed4400d36-4"", ""name"": ""lock ceiling 4"", ""config"": {""is_account_set"": false, ""eventually_consistent"": false}, ""status"": ""active"", ""version"": 1, ""metadata"": null, ""description"": null, ""external_id"": null, ""normal_balance_type"": ""credit""}}",,2026-09-06 15:30:23.414343+00
01a07757-930c-7ee1-9b1d-dcf318b0cccb,1,initialized,"{""type"": ""initialized"", ""values"": {""id"": ""01a07757-930c-7ee1-9b1d-dcf318b0cccb"", ""code"": ""LOCKCEIL-01a07757930c7ee19b1ddd0d2f8503e1-5"", ""name"": ""lock ceiling 5"", ""config"": {""is_account_set"": false, ""eventually_consistent"": false}, ""status"": ""active"", ""version"": 1, ""metadata"": null, ""description"": null, ""external_id"": null, ""normal_balance_type"": ""credit""}}",,2026-09-06 15:30:23.414343+00
01a07757-930c-7ee1-9b1d-dd1973dc08a9,1,initialized,"{""type"": ""initialized"", ""values"": {""id"": ""01a07757-930c-7ee1-9b1d-dd1973dc08a9"", ""code"": ""LOCKCEIL-01a07757930c7ee19b1ddd2e67c22452-6"", ""name"": ""lock ceiling 6"", ""config"": {""is_account_set"": false, ""eventually_consistent"": false}, ""status"": ""active"", ""version"": 1, ""metadata"": null, ""description"": null, ""external_id"": null, ""normal_balance_type"": ""credit""}}",,2026-09-06 15:30:23.414343+00
01a07757-930c-7ee1-9b1d-dd30c3db38b7,1,initialized,"{""type"": ""initialized"", ""values"": {""id"": ""01a07757-930c-7ee1-9b1d-dd30c3db38b7"", ""code"": ""LOCKCEIL-01a07757930c7ee19b1ddd4b7102d41f-7"", ""name"": ""lock ceiling 7"", ""config"": {""is_account_set"": false, ""eventually_consistent"": false}, ""status"": ""active"", ""version"": 1, ""metadata"": null, ""description"": null, ""external_id"": null, ""normal_balance_type"": ""credit""}}",,2026-09-06 15:30:23.414343+00
01a07757-930c-7ee1-9b1d-dd518a0f17e8,1,initialized,"{""type"": ""initialized"", ""values"": {""id"": ""01a07757-930c-7ee1-9b1d-dd518a0f17e8"", ""code"": ""LOCKCEIL-01a07757930c7ee19b1ddd6dc52654d4-8"", ""name"": ""lock ceiling 8"", ""config"": {""is_account_set"": false, ""eventually_consistent"": false}, ""status"": ""active"", ""version"": 1, ""metadata"": null, ""description"": null, ""external_id"": null, ""normal_balance_type"": ""credit""}}",,2026-09-06 15:30:23.414343+00
01a07757-930c-7ee1-9b1d-dd7fd87856c7,1,initialized,"{""type"": ""initialized"", ""values"": {""id"": ""01a07757-930c-7ee1-9b1d-dd7fd87856c7"", ""code"": ""LOCKCEIL-01a07757930c7ee19b1ddd8486df17cd-9"", ""name"": ""lock ceiling 9"", ""config"": {""is_account_set"": false, ""eventually_consistent"": false}, ""status"": ""active"", ""version"": 1, ""metadata"": null, ""description"": null, ""external_id"": null, ""normal_balance_type"": ""credit""}}",,2026-09-06 15:30:23.414343+00
01a07757-930c-7ee1-9b1d-dd93a6bcccd7,1,initialized,"{""type"": ""initialized"", ""values"": {""id"": ""01a07757-930c-7ee1-9b1d-dd93a6bcccd7"", ""code"": ""LOCKCEIL-01a07757930c7ee19b1ddda301b56f6e-10"", ""name"": ""lock ceiling 10"", ""config"": {""is_account_set"": false, ""eventually_consistent"": false}, ""status"": ""active"", ""version"": 1, ""metadata"": null, ""description"": null, ""external_id"": null, ""normal_balance_type"": ""credit""}}",,2026-09-06 15:30:23.414343+00
01a07757-930c-7ee1-9b1d-ddb45322dd77,1,initialized,"{""type"": ""initialized"", ""values"": {""id"": ""01a07757-930c-7ee1-9b1d-ddb45322dd77"", ""code"": ""LOCKCEIL-01a07757930c7ee19b1dddc84a5497e7-11"", ""name"": ""lock ceiling 11"", ""config"": {""is_account_set"": false, ""eventually_consistent"": false}, ""status"": ""active"", ""version"": 1, ""metadata"": null, ""description"": null, ""external_id"": null, ""normal_balance_type"": ""credit""}}",,2026-09-06 15:30:23.414343+00
01a07757-930c-7ee1-9b1d-ddd9bfb76c01,1,initialized,"{""type"": ""initialized"", ""values"": {""id"": ""01a07757-930c-7ee1-9b1d-ddd9bfb76c01"", ""code"": ""LOCKCEIL-01a07757930c7ee19b1dddedf3eb2ced-12"", ""name"": ""lock ceiling 12"", ""config"": {""is_account_set"": false, ""eventually_consistent"": false}, ""status"": ""active"", ""version"": 1, ""metadata"": null, ""description"": null, ""external_id"": null, ""normal_balance_type"": ""credit""}}",,2026-09-06 15:30:23.414343+00
01a07757-930c-7ee1-9b1d-ddf53d744105,1,initialized,"{""type"": ""initialized"", ""values"": {""id"": ""01a07757-930c-7ee1-9b1d-ddf53d744105"", ""code"": ""LOCKCEIL-01a07757930c7ee19b1dde01d0605704-13"", ""name"": ""lock ceiling 13"", ""config"": {""is_account_set"": false, ""eventually_consistent"": false}, ""status"": ""active"", ""version"": 1, ""metadata"": null, ""description"": null, ""external_id"": null, ""normal_balance_type"": ""credit""}}",,2026-09-06 15:30:23.414343+00
01a07757-930c-7ee1-9b1d-de13be9c90ed,1,initialized,"{""type"": ""initialized"", ""values"": {""id"": ""01a07757-930c-7ee1-9b1d-de13be9c90ed"", ""code"": ""LOCKCEIL-01a07757930c7ee19b1dde29201e6a03-14"", ""name"": ""lock ceiling 14"", ""config"": {""is_account_set"": false, ""eventually_consistent"": false}, ""status"": ""active"", ""version"": 1, ""metadata"": null, ""description"": null, ""external_id"": null, ""normal_balance_type"": ""credit""}}",,2026-09-06 15:30:23.414343+00
01a07757-930c-7ee1-9b1d-de3228890c8b,1,initialized,"{""type"": ""initialized"", ""values"": {""id"": ""01a07757-930c-7ee1-9b1d-de3228890c8b"", ""code"": ""LOCKCEIL-01a07757930c7ee19b1dde4493608c5b-15"", ""name"": ""lock ceiling 15"", ""config"": {""is_account_set"": false, ""eventually_consistent"": false}, ""status"": ""active"", ""version"": 1, ""metadata"": null, ""description"": null, ""external_id"": null, ""normal_balance_type"": ""credit""}}",,2026-09-06 15:30:23.414343+00
01a07757-930c-7ee1-9b1d-de522a4cd7b2,1,initialized,"{""type"": ""initialized"", ""values"": {""id"": ""01a07757-930c-7ee1-9b1d-de522a4cd7b2"", ""code"": ""LOCKCEIL-01a07757930c7ee19b1dde6d0c7bd415-16"", ""name"": ""lock ceiling 16"", ""config"": {""is_account_set"": false, ""eventually_consistent"": false}, ""status"": ""active"", ""version"": 1, ""metadata"": null, ""description"": null, ""external_id"": null, ""normal_balance_type"": ""credit""}}",,2026-09-06 15:30:23.414343+00
01a07757-930c-7ee1-9b1d-de7da6ff41c2,1,initialized,"{""type"": ""initialized"", ""values"": {""id"": ""01a07757-930c-7ee1-9b1d-de7da6ff41c2"", ""code"": ""LOCKCEIL-01a07757930c7ee19b1dde8c220e67bc-17"", ""name"": ""lock ceiling 17"", ""config"": {""is_account_set"": false, ""eventually_consistent"": false}, ""status"": ""active"", ""version"": 1, ""metadata"": null, ""description"": null, ""external_id"": null, ""normal_balance_type"": ""credit""}}",,2026-09-06 15:30:23.414343+00
01a07757-930c-7ee1-9b1d-de98841df7ad,1,initialized,"{""type"": ""initialized"", ""values"": {""id"": ""01a07757-930c-7ee1-9b1d-de98841df7ad"", ""code"": ""LOCKCEIL-01a07757930c7ee19b1ddea22b23e740-18"", ""name"": ""lock ceiling 18"", ""config"": {""is_account_set"": false, ""eventually_consistent"": false}, ""status"": ""active"", ""version"": 1, ""metadata"": null, ""description"": null, ""external_id"": null, ""normal_balance_type"": ""credit""}}",,2026-09-06 15:30:23.414343+00
01a07757-930c-7ee1-9b1d-debdd2c346da,1,initialized,"{""type"": ""initialized"", ""values"": {""id"": ""01a07757-930c-7ee1-9b1d-debdd2c346da"", ""code"": ""LOCKCEIL-01a07757930c7ee19b1ddec189cdd85e-19"", ""name"": ""lock ceiling 19"", ""config"": {""is_account_set"": false, ""eventually_consistent"": false}, ""status"": ""active"", ""version"": 1, ""metadata"": null, ""description"": null, ""external_id"": null, ""normal_balance_type"": ""credit""}}",,2026-09-06 15:30:23.414343+00
01a07757-930d-7133-bbb5-8e036e97515d,1,initialized,"{""type"": ""initialized"", ""values"": {""id"": ""01a07757-930d-7133-bbb5-8e036e97515d"", ""code"": ""LOCKCEIL-01a07757930d7133bbb58e1068984ee2-20"", ""name"": ""lock ceiling 20"", ""config"": {""is_account_set"": false, ""eventually_consistent"": false}, ""status"": ""active"", ""version"": 1, ""metadata"": null, ""description"": null, ""external_id"": null, ""normal_balance_type"": ""credit""}}",,2026-09-06 15:30:23.414343+00
01a07757-930d-7133-bbb5-8e297632e54c,1,initialized,"{""type"": ""initialized"", ""values"": {""id"": ""01a07757-930d-7133-bbb5-8e297632e54c"", ""code"": ""LOCKCEIL-01a07757930d7133bbb58e307e2b2f30-21"", ""name"": ""lock ceiling 21"", ""config"": {""is_account_set"": false, ""eventually_consistent"": false}, ""status"": ""active"", ""version"": 1, ""metadata"": null, ""description"": null, ""external_id"": null, ""normal_balance_type"": ""credit""}}",,2026-09-06 15:30:23.414343+00
01a07757-930d-7133-bbb5-8e419c00c9ae,1,initialized,"{""type"": ""initialized"", ""values"": {""id"": ""01a07757-930d-7133-bbb5-8e419c00c9ae"", ""code"": ""LOCKCEIL-01a07757930d7133bbb58e54c31810ac-22"", ""name"": ""lock ceiling 22"", ""config"": {""is_account_set"": false, ""eventually_consistent"": false}, ""status"": ""active"", ""version"": 1, ""metadata"": null, ""description"": null, ""external_id"": null, ""normal_balance_type"": ""credit""}}",,2026-09-06 15:30:23.414343+00
01a07757-930d-7133-bbb5-8e68656b3f7c,1,initialized,"{""type"": ""initialized"", ""values"": {""id"": ""01a07757-930d-7133-bbb5-8e68656b3f7c"", ""code"": ""LOCKCEIL-01a07757930d7133bbb58e7791149ee2-23"", ""name"": ""lock ceiling 23"", ""config"": {""is_account_set"": false, ""eventually_consistent"": false}, ""status"": ""active"", ""version"": 1, ""metadata"": null, ""description"": null, ""external_id"": null, ""normal_balance_type"": ""credit""}}",,2026-09-06 15:30:23.414343+00
01a07757-930d-7133-bbb5-8e813d619cb1,1,initialized,"{""type"": ""initialized"", ""values"": {""id"": ""01a07757-930d-7133-bbb5-8e813d619cb1"", ""code"": ""LOCKCEIL-01a07757930d7133bbb58e92ebaf6917-24"", ""name"": ""lock ceiling 24"", ""config"": {""is_account_set"": false, ""eventually_consistent"": false}, ""status"": ""active"", ""version"": 1, ""metadata"": null, ""description"": null, ""external_id"": null, ""normal_balance_type"": ""credit""}}",,2026-09-06 15:30:23.414343+00
01a07757-930d-7133-bbb5-8ea1aedb3fec,1,initialized,"{""type"": ""initialized"", ""values"": {""id"": ""01a07757-930d-7133-bbb5-8ea1aedb3fec"", ""code"": ""LOCKCEIL-01a07757930d7133bbb58eb7c93a5d62-25"", ""name"": ""lock ceiling 25"", ""config"": {""is_account_set"": false, ""eventually_consistent"": false}, ""status"": ""active"", ""version"": 1, ""metadata"": null, ""description"": null, ""external_id"": null, ""normal_balance_type"": ""credit""}}",,2026-09-06 15:30:23.414343+00
01a07757-930d-7133-bbb5-8ecee6aa7771,1,initialized,"{""type"": ""initialized"", ""values"": {""id"": ""01a07757-930d-7133-bbb5-8ecee6aa7771"", ""code"": ""LOCKCEIL-01a07757930d7133bbb58ed9f376dedf-26"", ""name"": ""lock ceiling 26"", ""config"": {""is_account_set"": false, ""eventually_consistent"": false}, ""status"": ""active"", ""version"": 1, ""metadata"": null, ""description"": null, ""external_id"": null, ""normal_balance_type"": ""credit""}}",,2026-09-06 15:30:23.414343+00
01a07757-930d-7133-bbb5-8eeeee0fcbf2,1,initialized,"{""type"": ""initialized"", ""values"": {""id"": ""01a07757-930d-7133-bbb5-8eeeee0fcbf2"", ""code"": ""LOCKCEIL-01a07757930d7133bbb58ef2a648174d-27"", ""name"": ""lock ceiling 27"", ""config"": {""is_account_set"": false, ""eventually_consistent"": false}, ""status"": ""active"", ""version"": 1, ""metadata"": null, ""description"": null, ""external_id"": null, ""normal_balance_type"": ""credit""}}",,2026-09-06 15:30:23.414343+00
01a07757-930d-7133-bbb5-8f000f9f8a14,1,initialized,"{""type"": ""initialized"", ""values"": {""id"": ""01a07757-930d-7133-bbb5-8f000f9f8a14"", ""code"": ""LOCKCEIL-01a07757930d7133bbb58f1bccaf6eee-28"", ""name"": ""lock ceiling 28"", ""config"": {""is_account_set"": false, ""eventually_consistent"": false}, ""status"": ""active"", ""version"": 1, ""metadata"": null, ""description"": null, ""external_id"": null, ""normal_balance_type"": ""credit""}}",,2026-09-06 15:30:23.414343+00
01a07757-930d-7133-bbb5-8f225609ebc7,1,initialized,"{""type"": ""initialized"", ""values"": {""id"": ""01a07757-930d-7133-bbb5-8f225609ebc7"", ""code"": ""LOCKCEIL-01a07757930d7133bbb58f3a2db630ea-29"", ""name"": ""lock ceiling 29"", ""config"": {""is_account_set"": false, ""eventually_consistent"": false}, ""status"": ""active"", ""version"": 1, ""metadata"": null, ""description"": null, ""external_id"": null, ""normal_balance_type"": ""credit""}}",,2026-09-06 15:30:23.414343+00
01a07757-930d-7133-bbb5-8f40549400d5,1,initialized,"{""type"": ""initialized"", ""values"": {""id"": ""01a07757-930d-7133-bbb5-8f40549400d5"", ""code"": ""LOCKCEIL-01a07757930d7133bbb58f52ba3df20f-30"", ""name"": ""lock ceiling 30"", ""config"": {""is_account_set"": false, ""eventually_consistent"": false}, ""status"": ""active"", ""version"": 1, ""metadata"": null, ""description"": null, ""external_id"": null, ""normal_balance_type"": ""credit""}}",,2026-09-06 15:30:23.414343+00
01a07757-930d-7133-bbb5-8f61e06ede06,1,initialized,"{""type"": ""initialized"", ""values"": {""id"": ""01a07757-930d-7133-bbb5-8f61e06ede06"", ""code"": ""LOCKCEIL-01a07757930d7133bbb58f7c26c74b34-31"", ""name"": ""lock ceiling 31"", ""config"": {""is_account_set"": false, ""eventually_consistent"": false}, ""status"": ""active"", ""version"": 1, ""metadata"": null, ""description"": null, ""external_id"": null, ""normal_balance_type"": ""credit""}}",,2026-09-06 15:30:23.414343+00
01a07757-930d-7133-bbb5-8f87ddf364aa,1,initialized,"{""type"": ""initialized"", ""values"": {""id"": ""01a07757-930d-7133-bbb5-8f87ddf364aa"", ""code"": ""LOCKCEIL-01a07757930d7133bbb58f91ec42eb83-32"", ""name"": ""lock ceiling 32"", ""config"": {""is_account_set"": false, ""eventually_consistent"": false}, ""status"": ""active"", ""version"": 1, ""metadata"": null, ""description"": null, ""external_id"": null, ""normal_balance_type"": ""credit""}}",,2026-09-06 15:30:23.414343+00
01a07757-930d-7133-bbb5-8fa413d8d073,1,initialized,"{""type"": ""initialized"", ""values"": {""id"": ""01a07757-930d-7133-bbb5-8fa413d8d073"", ""code"": ""LOCKCEIL-01a07757930d7133bbb58fb4ee1678b9-33"", ""name"": ""lock ceiling 33"", ""config"": {""is_account_set"": false, ""eventually_consistent"": false}, ""status"": ""active"", ""version"": 1, ""metadata"": null, ""description"": null, ""external_id"": null, ""normal_balance_type"": ""credit""}}",,2026-09-06 15:30:23.414343+00
01a07757-930d-7133-bbb5-8fcfda45c412,1,initialized,"{""type"": ""initialized"", ""values"": {""id"": ""01a07757-930d-7133-bbb5-8fcfda45c412"", ""code"": ""LOCKCEIL-01a07757930d7133bbb58fd6ba301eac-34"", ""name"": ""lock ceiling 34"", ""config"": {""is_account_set"": false, ""eventually_consistent"": false}, ""status"": ""active"", ""version"": 1, ""metadata"": null, ""description"": null, ""external_id"": null, ""normal_balance_type"": ""credit""}}",,2026-09-06 15:30:23.414343+00
01a07757-930d-7133-bbb5-8fef0ffb66fb,1,initialized,"{""type"": ""initialized"", ""values"": {""id"": ""01a07757-930d-7133-bbb5-8fef0ffb66fb"", ""code"": ""LOCKCEIL-01a07757930d7133bbb58ff1bbe0bef7-35"", ""name"": ""lock ceiling 35"", ""config"": {""is_account_set"": false, ""eventually_consistent"": false}, ""status"": ""active"", ""version"": 1, ""metadata"": null, ""description"": null, ""external_id"": null, ""normal_balance_type"": ""credit""}}",,2026-09-06 15:30:23.414343+00
01a07757-930d-7133-bbb5-90078d53ae1a,1,initialized,"{""type"": ""initialized"", ""values"": {""id"": ""01a07757-930d-7133-bbb5-90078d53ae1a"", ""code"": ""LOCKCEIL-01a07757930d7133bbb59012c0f91ba6-36"", ""name"": ""lock ceiling 36"", ""config"": {""is_account_set"": false, ""eventually_consistent"": false}, ""status"": ""active"", ""version"": 1, ""metadata"": null, ""description"": null, ""external_id"": null, ""normal_balance_type"": ""credit""}}",,2026-09-06 15:30:23.414343+00
01a07757-930d-7133-bbb5-902c8c9cbe15,1,initialized,"{""type"": ""initialized"", ""values"": {""id"": ""01a07757-930d-7133-bbb5-902c8c9cbe15"", ""code"": ""LOCKCEIL-01a07757930d7133bbb590314a3daf68-37"", ""name"": ""lock ceiling 37"", ""config"": {""is_account_set"": false, ""eventually_consistent"": false}, ""status"": ""active"", ""version"": 1, ""metadata"": null, ""description"": null, ""external_id"": null, ""normal_balance_type"": ""credit""}}",,2026-09-06 15:30:23.414343+00
01a07757-930d-7133-bbb5-9045c12884ac,1,initialized,"{""type"": ""initialized"", ""values"": {""id"": ""01a07757-930d-7133-bbb5-9045c12884ac"", ""code"": ""LOCKCEIL-01a07757930d7133bbb59056d8114fcb-38"", ""name"": ""lock ceiling 38"", ""config"": {""is_account_set"": false, ""eventually_consistent"": false}, ""status"": ""active"", ""version"": 1, ""metadata"": null, ""description"": null, ""external_id"": null, ""normal_balance_type"": ""credit""}}",,2026-09-06 15:30:23.414343+00
01a07757-930d-7133-bbb5-906513473715,1,initialized,"{""type"": ""initialized"", ""values"": {""id"": ""01a07757-930d-7133-bbb5-906513473715"", ""code"": ""LOCKCEIL-01a07757930d7133bbb5907602477d4a-39"", ""name"": ""lock ceiling 39"", ""config"": {""is_account_set"": false, ""eventually_consistent"": false}, ""status"": ""active"", ""version"": 1, ""metadata"": null, ""description"": null, ""external_id"": null, ""normal_balance_type"": ""credit""}}",,2026-09-06 15:30:23.414343+00
01a07757-930d-7133-bbb5-9086bb88f536,1,initialized,"{""type"": ""initialized"", ""values"": {""id"": ""01a07757-930d-7133-bbb5-9086bb88f536"", ""code"": ""LOCKCEIL-01a07757930d7133bbb5909a8e1e64d6-40"", ""name"": ""lock ceiling 40"", ""config"": {""is_account_set"": false, ""eventually_consistent"": false}, ""status"": ""active"", ""version"": 1, ""metadata"": null, ""description"": null, ""external_id"": null, ""normal_balance_type"": ""credit""}}",,2026-09-06 15:30:23.414343+00
01a07757-930d-7133-bbb5-90a119c28c29,1,initialized,"{""type"": ""initialized"", ""values"": {""id"": ""01a07757-930d-7133-bbb5-90a119c28c29"", ""code"": ""LOCKCEIL-01a07757930d7133bbb590b558816d74-41"", ""name"": ""lock ceiling 41"", ""config"": {""is_account_set"": false, ""eventually_consistent"": false}, ""status"": ""active"", ""version"": 1, ""metadata"": null, ""description"": null, ""external_id"": null, ""normal_balance_type"": ""credit""}}",,2026-09-06 15:30:23.414343+00
01a07757-930d-7133-bbb5-90cfcfdf0bc9,1,initialized,"{""type"": ""initialized"", ""values"": {""id"": ""01a07757-930d-7133-bbb5-90cfcfdf0bc9"", ""code"": ""LOCKCEIL-01a07757930d7133bbb590ddd89858b9-42"", ""name"": ""lock ceiling 42"", ""config"": {""is_account_set"": false, ""eventually_consistent"": false}, ""status"": ""active"", ""version"": 1, ""metadata"": null, ""description"": null, ""external_id"": null, ""normal_balance_type"": ""credit""}}",,2026-09-06 15:30:23.414343+00
01a07757-930d-7133-bbb5-90ef244042df,1,initialized,"{""type"": ""initialized"", ""values"": {""id"": ""01a07757-930d-7133-bbb5-90ef244042df"", ""code"": ""LOCKCEIL-01a07757930d7133bbb590ff3d8dfb57-43"", ""name"": ""lock ceiling 43"", ""config"": {""is_account_set"": false, ""eventually_consistent"": false}, ""status"": ""active"", ""version"": 1, ""metadata"": null, ""description"": null, ""external_id"": null, ""normal_balance_type"": ""credit""}}",,2026-09-06 15:30:23.414343+00
01a07757-930d-7133-bbb5-9104eea4d982,1,initialized,"{""type"": ""initialized"", ""values"": {""id"": ""01a07757-930d-7133-bbb5-9104eea4d982"", ""code"": ""LOCKCEIL-01a07757930d7133bbb59118494f5d2b-44"", ""name"": ""lock ceiling 44"", ""config"": {""is_account_set"": false, ""eventually_consistent"": false}, ""status"": ""active"", ""version"": 1, ""metadata"": null, ""description"": null, ""external_id"": null, ""normal_balance_type"": ""credit""}}",,2026-09-06 15:30:23.414343+00
01a07757-930d-7133-bbb5-91298b975a89,1,initialized,"{""type"": ""initialized"", ""values"": {""id"": ""01a07757-930d-7133-bbb5-91298b975a89"", ""code"": ""LOCKCEIL-01a07757930d7133bbb59131958f1846-45"", ""name"": ""lock ceiling 45"", ""config"": {""is_account_set"": false, ""eventually_consistent"": false}, ""status"": ""active"", ""version"": 1, ""metadata"": null, ""description"": null, ""external_id"": null, ""normal_balance_type"": ""credit""}}",,2026-09-06 15:30:23.414343+00
01a07757-930d-7133-bbb5-914b4f3c9cc7,1,initialized,"{""type"": ""initialized"", ""values"": {""id"": ""01a07757-930d-7133-bbb5-914b4f3c9cc7"", ""code"": ""LOCKCEIL-01a07757930d7133bbb59155476ac695-46"", ""name"": ""lock ceiling 46"", ""config"": {""is_account_set"": false, ""eventually_consistent"": false}, ""status"": ""active"", ""version"": 1, ""metadata"": null, ""description"": null, ""external_id"": null, ""normal_balance_type"": ""credit""}}",,2026-09-06 15:30:23.414343+00
01a07757-930d-7133-bbb5-916bd0bc16dc,1,initialized,"{""type"": ""initialized"", ""values"": {""id"": ""01a07757-930d-7133-bbb5-916bd0bc16dc"", ""code"": ""LOCKCEIL-01a07757930d7133bbb59172ef2a6280-47"", ""name"": ""lock ceiling 47"", ""config"": {""is_account_set"": false, ""eventually_consistent"": false}, ""status"": ""active"", ""version"": 1, ""metadata"": null, ""description"": null, ""external_id"": null, ""normal_balance_type"": ""credit""}}",,2026-09-06 15:30:23.414343+00
01a07757-930d-7133-bbb5-91837ea101b5,1,initialized,"{""type"": ""initialized"", ""values"": {""id"": ""01a07757-930d-7133-bbb5-91837ea101b5"", ""code"": ""LOCKCEIL-01a07757930d7133bbb59192163e3b62-48"", ""name"": ""lock ceiling 48"", ""config"": {""is_account_set"": false, ""eventually_consistent"": false}, ""status"": ""active"", ""version"": 1, ""metadata"": null, ""description"": null, ""external_id"": null, ""normal_balance_type"": ""credit""}}",,2026-09-06 15:30:23.414343+00
01a07757-930d-7133-bbb5-91a867690eed,1,initialized,"{""type"": ""initialized"", ""values"": {""id"": ""01a07757-930d-7133-bbb5-91a867690eed"", ""code"": ""LOCKCEIL-01a07757930d7133bbb591b5825d9543-49"", ""name"": ""lock ceiling 49"", ""config"": {""is_account_set"": false, ""eventually_consistent"": false}, ""status"": ""active"", ""version"": 1, ""metadata"": null, ""description"": null, ""external_id"": null, ""normal_balance_type"": ""credit""}}",,2026-09-06 15:30:23.414343+00
01a07757-930d-7133-bbb5-91cf9d4bdeaa,1,initialized,"{""type"": ""initialized"", ""values"": {""id"": ""01a07757-930d-7133-bbb5-91cf9d4bdeaa"", ""code"": ""LOCKCEIL-01a07757930d7133bbb591d49796cf24-50"", ""name"": ""lock ceiling 50"", ""config"": {""is_account_set"": false, ""eventually_consistent"": false}, ""status"": ""active"", ""version"": 1, ""metadata"": null, ""description"": null, ""external_id"": null, ""normal_balance_type"": ""credit""}}",,2026-09-06 15:30:23.414343+00
01a07757-930d-7133-bbb5-91e2849bf2e4,1,initialized,"{""type"": ""initialized"", ""values"": {""id"": ""01a07757-930d-7133-bbb5-91e2849bf2e4"", ""code"": ""LOCKCEIL-01a07757930d7133bbb591fd7a86600d-51"", ""name"": ""lock ceiling 51"", ""config"": {""is_account_set"": false, ""eventually_consistent"": false}, ""status"": ""active"", ""version"": 1, ""metadata"": null, ""description"": null, ""external_id"": null, ""normal_balance_type"": ""credit""}}",,2026-09-06 15:30:23.414343+00
01a07757-930d-7133-bbb5-920673552d6f,1,initialized,"{""type"": ""initialized"", ""values"": {""id"": ""01a07757-930d-7133-bbb5-920673552d6f"", ""code"": ""LOCKCEIL-01a07757930d7133bbb592109921921d-52"", ""name"": ""lock ceiling 52"", ""config"": {""is_account_set"": false, ""eventually_consistent"": false}, ""status"": ""active"", ""version"": 1, ""metadata"": null, ""description"": null, ""external_id"": null, ""normal_balance_type"": ""credit""}}",,2026-09-06 15:30:23.414343+00
01a07757-930d-7133-bbb5-922daef629c0,1,initialized,"{""type"": ""initialized"", ""values"": {""id"": ""01a07757-930d-7133-bbb5-922daef629c0"", ""code"": ""LOCKCEIL-01a07757930d7133bbb5923b497e1a49-53"", ""name"": ""lock ceiling 53"", ""config"": {""is_account_set"": false, ""eventually_consistent"": false}, ""status"": ""active"", ""version"": 1, ""metadata"": null, ""description"": null, ""external_id"": null, ""normal_balance_type"": ""credit""}}",,2026-09-06 15:30:23.414343+00
01a07757-930d-7133-bbb5-924a25fbe261,1,initialized,"{""type"": ""initialized"", ""values"": {""id"": ""01a07757-930d-7133-bbb5-924a25fbe261"", ""code"": ""LOCKCEIL-01a07757930d7133bbb5925aa83e7c16-54"", ""name"": ""lock ceiling 54"", ""config"": {""is_account_set"": false, ""eventually_consistent"": false}, ""status"": ""active"", ""version"": 1, ""metadata"": null, ""description"": null, ""external_id"": null, ""normal_balance_type"": ""credit""}}",,2026-09-06 15:30:23.414343+00
01a07757-930d-7133-bbb5-92607779cde7,1,initialized,"{""type"": ""initialized"", ""values"": {""id"": ""01a07757-930d-7133-bbb5-92607779cde7"", ""code"": ""LOCKCEIL-01a07757930d7133bbb59277eaa43e51-55"", ""name"": ""lock ceiling 55"", ""config"": {""is_account_set"": false, ""eventually_consistent"": false}, ""status"": ""active"", ""version"": 1, ""metadata"": null, ""description"": null, ""external_id"": null, ""normal_balance_type"": ""credit""}}",,2026-09-06 15:30:23.414343+00
01a07757-930e-7421-8220-1e99267ef5a1,1,initialized,"{""type"": ""initialized"", ""values"": {""id"": ""01a07757-930e-7421-8220-1e99267ef5a1"", ""code"": ""LOCKCEIL-01a07757930e742182201ea625d46d3e-56"", ""name"": ""lock ceiling 56"", ""config"": {""is_account_set"": false, ""eventually_consistent"": false}, ""status"": ""active"", ""version"": 1, ""metadata"": null, ""description"": null, ""external_id"": null, ""normal_balance_type"": ""credit""}}",,2026-09-06 15:30:23.414343+00
01a07757-930e-7421-8220-1eb76123b2a8,1,initialized,"{""type"": ""initialized"", ""values"": {""id"": ""01a07757-930e-7421-8220-1eb76123b2a8"", ""code"": ""LOCKCEIL-01a07757930e742182201ec2265cad86-57"", ""name"": ""lock ceiling 57"", ""config"": {""is_account_set"": false, ""eventually_consistent"": false}, ""status"": ""active"", ""version"": 1, ""metadata"": null, ""description"": null, ""external_id"": null, ""normal_balance_type"": ""credit""}}",,2026-09-06 15:30:23.414343+00
01a07757-930e-7421-8220-1ed54a974c40,1,initialized,"{""type"": ""initialized"", ""values"": {""id"": ""01a07757-930e-7421-8220-1ed54a974c40"", ""code"": ""LOCKCEIL-01a07757930e742182201ee77e16bcb8-58"", ""name"": ""lock ceiling 58"", ""config"": {""is_account_set"": false, ""eventually_consistent"": false}, ""status"": ""active"", ""version"": 1, ""metadata"": null, ""description"": null, ""external_id"": null, ""normal_balance_type"": ""credit""}}",,2026-09-06 15:30:23.414343+00
01a07757-930e-7421-8220-1ef5c64904b5,1,initialized,"{""type"": ""initialized"", ""values"": {""id"": ""01a07757-930e-7421-8220-1ef5c64904b5"", ""code"": ""LOCKCEIL-01a07757930e742182201f00c568b527-59"", ""name"": ""lock ceiling 59"", ""config"": {""is_account_set"": false, ""eventually_consistent"": false}, ""status"": ""active"", ""version"": 1, ""metadata"": null, ""description"": null, ""external_id"": null, ""normal_balance_type"": ""credit""}}",,2026-09-06 15:30:23.414343+00
01a07757-930e-7421-8220-1f13f504c755,1,initialized,"{""type"": ""initialized"", ""values"": {""id"": ""01a07757-930e-7421-8220-1f13f504c755"", ""code"": ""LOCKCEIL-01a07757930e742182201f229a89478e-60"", ""name"": ""lock ceiling 60"", ""config"": {""is_account_set"": false, ""eventually_consistent"": false}, ""status"": ""active"", ""version"": 1, ""metadata"": null, ""description"": null, ""external_id"": null, ""normal_balance_type"": ""credit""}}",,2026-09-06 15:30:23.414343+00
01a07757-930e-7421-8220-1f3fd3f1bb2a,1,initialized,"{""type"": ""initialized"", ""values"": {""id"": ""01a07757-930e-7421-8220-1f3fd3f1bb2a"", ""code"": ""LOCKCEIL-01a07757930e742182201f4ea1e1501d-61"", ""name"": ""lock ceiling 61"", ""config"": {""is_account_set"": false, ""eventually_consistent"": false}, ""status"": ""active"", ""version"": 1, ""metadata"": null, ""description"": null, ""external_id"": null, ""normal_balance_type"": ""credit""}}",,2026-09-06 15:30:23.414343+00
01a07757-930e-7421-8220-1f5a499ad2a1,1,initialized,"{""type"": ""initialized"", ""values"": {""id"": ""01a07757-930e-7421-8220-1f5a499ad2a1"", ""code"": ""LOCKCEIL-01a07757930e742182201f61695a99eb-62"", ""name"": ""lock ceiling 62"", ""config"": {""is_account_set"": false, ""eventually_consistent"": false}, ""status"": ""active"", ""version"": 1, ""metadata"": null, ""description"": null, ""external_id"": null, ""normal_balance_type"": ""credit""}}",,2026-09-06 15:30:23.414343+00
01a07757-930e-7421-8220-1f7af1539309,1,initialized,"{""type"": ""initialized"", ""values"": {""id"": ""01a07757-930e-7421-8220-1f7af1539309"", ""code"": ""LOCKCEIL-01a07757930e742182201f85a6f43a57-63"", ""name"": ""lock ceiling 63"", ""config"": {""is_account_set"": false, ""eventually_consistent"": false}, ""status"": ""active"", ""version"": 1, ""metadata"": null, ""description"": null, ""external_id"": null, ""normal_balance_type"": ""credit""}}",,2026-09-06 15:30:23.414343+00
01a07757-930e-7421-8220-1f9083e8499c,1,initialized,"{""type"": ""initialized"", ""values"": {""id"": ""01a07757-930e-7421-8220-1f9083e8499c"", ""code"": ""LOCKCEIL-01a07757930e742182201fad2e58fb15-64"", ""name"": ""lock ceiling 64"", ""config"": {""is_account_set"": false, ""eventually_consistent"": false}, ""status"": ""active"", ""version"": 1, ""metadata"": null, ""description"": null, ""external_id"": null, ""normal_balance_type"": ""credit""}}",,2026-09-06 15:30:23.414343+00
01a07757-930e-7421-8220-1fb8ba1dc7d2,1,initialized,"{""type"": ""initialized"", ""values"": {""id"": ""01a07757-930e-7421-8220-1fb8ba1dc7d2"", ""code"": ""LOCKCEIL-01a07757930e742182201fc586e8cb9d-65"", ""name"": ""lock ceiling 65"", ""config"": {""is_account_set"": false, ""eventually_consistent"": false}, ""status"": ""active"", ""version"": 1, ""metadata"": null, ""description"": null, ""external_id"": null, ""normal_balance_type"": ""credit""}}",,2026-09-06 15:30:23.414343+00
01a07757-930e-7421-8220-1fd50683038b,1,initialized,"{""type"": ""initialized"", ""values"": {""id"": ""01a07757-930e-7421-8220-1fd50683038b"", ""code"": ""LOCKCEIL-01a07757930e742182201fe23ab5a3a7-66"", ""name"": ""lock ceiling 66"", ""config"": {""is_account_set"": false, ""eventually_consistent"": false}, ""status"": ""active"", ""version"": 1, ""metadata"": null, ""description"": null, ""external_id"": null, ""normal_balance_type"": ""credit""}}",,2026-09-06 15:30:23.414343+00
01a07757-930e-7421-8220-1ff2ce2f83be,1,initialized,"{""type"": ""initialized"", ""values"": {""id"": ""01a07757-930e-7421-8220-1ff2ce2f83be"", ""code"": ""LOCKCEIL-01a07757930e742182202004381e3281-67"", ""name"": ""lock ceiling 67"", ""config"": {""is_account_set"": false, ""eventually_consistent"": false}, ""status"": ""active"", ""version"": 1, ""metadata"": null, ""description"": null, ""external_id"": null, ""normal_balance_type"": ""credit""}}",,2026-09-06 15:30:23.414343+00
01a07757-930e-7421-8220-2018a440246e,1,initialized,"{""type"": ""initialized"", ""values"": {""id"": ""01a07757-930e-7421-8220-2018a440246e"", ""code"": ""LOCKCEIL-01a07757930e74218220202ee1f8ebe4-68"", ""name"": ""lock ceiling 68"", ""config"": {""is_account_set"": false, ""eventually_consistent"": false}, ""status"": ""active"", ""version"": 1, ""metadata"": null, ""description"": null, ""external_id"": null, ""normal_balance_type"": ""credit""}}",,2026-09-06 15:30:23.414343+00
01a07757-930e-7421-8220-203c378ca917,1,initialized,"{""type"": ""initialized"", ""values"": {""id"": ""01a07757-930e-7421-8220-203c378ca917"", ""code"": ""LOCKCEIL-01a07757930e742182202041f9467ee1-69"", ""name"": ""lock ceiling 69"", ""config"": {""is_account_set"": false, ""eventually_consistent"": false}, ""status"": ""active"", ""version"": 1, ""metadata"": null, ""description"": null, ""external_id"": null, ""normal_balance_type"": ""credit""}}",,2026-09-06 15:30:23.414343+00
01a07757-930e-7421-8220-205eebf6c8c6,1,initialized,"{""type"": ""initialized"", ""values"": {""id"": ""01a07757-930e-7421-8220-205eebf6c8c6"", ""code"": ""LOCKCEIL-01a07757930e7421822020625bf5ca8e-70"", ""name"": ""lock ceiling 70"", ""config"": {""is_account_set"": false, ""eventually_consistent"": false}, ""status"": ""active"", ""version"": 1, ""metadata"": null, ""description"": null, ""external_id"": null, ""normal_balance_type"": ""credit""}}",,2026-09-06 15:30:23.414343+00
01a07757-930e-7421-8220-207a49d40a34,1,initialized,"{""type"": ""initialized"", ""values"": {""id"": ""01a07757-930e-7421-8220-207a49d40a34"", ""code"": ""LOCKCEIL-01a07757930e74218220208c8ce4bb19-71"", ""name"": ""lock ceiling 71"", ""config"": {""is_account_set"": false, ""eventually_consistent"": false}, ""status"": ""active"", ""version"": 1, ""metadata"": null, ""description"": null, ""external_id"": null, ""normal_balance_type"": ""credit""}}",,2026-09-06 15:30:23.414343+00
01a07757-930e-7421-8220-20947a226642,1,initialized,"{""type"": ""initialized"", ""values"": {""id"": ""01a07757-930e-7421-8220-20947a226642"", ""code"": ""LOCKCEIL-01a07757930e7421822020a2f91fbbbc-72"", ""name"": ""lock ceiling 72"", ""config"": {""is_account_set"": false, ""eventually_consistent"": false}, ""status"": ""active"", ""version"": 1, ""metadata"": null, ""description"": null, ""external_id"": null, ""normal_balance_type"": ""credit""}}",,2026-09-06 15:30:23.414343+00
01a07757-930e-7421-8220-20b186d35cef,1,initialized,"{""type"": ""initialized"", ""values"": {""id"": ""01a07757-930e-7421-8220-20b186d35cef"", ""code"": ""LOCKCEIL-01a07757930e7421822020ccc7b10939-73"", ""name"": ""lock ceiling 73"", ""config"": {""is_account_set"": false, ""eventually_consistent"": false}, ""status"": ""active"", ""version"": 1, ""metadata"": null, ""description"": null, ""external_id"": null, ""normal_balance_type"": ""credit""}}",,2026-09-06 15:30:23.414343+00
01a07757-930f-7fc0-b97b-62a056454161,1,initialized,"{""type"": ""initialized"", ""values"": {""id"": ""01a07757-930f-7fc0-b97b-62a056454161"", ""code"": ""LOCKCEIL-01a07757930f7fc0b97b62b472ec2ed9-74"", ""name"": ""lock ceiling 74"", ""config"": {""is_account_set"": false, ""eventually_consistent"": false}, ""status"": ""active"", ""version"": 1, ""metadata"": null, ""description"": null, ""external_id"": null, ""normal_balance_type"": ""credit""}}",,2026-09-06 15:30:23.414343+00
01a07757-930f-7fc0-b97b-62c5a41e850d,1,initialized,"{""type"": ""initialized"", ""values"": {""id"": ""01a07757-930f-7fc0-b97b-62c5a41e850d"", ""code"": ""LOCKCEIL-01a07757930f7fc0b97b62d5c5b9cb14-75"", ""name"": ""lock ceiling 75"", ""config"": {""is_account_set"": false, ""eventually_consistent"": false}, ""status"": ""active"", ""version"": 1, ""metadata"": null, ""description"": null, ""external_id"": null, ""normal_balance_type"": ""credit""}}",,2026-09-06 15:30:23.414343+00
01a07757-930f-7fc0-b97b-62e03795188a,1,initialized,"{""type"": ""initialized"", ""values"": {""id"": ""01a07757-930f-7fc0-b97b-62e03795188a"", ""code"": ""LOCKCEIL-01a07757930f7fc0b97b62f32d4f96aa-76"", ""name"": ""lock ceiling 76"", ""config"": {""is_account_set"": false, ""eventually_consistent"": false}, ""status"": ""active"", ""version"": 1, ""metadata"": null, ""description"": null, ""external_id"": null, ""normal_balance_type"": ""credit""}}",,2026-09-06 15:30:23.414343+00
01a07757-930f-7fc0-b97b-6303234b95e8,1,initialized,"{""type"": ""initialized"", ""values"": {""id"": ""01a07757-930f-7fc0-b97b-6303234b95e8"", ""code"": ""LOCKCEIL-01a07757930f7fc0b97b631b8fac6a33-77"", ""name"": ""lock ceiling 77"", ""config"": {""is_account_set"": false, ""eventually_consistent"": false}, ""status"": ""active"", ""version"": 1, ""metadata"": null, ""description"": null, ""external_id"": null, ""normal_balance_type"": ""credit""}}",,2026-09-06 15:30:23.414343+00
01a07757-930f-7fc0-b97b-6320f0417bb6,1,initialized,"{""type"": ""initialized"", ""values"": {""id"": ""01a07757-930f-7fc0-b97b-6320f0417bb6"", ""code"": ""LOCKCEIL-01a07757930f7fc0b97b633a8cc69d31-78"", ""name"": ""lock ceiling 78"", ""config"": {""is_account_set"": false, ""eventually_consistent"": false}, ""status"": ""active"", ""version"": 1, ""metadata"": null, ""description"": null, ""external_id"": null, ""normal_balance_type"": ""credit""}}",,2026-09-06 15:30:23.414343+00
01a07757-930f-7fc0-b97b-634314e52ea8,1,initialized,"{""type"": ""initialized"", ""values"": {""id"": ""01a07757-930f-7fc0-b97b-634314e52ea8"", ""code"": ""LOCKCEIL-01a07757930f7fc0b97b6358815396e3-79"", ""name"": ""lock ceiling 79"", ""config"": {""is_account_set"": false, ""eventually_consistent"": false}, ""status"": ""active"", ""version"": 1, ""metadata"": null, ""description"": null, ""external_id"": null, ""normal_balance_type"": ""credit""}}",,2026-09-06 15:30:23.414343+00
01a07757-930f-7fc0-b97b-63660e758bbe,1,initialized,"{""type"": ""initialized"", ""values"": {""id"": ""01a07757-930f-7fc0-b97b-63660e758bbe"", ""code"": ""LOCKCEIL-01a07757930f7fc0b97b6379ef9a2cb9-80"", ""name"": ""lock ceiling 80"", ""config"": {""is_account_set"": false, ""eventually_consistent"": false}, ""status"": ""active"", ""version"": 1, ""metadata"": null, ""description"": null, ""external_id"": null, ""normal_balance_type"": ""credit""}}",,2026-09-06 15:30:23.414343+00
01a07757-930f-7fc0-b97b-6388858cb3ad,1,initialized,"{""type"": ""initialized"", ""values"": {""id"": ""01a07757-930f-7fc0-b97b-6388858cb3ad"", ""code"": ""LOCKCEIL-01a07757930f7fc0b97b6397cce44257-81"", ""name"": ""lock ceiling 81"", ""config"": {""is_account_set"": false, ""eventually_consistent"": false}, ""status"": ""active"", ""version"": 1, ""metadata"": null, ""description"": null, ""external_id"": null, ""normal_balance_type"": ""credit""}}",,2026-09-06 15:30:23.414343+00
01a07757-930f-7fc0-b97b-63abae623ce8,1,initialized,"{""type"": ""initialized"", ""values"": {""id"": ""01a07757-930f-7fc0-b97b-63abae623ce8"", ""code"": ""LOCKCEIL-01a07757930f7fc0b97b63b8ed9a49ed-82"", ""name"": ""lock ceiling 82"", ""config"": {""is_account_set"": false, ""eventually_consistent"": false}, ""status"": ""active"", ""version"": 1, ""metadata"": null, ""description"": null, ""external_id"": null, ""normal_balance_type"": ""credit""}}",,2026-09-06 15:30:23.414343+00
01a07757-930f-7fc0-b97b-63c9a6365d08,1,initialized,"{""type"": ""initialized"", ""values"": {""id"": ""01a07757-930f-7fc0-b97b-63c9a6365d08"", ""code"": ""LOCKCEIL-01a07757930f7fc0b97b63ddf01c5e1b-83"", ""name"": ""lock ceiling 83"", ""config"": {""is_account_set"": false, ""eventually_consistent"": false}, ""status"": ""active"", ""version"": 1, ""metadata"": null, ""description"": null, ""external_id"": null, ""normal_balance_type"": ""credit""}}",,2026-09-06 15:30:23.414343+00
01a07757-930f-7fc0-b97b-63ea62efbbe4,1,initialized,"{""type"": ""initialized"", ""values"": {""id"": ""01a07757-930f-7fc0-b97b-63ea62efbbe4"", ""code"": ""LOCKCEIL-01a07757930f7fc0b97b63fb95bdcdcd-84"", ""name"": ""lock ceiling 84"", ""config"": {""is_account_set"": false, ""eventually_consistent"": false}, ""status"": ""active"", ""version"": 1, ""metadata"": null, ""description"": null, ""external_id"": null, ""normal_balance_type"": ""credit""}}",,2026-09-06 15:30:23.414343+00
01a07757-930f-7fc0-b97b-64041b788970,1,initialized,"{""type"": ""initialized"", ""values"": {""id"": ""01a07757-930f-7fc0-b97b-64041b788970"", ""code"": ""LOCKCEIL-01a07757930f7fc0b97b6416109ec35c-85"", ""name"": ""lock ceiling 85"", ""config"": {""is_account_set"": false, ""eventually_consistent"": false}, ""status"": ""active"", ""version"": 1, ""metadata"": null, ""description"": null, ""external_id"": null, ""normal_balance_type"": ""credit""}}",,2026-09-06 15:30:23.414343+00
01a07757-930f-7fc0-b97b-64220fa69571,1,initialized,"{""type"": ""initialized"", ""values"": {""id"": ""01a07757-930f-7fc0-b97b-64220fa69571"", ""code"": ""LOCKCEIL-01a07757930f7fc0b97b6434a6ad75a1-86"", ""name"": ""lock ceiling 86"", ""config"": {""is_account_set"": false, ""eventually_consistent"": false}, ""status"": ""active"", ""version"": 1, ""metadata"": null, ""description"": null, ""external_id"": null, ""normal_balance_type"": ""credit""}}",,2026-09-06 15:30:23.414343+00
01a07757-930f-7fc0-b97b-6447b87b23f0,1,initialized,"{""type"": ""initialized"", ""values"": {""id"": ""01a07757-930f-7fc0-b97b-6447b87b23f0"", ""code"": ""LOCKCEIL-01a07757930f7fc0b97b6457d310db5d-87"", ""name"": ""lock ceiling 87"", ""config"": {""is_account_set"": false, ""eventually_consistent"": false}, ""status"": ""active"", ""version"": 1, ""metadata"": null, ""description"": null, ""external_id"": null, ""normal_balance_type"": ""credit""}}",,2026-09-06 15:30:23.414343+00
01a07757-930f-7fc0-b97b-646c8564dd8b,1,initialized,"{""type"": ""initialized"", ""values"": {""id"": ""01a07757-930f-7fc0-b97b-646c8564dd8b"", ""code"": ""LOCKCEIL-01a07757930f7fc0b97b6473655a22dd-88"", ""name"": ""lock ceiling 88"", ""config"": {""is_account_set"": false, ""eventually_consistent"": false}, ""status"": ""active"", ""version"": 1, ""metadata"": null, ""description"": null, ""external_id"": null, ""normal_balance_type"": ""credit""}}",,2026-09-06 15:30:23.414343+00
01a07757-930f-7fc0-b97b-648f3e8bf975,1,initialized,"{""type"": ""initialized"", ""values"": {""id"": ""01a07757-930f-7fc0-b97b-648f3e8bf975"", ""code"": ""LOCKCEIL-01a07757930f7fc0b97b649724babd9b-89"", ""name"": ""lock ceiling 89"", ""config"": {""is_account_set"": false, ""eventually_consistent"": false}, ""status"": ""active"", ""version"": 1, ""metadata"": null, ""description"": null, ""external_id"": null, ""normal_balance_type"": ""credit""}}",,2026-09-06 15:30:23.414343+00
01a07757-930f-7fc0-b97b-64a033f5f329,1,initialized,"{""type"": ""initialized"", ""values"": {""id"": ""01a07757-930f-7fc0-b97b-64a033f5f329"", ""code"": ""LOCKCEIL-01a07757930f7fc0b97b64b82ec4cfc5-90"", ""name"": ""lock ceiling 90"", ""config"": {""is_account_set"": false, ""eventually_consistent"": false}, ""status"": ""active"", ""version"": 1, ""metadata"": null, ""description"": null, ""external_id"": null, ""normal_balance_type"": ""credit""}}",,2026-09-06 15:30:23.414343+00
01a07757-930f-7fc0-b97b-64c0233baa96,1,initialized,"{""type"": ""initialized"", ""values"": {""id"": ""01a07757-930f-7fc0-b97b-64c0233baa96"", ""code"": ""LOCKCEIL-01a07757930f7fc0b97b64d42d2b4466-91"", ""name"": ""lock ceiling 91"", ""config"": {""is_account_set"": false, ""eventually_consistent"": false}, ""status"": ""active"", ""version"": 1, ""metadata"": null, ""description"": null, ""external_id"": null, ""normal_balance_type"": ""credit""}}",,2026-09-06 15:30:23.414343+00
01a07757-930f-7fc0-b97b-64ee6e76487a,1,initialized,"{""type"": ""initialized"", ""values"": {""id"": ""01a07757-930f-7fc0-b97b-64ee6e76487a"", ""code"": ""LOCKCEIL-01a07757930f7fc0b97b64ff924faa5a-92"", ""name"": ""lock ceiling 92"", ""config"": {""is_account_set"": false, ""eventually_consistent"": false}, ""status"": ""active"", ""version"": 1, ""metadata"": null, ""description"": null, ""external_id"": null, ""normal_balance_type"": ""credit""}}",,2026-09-06 15:30:23.414343+00
01a07757-930f-7fc0-b97b-650bce75d05a,1,initialized,"{""type"": ""initialized"", ""values"": {""id"": ""01a07757-930f-7fc0-b97b-650bce75d05a"", ""code"": ""LOCKCEIL-01a07757930f7fc0b97b65148fb6ca34-93"", ""name"": ""lock ceiling 93"", ""config"": {""is_account_set"": false, ""eventually_consistent"": false}, ""status"": ""active"", ""version"": 1, ""metadata"": null, ""description"": null, ""external_id"": null, ""normal_balance_type"": ""credit""}}",,2026-09-06 15:30:23.414343+00
01a07757-930f-7fc0-b97b-652036857714,1,initialized,"{""type"": ""initialized"", ""values"": {""id"": ""01a07757-930f-7fc0-b97b-652036857714"", ""code"": ""LOCKCEIL-01a07757930f7fc0b97b653adb7e8727-94"", ""name"": ""lock ceiling 94"", ""config"": {""is_account_set"": false, ""eventually_consistent"": false}, ""status"": ""active"", ""version"": 1, ""metadata"": null, ""description"": null, ""external_id"": null, ""normal_balance_type"": ""credit""}}",,2026-09-06 15:30:23.414343+00
01a07757-930f-7fc0-b97b-654beca06db8,1,initialized,"{""type"": ""initialized"", ""values"": {""id"": ""01a07757-930f-7fc0-b97b-654beca06db8"", ""code"": ""LOCKCEIL-01a07757930f7fc0b97b655336a157aa-95"", ""name"": ""lock ceiling 95"", ""config"": {""is_account_set"": false, ""eventually_consistent"": false}, ""status"": ""active"", ""version"": 1, ""metadata"": null, ""description"": null, ""external_id"": null, ""normal_balance_type"": ""credit""}}",,2026-09-06 15:30:23.414343+00
01a07757-930f-7fc0-b97b-656afca1804d,1,initialized,"{""type"": ""initialized"", ""values"": {""id"": ""01a07757-930f-7fc0-b97b-656afca1804d"", ""code"": ""LOCKCEIL-01a07757930f7fc0b97b657a2559c441-96"", ""name"": ""lock ceiling 96"", ""config"": {""is_account_set"": false, ""eventually_consistent"": false}, ""status"": ""active"", ""version"": 1, ""metadata"": null, ""description"": null, ""external_id"": null, ""normal_balance_type"": ""credit""}}",,2026-09-06 15:30:23.414343+00
01a07757-930f-7fc0-b97b-65827166d8a8,1,initialized,"{""type"": ""initialized"", ""values"": {""id"": ""01a07757-930f-7fc0-b97b-65827166d8a8"", ""code"": ""LOCKCEIL-01a07757930f7fc0b97b659de873e31c-97"", ""name"": ""lock ceiling 97"", ""config"": {""is_account_set"": false, ""eventually_consistent"": false}, ""status"": ""active"", ""version"": 1, ""metadata"": null, ""description"": null, ""external_id"": null, ""normal_balance_type"": ""credit""}}",,2026-09-06 15:30:23.414343+00
01a07757-930f-7fc0-b97b-65a769623137,1,initialized,"{""type"": ""initialized"", ""values"": {""id"": ""01a07757-930f-7fc0-b97b-65a769623137"", ""code"": ""LOCKCEIL-01a07757930f7fc0b97b65bac553b3b5-98"", ""name"": ""lock ceiling 98"", ""config"": {""is_account_set"": false, ""eventually_consistent"": false}, ""status"": ""active"", ""version"": 1, ""metadata"": null, ""description"": null, ""external_id"": null, ""normal_balance_type"": ""credit""}}",,2026-09-06 15:30:23.414343+00
01a07757-930f-7fc0-b97b-65c4c47b8e76,1,initialized,"{""type"": ""initialized"", ""values"": {""id"": ""01a07757-930f-7fc0-b97b-65c4c47b8e76"", ""code"": ""LOCKCEIL-01a07757930f7fc0b97b65de8b9c9074-99"", ""name"": ""lock ceiling 99"", ""config"": {""is_account_set"": false, ""eventually_consistent"": false}, ""status"": ""active"", ""version"": 1, ""metadata"": null, ""description"": null, ""external_id"": null, ""normal_balance_type"": ""credit""}}",,2026-09-06 15:30:23.414343+00
01a07757-930f-7fc0-b97b-65e8a8d1d802,1,initialized,"{""type"": ""initialized"", ""values"": {""id"": ""01a07757-930f-7fc0-b97b-65e8a8d1d802"", ""code"": ""LOCKCEIL-01a07757930f7fc0b97b65fa0346a2f7-100"", ""name"": ""lock ceiling 100"", ""config"": {""is_account_set"": false, ""eventually_consistent"": false}, ""status"": ""active"", ""version"": 1, ""metadata"": null, ""description"": null, ""external_id"": null, ""normal_balance_type"": ""credit""}}",,2026-09-06 15:30:23.414343+00
01a07757-930f-7fc0-b97b-6601137b7cbb,1,initialized,"{""type"": ""initialized"", ""values"": {""id"": ""01a07757-930f-7fc0-b97b-6601137b7cbb"", ""code"": ""LOCKCEIL-01a07757930f7fc0b97b6618c41d604a-101"", ""name"": ""lock ceiling 101"", ""config"": {""is_account_set"": false, ""eventually_consistent"": false}, ""status"": ""active"", ""version"": 1, ""metadata"": null, ""description"": null, ""external_id"": null, ""normal_balance_type"": ""credit""}}",,2026-09-06 15:30:23.414343+00
01a07757-930f-7fc0-b97b-66293c2fed06,1,initialized,"{""type"": ""initialized"", ""values"": {""id"": ""01a07757-930f-7fc0-b97b-66293c2fed06"", ""code"": ""LOCKCEIL-01a07757930f7fc0b97b6632ac85385a-102"", ""name"": ""lock ceiling 102"", ""config"": {""is_account_set"": false, ""eventually_consistent"": false}, ""status"": ""active"", ""version"": 1, ""metadata"": null, ""description"": null, ""external_id"": null, ""normal_balance_type"": ""credit""}}",,2026-09-06 15:30:23.414343+00
01a07757-930f-7fc0-b97b-664605926228,1,initialized,"{""type"": ""initialized"", ""values"": {""id"": ""01a07757-930f-7fc0-b97b-664605926228"", ""code"": ""LOCKCEIL-01a07757930f7fc0b97b665257e389f9-103"", ""name"": ""lock ceiling 103"", ""config"": {""is_account_set"": false, ""eventually_consistent"": false}, ""status"": ""active"", ""version"": 1, ""metadata"": null, ""description"": null, ""external_id"": null, ""normal_balance_type"": ""credit""}}",,2026-09-06 15:30:23.414343+00
01a07757-930f-7fc0-b97b-6664569a4604,1,initialized,"{""type"": ""initialized"", ""values"": {""id"": ""01a07757-930f-7fc0-b97b-6664569a4604"", ""code"": ""LOCKCEIL-01a07757930f7fc0b97b667a90f0d556-104"", ""name"": ""lock ceiling 104"", ""config"": {""is_account_set"": false, ""eventually_consistent"": false}, ""status"": ""active"", ""version"": 1, ""metadata"": null, ""description"": null, ""external_id"": null, ""normal_balance_type"": ""credit""}}",,2026-09-06 15:30:23.414343+00
01a07757-930f-7fc0-b97b-6681fd156e05,1,initialized,"{""type"": ""initialized"", ""values"": {""id"": ""01a07757-930f-7fc0-b97b-6681fd156e05"", ""code"": ""LOCKCEIL-01a07757930f7fc0b97b66908377340c-105"", ""name"": ""lock ceiling 105"", ""config"": {""is_account_set"": false, ""eventually_consistent"": false}, ""status"": ""active"", ""version"": 1, ""metadata"": null, ""description"": null, ""external_id"": null, ""normal_balance_type"": ""credit""}}",,2026-09-06 15:30:23.414343+00
01a07757-930f-7fc0-b97b-66a971d61035,1,initialized,"{""type"": ""initialized"", ""values"": {""id"": ""01a07757-930f-7fc0-b97b-66a971d61035"", ""code"": ""LOCKCEIL-01a07757930f7fc0b97b66b3e189e9b5-106"", ""name"": ""lock ceiling 106"", ""config"": {""is_account_set"": false, ""eventually_consistent"": false}, ""status"": ""active"", ""version"": 1, ""metadata"": null, ""description"": null, ""external_id"": null, ""normal_balance_type"": ""credit""}}",,2026-09-06 15:30:23.414343+00
01a07757-930f-7fc0-b97b-66c43f9dccc8,1,initialized,"{""type"": ""initialized"", ""values"": {""id"": ""01a07757-930f-7fc0-b97b-66c43f9dccc8"", ""code"": ""LOCKCEIL-01a07757930f7fc0b97b66df3a966448-107"", ""name"": ""lock ceiling 107"", ""config"": {""is_account_set"": false, ""eventually_consistent"": false}, ""status"": ""active"", ""version"": 1, ""metadata"": null, ""description"": null, ""external_id"": null, ""normal_balance_type"": ""credit""}}",,2026-09-06 15:30:23.414343+00
01a07757-930f-7fc0-b97b-66e116f4af6e,1,initialized,"{""type"": ""initialized"", ""values"": {""id"": ""01a07757-930f-7fc0-b97b-66e116f4af6e"", ""code"": ""LOCKCEIL-01a077579310727293cd3512b535c5b5-108"", ""name"": ""lock ceiling 108"", ""config"": {""is_account_set"": false, ""eventually_consistent"": false}, ""status"": ""active"", ""version"": 1, ""metadata"": null, ""description"": null, ""external_id"": null, ""normal_balance_type"": ""credit""}}",,2026-09-06 15:30:23.414343+00
01a07757-9310-7272-93cd-352bf1d47e68,1,initialized,"{""type"": ""initialized"", ""values"": {""id"": ""01a07757-9310-7272-93cd-352bf1d47e68"", ""code"": ""LOCKCEIL-01a077579310727293cd3535da71d557-109"", ""name"": ""lock ceiling 109"", ""config"": {""is_account_set"": false, ""eventually_consistent"": false}, ""status"": ""active"", ""version"": 1, ""metadata"": null, ""description"": null, ""external_id"": null, ""normal_balance_type"": ""credit""}}",,2026-09-06 15:30:23.414343+00
01a07757-9310-7272-93cd-3547905bde62,1,initialized,"{""type"": ""initialized"", ""values"": {""id"": ""01a07757-9310-7272-93cd-3547905bde62"", ""code"": ""LOCKCEIL-01a077579310727293cd355ca1b3245b-110"", ""name"": ""lock ceiling 110"", ""config"": {""is_account_set"": false, ""eventually_consistent"": false}, ""status"": ""active"", ""version"": 1, ""metadata"": null, ""description"": null, ""external_id"": null, ""normal_balance_type"": ""credit""}}",,2026-09-06 15:30:23.414343+00
01a07757-9310-7272-93cd-356d16d777e7,1,initialized,"{""type"": ""initialized"", ""values"": {""id"": ""01a07757-9310-7272-93cd-356d16d777e7"", ""code"": ""LOCKCEIL-01a077579310727293cd357e6f8efcd1-111"", ""name"": ""lock ceiling 111"", ""config"": {""is_account_set"": false, ""eventually_consistent"": false}, ""status"": ""active"", ""version"": 1, ""metadata"": null, ""description"": null, ""external_id"": null, ""normal_balance_type"": ""credit""}}",,2026-09-06 15:30:23.414343+00
01a07757-9310-7272-93cd-358e0cfd802e,1,initialized,"{""type"": ""initialized"", ""values"": {""id"": ""01a07757-9310-7272-93cd-358e0cfd802e"", ""code"": ""LOCKCEIL-01a077579310727293cd359902de4ac8-112"", ""name"": ""lock ceiling 112"", ""config"": {""is_account_set"": false, ""eventually_consistent"": false}, ""status"": ""active"", ""version"": 1, ""metadata"": null, ""description"": null, ""external_id"": null, ""normal_balance_type"": ""credit""}}",,2026-09-06 15:30:23.414343+00
01a07757-9310-7272-93cd-35a788bc3f62,1,initialized,"{""type"": ""initialized"", ""values"": {""id"": ""01a07757-9310-7272-93cd-35a788bc3f62"", ""code"": ""LOCKCEIL-01a077579310727293cd35b840bb36fe-113"", ""name"": ""lock ceiling 113"", ""config"": {""is_account_set"": false, ""eventually_consistent"": false}, ""status"": ""active"", ""version"": 1, ""metadata"": null, ""description"": null, ""external_id"": null, ""normal_balance_type"": ""credit""}}",,2026-09-06 15:30:23.414343+00
01a07757-9310-7272-93cd-35c7b1486fc2,1,initialized,"{""type"": ""initialized"", ""values"": {""id"": ""01a07757-9310-7272-93cd-35c7b1486fc2"", ""code"": ""LOCKCEIL-01a077579310727293cd35df42221e3a-114"", ""name"": ""lock ceiling 114"", ""config"": {""is_account_set"": false, ""eventually_consistent"": false}, ""status"": ""active"", ""version"": 1, ""metadata"": null, ""description"": null, ""external_id"": null, ""normal_balance_type"": ""credit""}}",,2026-09-06 15:30:23.414343+00
01a07757-9310-7272-93cd-35ef2830966b,1,initialized,"{""type"": ""initialized"", ""values"": {""id"": ""01a07757-9310-7272-93cd-35ef2830966b"", ""code"": ""LOCKCEIL-01a077579310727293cd35fbb101450c-115"", ""name"": ""lock ceiling 115"", ""config"": {""is_account_set"": false, ""eventually_consistent"": false}, ""status"": ""active"", ""version"": 1, ""metadata"": null, ""description"": null, ""external_id"": null, ""normal_balance_type"": ""credit""}}",,2026-09-06 15:30:23.414343+00
01a07757-9310-7272-93cd-36065b5313fc,1,initialized,"{""type"": ""initialized"", ""values"": {""id"": ""01a07757-9310-7272-93cd-36065b5313fc"", ""code"": ""LOCKCEIL-01a077579310727293cd3619e94398da-116"", ""name"": ""lock ceiling 116"", ""config"": {""is_account_set"": false, ""eventually_consistent"": false}, ""status"": ""active"", ""version"": 1, ""metadata"": null, ""description"": null, ""external_id"": null, ""normal_balance_type"": ""credit""}}",,2026-09-06 15:30:23.414343+00
01a07757-9310-7272-93cd-3620774d1140,1,initialized,"{""type"": ""initialized"", ""values"": {""id"": ""01a07757-9310-7272-93cd-3620774d1140"", ""code"": ""LOCKCEIL-01a077579310727293cd36372c511d1f-117"", ""name"": ""lock ceiling 117"", ""config"": {""is_account_set"": false, ""eventually_consistent"": false}, ""status"": ""active"", ""version"": 1, ""metadata"": null, ""description"": null, ""external_id"": null, ""normal_balance_type"": ""credit""}}",,2026-09-06 15:30:23.414343+00
01a07757-9310-7272-93cd-3644cd4a9657,1,initialized,"{""type"": ""initialized"", ""values"": {""id"": ""01a07757-9310-7272-93cd-3644cd4a9657"", ""code"": ""LOCKCEIL-01a077579310727293cd3652f4426b92-118"", ""name"": ""lock ceiling 118"", ""config"": {""is_account_set"": false, ""eventually_consistent"": false}, ""status"": ""active"", ""version"": 1, ""metadata"": null, ""description"": null, ""external_id"": null, ""normal_balance_type"": ""credit""}}",,2026-09-06 15:30:23.414343+00
01a07757-9310-7272-93cd-366ff3ae26df,1,initialized,"{""type"": ""initialized"", ""values"": {""id"": ""01a07757-9310-7272-93cd-366ff3ae26df"", ""code"": ""LOCKCEIL-01a077579310727293cd3676a02e639a-119"", ""name"": ""lock ceiling 119"", ""config"": {""is_account_set"": false, ""eventually_consistent"": false}, ""status"": ""active"", ""version"": 1, ""metadata"": null, ""description"": null, ""external_id"": null, ""normal_balance_type"": ""credit""}}",,2026-09-06 15:30:23.414343+00
01a07757-9310-7272-93cd-36882a009ff3,1,initialized,"{""type"": ""initialized"", ""values"": {""id"": ""01a07757-9310-7272-93cd-36882a009ff3"", ""code"": ""LOCKCEIL-01a077579310727293cd369b2b3d95bb-120"", ""name"": ""lock ceiling 120"", ""config"": {""is_account_set"": false, ""eventually_consistent"": false}, ""status"": ""active"", ""version"": 1, ""metadata"": null, ""description"": null, ""external_id"": null, ""normal_balance_type"": ""credit""}}",,2026-09-06 15:30:23.414343+00
01a07757-9310-7272-93cd-36ac85d423c8,1,initialized,"{""type"": ""initialized"", ""values"": {""id"": ""01a07757-9310-7272-93cd-36ac85d423c8"", ""code"": ""LOCKCEIL-01a077579310727293cd36b206b617b4-121"", ""name"": ""lock ceiling 121"", ""config"": {""is_account_set"": false, ""eventually_consistent"": false}, ""status"": ""active"", ""version"": 1, ""metadata"": null, ""description"": null, ""external_id"": null, ""normal_balance_type"": ""credit""}}",,2026-09-06 15:30:23.414343+00
01a07757-9310-7272-93cd-36cdc4cec812,1,initialized,"{""type"": ""initialized"", ""values"": {""id"": ""01a07757-9310-7272-93cd-36cdc4cec812"", ""code"": ""LOCKCEIL-01a077579310727293cd36d58791deb6-122"", ""name"": ""lock ceiling 122"", ""config"": {""is_account_set"": false, ""eventually_consistent"": false}, ""status"": ""active"", ""version"": 1, ""metadata"": null, ""description"": null, ""external_id"": null, ""normal_balance_type"": ""credit""}}",,2026-09-06 15:30:23.414343+00
01a07757-9310-7272-93cd-36ef07741daa,1,initialized,"{""type"": ""initialized"", ""values"": {""id"": ""01a07757-9310-7272-93cd-36ef07741daa"", ""code"": ""LOCKCEIL-01a077579310727293cd36fee17f4f64-123"", ""name"": ""lock ceiling 123"", ""config"": {""is_account_set"": false, ""eventually_consistent"": false}, ""status"": ""active"", ""version"": 1, ""metadata"": null, ""description"": null, ""external_id"": null, ""normal_balance_type"": ""credit""}}",,2026-09-06 15:30:23.414343+00
01a07757-9310-7272-93cd-3704a9bfdb58,1,initialized,"{""type"": ""initialized"", ""values"": {""id"": ""01a07757-9310-7272-93cd-3704a9bfdb58"", ""code"": ""LOCKCEIL-01a077579310727293cd371363c63408-124"", ""name"": ""lock ceiling 124"", ""config"": {""is_account_set"": false, ""eventually_consistent"": false}, ""status"": ""active"", ""version"": 1, ""metadata"": null, ""description"": null, ""external_id"": null, ""normal_balance_type"": ""credit""}}",,2026-09-06 15:30:23.414343+00
01a07757-9310-7272-93cd-372c7f735cd1,1,initialized,"{""type"": ""initialized"", ""values"": {""id"": ""01a07757-9310-7272-93cd-372c7f735cd1"", ""code"": ""LOCKCEIL-01a077579310727293cd37341aaba74a-125"", ""name"": ""lock ceiling 125"", ""config"": {""is_account_set"": false, ""eventually_consistent"": false}, ""status"": ""active"", ""version"": 1, ""metadata"": null, ""description"": null, ""external_id"": null, ""normal_balance_type"": ""credit""}}",,2026-09-06 15:30:23.414343+00
01a07757-9310-7272-93cd-3744ee34b61a,1,initialized,"{""type"": ""initialized"", ""values"": {""id"": ""01a07757-9310-7272-93cd-3744ee34b61a"", ""code"": ""LOCKCEIL-01a077579310727293cd375a27875afb-126"", ""name"": ""lock ceiling 126"", ""config"": {""is_account_set"": false, ""eventually_consistent"": false}, ""status"": ""active"", ""version"": 1, ""metadata"": null, ""description"": null, ""external_id"": null, ""normal_balance_type"": ""credit""}}",,2026-09-06 15:30:23.414343+00
01a07757-9310-7272-93cd-376812a510bf,1,initialized,"{""type"": ""initialized"", ""values"": {""id"": ""01a07757-9310-7272-93cd-376812a510bf"", ""code"": ""LOCKCEIL-01a077579310727293cd3774b11dad75-127"", ""name"": ""lock ceiling 127"", ""config"": {""is_account_set"": false, ""eventually_consistent"": false}, ""status"": ""active"", ""version"": 1, ""metadata"": null, ""description"": null, ""external_id"": null, ""normal_balance_type"": ""credit""}}",,2026-09-06 15:30:23.414343+00
01a07757-9310-7272-93cd-378bfb6bceea,1,initialized,"{""type"": ""initialized"", ""values"": {""id"": ""01a07757-9310-7272-93cd-378bfb6bceea"", ""code"": ""LOCKCEIL-01a077579310727293cd379a2c2ee2e2-128"", ""name"": ""lock ceiling 128"", ""config"": {""is_account_set"": false, ""eventually_consistent"": false}, ""status"": ""active"", ""version"": 1, ""metadata"": null, ""description"": null, ""external_id"": null, ""normal_balance_type"": ""credit""}}",,2026-09-06 15:30:23.414343+00
01a07757-9310-7272-93cd-37aa1d7a201c,1,initialized,"{""type"": ""initialized"", ""values"": {""id"": ""01a07757-9310-7272-93cd-37aa1d7a201c"", ""code"": ""LOCKCEIL-01a077579310727293cd37b8bb8dc12d-129"", ""name"": ""lock ceiling 129"", ""config"": {""is_account_set"": false, ""eventually_consistent"": false}, ""status"": ""active"", ""version"": 1, ""metadata"": null, ""description"": null, ""external_id"": null, ""normal_balance_type"": ""credit""}}",,2026-09-06 15:30:23.414343+00
01a07757-9310-7272-93cd-37ca457c909d,1,initialized,"{""type"": ""initialized"", ""values"": {""id"": ""01a07757-9310-7272-93cd-37ca457c909d"", ""code"": ""LOCKCEIL-01a077579310727293cd37df6a9f2c1e-130"", ""name"": ""lock ceiling 130"", ""config"": {""is_account_set"": false, ""eventually_consistent"": false}, ""status"": ""active"", ""version"": 1, ""metadata"": null, ""description"": null, ""external_id"": null, ""normal_balance_type"": ""credit""}}",,2026-09-06 15:30:23.414343+00
01a07757-9310-7272-93cd-37e0f54fdf9c,1,initialized,"{""type"": ""initialized"", ""values"": {""id"": ""01a07757-9310-7272-93cd-37e0f54fdf9c"", ""code"": ""LOCKCEIL-01a077579310727293cd37f4a2a88c94-131"", ""name"": ""lock ceiling 131"", ""config"": {""is_account_set"": false, ""eventually_consistent"": false}, ""status"": ""active"", ""version"": 1, ""metadata"": null, ""description"": null, ""external_id"": null, ""normal_balance_type"": ""credit""}}",,2026-09-06 15:30:23.414343+00
01a07757-9310-7272-93cd-38058bebd630,1,initialized,"{""type"": ""initialized"", ""values"": {""id"": ""01a07757-9310-7272-93cd-38058bebd630"", ""code"": ""LOCKCEIL-01a077579310727293cd3817daedeaa3-132"", ""name"": ""lock ceiling 132"", ""config"": {""is_account_set"": false, ""eventually_consistent"": false}, ""status"": ""active"", ""version"": 1, ""metadata"": null, ""description"": null, ""external_id"": null, ""normal_balance_type"": ""credit""}}",,2026-09-06 15:30:23.414343+00
01a07757-9310-7272-93cd-382ff7db0cd5,1,initialized,"{""type"": ""initialized"", ""values"": {""id"": ""01a07757-9310-7272-93cd-382ff7db0cd5"", ""code"": ""LOCKCEIL-01a077579310727293cd383dad8b1a81-133"", ""name"": ""lock ceiling 133"", ""config"": {""is_account_set"": false, ""eventually_consistent"": false}, ""status"": ""active"", ""version"": 1, ""metadata"": null, ""description"": null, ""external_id"": null, ""normal_balance_type"": ""credit""}}",,2026-09-06 15:30:23.414343+00
01a07757-9310-7272-93cd-384dab5ed3a3,1,initialized,"{""type"": ""initialized"", ""values"": {""id"": ""01a07757-9310-7272-93cd-384dab5ed3a3"", ""code"": ""LOCKCEIL-01a077579310727293cd385081128db6-134"", ""name"": ""lock ceiling 134"", ""config"": {""is_account_set"": false, ""eventually_consistent"": false}, ""status"": ""active"", ""version"": 1, ""metadata"": null, ""description"": null, ""external_id"": null, ""normal_balance_type"": ""credit""}}",,2026-09-06 15:30:23.414343+00
01a07757-9310-7272-93cd-3863b9492a97,1,initialized,"{""type"": ""initialized"", ""values"": {""id"": ""01a07757-9310-7272-93cd-3863b9492a97"", ""code"": ""LOCKCEIL-01a077579310727293cd38714c137dde-135"", ""name"": ""lock ceiling 135"", ""config"": {""is_account_set"": false, ""eventually_consistent"": false}, ""status"": ""active"", ""version"": 1, ""metadata"": null, ""description"": null, ""external_id"": null, ""normal_balance_type"": ""credit""}}",,2026-09-06 15:30:23.414343+00
01a07757-9310-7272-93cd-3881c526c235,1,initialized,"{""type"": ""initialized"", ""values"": {""id"": ""01a07757-9310-7272-93cd-3881c526c235"", ""code"": ""LOCKCEIL-01a077579310727293cd3898a443963c-136"", ""name"": ""lock ceiling 136"", ""config"": {""is_account_set"": false, ""eventually_consistent"": false}, ""status"": ""active"", ""version"": 1, ""metadata"": null, ""description"": null, ""external_id"": null, ""normal_balance_type"": ""credit""}}",,2026-09-06 15:30:23.414343+00
01a07757-9310-7272-93cd-38abdcdd56d6,1,initialized,"{""type"": ""initialized"", ""values"": {""id"": ""01a07757-9310-7272-93cd-38abdcdd56d6"", ""code"": ""LOCKCEIL-01a077579310727293cd38b394048b2a-137"", ""name"": ""lock ceiling 137"", ""config"": {""is_account_set"": false, ""eventually_consistent"": false}, ""status"": ""active"", ""version"": 1, ""metadata"": null, ""description"": null, ""external_id"": null, ""normal_balance_type"": ""credit""}}",,2026-09-06 15:30:23.414343+00
01a07757-9310-7272-93cd-38c5ea1e1b74,1,initialized,"{""type"": ""initialized"", ""values"": {""id"": ""01a07757-9310-7272-93cd-38c5ea1e1b74"", ""code"": ""LOCKCEIL-01a077579310727293cd38d711ce9e86-138"", ""name"": ""lock ceiling 138"", ""config"": {""is_account_set"": false, ""eventually_consistent"": false}, ""status"": ""active"", ""version"": 1, ""metadata"": null, ""description"": null, ""external_id"": null, ""normal_balance_type"": ""credit""}}",,2026-09-06 15:30:23.414343+00
01a07757-9310-7272-93cd-38e742bd312e,1,initialized,"{""type"": ""initialized"", ""values"": {""id"": ""01a07757-9310-7272-93cd-38e742bd312e"", ""code"": ""LOCKCEIL-01a077579310727293cd38f3c41b0562-139"", ""name"": ""lock ceiling 139"", ""config"": {""is_account_set"": false, ""eventually_consistent"": false}, ""status"": ""active"", ""version"": 1, ""metadata"": null, ""description"": null, ""external_id"": null, ""normal_balance_type"": ""credit""}}",,2026-09-06 15:30:23.414343+00
01a07757-9310-7272-93cd-390982267db3,1,initialized,"{""type"": ""initialized"", ""values"": {""id"": ""01a07757-9310-7272-93cd-390982267db3"", ""code"": ""LOCKCEIL-01a077579310727293cd391cfdcbd09f-140"", ""name"": ""lock ceiling 140"", ""config"": {""is_account_set"": false, ""eventually_consistent"": false}, ""status"": ""active"", ""version"": 1, ""metadata"": null, ""description"": null, ""external_id"": null, ""normal_balance_type"": ""credit""}}",,2026-09-06 15:30:23.414343+00
01a07757-9310-7272-93cd-39224354c047,1,initialized,"{""type"": ""initialized"", ""values"": {""id"": ""01a07757-9310-7272-93cd-39224354c047"", ""code"": ""LOCKCEIL-01a077579310727293cd393f7672c108-141"", ""name"": ""lock ceiling 141"", ""config"": {""is_account_set"": false, ""eventually_consistent"": false}, ""status"": ""active"", ""version"": 1, ""metadata"": null, ""description"": null, ""external_id"": null, ""normal_balance_type"": ""credit""}}",,2026-09-06 15:30:23.414343+00
01a07757-9310-7272-93cd-39448acda20c,1,initialized,"{""type"": ""initialized"", ""values"": {""id"": ""01a07757-9310-7272-93cd-39448acda20c"", ""code"": ""LOCKCEIL-01a077579310727293cd395edf07eb0f-142"", ""name"": ""lock ceiling 142"", ""config"": {""is_account_set"": false, ""eventually_consistent"": false}, ""status"": ""active"", ""version"": 1, ""metadata"": null, ""description"": null, ""external_id"": null, ""normal_balance_type"": ""credit""}}",,2026-09-06 15:30:23.414343+00
01a07757-9310-7272-93cd-396825bf8a76,1,initialized,"{""type"": ""initialized"", ""values"": {""id"": ""01a07757-9310-7272-93cd-396825bf8a76"", ""code"": ""LOCKCEIL-01a077579310727293cd39751dfc43c5-143"", ""name"": ""lock ceiling 143"", ""config"": {""is_account_set"": false, ""eventually_consistent"": false}, ""status"": ""active"", ""version"": 1, ""metadata"": null, ""description"": null, ""external_id"": null, ""normal_balance_type"": ""credit""}}",,2026-09-06 15:30:23.414343+00
01a07757-9310-7272-93cd-3981f2bce33f,1,initialized,"{""type"": ""initialized"", ""values"": {""id"": ""01a07757-9310-7272-93cd-3981f2bce33f"", ""code"": ""LOCKCEIL-01a077579310727293cd399f1d50ddfc-144"", ""name"": ""lock ceiling 144"", ""config"": {""is_account_set"": false, ""eventually_consistent"": false}, ""status"": ""active"", ""version"": 1, ""metadata"": null, ""description"": null, ""external_id"": null, ""normal_balance_type"": ""credit""}}",,2026-09-06 15:30:23.414343+00
01a07757-9310-7272-93cd-39a646174b7f,1,initialized,"{""type"": ""initialized"", ""values"": {""id"": ""01a07757-9310-7272-93cd-39a646174b7f"", ""code"": ""LOCKCEIL-01a077579310727293cd39b6378ec9d7-145"", ""name"": ""lock ceiling 145"", ""config"": {""is_account_set"": false, ""eventually_consistent"": false}, ""status"": ""active"", ""version"": 1, ""metadata"": null, ""description"": null, ""external_id"": null, ""normal_balance_type"": ""credit""}}",,2026-09-06 15:30:23.414343+00
01a07757-9310-7272-93cd-39c8681ec338,1,initialized,"{""type"": ""initialized"", ""values"": {""id"": ""01a07757-9310-7272-93cd-39c8681ec338"", ""code"": ""LOCKCEIL-01a077579310727293cd39dc21e88196-146"", ""name"": ""lock ceiling 146"", ""config"": {""is_account_set"": false, ""eventually_consistent"": false}, ""status"": ""active"", ""version"": 1, ""metadata"": null, ""description"": null, ""external_id"": null, ""normal_balance_type"": ""credit""}}",,2026-09-06 15:30:23.414343+00
01a07757-9310-7272-93cd-39ee259e4e6c,1,initialized,"{""type"": ""initialized"", ""values"": {""id"": ""01a07757-9310-7272-93cd-39ee259e4e6c"", ""code"": ""LOCKCEIL-01a077579310727293cd39f6b2d3b178-147"", ""name"": ""lock ceiling 147"", ""config"": {""is_account_set"": false, ""eventually_consistent"": false}, ""status"": ""active"", ""version"": 1, ""metadata"": null, ""description"": null, ""external_id"": null, ""normal_balance_type"": ""credit""}}",,2026-09-06 15:30:23.414343+00
01a07757-9310-7272-93cd-3a0b18b82846,1,initialized,"{""type"": ""initialized"", ""values"": {""id"": ""01a07757-9310-7272-93cd-3a0b18b82846"", ""code"": ""LOCKCEIL-01a077579310727293cd3a114a7e61de-148"", ""name"": ""lock ceiling 148"", ""config"": {""is_account_set"": false, ""eventually_consistent"": false}, ""status"": ""active"", ""version"": 1, ""metadata"": null, ""description"": null, ""external_id"": null, ""normal_balance_type"": ""credit""}}",,2026-09-06 15:30:23.414343+00
01a07757-9310-7272-93cd-3a22688e8efd,1,initialized,"{""type"": ""initialized"", ""values"": {""id"": ""01a07757-9310-7272-93cd-3a22688e8efd"", ""code"": ""LOCKCEIL-01a077579310727293cd3a30dd4124d3-149"", ""name"": ""lock ceiling 149"", ""config"": {""is_account_set"": false, ""eventually_consistent"": false}, ""status"": ""active"", ""version"": 1, ""metadata"": null, ""description"": null, ""external_id"": null, ""normal_balance_type"": ""credit""}}",,2026-09-06 15:30:23.414343+00
01a07757-9310-7272-93cd-3a40a3266f29,1,initialized,"{""type"": ""initialized"", ""values"": {""id"": ""01a07757-9310-7272-93cd-3a40a3266f29"", ""code"": ""LOCKCEIL-01a077579310727293cd3a5da03b4cb3-150"", ""name"": ""lock ceiling 150"", ""config"": {""is_account_set"": false, ""eventually_consistent"": false}, ""status"": ""active"", ""version"": 1, ""metadata"": null, ""description"": null, ""external_id"": null, ""normal_balance_type"": ""credit""}}",,2026-09-06 15:30:23.414343+00
01a07757-9310-7272-93cd-3a61a268c4a1,1,initialized,"{""type"": ""initialized"", ""values"": {""id"": ""01a07757-9310-7272-93cd-3a61a268c4a1"", ""code"": ""LOCKCEIL-01a077579310727293cd3a763f5953a9-151"", ""name"": ""lock ceiling 151"", ""config"": {""is_account_set"": false, ""eventually_consistent"": false}, ""status"": ""active"", ""version"": 1, ""metadata"": null, ""description"": null, ""external_id"": null, ""normal_balance_type"": ""credit""}}",,2026-09-06 15:30:23.414343+00
01a07757-9310-7272-93cd-3a85b54c98cb,1,initialized,"{""type"": ""initialized"", ""values"": {""id"": ""01a07757-9310-7272-93cd-3a85b54c98cb"", ""code"": ""LOCKCEIL-01a077579310727293cd3a9607156d48-152"", ""name"": ""lock ceiling 152"", ""config"": {""is_account_set"": false, ""eventually_consistent"": false}, ""status"": ""active"", ""version"": 1, ""metadata"": null, ""description"": null, ""external_id"": null, ""normal_balance_type"": ""credit""}}",,2026-09-06 15:30:23.414343+00
01a07757-9310-7272-93cd-3aab25e16b57,1,initialized,"{""type"": ""initialized"", ""values"": {""id"": ""01a07757-9310-7272-93cd-3aab25e16b57"", ""code"": ""LOCKCEIL-01a077579310727293cd3ab2ea8a3aac-153"", ""name"": ""lock ceiling 153"", ""config"": {""is_account_set"": false, ""eventually_consistent"": false}, ""status"": ""active"", ""version"": 1, ""metadata"": null, ""description"": null, ""external_id"": null, ""normal_balance_type"": ""credit""}}",,2026-09-06 15:30:23.414343+00
01a07757-9310-7272-93cd-3ac69bb4037a,1,initialized,"{""type"": ""initialized"", ""values"": {""id"": ""01a07757-9310-7272-93cd-3ac69bb4037a"", ""code"": ""LOCKCEIL-01a077579310727293cd3ad41ec87bfa-154"", ""name"": ""lock ceiling 154"", ""config"": {""is_account_set"": false, ""eventually_consistent"": false}, ""status"": ""active"", ""version"": 1, ""metadata"": null, ""description"": null, ""external_id"": null, ""normal_balance_type"": ""credit""}}",,2026-09-06 15:30:23.414343+00
01a07757-9310-7272-93cd-3ae765fb99a5,1,initialized,"{""type"": ""initialized"", ""values"": {""id"": ""01a07757-9310-7272-93cd-3ae765fb99a5"", ""code"": ""LOCKCEIL-01a077579310727293cd3af3b880d29f-155"", ""name"": ""lock ceiling 155"", ""config"": {""is_account_set"": false, ""eventually_consistent"": false}, ""status"": ""active"", ""version"": 1, ""metadata"": null, ""description"": null, ""external_id"": null, ""normal_balance_type"": ""credit""}}",,2026-09-06 15:30:23.414343+00
01a07757-9310-7272-93cd-3b00cefbd4d0,1,initialized,"{""type"": ""initialized"", ""values"": {""id"": ""01a07757-9310-7272-93cd-3b00cefbd4d0"", ""code"": ""LOCKCEIL-01a077579310727293cd3b1cca02d516-156"", ""name"": ""lock ceiling 156"", ""config"": {""is_account_set"": false, ""eventually_consistent"": false}, ""status"": ""active"", ""version"": 1, ""metadata"": null, ""description"": null, ""external_id"": null, ""normal_balance_type"": ""credit""}}",,2026-09-06 15:30:23.414343+00
01a07757-9310-7272-93cd-3b287ee8c662,1,initialized,"{""type"": ""initialized"", ""values"": {""id"": ""01a07757-9310-7272-93cd-3b287ee8c662"", ""code"": ""LOCKCEIL-01a077579310727293cd3b36bac7d134-157"", ""name"": ""lock ceiling 157"", ""config"": {""is_account_set"": false, ""eventually_consistent"": false}, ""status"": ""active"", ""version"": 1, ""metadata"": null, ""description"": null, ""external_id"": null, ""normal_balance_type"": ""credit""}}",,2026-09-06 15:30:23.414343+00
01a07757-9310-7272-93cd-3b4249db2159,1,initialized,"{""type"": ""initialized"", ""values"": {""id"": ""01a07757-9310-7272-93cd-3b4249db2159"", ""code"": ""LOCKCEIL-01a077579310727293cd3b51859a337a-158"", ""name"": ""lock ceiling 158"", ""config"": {""is_account_set"": false, ""eventually_consistent"": false}, ""status"": ""active"", ""version"": 1, ""metadata"": null, ""description"": null, ""external_id"": null, ""normal_balance_type"": ""credit""}}",,2026-09-06 15:30:23.414343+00
01a07757-9310-7272-93cd-3b66fca8849c,1,initialized,"{""type"": ""initialized"", ""values"": {""id"": ""01a07757-9310-7272-93cd-3b66fca8849c"", ""code"": ""LOCKCEIL-01a077579310727293cd3b7b2561fc1f-159"", ""name"": ""lock ceiling 159"", ""config"": {""is_account_set"": false, ""eventually_consistent"": false}, ""status"": ""active"", ""version"": 1, ""metadata"": null, ""description"": null, ""external_id"": null, ""normal_balance_type"": ""credit""}}",,2026-09-06 15:30:23.414343+00
01a07757-9310-7272-93cd-3b83da4c54f1,1,initialized,"{""type"": ""initialized"", ""values"": {""id"": ""01a07757-9310-7272-93cd-3b83da4c54f1"", ""code"": ""LOCKCEIL-01a077579310727293cd3b97c6129629-160"", ""name"": ""lock ceiling 160"", ""config"": {""is_account_set"": false, ""eventually_consistent"": false}, ""status"": ""active"", ""version"": 1, ""metadata"": null, ""description"": null, ""external_id"": null, ""normal_balance_type"": ""credit""}}",,2026-09-06 15:30:23.414343+00
01a07757-9310-7272-93cd-3bad5d5777f7,1,initialized,"{""type"": ""initialized"", ""values"": {""id"": ""01a07757-9310-7272-93cd-3bad5d5777f7"", ""code"": ""LOCKCEIL-01a077579310727293cd3bb3fd2b7f10-161"", ""name"": ""lock ceiling 161"", ""config"": {""is_account_set"": false, ""eventually_consistent"": false}, ""status"": ""active"", ""version"": 1, ""metadata"": null, ""description"": null, ""external_id"": null, ""normal_balance_type"": ""credit""}}",,2026-09-06 15:30:23.414343+00
01a07757-9310-7272-93cd-3bcc8a4fee76,1,initialized,"{""type"": ""initialized"", ""values"": {""id"": ""01a07757-9310-7272-93cd-3bcc8a4fee76"", ""code"": ""LOCKCEIL-01a077579310727293cd3bd8ea9ef0ed-162"", ""name"": ""lock ceiling 162"", ""config"": {""is_account_set"": false, ""eventually_consistent"": false}, ""status"": ""active"", ""version"": 1, ""metadata"": null, ""description"": null, ""external_id"": null, ""normal_balance_type"": ""credit""}}",,2026-09-06 15:30:23.414343+00
01a07757-9310-7272-93cd-3bea53706328,1,initialized,"{""type"": ""initialized"", ""values"": {""id"": ""01a07757-9310-7272-93cd-3bea53706328"", ""code"": ""LOCKCEIL-01a077579310727293cd3bfe4a41385a-163"", ""name"": ""lock ceiling 163"", ""config"": {""is_account_set"": false, ""eventually_consistent"": false}, ""status"": ""active"", ""version"": 1, ""metadata"": null, ""description"": null, ""external_id"": null, ""normal_balance_type"": ""credit""}}",,2026-09-06 15:30:23.414343+00
01a07757-9310-7272-93cd-3c0bb3a92148,1,initialized,"{""type"": ""initialized"", ""values"": {""id"": ""01a07757-9310-7272-93cd-3c0bb3a92148"", ""code"": ""LOCKCEIL-01a077579310727293cd3c1b2c12a31b-164"", ""name"": ""lock ceiling 164"", ""config"": {""is_account_set"": false, ""eventually_consistent"": false}, ""status"": ""active"", ""version"": 1, ""metadata"": null, ""description"": null, ""external_id"": null, ""normal_balance_type"": ""credit""}}",,2026-09-06 15:30:23.414343+00
01a07757-9310-7272-93cd-3c24c3d43a0d,1,initialized,"{""type"": ""initialized"", ""values"": {""id"": ""01a07757-9310-7272-93cd-3c24c3d43a0d"", ""code"": ""LOCKCEIL-01a077579310727293cd3c38a6dd743b-165"", ""name"": ""lock ceiling 165"", ""config"": {""is_account_set"": false, ""eventually_consistent"": false}, ""status"": ""active"", ""version"": 1, ""metadata"": null, ""description"": null, ""external_id"": null, ""normal_balance_type"": ""credit""}}",,2026-09-06 15:30:23.414343+00
01a07757-9310-7272-93cd-3c4ecbf48531,1,initialized,"{""type"": ""initialized"", ""values"": {""id"": ""01a07757-9310-7272-93cd-3c4ecbf48531"", ""code"": ""LOCKCEIL-01a077579310727293cd3c598dd8338f-166"", ""name"": ""lock ceiling 166"", ""config"": {""is_account_set"": false, ""eventually_consistent"": false}, ""status"": ""active"", ""version"": 1, ""metadata"": null, ""description"": null, ""external_id"": null, ""normal_balance_type"": ""credit""}}",,2026-09-06 15:30:23.414343+00
01a07757-9310-7272-93cd-3c62f15281f9,1,initialized,"{""type"": ""initialized"", ""values"": {""id"": ""01a07757-9310-7272-93cd-3c62f15281f9"", ""code"": ""LOCKCEIL-01a077579310727293cd3c790dec1f78-167"", ""name"": ""lock ceiling 167"", ""config"": {""is_account_set"": false, ""eventually_consistent"": false}, ""status"": ""active"", ""version"": 1, ""metadata"": null, ""description"": null, ""external_id"": null, ""normal_balance_type"": ""credit""}}",,2026-09-06 15:30:23.414343+00
01a07757-9310-7272-93cd-3c83a73f1988,1,initialized,"{""type"": ""initialized"", ""values"": {""id"": ""01a07757-9310-7272-93cd-3c83a73f1988"", ""code"": ""LOCKCEIL-01a077579310727293cd3c9f6f982751-168"", ""name"": ""lock ceiling 168"", ""config"": {""is_account_set"": false, ""eventually_consistent"": false}, ""status"": ""active"", ""version"": 1, ""metadata"": null, ""description"": null, ""external_id"": null, ""normal_balance_type"": ""credit""}}",,2026-09-06 15:30:23.414343+00
01a07757-9310-7272-93cd-3ca1d58195e5,1,initialized,"{""type"": ""initialized"", ""values"": {""id"": ""01a07757-9310-7272-93cd-3ca1d58195e5"", ""code"": ""LOCKCEIL-01a077579310727293cd3cb0229ba98f-169"", ""name"": ""lock ceiling 169"", ""config"": {""is_account_set"": false, ""eventually_consistent"": false}, ""status"": ""active"", ""version"": 1, ""metadata"": null, ""description"": null, ""external_id"": null, ""normal_balance_type"": ""credit""}}",,2026-09-06 15:30:23.414343+00
01a07757-9310-7272-93cd-3cce9604add2,1,initialized,"{""type"": ""initialized"", ""values"": {""id"": ""01a07757-9310-7272-93cd-3cce9604add2"", ""code"": ""LOCKCEIL-01a077579310727293cd3cd4ea12d583-170"", ""name"": ""lock ceiling 170"", ""config"": {""is_account_set"": false, ""eventually_consistent"": false}, ""status"": ""active"", ""version"": 1, ""metadata"": null, ""description"": null, ""external_id"": null, ""normal_balance_type"": ""credit""}}",,2026-09-06 15:30:23.414343+00
01a07757-9310-7272-93cd-3ce6497ccead,1,initialized,"{""type"": ""initialized"", ""values"": {""id"": ""01a07757-9310-7272-93cd-3ce6497ccead"", ""code"": ""LOCKCEIL-01a077579310727293cd3cf0e48b50cf-171"", ""name"": ""lock ceiling 171"", ""config"": {""is_account_set"": false, ""eventually_consistent"": false}, ""status"": ""active"", ""version"": 1, ""metadata"": null, ""description"": null, ""external_id"": null, ""normal_balance_type"": ""credit""}}",,2026-09-06 15:30:23.414343+00
01a07757-9310-7272-93cd-3d0044b8f3c5,1,initialized,"{""type"": ""initialized"", ""values"": {""id"": ""01a07757-9310-7272-93cd-3d0044b8f3c5"", ""code"": ""LOCKCEIL-01a077579310727293cd3d13b68285e7-172"", ""name"": ""lock ceiling 172"", ""config"": {""is_account_set"": false, ""eventually_consistent"": false}, ""status"": ""active"", ""version"": 1, ""metadata"": null, ""description"": null, ""external_id"": null, ""normal_balance_type"": ""credit""}}",,2026-09-06 15:30:23.414343+00
01a07757-9310-7272-93cd-3d2f7c7c7488,1,initialized,"{""type"": ""initialized"", ""values"": {""id"": ""01a07757-9310-7272-93cd-3d2f7c7c7488"", ""code"": ""LOCKCEIL-01a077579310727293cd3d30e3394e68-173"", ""name"": ""lock ceiling 173"", ""config"": {""is_account_set"": false, ""eventually_consistent"": false}, ""status"": ""active"", ""version"": 1, ""metadata"": null, ""description"": null, ""external_id"": null, ""normal_balance_type"": ""credit""}}",,2026-09-06 15:30:23.414343+00
01a07757-9310-7272-93cd-3d4bf78b3967,1,initialized,"{""type"": ""initialized"", ""values"": {""id"": ""01a07757-9310-7272-93cd-3d4bf78b3967"", ""code"": ""LOCKCEIL-01a077579310727293cd3d51cb47cc8a-174"", ""name"": ""lock ceiling 174"", ""config"": {""is_account_set"": false, ""eventually_consistent"": false}, ""status"": ""active"", ""version"": 1, ""metadata"": null, ""description"": null, ""external_id"": null, ""normal_balance_type"": ""credit""}}",,2026-09-06 15:30:23.414343+00
01a07757-9310-7272-93cd-3d635760f889,1,initialized,"{""type"": ""initialized"", ""values"": {""id"": ""01a07757-9310-7272-93cd-3d635760f889"", ""code"": ""LOCKCEIL-01a077579310727293cd3d7333d3404b-175"", ""name"": ""lock ceiling 175"", ""config"": {""is_account_set"": false, ""eventually_consistent"": false}, ""status"": ""active"", ""version"": 1, ""metadata"": null, ""description"": null, ""external_id"": null, ""normal_balance_type"": ""credit""}}",,2026-09-06 15:30:23.414343+00
01a07757-9310-7272-93cd-3d872a0cb25d,1,initialized,"{""type"": ""initialized"", ""values"": {""id"": ""01a07757-9310-7272-93cd-3d872a0cb25d"", ""code"": ""LOCKCEIL-01a077579310727293cd3d9f815ee9d6-176"", ""name"": ""lock ceiling 176"", ""config"": {""is_account_set"": false, ""eventually_consistent"": false}, ""status"": ""active"", ""version"": 1, ""metadata"": null, ""description"": null, ""external_id"": null, ""normal_balance_type"": ""credit""}}",,2026-09-06 15:30:23.414343+00
01a07757-9310-7272-93cd-3da2de359954,1,initialized,"{""type"": ""initialized"", ""values"": {""id"": ""01a07757-9310-7272-93cd-3da2de359954"", ""code"": ""LOCKCEIL-01a077579310727293cd3db6f8422c90-177"", ""name"": ""lock ceiling 177"", ""config"": {""is_account_set"": false, ""eventually_consistent"": false}, ""status"": ""active"", ""version"": 1, ""metadata"": null, ""description"": null, ""external_id"": null, ""normal_balance_type"": ""credit""}}",,2026-09-06 15:30:23.414343+00
01a07757-9310-7272-93cd-3dc0a283ac4c,1,initialized,"{""type"": ""initialized"", ""values"": {""id"": ""01a07757-9310-7272-93cd-3dc0a283ac4c"", ""code"": ""LOCKCEIL-01a077579310727293cd3dda464737cd-178"", ""name"": ""lock ceiling 178"", ""config"": {""is_account_set"": false, ""eventually_consistent"": false}, ""status"": ""active"", ""version"": 1, ""metadata"": null, ""description"": null, ""external_id"": null, ""normal_balance_type"": ""credit""}}",,2026-09-06 15:30:23.414343+00
01a07757-9310-7272-93cd-3de9f18ed2ff,1,initialized,"{""type"": ""initialized"", ""values"": {""id"": ""01a07757-9310-7272-93cd-3de9f18ed2ff"", ""code"": ""LOCKCEIL-01a077579310727293cd3dfa4097bd77-179"", ""name"": ""lock ceiling 179"", ""config"": {""is_account_set"": false, ""eventually_consistent"": false}, ""status"": ""active"", ""version"": 1, ""metadata"": null, ""description"": null, ""external_id"": null, ""normal_balance_type"": ""credit""}}",,2026-09-06 15:30:23.414343+00
01a07757-9310-7272-93cd-3e0d34ee2f3e,1,initialized,"{""type"": ""initialized"", ""values"": {""id"": ""01a07757-9310-7272-93cd-3e0d34ee2f3e"", ""code"": ""LOCKCEIL-01a077579310727293cd3e1be67beaa1-180"", ""name"": ""lock ceiling 180"", ""config"": {""is_account_set"": false, ""eventually_consistent"": false}, ""status"": ""active"", ""version"": 1, ""metadata"": null, ""description"": null, ""external_id"": null, ""normal_balance_type"": ""credit""}}",,2026-09-06 15:30:23.414343+00
01a07757-9310-7272-93cd-3e23b255dafc,1,initialized,"{""type"": ""initialized"", ""values"": {""id"": ""01a07757-9310-7272-93cd-3e23b255dafc"", ""code"": ""LOCKCEIL-01a077579310727293cd3e39ec0b359f-181"", ""name"": ""lock ceiling 181"", ""config"": {""is_account_set"": false, ""eventually_consistent"": false}, ""status"": ""active"", ""version"": 1, ""metadata"": null, ""description"": null, ""external_id"": null, ""normal_balance_type"": ""credit""}}",,2026-09-06 15:30:23.414343+00
01a07757-9310-7272-93cd-3e4dfcc5d2b3,1,initialized,"{""type"": ""initialized"", ""values"": {""id"": ""01a07757-9310-7272-93cd-3e4dfcc5d2b3"", ""code"": ""LOCKCEIL-01a077579310727293cd3e5c97df1189-182"", ""name"": ""lock ceiling 182"", ""config"": {""is_account_set"": false, ""eventually_consistent"": false}, ""status"": ""active"", ""version"": 1, ""metadata"": null, ""description"": null, ""external_id"": null, ""normal_balance_type"": ""credit""}}",,2026-09-06 15:30:23.414343+00
01a07757-9310-7272-93cd-3e62b26334f4,1,initialized,"{""type"": ""initialized"", ""values"": {""id"": ""01a07757-9310-7272-93cd-3e62b26334f4"", ""code"": ""LOCKCEIL-01a077579310727293cd3e710c154d8a-183"", ""name"": ""lock ceiling 183"", ""config"": {""is_account_set"": false, ""eventually_consistent"": false}, ""status"": ""active"", ""version"": 1, ""metadata"": null, ""description"": null, ""external_id"": null, ""normal_balance_type"": ""credit""}}",,2026-09-06 15:30:23.414343+00
01a07757-9310-7272-93cd-3e8f172a8283,1,initialized,"{""type"": ""initialized"", ""values"": {""id"": ""01a07757-9310-7272-93cd-3e8f172a8283"", ""code"": ""LOCKCEIL-01a077579310727293cd3e94725f31d7-184"", ""name"": ""lock ceiling 184"", ""config"": {""is_account_set"": false, ""eventually_consistent"": false}, ""status"": ""active"", ""version"": 1, ""metadata"": null, ""description"": null, ""external_id"": null, ""normal_balance_type"": ""credit""}}",,2026-09-06 15:30:23.414343+00
01a07757-9310-7272-93cd-3ea0fcc01a51,1,initialized,"{""type"": ""initialized"", ""values"": {""id"": ""01a07757-9310-7272-93cd-3ea0fcc01a51"", ""code"": ""LOCKCEIL-01a077579310727293cd3eb50d08c6e1-185"", ""name"": ""lock ceiling 185"", ""config"": {""is_account_set"": false, ""eventually_consistent"": false}, ""status"": ""active"", ""version"": 1, ""metadata"": null, ""description"": null, ""external_id"": null, ""normal_balance_type"": ""credit""}}",,2026-09-06 15:30:23.414343+00
01a07757-9310-7272-93cd-3ecaf4f22ac8,1,initialized,"{""type"": ""initialized"", ""values"": {""id"": ""01a07757-9310-7272-93cd-3ecaf4f22ac8"", ""code"": ""LOCKCEIL-01a077579310727293cd3ede4273912a-186"", ""name"": ""lock ceiling 186"", ""config"": {""is_account_set"": false, ""eventually_consistent"": false}, ""status"": ""active"", ""version"": 1, ""metadata"": null, ""description"": null, ""external_id"": null, ""normal_balance_type"": ""credit""}}",,2026-09-06 15:30:23.414343+00
01a07757-9310-7272-93cd-3eef776ae03c,1,initialized,"{""type"": ""initialized"", ""values"": {""id"": ""01a07757-9310-7272-93cd-3eef776ae03c"", ""code"": ""LOCKCEIL-01a077579310727293cd3ef51bbd9d48-187"", ""name"": ""lock ceiling 187"", ""config"": {""is_account_set"": false, ""eventually_consistent"": false}, ""status"": ""active"", ""version"": 1, ""metadata"": null, ""description"": null, ""external_id"": null, ""normal_balance_type"": ""credit""}}",,2026-09-06 15:30:23.414343+00
01a07757-9310-7272-93cd-3f03562a760c,1,initialized,"{""type"": ""initialized"", ""values"": {""id"": ""01a07757-9310-7272-93cd-3f03562a760c"", ""code"": ""LOCKCEIL-01a077579310727293cd3f1b43a00401-188"", ""name"": ""lock ceiling 188"", ""config"": {""is_account_set"": false, ""eventually_consistent"": false}, ""status"": ""active"", ""version"": 1, ""metadata"": null, ""description"": null, ""external_id"": null, ""normal_balance_type"": ""credit""}}",,2026-09-06 15:30:23.414343+00
01a07757-9310-7272-93cd-3f21b306722a,1,initialized,"{""type"": ""initialized"", ""values"": {""id"": ""01a07757-9310-7272-93cd-3f21b306722a"", ""code"": ""LOCKCEIL-01a077579310727293cd3f3f9d37df46-189"", ""name"": ""lock ceiling 189"", ""config"": {""is_account_set"": false, ""eventually_consistent"": false}, ""status"": ""active"", ""version"": 1, ""metadata"": null, ""description"": null, ""external_id"": null, ""normal_balance_type"": ""credit""}}",,2026-09-06 15:30:23.414343+00
01a07757-9310-7272-93cd-3f46884dab55,1,initialized,"{""type"": ""initialized"", ""values"": {""id"": ""01a07757-9310-7272-93cd-3f46884dab55"", ""code"": ""LOCKCEIL-01a077579310727293cd3f5b13b6c926-190"", ""name"": ""lock ceiling 190"", ""config"": {""is_account_set"": false, ""eventually_consistent"": false}, ""status"": ""active"", ""version"": 1, ""metadata"": null, ""description"": null, ""external_id"": null, ""normal_balance_type"": ""credit""}}",,2026-09-06 15:30:23.414343+00
01a07757-9310-7272-93cd-3f69ffd14cf9,1,initialized,"{""type"": ""initialized"", ""values"": {""id"": ""01a07757-9310-7272-93cd-3f69ffd14cf9"", ""code"": ""LOCKCEIL-01a077579310727293cd3f70435b2ebc-191"", ""name"": ""lock ceiling 191"", ""config"": {""is_account_set"": false, ""eventually_consistent"": false}, ""status"": ""active"", ""version"": 1, ""metadata"": null, ""description"": null, ""external_id"": null, ""normal_balance_type"": ""credit""}}",,2026-09-06 15:30:23.414343+00
01a07757-9310-7272-93cd-3f84428c0e30,1,initialized,"{""type"": ""initialized"", ""values"": {""id"": ""01a07757-9310-7272-93cd-3f84428c0e30"", ""code"": ""LOCKCEIL-01a077579310727293cd3f90aef662bc-192"", ""name"": ""lock ceiling 192"", ""config"": {""is_account_set"": false, ""eventually_consistent"": false}, ""status"": ""active"", ""version"": 1, ""metadata"": null, ""description"": null, ""external_id"": null, ""normal_balance_type"": ""credit""}}",,2026-09-06 15:30:23.414343+00
01a07757-9310-7272-93cd-3fa808df2812,1,initialized,"{""type"": ""initialized"", ""values"": {""id"": ""01a07757-9310-7272-93cd-3fa808df2812"", ""code"": ""LOCKCEIL-01a077579310727293cd3fbe82c03330-193"", ""name"": ""lock ceiling 193"", ""config"": {""is_account_set"": false, ""eventually_consistent"": false}, ""status"": ""active"", ""version"": 1, ""metadata"": null, ""description"": null, ""external_id"": null, ""normal_balance_type"": ""credit""}}",,2026-09-06 15:30:23.414343+00
01a07757-9310-7272-93cd-3fcdc2b07867,1,initialized,"{""type"": ""initialized"", ""values"": {""id"": ""01a07757-9310-7272-93cd-3fcdc2b07867"", ""code"": ""LOCKCEIL-01a077579310727293cd3fdea2c0245f-194"", ""name"": ""lock ceiling 194"", ""config"": {""is_account_set"": false, ""eventually_consistent"": false}, ""status"": ""active"", ""version"": 1, ""metadata"": null, ""description"": null, ""external_id"": null, ""normal_balance_type"": ""credit""}}",,2026-09-06 15:30:23.414343+00
01a07757-9310-7272-93cd-3fe5983e42ad,1,initialized,"{""type"": ""initialized"", ""values"": {""id"": ""01a07757-9310-7272-93cd-3fe5983e42ad"", ""code"": ""LOCKCEIL-01a077579310727293cd3ff2de8c54f1-195"", ""name"": ""lock ceiling 195"", ""config"": {""is_account_set"": false, ""eventually_consistent"": false}, ""status"": ""active"", ""version"": 1, ""metadata"": null, ""description"": null, ""external_id"": null, ""normal_balance_type"": ""credit""}}",,2026-09-06 15:30:23.414343+00
01a07757-9310-7272-93cd-400b232d22fe,1,initialized,"{""type"": ""initialized"", ""values"": {""id"": ""01a07757-9310-7272-93cd-400b232d22fe"", ""code"": ""LOCKCEIL-01a077579310727293cd4014782ac22b-196"", ""name"": ""lock ceiling 196"", ""config"": {""is_account_set"": false, ""eventually_consistent"": false}, ""status"": ""active"", ""version"": 1, ""metadata"": null, ""description"": null, ""external_id"": null, ""normal_balance_type"": ""credit""}}",,2026-09-06 15:30:23.414343+00
01a07757-9310-7272-93cd-4023d0a32cc1,1,initialized,"{""type"": ""initialized"", ""values"": {""id"": ""01a07757-9310-7272-93cd-4023d0a32cc1"", ""code"": ""LOCKCEIL-01a077579310727293cd403a26f9b6b4-197"", ""name"": ""lock ceiling 197"", ""config"": {""is_account_set"": false, ""eventually_consistent"": false}, ""status"": ""active"", ""version"": 1, ""metadata"": null, ""description"": null, ""external_id"": null, ""normal_balance_type"": ""credit""}}",,2026-09-06 15:30:23.414343+00
01a07757-9310-7272-93cd-404db4eb3a77,1,initialized,"{""type"": ""initialized"", ""values"": {""id"": ""01a07757-9310-7272-93cd-404db4eb3a77"", ""code"": ""LOCKCEIL-01a077579310727293cd40542a19a69d-198"", ""name"": ""lock ceiling 198"", ""config"": {""is_account_set"": false, ""eventually_consistent"": false}, ""status"": ""active"", ""version"": 1, ""metadata"": null, ""description"": null, ""external_id"": null, ""normal_balance_type"": ""credit""}}",,2026-09-06 15:30:23.414343+00
01a07757-9310-7272-93cd-4068c920e4b5,1,initialized,"{""type"": ""initialized"", ""values"": {""id"": ""01a07757-9310-7272-93cd-4068c920e4b5"", ""code"": ""LOCKCEIL-01a077579310727293cd407d855f8709-199"", ""name"": ""lock ceiling 199"", ""config"": {""is_account_set"": false, ""eventually_consistent"": false}, ""status"": ""active"", ""version"": 1, ""metadata"": null, ""description"": null, ""external_id"": null, ""normal_balance_type"": ""credit""}}",,2026-09-06 15:30:23.414343+00
01a07757-9310-7272-93cd-4082d4296d4f,1,initialized,"{""type"": ""initialized"", ""values"": {""id"": ""01a07757-9310-7272-93cd-4082d4296d4f"", ""code"": ""LOCKCEIL-01a077579310727293cd409ea6603ab0-200"", ""name"": ""lock ceiling 200"", ""config"": {""is_account_set"": false, ""eventually_consistent"": false}, ""status"": ""active"", ""version"": 1, ""metadata"": null, ""description"": null, ""external_id"": null, ""normal_balance_type"": ""credit""}}",,2026-09-06 15:30:23.414343+00
01a07757-9310-7272-93cd-40a7ae3f1376,1,initialized,"{""type"": ""initialized"", ""values"": {""id"": ""01a07757-9310-7272-93cd-40a7ae3f1376"", ""code"": ""LOCKCEIL-01a077579310727293cd40ba50bd6d5c-201"", ""name"": ""lock ceiling 201"", ""config"": {""is_account_set"": false, ""eventually_consistent"": false}, ""status"": ""active"", ""version"": 1, ""metadata"": null, ""description"": null, ""external_id"": null, ""normal_balance_type"": ""credit""}}",,2026-09-06 15:30:23.414343+00
01a07757-9310-7272-93cd-40cc9dd3eb98,1,initialized,"{""type"": ""initialized"", ""values"": {""id"": ""01a07757-9310-7272-93cd-40cc9dd3eb98"", ""code"": ""LOCKCEIL-01a077579310727293cd40dcff6c7913-202"", ""name"": ""lock ceiling 202"", ""config"": {""is_account_set"": false, ""eventually_consistent"": false}, ""status"": ""active"", ""version"": 1, ""metadata"": null, ""description"": null, ""external_id"": null, ""normal_balance_type"": ""credit""}}",,2026-09-06 15:30:23.414343+00
01a07757-9310-7272-93cd-40e5d36de4cc,1,initialized,"{""type"": ""initialized"", ""values"": {""id"": ""01a07757-9310-7272-93cd-40e5d36de4cc"", ""code"": ""LOCKCEIL-01a077579310727293cd40f94a3a6796-203"", ""name"": ""lock ceiling 203"", ""config"": {""is_account_set"": false, ""eventually_consistent"": false}, ""status"": ""active"", ""version"": 1, ""metadata"": null, ""description"": null, ""external_id"": null, ""normal_balance_type"": ""credit""}}",,2026-09-06 15:30:23.414343+00
01a07757-9310-7272-93cd-4107e11e7140,1,initialized,"{""type"": ""initialized"", ""values"": {""id"": ""01a07757-9310-7272-93cd-4107e11e7140"", ""code"": ""LOCKCEIL-01a077579310727293cd4115de8d9e6c-204"", ""name"": ""lock ceiling 204"", ""config"": {""is_account_set"": false, ""eventually_consistent"": false}, ""status"": ""active"", ""version"": 1, ""metadata"": null, ""description"": null, ""external_id"": null, ""normal_balance_type"": ""credit""}}",,2026-09-06 15:30:23.414343+00
01a07757-9310-7272-93cd-412db5222975,1,initialized,"{""type"": ""initialized"", ""values"": {""id"": ""01a07757-9310-7272-93cd-412db5222975"", ""code"": ""LOCKCEIL-01a0775793117b6292b503b8571d06d4-205"", ""name"": ""lock ceiling 205"", ""config"": {""is_account_set"": false, ""eventually_consistent"": false}, ""status"": ""active"", ""version"": 1, ""metadata"": null, ""description"": null, ""external_id"": null, ""normal_balance_type"": ""credit""}}",,2026-09-06 15:30:23.414343+00
01a07757-9311-7b62-92b5-03c639793bfe,1,initialized,"{""type"": ""initialized"", ""values"": {""id"": ""01a07757-9311-7b62-92b5-03c639793bfe"", ""code"": ""LOCKCEIL-01a0775793117b6292b503d2503433a7-206"", ""name"": ""lock ceiling 206"", ""config"": {""is_account_set"": false, ""eventually_consistent"": false}, ""status"": ""active"", ""version"": 1, ""metadata"": null, ""description"": null, ""external_id"": null, ""normal_balance_type"": ""credit""}}",,2026-09-06 15:30:23.414343+00
01a07757-9311-7b62-92b5-03ec6e044a7e,1,initialized,"{""type"": ""initialized"", ""values"": {""id"": ""01a07757-9311-7b62-92b5-03ec6e044a7e"", ""code"": ""LOCKCEIL-01a0775793117b6292b503f5bfcff9ee-207"", ""name"": ""lock ceiling 207"", ""config"": {""is_account_set"": false, ""eventually_consistent"": false}, ""status"": ""active"", ""version"": 1, ""metadata"": null, ""description"": null, ""external_id"": null, ""normal_balance_type"": ""credit""}}",,2026-09-06 15:30:23.414343+00
01a07757-9311-7b62-92b5-040b10e5e10b,1,initialized,"{""type"": ""initialized"", ""values"": {""id"": ""01a07757-9311-7b62-92b5-040b10e5e10b"", ""code"": ""LOCKCEIL-01a0775793117b6292b5041032a28e66-208"", ""name"": ""lock ceiling 208"", ""config"": {""is_account_set"": false, ""eventually_consistent"": false}, ""status"": ""active"", ""version"": 1, ""metadata"": null, ""description"": null, ""external_id"": null, ""normal_balance_type"": ""credit""}}",,2026-09-06 15:30:23.414343+00
01a07757-9311-7b62-92b5-042e5e38ac3c,1,initialized,"{""type"": ""initialized"", ""values"": {""id"": ""01a07757-9311-7b62-92b5-042e5e38ac3c"", ""code"": ""LOCKCEIL-01a0775793117b6292b504331b4ccbca-209"", ""name"": ""lock ceiling 209"", ""config"": {""is_account_set"": false, ""eventually_consistent"": false}, ""status"": ""active"", ""version"": 1, ""metadata"": null, ""description"": null, ""external_id"": null, ""normal_balance_type"": ""credit""}}",,2026-09-06 15:30:23.414343+00
01a07757-9311-7b62-92b5-044d8f216317,1,initialized,"{""type"": ""initialized"", ""values"": {""id"": ""01a07757-9311-7b62-92b5-044d8f216317"", ""code"": ""LOCKCEIL-01a0775793117b6292b5045802348f21-210"", ""name"": ""lock ceiling 210"", ""config"": {""is_account_set"": false, ""eventually_consistent"": false}, ""status"": ""active"", ""version"": 1, ""metadata"": null, ""description"": null, ""external_id"": null, ""normal_balance_type"": ""credit""}}",,2026-09-06 15:30:23.414343+00
01a07757-9311-7b62-92b5-046f38ed6c96,1,initialized,"{""type"": ""initialized"", ""values"": {""id"": ""01a07757-9311-7b62-92b5-046f38ed6c96"", ""code"": ""LOCKCEIL-01a0775793117b6292b50478e3fd7d78-211"", ""name"": ""lock ceiling 211"", ""config"": {""is_account_set"": false, ""eventually_consistent"": false}, ""status"": ""active"", ""version"": 1, ""metadata"": null, ""description"": null, ""external_id"": null, ""normal_balance_type"": ""credit""}}",,2026-09-06 15:30:23.414343+00
01a07757-9311-7b62-92b5-04817d915353,1,initialized,"{""type"": ""initialized"", ""values"": {""id"": ""01a07757-9311-7b62-92b5-04817d915353"", ""code"": ""LOCKCEIL-01a0775793117b6292b5049247633bff-212"", ""name"": ""lock ceiling 212"", ""config"": {""is_account_set"": false, ""eventually_consistent"": false}, ""status"": ""active"", ""version"": 1, ""metadata"": null, ""description"": null, ""external_id"": null, ""normal_balance_type"": ""credit""}}",,2026-09-06 15:30:23.414343+00
01a07757-9311-7b62-92b5-04a2c2925502,1,initialized,"{""type"": ""initialized"", ""values"": {""id"": ""01a07757-9311-7b62-92b5-04a2c2925502"", ""code"": ""LOCKCEIL-01a0775793117b6292b504b529c52697-213"", ""name"": ""lock ceiling 213"", ""config"": {""is_account_set"": false, ""eventually_consistent"": false}, ""status"": ""active"", ""version"": 1, ""metadata"": null, ""description"": null, ""external_id"": null, ""normal_balance_type"": ""credit""}}",,2026-09-06 15:30:23.414343+00
01a07757-9311-7b62-92b5-04c0fe17c1e0,1,initialized,"{""type"": ""initialized"", ""values"": {""id"": ""01a07757-9311-7b62-92b5-04c0fe17c1e0"", ""code"": ""LOCKCEIL-01a0775793117b6292b504dcacf2aae4-214"", ""name"": ""lock ceiling 214"", ""config"": {""is_account_set"": false, ""eventually_consistent"": false}, ""status"": ""active"", ""version"": 1, ""metadata"": null, ""description"": null, ""external_id"": null, ""normal_balance_type"": ""credit""}}",,2026-09-06 15:30:23.414343+00
01a07757-9311-7b62-92b5-04e6ed555ea2,1,initialized,"{""type"": ""initialized"", ""values"": {""id"": ""01a07757-9311-7b62-92b5-04e6ed555ea2"", ""code"": ""LOCKCEIL-01a0775793117b6292b504f29a52a99a-215"", ""name"": ""lock ceiling 215"", ""config"": {""is_account_set"": false, ""eventually_consistent"": false}, ""status"": ""active"", ""version"": 1, ""metadata"": null, ""description"": null, ""external_id"": null, ""normal_balance_type"": ""credit""}}",,2026-09-06 15:30:23.414343+00
01a07757-9311-7b62-92b5-05083b842cb6,1,initialized,"{""type"": ""initialized"", ""values"": {""id"": ""01a07757-9311-7b62-92b5-05083b842cb6"", ""code"": ""LOCKCEIL-01a0775793117b6292b505188f7542e5-216"", ""name"": ""lock ceiling 216"", ""config"": {""is_account_set"": false, ""eventually_consistent"": false}, ""status"": ""active"", ""version"": 1, ""metadata"": null, ""description"": null, ""external_id"": null, ""normal_balance_type"": ""credit""}}",,2026-09-06 15:30:23.414343+00
01a07757-9311-7b62-92b5-052fbc54c92f,1,initialized,"{""type"": ""initialized"", ""values"": {""id"": ""01a07757-9311-7b62-92b5-052fbc54c92f"", ""code"": ""LOCKCEIL-01a0775793117b6292b50533b354ed49-217"", ""name"": ""lock ceiling 217"", ""config"": {""is_account_set"": false, ""eventually_consistent"": false}, ""status"": ""active"", ""version"": 1, ""metadata"": null, ""description"": null, ""external_id"": null, ""normal_balance_type"": ""credit""}}",,2026-09-06 15:30:23.414343+00
01a07757-9311-7b62-92b5-054e8a80d8b6,1,initialized,"{""type"": ""initialized"", ""values"": {""id"": ""01a07757-9311-7b62-92b5-054e8a80d8b6"", ""code"": ""LOCKCEIL-01a0775793117b6292b50552cca61b1e-218"", ""name"": ""lock ceiling 218"", ""config"": {""is_account_set"": false, ""eventually_consistent"": false}, ""status"": ""active"", ""version"": 1, ""metadata"": null, ""description"": null, ""external_id"": null, ""normal_balance_type"": ""credit""}}",,2026-09-06 15:30:23.414343+00
01a07757-9311-7b62-92b5-0568d70ccb7d,1,initialized,"{""type"": ""initialized"", ""values"": {""id"": ""01a07757-9311-7b62-92b5-0568d70ccb7d"", ""code"": ""LOCKCEIL-01a0775793117b6292b505733ca021f4-219"", ""name"": ""lock ceiling 219"", ""config"": {""is_account_set"": false, ""eventually_consistent"": false}, ""status"": ""active"", ""version"": 1, ""metadata"": null, ""description"": null, ""external_id"": null, ""normal_balance_type"": ""credit""}}",,2026-09-06 15:30:23.414343+00
01a07757-9311-7b62-92b5-05831c462364,1,initialized,"{""type"": ""initialized"", ""values"": {""id"": ""01a07757-9311-7b62-92b5-05831c462364"", ""code"": ""LOCKCEIL-01a0775793117b6292b50597e51aff5d-220"", ""name"": ""lock ceiling 220"", ""config"": {""is_account_set"": false, ""eventually_consistent"": false}, ""status"": ""active"", ""version"": 1, ""metadata"": null, ""description"": null, ""external_id"": null, ""normal_balance_type"": ""credit""}}",,2026-09-06 15:30:23.414343+00
01a07757-9311-7b62-92b5-05ad80165990,1,initialized,"{""type"": ""initialized"", ""values"": {""id"": ""01a07757-9311-7b62-92b5-05ad80165990"", ""code"": ""LOCKCEIL-01a0775793117b6292b505b20e34b197-221"", ""name"": ""lock ceiling 221"", ""config"": {""is_account_set"": false, ""eventually_consistent"": false}, ""status"": ""active"", ""version"": 1, ""metadata"": null, ""description"": null, ""external_id"": null, ""normal_balance_type"": ""credit""}}",,2026-09-06 15:30:23.414343+00
01a07757-9311-7b62-92b5-05cb0c7f4032,1,initialized,"{""type"": ""initialized"", ""values"": {""id"": ""01a07757-9311-7b62-92b5-05cb0c7f4032"", ""code"": ""LOCKCEIL-01a0775793117b6292b505d174451659-222"", ""name"": ""lock ceiling 222"", ""config"": {""is_account_set"": false, ""eventually_consistent"": false}, ""status"": ""active"", ""version"": 1, ""metadata"": null, ""description"": null, ""external_id"": null, ""normal_balance_type"": ""credit""}}",,2026-09-06 15:30:23.414343+00
01a07757-9311-7b62-92b5-05ed6b2ff07c,1,initialized,"{""type"": ""initialized"", ""values"": {""id"": ""01a07757-9311-7b62-92b5-05ed6b2ff07c"", ""code"": ""LOCKCEIL-01a0775793117b6292b505f7b265bebc-223"", ""name"": ""lock ceiling 223"", ""config"": {""is_account_set"": false, ""eventually_consistent"": false}, ""status"": ""active"", ""version"": 1, ""metadata"": null, ""description"": null, ""external_id"": null, ""normal_balance_type"": ""credit""}}",,2026-09-06 15:30:23.414343+00
01a07757-9311-7b62-92b5-060f8ac24581,1,initialized,"{""type"": ""initialized"", ""values"": {""id"": ""01a07757-9311-7b62-92b5-060f8ac24581"", ""code"": ""LOCKCEIL-01a0775793117b6292b50611d8c33666-224"", ""name"": ""lock ceiling 224"", ""config"": {""is_account_set"": false, ""eventually_consistent"": false}, ""status"": ""active"", ""version"": 1, ""metadata"": null, ""description"": null, ""external_id"": null, ""normal_balance_type"": ""credit""}}",,2026-09-06 15:30:23.414343+00
01a07757-9311-7b62-92b5-0622c3a92680,1,initialized,"{""type"": ""initialized"", ""values"": {""id"": ""01a07757-9311-7b62-92b5-0622c3a92680"", ""code"": ""LOCKCEIL-01a0775793117b6292b50634562066a5-225"", ""name"": ""lock ceiling 225"", ""config"": {""is_account_set"": false, ""eventually_consistent"": false}, ""status"": ""active"", ""version"": 1, ""metadata"": null, ""description"": null, ""external_id"": null, ""normal_balance_type"": ""credit""}}",,2026-09-06 15:30:23.414343+00
01a07757-9311-7b62-92b5-0645b92ab325,1,initialized,"{""type"": ""initialized"", ""values"": {""id"": ""01a07757-9311-7b62-92b5-0645b92ab325"", ""code"": ""LOCKCEIL-01a0775793117b6292b506591e0457ad-226"", ""name"": ""lock ceiling 226"", ""config"": {""is_account_set"": false, ""eventually_consistent"": false}, ""status"": ""active"", ""version"": 1, ""metadata"": null, ""description"": null, ""external_id"": null, ""normal_balance_type"": ""credit""}}",,2026-09-06 15:30:23.414343+00
01a07757-9311-7b62-92b5-066e0367f836,1,initialized,"{""type"": ""initialized"", ""values"": {""id"": ""01a07757-9311-7b62-92b5-066e0367f836"", ""code"": ""LOCKCEIL-01a0775793117b6292b506781480482e-227"", ""name"": ""lock ceiling 227"", ""config"": {""is_account_set"": false, ""eventually_consistent"": false}, ""status"": ""active"", ""version"": 1, ""metadata"": null, ""description"": null, ""external_id"": null, ""normal_balance_type"": ""credit""}}",,2026-09-06 15:30:23.414343+00
01a07757-9312-7c83-afc2-1a0d47373ba1,1,initialized,"{""type"": ""initialized"", ""values"": {""id"": ""01a07757-9312-7c83-afc2-1a0d47373ba1"", ""code"": ""LOCKCEIL-01a0775793127c83afc21a13bb085fda-228"", ""name"": ""lock ceiling 228"", ""config"": {""is_account_set"": false, ""eventually_consistent"": false}, ""status"": ""active"", ""version"": 1, ""metadata"": null, ""description"": null, ""external_id"": null, ""normal_balance_type"": ""credit""}}",,2026-09-06 15:30:23.414343+00
01a07757-9312-7c83-afc2-1a28e1846c1d,1,initialized,"{""type"": ""initialized"", ""values"": {""id"": ""01a07757-9312-7c83-afc2-1a28e1846c1d"", ""code"": ""LOCKCEIL-01a0775793127c83afc21a3dee6d41f9-229"", ""name"": ""lock ceiling 229"", ""config"": {""is_account_set"": false, ""eventually_consistent"": false}, ""status"": ""active"", ""version"": 1, ""metadata"": null, ""description"": null, ""external_id"": null, ""normal_balance_type"": ""credit""}}",,2026-09-06 15:30:23.414343+00
01a07757-9312-7c83-afc2-1a46ff1e69f1,1,initialized,"{""type"": ""initialized"", ""values"": {""id"": ""01a07757-9312-7c83-afc2-1a46ff1e69f1"", ""code"": ""LOCKCEIL-01a0775793127c83afc21a5f0f06e370-230"", ""name"": ""lock ceiling 230"", ""config"": {""is_account_set"": false, ""eventually_consistent"": false}, ""status"": ""active"", ""version"": 1, ""metadata"": null, ""description"": null, ""external_id"": null, ""normal_balance_type"": ""credit""}}",,2026-09-06 15:30:23.414343+00
01a07757-9312-7c83-afc2-1a699be7ded9,1,initialized,"{""type"": ""initialized"", ""values"": {""id"": ""01a07757-9312-7c83-afc2-1a699be7ded9"", ""code"": ""LOCKCEIL-01a0775793127c83afc21a7c0cabae08-231"", ""name"": ""lock ceiling 231"", ""config"": {""is_account_set"": false, ""eventually_consistent"": false}, ""status"": ""active"", ""version"": 1, ""metadata"": null, ""description"": null, ""external_id"": null, ""normal_balance_type"": ""credit""}}",,2026-09-06 15:30:23.414343+00
01a07757-9312-7c83-afc2-1a8845663d97,1,initialized,"{""type"": ""initialized"", ""values"": {""id"": ""01a07757-9312-7c83-afc2-1a8845663d97"", ""code"": ""LOCKCEIL-01a0775793127c83afc21a904477eae5-232"", ""name"": ""lock ceiling 232"", ""config"": {""is_account_set"": false, ""eventually_consistent"": false}, ""status"": ""active"", ""version"": 1, ""metadata"": null, ""description"": null, ""external_id"": null, ""normal_balance_type"": ""credit""}}",,2026-09-06 15:30:23.414343+00
01a07757-9312-7c83-afc2-1aa199080214,1,initialized,"{""type"": ""initialized"", ""values"": {""id"": ""01a07757-9312-7c83-afc2-1aa199080214"", ""code"": ""LOCKCEIL-01a0775793127c83afc21aba73e73c42-233"", ""name"": ""lock ceiling 233"", ""config"": {""is_account_set"": false, ""eventually_consistent"": false}, ""status"": ""active"", ""version"": 1, ""metadata"": null, ""description"": null, ""external_id"": null, ""normal_balance_type"": ""credit""}}",,2026-09-06 15:30:23.414343+00
01a07757-9312-7c83-afc2-1ac37d74429d,1,initialized,"{""type"": ""initialized"", ""values"": {""id"": ""01a07757-9312-7c83-afc2-1ac37d74429d"", ""code"": ""LOCKCEIL-01a0775793127c83afc21addb640c6c4-234"", ""name"": ""lock ceiling 234"", ""config"": {""is_account_set"": false, ""eventually_consistent"": false}, ""status"": ""active"", ""version"": 1, ""metadata"": null, ""description"": null, ""external_id"": null, ""normal_balance_type"": ""credit""}}",,2026-09-06 15:30:23.414343+00
01a07757-9312-7c83-afc2-1ae7f83278a2,1,initialized,"{""type"": ""initialized"", ""values"": {""id"": ""01a07757-9312-7c83-afc2-1ae7f83278a2"", ""code"": ""LOCKCEIL-01a0775793127c83afc21afe64df880b-235"", ""name"": ""lock ceiling 235"", ""config"": {""is_account_set"": false, ""eventually_consistent"": false}, ""status"": ""active"", ""version"": 1, ""metadata"": null, ""description"": null, ""external_id"": null, ""normal_balance_type"": ""credit""}}",,2026-09-06 15:30:23.414343+00
01a07757-9312-7c83-afc2-1b04ebc17245,1,initialized,"{""type"": ""initialized"", ""values"": {""id"": ""01a07757-9312-7c83-afc2-1b04ebc17245"", ""code"": ""LOCKCEIL-01a0775793127c83afc21b1b08cd49a6-236"", ""name"": ""lock ceiling 236"", ""config"": {""is_account_set"": false, ""eventually_consistent"": false}, ""status"": ""active"", ""version"": 1, ""metadata"": null, ""description"": null, ""external_id"": null, ""normal_balance_type"": ""credit""}}",,2026-09-06 15:30:23.414343+00
01a07757-9312-7c83-afc2-1b271bdce46f,1,initialized,"{""type"": ""initialized"", ""values"": {""id"": ""01a07757-9312-7c83-afc2-1b271bdce46f"", ""code"": ""LOCKCEIL-01a0775793127c83afc21b3d20b4927e-237"", ""name"": ""lock ceiling 237"", ""config"": {""is_account_set"": false, ""eventually_consistent"": false}, ""status"": ""active"", ""version"": 1, ""metadata"": null, ""description"": null, ""external_id"": null, ""normal_balance_type"": ""credit""}}",,2026-09-06 15:30:23.414343+00
01a07757-9312-7c83-afc2-1b4b6d0ddb21,1,initialized,"{""type"": ""initialized"", ""values"": {""id"": ""01a07757-9312-7c83-afc2-1b4b6d0ddb21"", ""code"": ""LOCKCEIL-01a0775793127c83afc21b50584b81e5-238"", ""name"": ""lock ceiling 238"", ""config"": {""is_account_set"": false, ""eventually_consistent"": false}, ""status"": ""active"", ""version"": 1, ""metadata"": null, ""description"": null, ""external_id"": null, ""normal_balance_type"": ""credit""}}",,2026-09-06 15:30:23.414343+00
01a07757-9312-7c83-afc2-1b6b6413da2e,1,initialized,"{""type"": ""initialized"", ""values"": {""id"": ""01a07757-9312-7c83-afc2-1b6b6413da2e"", ""code"": ""LOCKCEIL-01a0775793127c83afc21b72f3575476-239"", ""name"": ""lock ceiling 239"", ""config"": {""is_account_set"": false, ""eventually_consistent"": false}, ""status"": ""active"", ""version"": 1, ""metadata"": null, ""description"": null, ""external_id"": null, ""normal_balance_type"": ""credit""}}",,2026-09-06 15:30:23.414343+00
01a07757-9312-7c83-afc2-1b87232c567e,1,initialized,"{""type"": ""initialized"", ""values"": {""id"": ""01a07757-9312-7c83-afc2-1b87232c567e"", ""code"": ""LOCKCEIL-01a0775793127c83afc21b94287b5af5-240"", ""name"": ""lock ceiling 240"", ""config"": {""is_account_set"": false, ""eventually_consistent"": false}, ""status"": ""active"", ""version"": 1, ""metadata"": null, ""description"": null, ""external_id"": null, ""normal_balance_type"": ""credit""}}",,2026-09-06 15:30:23.414343+00
01a07757-9312-7c83-afc2-1babac7c8ddc,1,initialized,"{""type"": ""initialized"", ""values"": {""id"": ""01a07757-9312-7c83-afc2-1babac7c8ddc"", ""code"": ""LOCKCEIL-01a0775793127c83afc21bba1b470805-241"", ""name"": ""lock ceiling 241"", ""config"": {""is_account_set"": false, ""eventually_consistent"": false}, ""status"": ""active"", ""version"": 1, ""metadata"": null, ""description"": null, ""external_id"": null, ""normal_balance_type"": ""credit""}}",,2026-09-06 15:30:23.414343+00
01a07757-9312-7c83-afc2-1bcd8462ec75,1,initialized,"{""type"": ""initialized"", ""values"": {""id"": ""01a07757-9312-7c83-afc2-1bcd8462ec75"", ""code"": ""LOCKCEIL-01a0775793127c83afc21bd7dcca7d2f-242"", ""name"": ""lock ceiling 242"", ""config"": {""is_account_set"": false, ""eventually_consistent"": false}, ""status"": ""active"", ""version"": 1, ""metadata"": null, ""description"": null, ""external_id"": null, ""normal_balance_type"": ""credit""}}",,2026-09-06 15:30:23.414343+00
01a07757-9312-7c83-afc2-1bee84a39e34,1,initialized,"{""type"": ""initialized"", ""values"": {""id"": ""01a07757-9312-7c83-afc2-1bee84a39e34"", ""code"": ""LOCKCEIL-01a0775793127c83afc21bf62b4ae783-243"", ""name"": ""lock ceiling 243"", ""config"": {""is_account_set"": false, ""eventually_consistent"": false}, ""status"": ""active"", ""version"": 1, ""metadata"": null, ""description"": null, ""external_id"": null, ""normal_balance_type"": ""credit""}}",,2026-09-06 15:30:23.414343+00
01a07757-9312-7c83-afc2-1c09b72f509c,1,initialized,"{""type"": ""initialized"", ""values"": {""id"": ""01a07757-9312-7c83-afc2-1c09b72f509c"", ""code"": ""LOCKCEIL-01a0775793127c83afc21c189371ef1d-244"", ""name"": ""lock ceiling 244"", ""config"": {""is_account_set"": false, ""eventually_consistent"": false}, ""status"": ""active"", ""version"": 1, ""metadata"": null, ""description"": null, ""external_id"": null, ""normal_balance_type"": ""credit""}}",,2026-09-06 15:30:23.414343+00
01a07757-9312-7c83-afc2-1c2b3937c39d,1,initialized,"{""type"": ""initialized"", ""values"": {""id"": ""01a07757-9312-7c83-afc2-1c2b3937c39d"", ""code"": ""LOCKCEIL-01a0775793127c83afc21c394bbf4554-245"", ""name"": ""lock ceiling 245"", ""config"": {""is_account_set"": false, ""eventually_consistent"": false}, ""status"": ""active"", ""version"": 1, ""metadata"": null, ""description"": null, ""external_id"": null, ""normal_balance_type"": ""credit""}}",,2026-09-06 15:30:23.414343+00
01a07757-9312-7c83-afc2-1c48c32b949f,1,initialized,"{""type"": ""initialized"", ""values"": {""id"": ""01a07757-9312-7c83-afc2-1c48c32b949f"", ""code"": ""LOCKCEIL-01a0775793127c83afc21c5e28b0dcb8-246"", ""name"": ""lock ceiling 246"", ""config"": {""is_account_set"": false, ""eventually_consistent"": false}, ""status"": ""active"", ""version"": 1, ""metadata"": null, ""description"": null, ""external_id"": null, ""normal_balance_type"": ""credit""}}",,2026-09-06 15:30:23.414343+00
01a07757-9312-7c83-afc2-1c61b4de0894,1,initialized,"{""type"": ""initialized"", ""values"": {""id"": ""01a07757-9312-7c83-afc2-1c61b4de0894"", ""code"": ""LOCKCEIL-01a0775793127c83afc21c7bdc57b2d8-247"", ""name"": ""lock ceiling 247"", ""config"": {""is_account_set"": false, ""eventually_consistent"": false}, ""status"": ""active"", ""version"": 1, ""metadata"": null, ""description"": null, ""external_id"": null, ""normal_balance_type"": ""credit""}}",,2026-09-06 15:30:23.414343+00
01a07757-9312-7c83-afc2-1c8ad84ae45f,1,initialized,"{""type"": ""initialized"", ""values"": {""id"": ""01a07757-9312-7c83-afc2-1c8ad84ae45f"", ""code"": ""LOCKCEIL-01a0775793127c83afc21c96fb57d3c5-248"", ""name"": ""lock ceiling 248"", ""config"": {""is_account_set"": false, ""eventually_consistent"": false}, ""status"": ""active"", ""version"": 1, ""metadata"": null, ""description"": null, ""external_id"": null, ""normal_balance_type"": ""credit""}}",,2026-09-06 15:30:23.414343+00
01a07757-9312-7c83-afc2-1caa19fd4606,1,initialized,"{""type"": ""initialized"", ""values"": {""id"": ""01a07757-9312-7c83-afc2-1caa19fd4606"", ""code"": ""LOCKCEIL-01a0775793127c83afc21cb98b3a3f73-249"", ""name"": ""lock ceiling 249"", ""config"": {""is_account_set"": false, ""eventually_consistent"": false}, ""status"": ""active"", ""version"": 1, ""metadata"": null, ""description"": null, ""external_id"": null, ""normal_balance_type"": ""credit""}}",,2026-09-06 15:30:23.414343+00
01a07757-9312-7c83-afc2-1cc457454d78,1,initialized,"{""type"": ""initialized"", ""values"": {""id"": ""01a07757-9312-7c83-afc2-1cc457454d78"", ""code"": ""LOCKCEIL-01a0775793127c83afc21cdcc09a0f9b-250"", ""name"": ""lock ceiling 250"", ""config"": {""is_account_set"": false, ""eventually_consistent"": false}, ""status"": ""active"", ""version"": 1, ""metadata"": null, ""description"": null, ""external_id"": null, ""normal_balance_type"": ""credit""}}",,2026-09-06 15:30:23.414343+00
01a07757-9312-7c83-afc2-1ce8d76a92ae,1,initialized,"{""type"": ""initialized"", ""values"": {""id"": ""01a07757-9312-7c83-afc2-1ce8d76a92ae"", ""code"": ""LOCKCEIL-01a0775793127c83afc21cf36bbd1813-251"", ""name"": ""lock ceiling 251"", ""config"": {""is_account_set"": false, ""eventually_consistent"": false}, ""status"": ""active"", ""version"": 1, ""metadata"": null, ""description"": null, ""external_id"": null, ""normal_balance_type"": ""credit""}}",,2026-09-06 15:30:23.414343+00
01a07757-9312-7c83-afc2-1d07fa14a3e0,1,initialized,"{""type"": ""initialized"", ""values"": {""id"": ""01a07757-9312-7c83-afc2-1d07fa14a3e0"", ""code"": ""LOCKCEIL-01a0775793127c83afc21d173e459349-252"", ""name"": ""lock ceiling 252"", ""config"": {""is_account_set"": false, ""eventually_consistent"": false}, ""status"": ""active"", ""version"": 1, ""metadata"": null, ""description"": null, ""external_id"": null, ""normal_balance_type"": ""credit""}}",,2026-09-06 15:30:23.414343+00
01a07757-9312-7c83-afc2-1d2a9c439641,1,initialized,"{""type"": ""initialized"", ""values"": {""id"": ""01a07757-9312-7c83-afc2-1d2a9c439641"", ""code"": ""LOCKCEIL-01a0775793127c83afc21d3c81088a2e-253"", ""name"": ""lock ceiling 253"", ""config"": {""is_account_set"": false, ""eventually_consistent"": false}, ""status"": ""active"", ""version"": 1, ""metadata"": null, ""description"": null, ""external_id"": null, ""normal_balance_type"": ""credit""}}",,2026-09-06 15:30:23.414343+00
01a07757-9312-7c83-afc2-1d47821442a4,1,initialized,"{""type"": ""initialized"", ""values"": {""id"": ""01a07757-9312-7c83-afc2-1d47821442a4"", ""code"": ""LOCKCEIL-01a0775793127c83afc21d5d5e545e08-254"", ""name"": ""lock ceiling 254"", ""config"": {""is_account_set"": false, ""eventually_consistent"": false}, ""status"": ""active"", ""version"": 1, ""metadata"": null, ""description"": null, ""external_id"": null, ""normal_balance_type"": ""credit""}}",,2026-09-06 15:30:23.414343+00
01a07757-9312-7c83-afc2-1d6323af0e69,1,initialized,"{""type"": ""initialized"", ""values"": {""id"": ""01a07757-9312-7c83-afc2-1d6323af0e69"", ""code"": ""LOCKCEIL-01a0775793127c83afc21d7fc631ec54-255"", ""name"": ""lock ceiling 255"", ""config"": {""is_account_set"": false, ""eventually_consistent"": false}, ""status"": ""active"", ""version"": 1, ""metadata"": null, ""description"": null, ""external_id"": null, ""normal_balance_type"": ""credit""}}",,2026-09-06 15:30:23.414343+00
01a07757-9312-7c83-afc2-1d86759286af,1,initialized,"{""type"": ""initialized"", ""values"": {""id"": ""01a07757-9312-7c83-afc2-1d86759286af"", ""code"": ""LOCKCEIL-01a0775793127c83afc21d99f099cbb0-256"", ""name"": ""lock ceiling 256"", ""config"": {""is_account_set"": false, ""eventually_consistent"": false}, ""status"": ""active"", ""version"": 1, ""metadata"": null, ""description"": null, ""external_id"": null, ""normal_balance_type"": ""credit""}}",,2026-09-06 15:30:23.414343+00
01a07757-9312-7c83-afc2-1da03b7fc3d6,1,initialized,"{""type"": ""initialized"", ""values"": {""id"": ""01a07757-9312-7c83-afc2-1da03b7fc3d6"", ""code"": ""LOCKCEIL-01a0775793127c83afc21db59a8ae0d3-257"", ""name"": ""lock ceiling 257"", ""config"": {""is_account_set"": false, ""eventually_consistent"": false}, ""status"": ""active"", ""version"": 1, ""metadata"": null, ""description"": null, ""external_id"": null, ""normal_balance_type"": ""credit""}}",,2026-09-06 15:30:23.414343+00
01a07757-9312-7c83-afc2-1dcca91a77da,1,initialized,"{""type"": ""initialized"", ""values"": {""id"": ""01a07757-9312-7c83-afc2-1dcca91a77da"", ""code"": ""LOCKCEIL-01a0775793127c83afc21dd16db992d8-258"", ""name"": ""lock ceiling 258"", ""config"": {""is_account_set"": false, ""eventually_consistent"": false}, ""status"": ""active"", ""version"": 1, ""metadata"": null, ""description"": null, ""external_id"": null, ""normal_balance_type"": ""credit""}}",,2026-09-06 15:30:23.414343+00
01a07757-9312-7c83-afc2-1de808fbc2f8,1,initialized,"{""type"": ""initialized"", ""values"": {""id"": ""01a07757-9312-7c83-afc2-1de808fbc2f8"", ""code"": ""LOCKCEIL-01a0775793127c83afc21df1d2e1ed06-259"", ""name"": ""lock ceiling 259"", ""config"": {""is_account_set"": false, ""eventually_consistent"": false}, ""status"": ""active"", ""version"": 1, ""metadata"": null, ""description"": null, ""external_id"": null, ""normal_balance_type"": ""credit""}}",,2026-09-06 15:30:23.414343+00
01a07757-9312-7c83-afc2-1e0d02adc329,1,initialized,"{""type"": ""initialized"", ""values"": {""id"": ""01a07757-9312-7c83-afc2-1e0d02adc329"", ""code"": ""LOCKCEIL-01a0775793127c83afc21e16d5910114-260"", ""name"": ""lock ceiling 260"", ""config"": {""is_account_set"": false, ""eventually_consistent"": false}, ""status"": ""active"", ""version"": 1, ""metadata"": null, ""description"": null, ""external_id"": null, ""normal_balance_type"": ""credit""}}",,2026-09-06 15:30:23.414343+00
01a07757-9312-7c83-afc2-1e2d1c4648ec,1,initialized,"{""type"": ""initialized"", ""values"": {""id"": ""01a07757-9312-7c83-afc2-1e2d1c4648ec"", ""code"": ""LOCKCEIL-01a0775793127c83afc21e3f981b4af9-261"", ""name"": ""lock ceiling 261"", ""config"": {""is_account_set"": false, ""eventually_consistent"": false}, ""status"": ""active"", ""version"": 1, ""metadata"": null, ""description"": null, ""external_id"": null, ""normal_balance_type"": ""credit""}}",,2026-09-06 15:30:23.414343+00
01a07757-9312-7c83-afc2-1e4bc8254723,1,initialized,"{""type"": ""initialized"", ""values"": {""id"": ""01a07757-9312-7c83-afc2-1e4bc8254723"", ""code"": ""LOCKCEIL-01a0775793127c83afc21e58891384a9-262"", ""name"": ""lock ceiling 262"", ""config"": {""is_account_set"": false, ""eventually_consistent"": false}, ""status"": ""active"", ""version"": 1, ""metadata"": null, ""description"": null, ""external_id"": null, ""normal_balance_type"": ""credit""}}",,2026-09-06 15:30:23.414343+00
01a07757-9312-7c83-afc2-1e6fe82976c5,1,initialized,"{""type"": ""initialized"", ""values"": {""id"": ""01a07757-9312-7c83-afc2-1e6fe82976c5"", ""code"": ""LOCKCEIL-01a0775793127c83afc21e7849c313b3-263"", ""name"": ""lock ceiling 263"", ""config"": {""is_account_set"": false, ""eventually_consistent"": false}, ""status"": ""active"", ""version"": 1, ""metadata"": null, ""description"": null, ""external_id"": null, ""normal_balance_type"": ""credit""}}",,2026-09-06 15:30:23.414343+00
01a07757-9312-7c83-afc2-1e87d80ff9f6,1,initialized,"{""type"": ""initialized"", ""values"": {""id"": ""01a07757-9312-7c83-afc2-1e87d80ff9f6"", ""code"": ""LOCKCEIL-01a0775793127c83afc21e9e84a31184-264"", ""name"": ""lock ceiling 264"", ""config"": {""is_account_set"": false, ""eventually_consistent"": false}, ""status"": ""active"", ""version"": 1, ""metadata"": null, ""description"": null, ""external_id"": null, ""normal_balance_type"": ""credit""}}",,2026-09-06 15:30:23.414343+00
01a07757-9312-7c83-afc2-1ea0aca46860,1,initialized,"{""type"": ""initialized"", ""values"": {""id"": ""01a07757-9312-7c83-afc2-1ea0aca46860"", ""code"": ""LOCKCEIL-01a0775793127c83afc21eb82228103b-265"", ""name"": ""lock ceiling 265"", ""config"": {""is_account_set"": false, ""eventually_consistent"": false}, ""status"": ""active"", ""version"": 1, ""metadata"": null, ""description"": null, ""external_id"": null, ""normal_balance_type"": ""credit""}}",,2026-09-06 15:30:23.414343+00
01a07757-9312-7c83-afc2-1ecd931ea70c,1,initialized,"{""type"": ""initialized"", ""values"": {""id"": ""01a07757-9312-7c83-afc2-1ecd931ea70c"", ""code"": ""LOCKCEIL-01a0775793127c83afc21edb1de676a9-266"", ""name"": ""lock ceiling 266"", ""config"": {""is_account_set"": false, ""eventually_consistent"": false}, ""status"": ""active"", ""version"": 1, ""metadata"": null, ""description"": null, ""external_id"": null, ""normal_balance_type"": ""credit""}}",,2026-09-06 15:30:23.414343+00
01a07757-9312-7c83-afc2-1eeae5d51dad,1,initialized,"{""type"": ""initialized"", ""values"": {""id"": ""01a07757-9312-7c83-afc2-1eeae5d51dad"", ""code"": ""LOCKCEIL-01a0775793127c83afc21ef5c7724a4e-267"", ""name"": ""lock ceiling 267"", ""config"": {""is_account_set"": false, ""eventually_consistent"": false}, ""status"": ""active"", ""version"": 1, ""metadata"": null, ""description"": null, ""external_id"": null, ""normal_balance_type"": ""credit""}}",,2026-09-06 15:30:23.414343+00
01a07757-9312-7c83-afc2-1f0ae05c099c,1,initialized,"{""type"": ""initialized"", ""values"": {""id"": ""01a07757-9312-7c83-afc2-1f0ae05c099c"", ""code"": ""LOCKCEIL-01a0775793127c83afc21f1997b548b9-268"", ""name"": ""lock ceiling 268"", ""config"": {""is_account_set"": false, ""eventually_consistent"": false}, ""status"": ""active"", ""version"": 1, ""metadata"": null, ""description"": null, ""external_id"": null, ""normal_balance_type"": ""credit""}}",,2026-09-06 15:30:23.414343+00
01a07757-9312-7c83-afc2-1f20a9d7a6c7,1,initialized,"{""type"": ""initialized"", ""values"": {""id"": ""01a07757-9312-7c83-afc2-1f20a9d7a6c7"", ""code"": ""LOCKCEIL-01a0775793127c83afc21f3a52a0d307-269"", ""name"": ""lock ceiling 269"", ""config"": {""is_account_set"": false, ""eventually_consistent"": false}, ""status"": ""active"", ""version"": 1, ""metadata"": null, ""description"": null, ""external_id"": null, ""normal_balance_type"": ""credit""}}",,2026-09-06 15:30:23.414343+00
01a07757-9312-7c83-afc2-1f4832186617,1,initialized,"{""type"": ""initialized"", ""values"": {""id"": ""01a07757-9312-7c83-afc2-1f4832186617"", ""code"": ""LOCKCEIL-01a0775793127c83afc21f5046bca49d-270"", ""name"": ""lock ceiling 270"", ""config"": {""is_account_set"": false, ""eventually_consistent"": false}, ""status"": ""active"", ""version"": 1, ""metadata"": null, ""description"": null, ""external_id"": null, ""normal_balance_type"": ""credit""}}",,2026-09-06 15:30:23.414343+00
01a07757-9312-7c83-afc2-1f66475ca0b8,1,initialized,"{""type"": ""initialized"", ""values"": {""id"": ""01a07757-9312-7c83-afc2-1f66475ca0b8"", ""code"": ""LOCKCEIL-01a0775793127c83afc21f7df81b013b-271"", ""name"": ""lock ceiling 271"", ""config"": {""is_account_set"": false, ""eventually_consistent"": false}, ""status"": ""active"", ""version"": 1, ""metadata"": null, ""description"": null, ""external_id"": null, ""normal_balance_type"": ""credit""}}",,2026-09-06 15:30:23.414343+00
01a07757-9312-7c83-afc2-1f8cfdb6bebf,1,initialized,"{""type"": ""initialized"", ""values"": {""id"": ""01a07757-9312-7c83-afc2-1f8cfdb6bebf"", ""code"": ""LOCKCEIL-01a0775793127c83afc21f9dd28c7008-272"", ""name"": ""lock ceiling 272"", ""config"": {""is_account_set"": false, ""eventually_consistent"": false}, ""status"": ""active"", ""version"": 1, ""metadata"": null, ""description"": null, ""external_id"": null, ""normal_balance_type"": ""credit""}}",,2026-09-06 15:30:23.414343+00
01a07757-9312-7c83-afc2-1fa8388a9ade,1,initialized,"{""type"": ""initialized"", ""values"": {""id"": ""01a07757-9312-7c83-afc2-1fa8388a9ade"", ""code"": ""LOCKCEIL-01a0775793127c83afc21fb24c31269b-273"", ""name"": ""lock ceiling 273"", ""config"": {""is_account_set"": false, ""eventually_consistent"": false}, ""status"": ""active"", ""version"": 1, ""metadata"": null, ""description"": null, ""external_id"": null, ""normal_balance_type"": ""credit""}}",,2026-09-06 15:30:23.414343+00
01a07757-9312-7c83-afc2-1fca87431e6e,1,initialized,"{""type"": ""initialized"", ""values"": {""id"": ""01a07757-9312-7c83-afc2-1fca87431e6e"", ""code"": ""LOCKCEIL-01a0775793127c83afc21fde13184f2b-274"", ""name"": ""lock ceiling 274"", ""config"": {""is_account_set"": false, ""eventually_consistent"": false}, ""status"": ""active"", ""version"": 1, ""metadata"": null, ""description"": null, ""external_id"": null, ""normal_balance_type"": ""credit""}}",,2026-09-06 15:30:23.414343+00
01a07757-9312-7c83-afc2-1feb8fb7446a,1,initialized,"{""type"": ""initialized"", ""values"": {""id"": ""01a07757-9312-7c83-afc2-1feb8fb7446a"", ""code"": ""LOCKCEIL-01a0775793127c83afc21ffcb1478162-275"", ""name"": ""lock ceiling 275"", ""config"": {""is_account_set"": false, ""eventually_consistent"": false}, ""status"": ""active"", ""version"": 1, ""metadata"": null, ""description"": null, ""external_id"": null, ""normal_balance_type"": ""credit""}}",,2026-09-06 15:30:23.414343+00
01a07757-9312-7c83-afc2-200f9f624a93,1,initialized,"{""type"": ""initialized"", ""values"": {""id"": ""01a07757-9312-7c83-afc2-200f9f624a93"", ""code"": ""LOCKCEIL-01a0775793127c83afc2201b3223d9d9-276"", ""name"": ""lock ceiling 276"", ""config"": {""is_account_set"": false, ""eventually_consistent"": false}, ""status"": ""active"", ""version"": 1, ""metadata"": null, ""description"": null, ""external_id"": null, ""normal_balance_type"": ""credit""}}",,2026-09-06 15:30:23.414343+00
01a07757-9312-7c83-afc2-20253ab21eed,1,initialized,"{""type"": ""initialized"", ""values"": {""id"": ""01a07757-9312-7c83-afc2-20253ab21eed"", ""code"": ""LOCKCEIL-01a0775793127c83afc2203e7630ce4b-277"", ""name"": ""lock ceiling 277"", ""config"": {""is_account_set"": false, ""eventually_consistent"": false}, ""status"": ""active"", ""version"": 1, ""metadata"": null, ""description"": null, ""external_id"": null, ""normal_balance_type"": ""credit""}}",,2026-09-06 15:30:23.414343+00
01a07757-9312-7c83-afc2-20472bd24e23,1,initialized,"{""type"": ""initialized"", ""values"": {""id"": ""01a07757-9312-7c83-afc2-20472bd24e23"", ""code"": ""LOCKCEIL-01a0775793127c83afc220595565b789-278"", ""name"": ""lock ceiling 278"", ""config"": {""is_account_set"": false, ""eventually_consistent"": false}, ""status"": ""active"", ""version"": 1, ""metadata"": null, ""description"": null, ""external_id"": null, ""normal_balance_type"": ""credit""}}",,2026-09-06 15:30:23.414343+00
01a07757-9312-7c83-afc2-206a1782cd1b,1,initialized,"{""type"": ""initialized"", ""values"": {""id"": ""01a07757-9312-7c83-afc2-206a1782cd1b"", ""code"": ""LOCKCEIL-01a0775793127c83afc2207479fdbbbc-279"", ""name"": ""lock ceiling 279"", ""config"": {""is_account_set"": false, ""eventually_consistent"": false}, ""status"": ""active"", ""version"": 1, ""metadata"": null, ""description"": null, ""external_id"": null, ""normal_balance_type"": ""credit""}}",,2026-09-06 15:30:23.414343+00
01a07757-9312-7c83-afc2-2083fd16f217,1,initialized,"{""type"": ""initialized"", ""values"": {""id"": ""01a07757-9312-7c83-afc2-2083fd16f217"", ""code"": ""LOCKCEIL-01a0775793127c83afc2209929b6ce96-280"", ""name"": ""lock ceiling 280"", ""config"": {""is_account_set"": false, ""eventually_consistent"": false}, ""status"": ""active"", ""version"": 1, ""metadata"": null, ""description"": null, ""external_id"": null, ""normal_balance_type"": ""credit""}}",,2026-09-06 15:30:23.414343+00
01a07757-9312-7c83-afc2-20a93c50f077,1,initialized,"{""type"": ""initialized"", ""values"": {""id"": ""01a07757-9312-7c83-afc2-20a93c50f077"", ""code"": ""LOCKCEIL-01a0775793127c83afc220b6482b50b0-281"", ""name"": ""lock ceiling 281"", ""config"": {""is_account_set"": false, ""eventually_consistent"": false}, ""status"": ""active"", ""version"": 1, ""metadata"": null, ""description"": null, ""external_id"": null, ""normal_balance_type"": ""credit""}}",,2026-09-06 15:30:23.414343+00
01a07757-9312-7c83-afc2-20c22255c8c8,1,initialized,"{""type"": ""initialized"", ""values"": {""id"": ""01a07757-9312-7c83-afc2-20c22255c8c8"", ""code"": ""LOCKCEIL-01a0775793127c83afc220d2abc61740-282"", ""name"": ""lock ceiling 282"", ""config"": {""is_account_set"": false, ""eventually_consistent"": false}, ""status"": ""active"", ""version"": 1, ""metadata"": null, ""description"": null, ""external_id"": null, ""normal_balance_type"": ""credit""}}",,2026-09-06 15:30:23.414343+00
01a07757-9312-7c83-afc2-20e2047c2289,1,initialized,"{""type"": ""initialized"", ""values"": {""id"": ""01a07757-9312-7c83-afc2-20e2047c2289"", ""code"": ""LOCKCEIL-01a0775793127c83afc220ff1f76f388-283"", ""name"": ""lock ceiling 283"", ""config"": {""is_account_set"": false, ""eventually_consistent"": false}, ""status"": ""active"", ""version"": 1, ""metadata"": null, ""description"": null, ""external_id"": null, ""normal_balance_type"": ""credit""}}",,2026-09-06 15:30:23.414343+00
01a07757-9312-7c83-afc2-210bc196e068,1,initialized,"{""type"": ""initialized"", ""values"": {""id"": ""01a07757-9312-7c83-afc2-210bc196e068"", ""code"": ""LOCKCEIL-01a0775793127c83afc2211115eb9284-284"", ""name"": ""lock ceiling 284"", ""config"": {""is_account_set"": false, ""eventually_consistent"": false}, ""status"": ""active"", ""version"": 1, ""metadata"": null, ""description"": null, ""external_id"": null, ""normal_balance_type"": ""credit""}}",,2026-09-06 15:30:23.414343+00
01a07757-9312-7c83-afc2-2124cdebd13c,1,initialized,"{""type"": ""initialized"", ""values"": {""id"": ""01a07757-9312-7c83-afc2-2124cdebd13c"", ""code"": ""LOCKCEIL-01a0775793127c83afc2213526623e1f-285"", ""name"": ""lock ceiling 285"", ""config"": {""is_account_set"": false, ""eventually_consistent"": false}, ""status"": ""active"", ""version"": 1, ""metadata"": null, ""description"": null, ""external_id"": null, ""normal_balance_type"": ""credit""}}",,2026-09-06 15:30:23.414343+00
01a07757-9312-7c83-afc2-21494f782822,1,initialized,"{""type"": ""initialized"", ""values"": {""id"": ""01a07757-9312-7c83-afc2-21494f782822"", ""code"": ""LOCKCEIL-01a0775793127c83afc22155cd03f46d-286"", ""name"": ""lock ceiling 286"", ""config"": {""is_account_set"": false, ""eventually_consistent"": false}, ""status"": ""active"", ""version"": 1, ""metadata"": null, ""description"": null, ""external_id"": null, ""normal_balance_type"": ""credit""}}",,2026-09-06 15:30:23.414343+00
01a07757-9312-7c83-afc2-2160217a21de,1,initialized,"{""type"": ""initialized"", ""values"": {""id"": ""01a07757-9312-7c83-afc2-2160217a21de"", ""code"": ""LOCKCEIL-01a0775793127c83afc2217e13a7c224-287"", ""name"": ""lock ceiling 287"", ""config"": {""is_account_set"": false, ""eventually_consistent"": false}, ""status"": ""active"", ""version"": 1, ""metadata"": null, ""description"": null, ""external_id"": null, ""normal_balance_type"": ""credit""}}",,2026-09-06 15:30:23.414343+00
01a07757-9312-7c83-afc2-21820db8fadd,1,initialized,"{""type"": ""initialized"", ""values"": {""id"": ""01a07757-9312-7c83-afc2-21820db8fadd"", ""code"": ""LOCKCEIL-01a0775793127c83afc2219cd04f0bd8-288"", ""name"": ""lock ceiling 288"", ""config"": {""is_account_set"": false, ""eventually_consistent"": false}, ""status"": ""active"", ""version"": 1, ""metadata"": null, ""description"": null, ""external_id"": null, ""normal_balance_type"": ""credit""}}",,2026-09-06 15:30:23.414343+00
01a07757-9312-7c83-afc2-21a58464b68d,1,initialized,"{""type"": ""initialized"", ""values"": {""id"": ""01a07757-9312-7c83-afc2-21a58464b68d"", ""code"": ""LOCKCEIL-01a0775793127c83afc221b8885caa1c-289"", ""name"": ""lock ceiling 289"", ""config"": {""is_account_set"": false, ""eventually_consistent"": false}, ""status"": ""active"", ""version"": 1, ""metadata"": null, ""description"": null, ""external_id"": null, ""normal_balance_type"": ""credit""}}",,2026-09-06 15:30:23.414343+00
01a07757-9312-7c83-afc2-21ca37bb9e3c,1,initialized,"{""type"": ""initialized"", ""values"": {""id"": ""01a07757-9312-7c83-afc2-21ca37bb9e3c"", ""code"": ""LOCKCEIL-01a0775793127c83afc221d29fb96411-290"", ""name"": ""lock ceiling 290"", ""config"": {""is_account_set"": false, ""eventually_consistent"": false}, ""status"": ""active"", ""version"": 1, ""metadata"": null, ""description"": null, ""external_id"": null, ""normal_balance_type"": ""credit""}}",,2026-09-06 15:30:23.414343+00
01a07757-9312-7c83-afc2-21e9491dd839,1,initialized,"{""type"": ""initialized"", ""values"": {""id"": ""01a07757-9312-7c83-afc2-21e9491dd839"", ""code"": ""LOCKCEIL-01a0775793127c83afc221fed8b8a984-291"", ""name"": ""lock ceiling 291"", ""config"": {""is_account_set"": false, ""eventually_consistent"": false}, ""status"": ""active"", ""version"": 1, ""metadata"": null, ""description"": null, ""external_id"": null, ""normal_balance_type"": ""credit""}}",,2026-09-06 15:30:23.414343+00
01a07757-9312-7c83-afc2-220d5bdfc109,1,initialized,"{""type"": ""initialized"", ""values"": {""id"": ""01a07757-9312-7c83-afc2-220d5bdfc109"", ""code"": ""LOCKCEIL-01a0775793127c83afc2221fcbdaa935-292"", ""name"": ""lock ceiling 292"", ""config"": {""is_account_set"": false, ""eventually_consistent"": false}, ""status"": ""active"", ""version"": 1, ""metadata"": null, ""description"": null, ""external_id"": null, ""normal_balance_type"": ""credit""}}",,2026-09-06 15:30:23.414343+00
01a07757-9312-7c83-afc2-22290a6d06f3,1,initialized,"{""type"": ""initialized"", ""values"": {""id"": ""01a07757-9312-7c83-afc2-22290a6d06f3"", ""code"": ""LOCKCEIL-01a0775793127c83afc2223ecfdd2f16-293"", ""name"": ""lock ceiling 293"", ""config"": {""is_account_set"": false, ""eventually_consistent"": false}, ""status"": ""active"", ""version"": 1, ""metadata"": null, ""description"": null, ""external_id"": null, ""normal_balance_type"": ""credit""}}",,2026-09-06 15:30:23.414343+00
01a07757-9312-7c83-afc2-2242b6495b05,1,initialized,"{""type"": ""initialized"", ""values"": {""id"": ""01a07757-9312-7c83-afc2-2242b6495b05"", ""code"": ""LOCKCEIL-01a0775793127c83afc222599534acc6-294"", ""name"": ""lock ceiling 294"", ""config"": {""is_account_set"": false, ""eventually_consistent"": false}, ""status"": ""active"", ""version"": 1, ""metadata"": null, ""description"": null, ""external_id"": null, ""normal_balance_type"": ""credit""}}",,2026-09-06 15:30:23.414343+00
01a07757-9312-7c83-afc2-2269583a3d61,1,initialized,"{""type"": ""initialized"", ""values"": {""id"": ""01a07757-9312-7c83-afc2-2269583a3d61"", ""code"": ""LOCKCEIL-01a0775793127c83afc22274f7cce935-295"", ""name"": ""lock ceiling 295"", ""config"": {""is_account_set"": false, ""eventually_consistent"": false}, ""status"": ""active"", ""version"": 1, ""metadata"": null, ""description"": null, ""external_id"": null, ""normal_balance_type"": ""credit""}}",,2026-09-06 15:30:23.414343+00
01a07757-9312-7c83-afc2-228f677e2b72,1,initialized,"{""type"": ""initialized"", ""values"": {""id"": ""01a07757-9312-7c83-afc2-228f677e2b72"", ""code"": ""LOCKCEIL-01a0775793127c83afc22291325f5cb8-296"", ""name"": ""lock ceiling 296"", ""config"": {""is_account_set"": false, ""eventually_consistent"": false}, ""status"": ""active"", ""version"": 1, ""metadata"": null, ""description"": null, ""external_id"": null, ""normal_balance_type"": ""credit""}}",,2026-09-06 15:30:23.414343+00
01a07757-9312-7c83-afc2-22ae442b175d,1,initialized,"{""type"": ""initialized"", ""values"": {""id"": ""01a07757-9312-7c83-afc2-22ae442b175d"", ""code"": ""LOCKCEIL-01a0775793127c83afc222b13d6c05d9-297"", ""name"": ""lock ceiling 297"", ""config"": {""is_account_set"": false, ""eventually_consistent"": false}, ""status"": ""active"", ""version"": 1, ""metadata"": null, ""description"": null, ""external_id"": null, ""normal_balance_type"": ""credit""}}",,2026-09-06 15:30:23.414343+00
01a07757-9312-7c83-afc2-22cb283098f5,1,initialized,"{""type"": ""initialized"", ""values"": {""id"": ""01a07757-9312-7c83-afc2-22cb283098f5"", ""code"": ""LOCKCEIL-01a0775793127c83afc222d433b4ae4e-298"", ""name"": ""lock ceiling 298"", ""config"": {""is_account_set"": false, ""eventually_consistent"": false}, ""status"": ""active"", ""version"": 1, ""metadata"": null, ""description"": null, ""external_id"": null, ""normal_balance_type"": ""credit""}}",,2026-09-06 15:30:23.414343+00
01a07757-9312-7c83-afc2-22e444cbf132,1,initialized,"{""type"": ""initialized"", ""values"": {""id"": ""01a07757-9312-7c83-afc2-22e444cbf132"", ""code"": ""LOCKCEIL-01a0775793127c83afc222f24c4b5720-299"", ""name"": ""lock ceiling 299"", ""config"": {""is_account_set"": false, ""eventually_consistent"": false}, ""status"": ""active"", ""version"": 1, ""metadata"": null, ""description"": null, ""external_id"": null, ""normal_balance_type"": ""credit""}}",,2026-09-06 15:30:23.414343+00
01a07757-9312-7c83-afc2-230df5f368f7,1,initialized,"{""type"": ""initialized"", ""values"": {""id"": ""01a07757-9312-7c83-afc2-230df5f368f7"", ""code"": ""LOCKCEIL-01a0775793127c83afc22317797dbc5f-300"", ""name"": ""lock ceiling 300"", ""config"": {""is_account_set"": false, ""eventually_consistent"": false}, ""status"": ""active"", ""version"": 1, ""metadata"": null, ""description"": null, ""external_id"": null, ""normal_balance_type"": ""credit""}}",,2026-09-06 15:30:23.414343+00
01a07757-9312-7c83-afc2-23241b3fbad6,1,initialized,"{""type"": ""initialized"", ""values"": {""id"": ""01a07757-9312-7c83-afc2-23241b3fbad6"", ""code"": ""LOCKCEIL-01a0775793127c83afc2233b31766d7e-301"", ""name"": ""lock ceiling 301"", ""config"": {""is_account_set"": false, ""eventually_consistent"": false}, ""status"": ""active"", ""version"": 1, ""metadata"": null, ""description"": null, ""external_id"": null, ""normal_balance_type"": ""credit""}}",,2026-09-06 15:30:23.414343+00
01a07757-9312-7c83-afc2-234d2c125cc3,1,initialized,"{""type"": ""initialized"", ""values"": {""id"": ""01a07757-9312-7c83-afc2-234d2c125cc3"", ""code"": ""LOCKCEIL-01a0775793127c83afc2235c7b874a0c-302"", ""name"": ""lock ceiling 302"", ""config"": {""is_account_set"": false, ""eventually_consistent"": false}, ""status"": ""active"", ""version"": 1, ""metadata"": null, ""description"": null, ""external_id"": null, ""normal_balance_type"": ""credit""}}",,2026-09-06 15:30:23.414343+00
01a07757-9312-7c83-afc2-236b99c875e3,1,initialized,"{""type"": ""initialized"", ""values"": {""id"": ""01a07757-9312-7c83-afc2-236b99c875e3"", ""code"": ""LOCKCEIL-01a0775793127c83afc22376fda606af-303"", ""name"": ""lock ceiling 303"", ""config"": {""is_account_set"": false, ""eventually_consistent"": false}, ""status"": ""active"", ""version"": 1, ""metadata"": null, ""description"": null, ""external_id"": null, ""normal_balance_type"": ""credit""}}",,2026-09-06 15:30:23.414343+00
01a07757-9312-7c83-afc2-238d1c444efe,1,initialized,"{""type"": ""initialized"", ""values"": {""id"": ""01a07757-9312-7c83-afc2-238d1c444efe"", ""code"": ""LOCKCEIL-01a0775793127c83afc2239e4704e3fc-304"", ""name"": ""lock ceiling 304"", ""config"": {""is_account_set"": false, ""eventually_consistent"": false}, ""status"": ""active"", ""version"": 1, ""metadata"": null, ""description"": null, ""external_id"": null, ""normal_balance_type"": ""credit""}}",,2026-09-06 15:30:23.414343+00
01a07757-9312-7c83-afc2-23a36300cccd,1,initialized,"{""type"": ""initialized"", ""values"": {""id"": ""01a07757-9312-7c83-afc2-23a36300cccd"", ""code"": ""LOCKCEIL-01a0775793127c83afc223b35ff490d1-305"", ""name"": ""lock ceiling 305"", ""config"": {""is_account_set"": false, ""eventually_consistent"": false}, ""status"": ""active"", ""version"": 1, ""metadata"": null, ""description"": null, ""external_id"": null, ""normal_balance_type"": ""credit""}}",,2026-09-06 15:30:23.414343+00
01a07757-9312-7c83-afc2-23cfb66f3d0c,1,initialized,"{""type"": ""initialized"", ""values"": {""id"": ""01a07757-9312-7c83-afc2-23cfb66f3d0c"", ""code"": ""LOCKCEIL-01a0775793127c83afc223db00b2b21f-306"", ""name"": ""lock ceiling 306"", ""config"": {""is_account_set"": false, ""eventually_consistent"": false}, ""status"": ""active"", ""version"": 1, ""metadata"": null, ""description"": null, ""external_id"": null, ""normal_balance_type"": ""credit""}}",,2026-09-06 15:30:23.414343+00
01a07757-9312-7c83-afc2-23eea373bf4c,1,initialized,"{""type"": ""initialized"", ""values"": {""id"": ""01a07757-9312-7c83-afc2-23eea373bf4c"", ""code"": ""LOCKCEIL-01a0775793127c83afc223f1ac254eb2-307"", ""name"": ""lock ceiling 307"", ""config"": {""is_account_set"": false, ""eventually_consistent"": false}, ""status"": ""active"", ""version"": 1, ""metadata"": null, ""description"": null, ""external_id"": null, ""normal_balance_type"": ""credit""}}",,2026-09-06 15:30:23.414343+00
01a07757-9312-7c83-afc2-240d997e7df0,1,initialized,"{""type"": ""initialized"", ""values"": {""id"": ""01a07757-9312-7c83-afc2-240d997e7df0"", ""code"": ""LOCKCEIL-01a0775793127c83afc224137feefc71-308"", ""name"": ""lock ceiling 308"", ""config"": {""is_account_set"": false, ""eventually_consistent"": false}, ""status"": ""active"", ""version"": 1, ""metadata"": null, ""description"": null, ""external_id"": null, ""normal_balance_type"": ""credit""}}",,2026-09-06 15:30:23.414343+00
01a07757-9312-7c83-afc2-242d632bef61,1,initialized,"{""type"": ""initialized"", ""values"": {""id"": ""01a07757-9312-7c83-afc2-242d632bef61"", ""code"": ""LOCKCEIL-01a0775793127c83afc22434d3dda6cc-309"", ""name"": ""lock ceiling 309"", ""config"": {""is_account_set"": false, ""eventually_consistent"": false}, ""status"": ""active"", ""version"": 1, ""metadata"": null, ""description"": null, ""external_id"": null, ""normal_balance_type"": ""credit""}}",,2026-09-06 15:30:23.414343+00
01a07757-9312-7c83-afc2-2445566160a8,1,initialized,"{""type"": ""initialized"", ""values"": {""id"": ""01a07757-9312-7c83-afc2-2445566160a8"", ""code"": ""LOCKCEIL-01a0775793127c83afc2245747efbbbf-310"", ""name"": ""lock ceiling 310"", ""config"": {""is_account_set"": false, ""eventually_consistent"": false}, ""status"": ""active"", ""version"": 1, ""metadata"": null, ""description"": null, ""external_id"": null, ""normal_balance_type"": ""credit""}}",,2026-09-06 15:30:23.414343+00
01a07757-9312-7c83-afc2-24617fd157e5,1,initialized,"{""type"": ""initialized"", ""values"": {""id"": ""01a07757-9312-7c83-afc2-24617fd157e5"", ""code"": ""LOCKCEIL-01a0775793127c83afc2247d16266cd9-311"", ""name"": ""lock ceiling 311"", ""config"": {""is_account_set"": false, ""eventually_consistent"": false}, ""status"": ""active"", ""version"": 1, ""metadata"": null, ""description"": null, ""external_id"": null, ""normal_balance_type"": ""credit""}}",,2026-09-06 15:30:23.414343+00
01a07757-9312-7c83-afc2-248311caf94f,1,initialized,"{""type"": ""initialized"", ""values"": {""id"": ""01a07757-9312-7c83-afc2-248311caf94f"", ""code"": ""LOCKCEIL-01a0775793127c83afc22498836f817b-312"", ""name"": ""lock ceiling 312"", ""config"": {""is_account_set"": false, ""eventually_consistent"": false}, ""status"": ""active"", ""version"": 1, ""metadata"": null, ""description"": null, ""external_id"": null, ""normal_balance_type"": ""credit""}}",,2026-09-06 15:30:23.414343+00
01a07757-9312-7c83-afc2-24aae3684888,1,initialized,"{""type"": ""initialized"", ""values"": {""id"": ""01a07757-9312-7c83-afc2-24aae3684888"", ""code"": ""LOCKCEIL-01a0775793127c83afc224b7c51f3ebf-313"", ""name"": ""lock ceiling 313"", ""config"": {""is_account_set"": false, ""eventually_consistent"": false}, ""status"": ""active"", ""version"": 1, ""metadata"": null, ""description"": null, ""external_id"": null, ""normal_balance_type"": ""credit""}}",,2026-09-06 15:30:23.414343+00
01a07757-9312-7c83-afc2-24ce6c992b5c,1,initialized,"{""type"": ""initialized"", ""values"": {""id"": ""01a07757-9312-7c83-afc2-24ce6c992b5c"", ""code"": ""LOCKCEIL-01a0775793127c83afc224df18e0d154-314"", ""name"": ""lock ceiling 314"", ""config"": {""is_account_set"": false, ""eventually_consistent"": false}, ""status"": ""active"", ""version"": 1, ""metadata"": null, ""description"": null, ""external_id"": null, ""normal_balance_type"": ""credit""}}",,2026-09-06 15:30:23.414343+00
01a07757-9312-7c83-afc2-24ef141c7979,1,initialized,"{""type"": ""initialized"", ""values"": {""id"": ""01a07757-9312-7c83-afc2-24ef141c7979"", ""code"": ""LOCKCEIL-01a0775793127c83afc224fc64077966-315"", ""name"": ""lock ceiling 315"", ""config"": {""is_account_set"": false, ""eventually_consistent"": false}, ""status"": ""active"", ""version"": 1, ""metadata"": null, ""description"": null, ""external_id"": null, ""normal_balance_type"": ""credit""}}",,2026-09-06 15:30:23.414343+00
01a07757-9312-7c83-afc2-250e7c4b04bd,1,initialized,"{""type"": ""initialized"", ""values"": {""id"": ""01a07757-9312-7c83-afc2-250e7c4b04bd"", ""code"": ""LOCKCEIL-01a0775793127c83afc22512987df016-316"", ""name"": ""lock ceiling 316"", ""config"": {""is_account_set"": false, ""eventually_consistent"": false}, ""status"": ""active"", ""version"": 1, ""metadata"": null, ""description"": null, ""external_id"": null, ""normal_balance_type"": ""credit""}}",,2026-09-06 15:30:23.414343+00
01a07757-9312-7c83-afc2-2526854fc7ad,1,initialized,"{""type"": ""initialized"", ""values"": {""id"": ""01a07757-9312-7c83-afc2-2526854fc7ad"", ""code"": ""LOCKCEIL-01a0775793127c83afc22533a79c6132-317"", ""name"": ""lock ceiling 317"", ""config"": {""is_account_set"": false, ""eventually_consistent"": false}, ""status"": ""active"", ""version"": 1, ""metadata"": null, ""description"": null, ""external_id"": null, ""normal_balance_type"": ""credit""}}",,2026-09-06 15:30:23.414343+00
01a07757-9312-7c83-afc2-254eab66b097,1,initialized,"{""type"": ""initialized"", ""values"": {""id"": ""01a07757-9312-7c83-afc2-254eab66b097"", ""code"": ""LOCKCEIL-01a0775793127c83afc22551a64fdc5f-318"", ""name"": ""lock ceiling 318"", ""config"": {""is_account_set"": false, ""eventually_consistent"": false}, ""status"": ""active"", ""version"": 1, ""metadata"": null, ""description"": null, ""external_id"": null, ""normal_balance_type"": ""credit""}}",,2026-09-06 15:30:23.414343+00
01a07757-9312-7c83-afc2-2563eb43e521,1,initialized,"{""type"": ""initialized"", ""values"": {""id"": ""01a07757-9312-7c83-afc2-2563eb43e521"", ""code"": ""LOCKCEIL-01a0775793127c83afc225793458ea3c-319"", ""name"": ""lock ceiling 319"", ""config"": {""is_account_set"": false, ""eventually_consistent"": false}, ""status"": ""active"", ""version"": 1, ""metadata"": null, ""description"": null, ""external_id"": null, ""normal_balance_type"": ""credit""}}",,2026-09-06 15:30:23.414343+00
01a07757-9312-7c83-afc2-25892b6b8e29,1,initialized,"{""type"": ""initialized"", ""values"": {""id"": ""01a07757-9312-7c83-afc2-25892b6b8e29"", ""code"": ""LOCKCEIL-01a0775793127c83afc22594ea6b5a0b-320"", ""name"": ""lock ceiling 320"", ""config"": {""is_account_set"": false, ""eventually_consistent"": false}, ""status"": ""active"", ""version"": 1, ""metadata"": null, ""description"": null, ""external_id"": null, ""normal_balance_type"": ""credit""}}",,2026-09-06 15:30:23.414343+00
01a07757-9312-7c83-afc2-25add545ecfc,1,initialized,"{""type"": ""initialized"", ""values"": {""id"": ""01a07757-9312-7c83-afc2-25add545ecfc"", ""code"": ""LOCKCEIL-01a0775793127c83afc225b605159f6f-321"", ""name"": ""lock ceiling 321"", ""config"": {""is_account_set"": false, ""eventually_consistent"": false}, ""status"": ""active"", ""version"": 1, ""metadata"": null, ""description"": null, ""external_id"": null, ""normal_balance_type"": ""credit""}}",,2026-09-06 15:30:23.414343+00
01a07757-9313-7b02-923e-7d75feb40755,1,initialized,"{""type"": ""initialized"", ""values"": {""id"": ""01a07757-9313-7b02-923e-7d75feb40755"", ""code"": ""LOCKCEIL-01a0775793137b02923e7d8b6337b691-322"", ""name"": ""lock ceiling 322"", ""config"": {""is_account_set"": false, ""eventually_consistent"": false}, ""status"": ""active"", ""version"": 1, ""metadata"": null, ""description"": null, ""external_id"": null, ""normal_balance_type"": ""credit""}}",,2026-09-06 15:30:23.414343+00
01a07757-9313-7b02-923e-7d9ec2c3de4c,1,initialized,"{""type"": ""initialized"", ""values"": {""id"": ""01a07757-9313-7b02-923e-7d9ec2c3de4c"", ""code"": ""LOCKCEIL-01a0775793137b02923e7dad68a30c09-323"", ""name"": ""lock ceiling 323"", ""config"": {""is_account_set"": false, ""eventually_consistent"": false}, ""status"": ""active"", ""version"": 1, ""metadata"": null, ""description"": null, ""external_id"": null, ""normal_balance_type"": ""credit""}}",,2026-09-06 15:30:23.414343+00
01a07757-9313-7b02-923e-7dba29a23850,1,initialized,"{""type"": ""initialized"", ""values"": {""id"": ""01a07757-9313-7b02-923e-7dba29a23850"", ""code"": ""LOCKCEIL-01a0775793137b02923e7dc85d394f5a-324"", ""name"": ""lock ceiling 324"", ""config"": {""is_account_set"": false, ""eventually_consistent"": false}, ""status"": ""active"", ""version"": 1, ""metadata"": null, ""description"": null, ""external_id"": null, ""normal_balance_type"": ""credit""}}",,2026-09-06 15:30:23.414343+00
01a07757-9313-7b02-923e-7dd40d604e36,1,initialized,"{""type"": ""initialized"", ""values"": {""id"": ""01a07757-9313-7b02-923e-7dd40d604e36"", ""code"": ""LOCKCEIL-01a0775793137b02923e7dec81be30d5-325"", ""name"": ""lock ceiling 325"", ""config"": {""is_account_set"": false, ""eventually_consistent"": false}, ""status"": ""active"", ""version"": 1, ""metadata"": null, ""description"": null, ""external_id"": null, ""normal_balance_type"": ""credit""}}",,2026-09-06 15:30:23.414343+00
01a07757-9313-7b02-923e-7df959865a35,1,initialized,"{""type"": ""initialized"", ""values"": {""id"": ""01a07757-9313-7b02-923e-7df959865a35"", ""code"": ""LOCKCEIL-01a0775793137b02923e7e0994647837-326"", ""name"": ""lock ceiling 326"", ""config"": {""is_account_set"": false, ""eventually_consistent"": false}, ""status"": ""active"", ""version"": 1, ""metadata"": null, ""description"": null, ""external_id"": null, ""normal_balance_type"": ""credit""}}",,2026-09-06 15:30:23.414343+00
01a07757-9313-7b02-923e-7e1d5bb514cc,1,initialized,"{""type"": ""initialized"", ""values"": {""id"": ""01a07757-9313-7b02-923e-7e1d5bb514cc"", ""code"": ""LOCKCEIL-01a0775793137b02923e7e2987b7242d-327"", ""name"": ""lock ceiling 327"", ""config"": {""is_account_set"": false, ""eventually_consistent"": false}, ""status"": ""active"", ""version"": 1, ""metadata"": null, ""description"": null, ""external_id"": null, ""normal_balance_type"": ""credit""}}",,2026-09-06 15:30:23.414343+00
01a07757-9313-7b02-923e-7e38958ec1ac,1,initialized,"{""type"": ""initialized"", ""values"": {""id"": ""01a07757-9313-7b02-923e-7e38958ec1ac"", ""code"": ""LOCKCEIL-01a0775793137b02923e7e4c1552ec81-328"", ""name"": ""lock ceiling 328"", ""config"": {""is_account_set"": false, ""eventually_consistent"": false}, ""status"": ""active"", ""version"": 1, ""metadata"": null, ""description"": null, ""external_id"": null, ""normal_balance_type"": ""credit""}}",,2026-09-06 15:30:23.414343+00
01a07757-9313-7b02-923e-7e5bbedfb896,1,initialized,"{""type"": ""initialized"", ""values"": {""id"": ""01a07757-9313-7b02-923e-7e5bbedfb896"", ""code"": ""LOCKCEIL-01a0775793137b02923e7e62a567da89-329"", ""name"": ""lock ceiling 329"", ""config"": {""is_account_set"": false, ""eventually_consistent"": false}, ""status"": ""active"", ""version"": 1, ""metadata"": null, ""description"": null, ""external_id"": null, ""normal_balance_type"": ""credit""}}",,2026-09-06 15:30:23.414343+00
01a07757-9313-7b02-923e-7e78d527dedf,1,initialized,"{""type"": ""initialized"", ""values"": {""id"": ""01a07757-9313-7b02-923e-7e78d527dedf"", ""code"": ""LOCKCEIL-01a0775793137b02923e7e8b3371e729-330"", ""name"": ""lock ceiling 330"", ""config"": {""is_account_set"": false, ""eventually_consistent"": false}, ""status"": ""active"", ""version"": 1, ""metadata"": null, ""description"": null, ""external_id"": null, ""normal_balance_type"": ""credit""}}",,2026-09-06 15:30:23.414343+00
01a07757-9313-7b02-923e-7e928a8b5b03,1,initialized,"{""type"": ""initialized"", ""values"": {""id"": ""01a07757-9313-7b02-923e-7e928a8b5b03"", ""code"": ""LOCKCEIL-01a0775793137b02923e7ea6df2c6945-331"", ""name"": ""lock ceiling 331"", ""config"": {""is_account_set"": false, ""eventually_consistent"": false}, ""status"": ""active"", ""version"": 1, ""metadata"": null, ""description"": null, ""external_id"": null, ""normal_balance_type"": ""credit""}}",,2026-09-06 15:30:23.414343+00
01a07757-9313-7b02-923e-7eb866425cba,1,initialized,"{""type"": ""initialized"", ""values"": {""id"": ""01a07757-9313-7b02-923e-7eb866425cba"", ""code"": ""LOCKCEIL-01a0775793137b02923e7eca59857f51-332"", ""name"": ""lock ceiling 332"", ""config"": {""is_account_set"": false, ""eventually_consistent"": false}, ""status"": ""active"", ""version"": 1, ""metadata"": null, ""description"": null, ""external_id"": null, ""normal_balance_type"": ""credit""}}",,2026-09-06 15:30:23.414343+00
01a07757-9313-7b02-923e-7edcb0b7556b,1,initialized,"{""type"": ""initialized"", ""values"": {""id"": ""01a07757-9313-7b02-923e-7edcb0b7556b"", ""code"": ""LOCKCEIL-01a0775793137b02923e7ee704a156b7-333"", ""name"": ""lock ceiling 333"", ""config"": {""is_account_set"": false, ""eventually_consistent"": false}, ""status"": ""active"", ""version"": 1, ""metadata"": null, ""description"": null, ""external_id"": null, ""normal_balance_type"": ""credit""}}",,2026-09-06 15:30:23.414343+00
01a07757-9313-7b02-923e-7ef14d500342,1,initialized,"{""type"": ""initialized"", ""values"": {""id"": ""01a07757-9313-7b02-923e-7ef14d500342"", ""code"": ""LOCKCEIL-01a0775793137b02923e7f06bfac4177-334"", ""name"": ""lock ceiling 334"", ""config"": {""is_account_set"": false, ""eventually_consistent"": false}, ""status"": ""active"", ""version"": 1, ""metadata"": null, ""description"": null, ""external_id"": null, ""normal_balance_type"": ""credit""}}",,2026-09-06 15:30:23.414343+00
01a07757-9313-7b02-923e-7f1f4359bd11,1,initialized,"{""type"": ""initialized"", ""values"": {""id"": ""01a07757-9313-7b02-923e-7f1f4359bd11"", ""code"": ""LOCKCEIL-01a0775793137b02923e7f24ddc589c7-335"", ""name"": ""lock ceiling 335"", ""config"": {""is_account_set"": false, ""eventually_consistent"": false}, ""status"": ""active"", ""version"": 1, ""metadata"": null, ""description"": null, ""external_id"": null, ""normal_balance_type"": ""credit""}}",,2026-09-06 15:30:23.414343+00
01a07757-9313-7b02-923e-7f384c7bc82f,1,initialized,"{""type"": ""initialized"", ""values"": {""id"": ""01a07757-9313-7b02-923e-7f384c7bc82f"", ""code"": ""LOCKCEIL-01a0775793137b02923e7f44eb46baf4-336"", ""name"": ""lock ceiling 336"", ""config"": {""is_account_set"": false, ""eventually_consistent"": false}, ""status"": ""active"", ""version"": 1, ""metadata"": null, ""description"": null, ""external_id"": null, ""normal_balance_type"": ""credit""}}",,2026-09-06 15:30:23.414343+00
01a07757-9313-7b02-923e-7f5413e6ec4c,1,initialized,"{""type"": ""initialized"", ""values"": {""id"": ""01a07757-9313-7b02-923e-7f5413e6ec4c"", ""code"": ""LOCKCEIL-01a0775793137b02923e7f6183d2a00b-337"", ""name"": ""lock ceiling 337"", ""config"": {""is_account_set"": false, ""eventually_consistent"": false}, ""status"": ""active"", ""version"": 1, ""metadata"": null, ""description"": null, ""external_id"": null, ""normal_balance_type"": ""credit""}}",,2026-09-06 15:30:23.414343+00
01a07757-9313-7b02-923e-7f75af5302a5,1,initialized,"{""type"": ""initialized"", ""values"": {""id"": ""01a07757-9313-7b02-923e-7f75af5302a5"", ""code"": ""LOCKCEIL-01a0775793137b02923e7f86636ad2a0-338"", ""name"": ""lock ceiling 338"", ""config"": {""is_account_set"": false, ""eventually_consistent"": false}, ""status"": ""active"", ""version"": 1, ""metadata"": null, ""description"": null, ""external_id"": null, ""normal_balance_type"": ""credit""}}",,2026-09-06 15:30:23.414343+00
01a07757-9313-7b02-923e-7f92203f1f1f,1,initialized,"{""type"": ""initialized"", ""values"": {""id"": ""01a07757-9313-7b02-923e-7f92203f1f1f"", ""code"": ""LOCKCEIL-01a0775793137b02923e7fa58a3a4973-339"", ""name"": ""lock ceiling 339"", ""config"": {""is_account_set"": false, ""eventually_consistent"": false}, ""status"": ""active"", ""version"": 1, ""metadata"": null, ""description"": null, ""external_id"": null, ""normal_balance_type"": ""credit""}}",,2026-09-06 15:30:23.414343+00
01a07757-9313-7b02-923e-7fb3aa0a0ca1,1,initialized,"{""type"": ""initialized"", ""values"": {""id"": ""01a07757-9313-7b02-923e-7fb3aa0a0ca1"", ""code"": ""LOCKCEIL-01a0775793137b02923e7fcc0f77713f-340"", ""name"": ""lock ceiling 340"", ""config"": {""is_account_set"": false, ""eventually_consistent"": false}, ""status"": ""active"", ""version"": 1, ""metadata"": null, ""description"": null, ""external_id"": null, ""normal_balance_type"": ""credit""}}",,2026-09-06 15:30:23.414343+00
01a07757-9313-7b02-923e-7fd1af5515e0,1,initialized,"{""type"": ""initialized"", ""values"": {""id"": ""01a07757-9313-7b02-923e-7fd1af5515e0"", ""code"": ""LOCKCEIL-01a0775793137b02923e7fe1fbb9f220-341"", ""name"": ""lock ceiling 341"", ""config"": {""is_account_set"": false, ""eventually_consistent"": false}, ""status"": ""active"", ""version"": 1, ""metadata"": null, ""description"": null, ""external_id"": null, ""normal_balance_type"": ""credit""}}",,2026-09-06 15:30:23.414343+00
01a07757-9313-7b02-923e-7ffd521bd145,1,initialized,"{""type"": ""initialized"", ""values"": {""id"": ""01a07757-9313-7b02-923e-7ffd521bd145"", ""code"": ""LOCKCEIL-01a0775793137b02923e80015ff791bd-342"", ""name"": ""lock ceiling 342"", ""config"": {""is_account_set"": false, ""eventually_consistent"": false}, ""status"": ""active"", ""version"": 1, ""metadata"": null, ""description"": null, ""external_id"": null, ""normal_balance_type"": ""credit""}}",,2026-09-06 15:30:23.414343+00
01a07757-9313-7b02-923e-80170025ca9b,1,initialized,"{""type"": ""initialized"", ""values"": {""id"": ""01a07757-9313-7b02-923e-80170025ca9b"", ""code"": ""LOCKCEIL-01a0775793137b02923e80288f3c4536-343"", ""name"": ""lock ceiling 343"", ""config"": {""is_account_set"": false, ""eventually_consistent"": false}, ""status"": ""active"", ""version"": 1, ""metadata"": null, ""description"": null, ""external_id"": null, ""normal_balance_type"": ""credit""}}",,2026-09-06 15:30:23.414343+00
01a07757-9313-7b02-923e-803320d1b99e,1,initialized,"{""type"": ""initialized"", ""values"": {""id"": ""01a07757-9313-7b02-923e-803320d1b99e"", ""code"": ""LOCKCEIL-01a0775793137b02923e80458cf11040-344"", ""name"": ""lock ceiling 344"", ""config"": {""is_account_set"": false, ""eventually_consistent"": false}, ""status"": ""active"", ""version"": 1, ""metadata"": null, ""description"": null, ""external_id"": null, ""normal_balance_type"": ""credit""}}",,2026-09-06 15:30:23.414343+00
01a07757-9313-7b02-923e-8052a6a0e205,1,initialized,"{""type"": ""initialized"", ""values"": {""id"": ""01a07757-9313-7b02-923e-8052a6a0e205"", ""code"": ""LOCKCEIL-01a0775793137b02923e8062bb185111-345"", ""name"": ""lock ceiling 345"", ""config"": {""is_account_set"": false, ""eventually_consistent"": false}, ""status"": ""active"", ""version"": 1, ""metadata"": null, ""description"": null, ""external_id"": null, ""normal_balance_type"": ""credit""}}",,2026-09-06 15:30:23.414343+00
01a07757-9313-7b02-923e-807a8a28b4ac,1,initialized,"{""type"": ""initialized"", ""values"": {""id"": ""01a07757-9313-7b02-923e-807a8a28b4ac"", ""code"": ""LOCKCEIL-01a0775793137b02923e8081ad9277b7-346"", ""name"": ""lock ceiling 346"", ""config"": {""is_account_set"": false, ""eventually_consistent"": false}, ""status"": ""active"", ""version"": 1, ""metadata"": null, ""description"": null, ""external_id"": null, ""normal_balance_type"": ""credit""}}",,2026-09-06 15:30:23.414343+00
01a07757-9313-7b02-923e-809384f2fbef,1,initialized,"{""type"": ""initialized"", ""values"": {""id"": ""01a07757-9313-7b02-923e-809384f2fbef"", ""code"": ""LOCKCEIL-01a0775793137b02923e80a7138b99ae-347"", ""name"": ""lock ceiling 347"", ""config"": {""is_account_set"": false, ""eventually_consistent"": false}, ""status"": ""active"", ""version"": 1, ""metadata"": null, ""description"": null, ""external_id"": null, ""normal_balance_type"": ""credit""}}",,2026-09-06 15:30:23.414343+00
01a07757-9313-7b02-923e-80b107581521,1,initialized,"{""type"": ""initialized"", ""values"": {""id"": ""01a07757-9313-7b02-923e-80b107581521"", ""code"": ""LOCKCEIL-01a0775793137b02923e80ca30a55a4f-348"", ""name"": ""lock ceiling 348"", ""config"": {""is_account_set"": false, ""eventually_consistent"": false}, ""status"": ""active"", ""version"": 1, ""metadata"": null, ""description"": null, ""external_id"": null, ""normal_balance_type"": ""credit""}}",,2026-09-06 15:30:23.414343+00
01a07757-9313-7b02-923e-80dbaa31d072,1,initialized,"{""type"": ""initialized"", ""values"": {""id"": ""01a07757-9313-7b02-923e-80dbaa31d072"", ""code"": ""LOCKCEIL-01a0775793137b02923e80ec52b845c0-349"", ""name"": ""lock ceiling 349"", ""config"": {""is_account_set"": false, ""eventually_consistent"": false}, ""status"": ""active"", ""version"": 1, ""metadata"": null, ""description"": null, ""external_id"": null, ""normal_balance_type"": ""credit""}}",,2026-09-06 15:30:23.414343+00
01a07757-9313-7b02-923e-80f595976aaf,1,initialized,"{""type"": ""initialized"", ""values"": {""id"": ""01a07757-9313-7b02-923e-80f595976aaf"", ""code"": ""LOCKCEIL-01a0775793137b02923e810c0f64a73d-350"", ""name"": ""lock ceiling 350"", ""config"": {""is_account_set"": false, ""eventually_consistent"": false}, ""status"": ""active"", ""version"": 1, ""metadata"": null, ""description"": null, ""external_id"": null, ""normal_balance_type"": ""credit""}}",,2026-09-06 15:30:23.414343+00
01a07757-9313-7b02-923e-811b8508e6c1,1,initialized,"{""type"": ""initialized"", ""values"": {""id"": ""01a07757-9313-7b02-923e-811b8508e6c1"", ""code"": ""LOCKCEIL-01a0775793137b02923e8123e0f3e88a-351"", ""name"": ""lock ceiling 351"", ""config"": {""is_account_set"": false, ""eventually_consistent"": false}, ""status"": ""active"", ""version"": 1, ""metadata"": null, ""description"": null, ""external_id"": null, ""normal_balance_type"": ""credit""}}",,2026-09-06 15:30:23.414343+00
01a07757-9313-7b02-923e-81361eaeacbe,1,initialized,"{""type"": ""initialized"", ""values"": {""id"": ""01a07757-9313-7b02-923e-81361eaeacbe"", ""code"": ""LOCKCEIL-01a0775793137b02923e814c7338eefb-352"", ""name"": ""lock ceiling 352"", ""config"": {""is_account_set"": false, ""eventually_consistent"": false}, ""status"": ""active"", ""version"": 1, ""metadata"": null, ""description"": null, ""external_id"": null, ""normal_balance_type"": ""credit""}}",,2026-09-06 15:30:23.414343+00
01a07757-9313-7b02-923e-815acddd1d90,1,initialized,"{""type"": ""initialized"", ""values"": {""id"": ""01a07757-9313-7b02-923e-815acddd1d90"", ""code"": ""LOCKCEIL-01a0775793137b02923e81621fc8e4d0-353"", ""name"": ""lock ceiling 353"", ""config"": {""is_account_set"": false, ""eventually_consistent"": false}, ""status"": ""active"", ""version"": 1, ""metadata"": null, ""description"": null, ""external_id"": null, ""normal_balance_type"": ""credit""}}",,2026-09-06 15:30:23.414343+00
01a07757-9313-7b02-923e-8171255651ab,1,initialized,"{""type"": ""initialized"", ""values"": {""id"": ""01a07757-9313-7b02-923e-8171255651ab"", ""code"": ""LOCKCEIL-01a0775793137b02923e818e338a10e9-354"", ""name"": ""lock ceiling 354"", ""config"": {""is_account_set"": false, ""eventually_consistent"": false}, ""status"": ""active"", ""version"": 1, ""metadata"": null, ""description"": null, ""external_id"": null, ""normal_balance_type"": ""credit""}}",,2026-09-06 15:30:23.414343+00
01a07757-9313-7b02-923e-819c5669e6d6,1,initialized,"{""type"": ""initialized"", ""values"": {""id"": ""01a07757-9313-7b02-923e-819c5669e6d6"", ""code"": ""LOCKCEIL-01a0775793137b02923e81ab3695c691-355"", ""name"": ""lock ceiling 355"", ""config"": {""is_account_set"": false, ""eventually_consistent"": false}, ""status"": ""active"", ""version"": 1, ""metadata"": null, ""description"": null, ""external_id"": null, ""normal_balance_type"": ""credit""}}",,2026-09-06 15:30:23.414343+00
01a07757-9313-7b02-923e-81b75e425159,1,initialized,"{""type"": ""initialized"", ""values"": {""id"": ""01a07757-9313-7b02-923e-81b75e425159"", ""code"": ""LOCKCEIL-01a07757931c7ca19d6f30f8a8475fd4-356"", ""name"": ""lock ceiling 356"", ""config"": {""is_account_set"": false, ""eventually_consistent"": false}, ""status"": ""active"", ""version"": 1, ""metadata"": null, ""description"": null, ""external_id"": null, ""normal_balance_type"": ""credit""}}",,2026-09-06 15:30:23.414343+00
01a07757-931c-7ca1-9d6f-3107abf531b6,1,initialized,"{""type"": ""initialized"", ""values"": {""id"": ""01a07757-931c-7ca1-9d6f-3107abf531b6"", ""code"": ""LOCKCEIL-01a07757931c7ca19d6f3114c66afd9f-357"", ""name"": ""lock ceiling 357"", ""config"": {""is_account_set"": false, ""eventually_consistent"": false}, ""status"": ""active"", ""version"": 1, ""metadata"": null, ""description"": null, ""external_id"": null, ""normal_balance_type"": ""credit""}}",,2026-09-06 15:30:23.414343+00
01a07757-931c-7ca1-9d6f-312706d6944e,1,initialized,"{""type"": ""initialized"", ""values"": {""id"": ""01a07757-931c-7ca1-9d6f-312706d6944e"", ""code"": ""LOCKCEIL-01a07757931c7ca19d6f3131157d621a-358"", ""name"": ""lock ceiling 358"", ""config"": {""is_account_set"": false, ""eventually_consistent"": false}, ""status"": ""active"", ""version"": 1, ""metadata"": null, ""description"": null, ""external_id"": null, ""normal_balance_type"": ""credit""}}",,2026-09-06 15:30:23.414343+00
01a07757-931c-7ca1-9d6f-31416005945b,1,initialized,"{""type"": ""initialized"", ""values"": {""id"": ""01a07757-931c-7ca1-9d6f-31416005945b"", ""code"": ""LOCKCEIL-01a07757931c7ca19d6f31554df6723b-359"", ""name"": ""lock ceiling 359"", ""config"": {""is_account_set"": false, ""eventually_consistent"": false}, ""status"": ""active"", ""version"": 1, ""metadata"": null, ""description"": null, ""external_id"": null, ""normal_balance_type"": ""credit""}}",,2026-09-06 15:30:23.414343+00
01a07757-931c-7ca1-9d6f-316f7c956a91,1,initialized,"{""type"": ""initialized"", ""values"": {""id"": ""01a07757-931c-7ca1-9d6f-316f7c956a91"", ""code"": ""LOCKCEIL-01a07757931c7ca19d6f317e5af000bd-360"", ""name"": ""lock ceiling 360"", ""config"": {""is_account_set"": false, ""eventually_consistent"": false}, ""status"": ""active"", ""version"": 1, ""metadata"": null, ""description"": null, ""external_id"": null, ""normal_balance_type"": ""credit""}}",,2026-09-06 15:30:23.414343+00
01a07757-931c-7ca1-9d6f-318153cc61df,1,initialized,"{""type"": ""initialized"", ""values"": {""id"": ""01a07757-931c-7ca1-9d6f-318153cc61df"", ""code"": ""LOCKCEIL-01a07757931c7ca19d6f319c05db2934-361"", ""name"": ""lock ceiling 361"", ""config"": {""is_account_set"": false, ""eventually_consistent"": false}, ""status"": ""active"", ""version"": 1, ""metadata"": null, ""description"": null, ""external_id"": null, ""normal_balance_type"": ""credit""}}",,2026-09-06 15:30:23.414343+00
01a07757-931c-7ca1-9d6f-31ac88ab00ff,1,initialized,"{""type"": ""initialized"", ""values"": {""id"": ""01a07757-931c-7ca1-9d6f-31ac88ab00ff"", ""code"": ""LOCKCEIL-01a07757931c7ca19d6f31bf06743d50-362"", ""name"": ""lock ceiling 362"", ""config"": {""is_account_set"": false, ""eventually_consistent"": false}, ""status"": ""active"", ""version"": 1, ""metadata"": null, ""description"": null, ""external_id"": null, ""normal_balance_type"": ""credit""}}",,2026-09-06 15:30:23.414343+00
01a07757-931c-7ca1-9d6f-31cc53a5965a,1,initialized,"{""type"": ""initialized"", ""values"": {""id"": ""01a07757-931c-7ca1-9d6f-31cc53a5965a"", ""code"": ""LOCKCEIL-01a07757931c7ca19d6f31d9f9115606-363"", ""name"": ""lock ceiling 363"", ""config"": {""is_account_set"": false, ""eventually_consistent"": false}, ""status"": ""active"", ""version"": 1, ""metadata"": null, ""description"": null, ""external_id"": null, ""normal_balance_type"": ""credit""}}",,2026-09-06 15:30:23.414343+00
01a07757-931c-7ca1-9d6f-31e77acd14f3,1,initialized,"{""type"": ""initialized"", ""values"": {""id"": ""01a07757-931c-7ca1-9d6f-31e77acd14f3"", ""code"": ""LOCKCEIL-01a07757931c7ca19d6f31f284afb864-364"", ""name"": ""lock ceiling 364"", ""config"": {""is_account_set"": false, ""eventually_consistent"": false}, ""status"": ""active"", ""version"": 1, ""metadata"": null, ""description"": null, ""external_id"": null, ""normal_balance_type"": ""credit""}}",,2026-09-06 15:30:23.414343+00
01a07757-931c-7ca1-9d6f-32053e819309,1,initialized,"{""type"": ""initialized"", ""values"": {""id"": ""01a07757-931c-7ca1-9d6f-32053e819309"", ""code"": ""LOCKCEIL-01a07757931c7ca19d6f321c1720a8ef-365"", ""name"": ""lock ceiling 365"", ""config"": {""is_account_set"": false, ""eventually_consistent"": false}, ""status"": ""active"", ""version"": 1, ""metadata"": null, ""description"": null, ""external_id"": null, ""normal_balance_type"": ""credit""}}",,2026-09-06 15:30:23.414343+00
01a07757-931c-7ca1-9d6f-32289ba1fd61,1,initialized,"{""type"": ""initialized"", ""values"": {""id"": ""01a07757-931c-7ca1-9d6f-32289ba1fd61"", ""code"": ""LOCKCEIL-01a07757931c7ca19d6f3237f97152b1-366"", ""name"": ""lock ceiling 366"", ""config"": {""is_account_set"": false, ""eventually_consistent"": false}, ""status"": ""active"", ""version"": 1, ""metadata"": null, ""description"": null, ""external_id"": null, ""normal_balance_type"": ""credit""}}",,2026-09-06 15:30:23.414343+00
01a07757-931c-7ca1-9d6f-32438d20ab8b,1,initialized,"{""type"": ""initialized"", ""values"": {""id"": ""01a07757-931c-7ca1-9d6f-32438d20ab8b"", ""code"": ""LOCKCEIL-01a07757931c7ca19d6f3255a8b4039d-367"", ""name"": ""lock ceiling 367"", ""config"": {""is_account_set"": false, ""eventually_consistent"": false}, ""status"": ""active"", ""version"": 1, ""metadata"": null, ""description"": null, ""external_id"": null, ""normal_balance_type"": ""credit""}}",,2026-09-06 15:30:23.414343+00
01a07757-931c-7ca1-9d6f-3262c517ca0e,1,initialized,"{""type"": ""initialized"", ""values"": {""id"": ""01a07757-931c-7ca1-9d6f-3262c517ca0e"", ""code"": ""LOCKCEIL-01a07757931c7ca19d6f327c0935743c-368"", ""name"": ""lock ceiling 368"", ""config"": {""is_account_set"": false, ""eventually_consistent"": false}, ""status"": ""active"", ""version"": 1, ""metadata"": null, ""description"": null, ""external_id"": null, ""normal_balance_type"": ""credit""}}",,2026-09-06 15:30:23.414343+00
01a07757-931c-7ca1-9d6f-328948314fce,1,initialized,"{""type"": ""initialized"", ""values"": {""id"": ""01a07757-931c-7ca1-9d6f-328948314fce"", ""code"": ""LOCKCEIL-01a07757931c7ca19d6f3296eba4c7d6-369"", ""name"": ""lock ceiling 369"", ""config"": {""is_account_set"": false, ""eventually_consistent"": false}, ""status"": ""active"", ""version"": 1, ""metadata"": null, ""description"": null, ""external_id"": null, ""normal_balance_type"": ""credit""}}",,2026-09-06 15:30:23.414343+00
01a07757-931c-7ca1-9d6f-32a0c0997d1f,1,initialized,"{""type"": ""initialized"", ""values"": {""id"": ""01a07757-931c-7ca1-9d6f-32a0c0997d1f"", ""code"": ""LOCKCEIL-01a07757931c7ca19d6f32b6f131b5d3-370"", ""name"": ""lock ceiling 370"", ""config"": {""is_account_set"": false, ""eventually_consistent"": false}, ""status"": ""active"", ""version"": 1, ""metadata"": null, ""description"": null, ""external_id"": null, ""normal_balance_type"": ""credit""}}",,2026-09-06 15:30:23.414343+00
01a07757-931c-7ca1-9d6f-32cde009c3ec,1,initialized,"{""type"": ""initialized"", ""values"": {""id"": ""01a07757-931c-7ca1-9d6f-32cde009c3ec"", ""code"": ""LOCKCEIL-01a07757931c7ca19d6f32db5481b16b-371"", ""name"": ""lock ceiling 371"", ""config"": {""is_account_set"": false, ""eventually_consistent"": false}, ""status"": ""active"", ""version"": 1, ""metadata"": null, ""description"": null, ""external_id"": null, ""normal_balance_type"": ""credit""}}",,2026-09-06 15:30:23.414343+00
01a07757-931c-7ca1-9d6f-32e2d863eb0f,1,initialized,"{""type"": ""initialized"", ""values"": {""id"": ""01a07757-931c-7ca1-9d6f-32e2d863eb0f"", ""code"": ""LOCKCEIL-01a07757931c7ca19d6f32f601c955bc-372"", ""name"": ""lock ceiling 372"", ""config"": {""is_account_set"": false, ""eventually_consistent"": false}, ""status"": ""active"", ""version"": 1, ""metadata"": null, ""description"": null, ""external_id"": null, ""normal_balance_type"": ""credit""}}",,2026-09-06 15:30:23.414343+00
01a07757-931c-7ca1-9d6f-3303ae5226da,1,initialized,"{""type"": ""initialized"", ""values"": {""id"": ""01a07757-931c-7ca1-9d6f-3303ae5226da"", ""code"": ""LOCKCEIL-01a07757931c7ca19d6f331c7fd00271-373"", ""name"": ""lock ceiling 373"", ""config"": {""is_account_set"": false, ""eventually_consistent"": false}, ""status"": ""active"", ""version"": 1, ""metadata"": null, ""description"": null, ""external_id"": null, ""normal_balance_type"": ""credit""}}",,2026-09-06 15:30:23.414343+00
01a07757-931c-7ca1-9d6f-332bed5d3760,1,initialized,"{""type"": ""initialized"", ""values"": {""id"": ""01a07757-931c-7ca1-9d6f-332bed5d3760"", ""code"": ""LOCKCEIL-01a07757931c7ca19d6f3333be887eda-374"", ""name"": ""lock ceiling 374"", ""config"": {""is_account_set"": false, ""eventually_consistent"": false}, ""status"": ""active"", ""version"": 1, ""metadata"": null, ""description"": null, ""external_id"": null, ""normal_balance_type"": ""credit""}}",,2026-09-06 15:30:23.414343+00
01a07757-931c-7ca1-9d6f-33475ee3beb4,1,initialized,"{""type"": ""initialized"", ""values"": {""id"": ""01a07757-931c-7ca1-9d6f-33475ee3beb4"", ""code"": ""LOCKCEIL-01a07757931c7ca19d6f335e84a0df30-375"", ""name"": ""lock ceiling 375"", ""config"": {""is_account_set"": false, ""eventually_consistent"": false}, ""status"": ""active"", ""version"": 1, ""metadata"": null, ""description"": null, ""external_id"": null, ""normal_balance_type"": ""credit""}}",,2026-09-06 15:30:23.414343+00
01a07757-931c-7ca1-9d6f-336a4f95a06c,1,initialized,"{""type"": ""initialized"", ""values"": {""id"": ""01a07757-931c-7ca1-9d6f-336a4f95a06c"", ""code"": ""LOCKCEIL-01a07757931c7ca19d6f337e912316bf-376"", ""name"": ""lock ceiling 376"", ""config"": {""is_account_set"": false, ""eventually_consistent"": false}, ""status"": ""active"", ""version"": 1, ""metadata"": null, ""description"": null, ""external_id"": null, ""normal_balance_type"": ""credit""}}",,2026-09-06 15:30:23.414343+00
01a07757-931c-7ca1-9d6f-3383db13eb9e,1,initialized,"{""type"": ""initialized"", ""values"": {""id"": ""01a07757-931c-7ca1-9d6f-3383db13eb9e"", ""code"": ""LOCKCEIL-01a07757931c7ca19d6f3396797dda49-377"", ""name"": ""lock ceiling 377"", ""config"": {""is_account_set"": false, ""eventually_consistent"": false}, ""status"": ""active"", ""version"": 1, ""metadata"": null, ""description"": null, ""external_id"": null, ""normal_balance_type"": ""credit""}}",,2026-09-06 15:30:23.414343+00
01a07757-931c-7ca1-9d6f-33a273ff8636,1,initialized,"{""type"": ""initialized"", ""values"": {""id"": ""01a07757-931c-7ca1-9d6f-33a273ff8636"", ""code"": ""LOCKCEIL-01a07757931c7ca19d6f33b2f77136e5-378"", ""name"": ""lock ceiling 378"", ""config"": {""is_account_set"": false, ""eventually_consistent"": false}, ""status"": ""active"", ""version"": 1, ""metadata"": null, ""description"": null, ""external_id"": null, ""normal_balance_type"": ""credit""}}",,2026-09-06 15:30:23.414343+00
01a07757-931c-7ca1-9d6f-33cac9be95e5,1,initialized,"{""type"": ""initialized"", ""values"": {""id"": ""01a07757-931c-7ca1-9d6f-33cac9be95e5"", ""code"": ""LOCKCEIL-01a07757931c7ca19d6f33d1e54ff96c-379"", ""name"": ""lock ceiling 379"", ""config"": {""is_account_set"": false, ""eventually_consistent"": false}, ""status"": ""active"", ""version"": 1, ""metadata"": null, ""description"": null, ""external_id"": null, ""normal_balance_type"": ""credit""}}",,2026-09-06 15:30:23.414343+00
01a07757-931c-7ca1-9d6f-33ef42913064,1,initialized,"{""type"": ""initialized"", ""values"": {""id"": ""01a07757-931c-7ca1-9d6f-33ef42913064"", ""code"": ""LOCKCEIL-01a07757931c7ca19d6f33f04ee29e44-380"", ""name"": ""lock ceiling 380"", ""config"": {""is_account_set"": false, ""eventually_consistent"": false}, ""status"": ""active"", ""version"": 1, ""metadata"": null, ""description"": null, ""external_id"": null, ""normal_balance_type"": ""credit""}}",,2026-09-06 15:30:23.414343+00
01a07757-931c-7ca1-9d6f-340a1f7382c6,1,initialized,"{""type"": ""initialized"", ""values"": {""id"": ""01a07757-931c-7ca1-9d6f-340a1f7382c6"", ""code"": ""LOCKCEIL-01a07757931c7ca19d6f3415bb26c7d4-381"", ""name"": ""lock ceiling 381"", ""config"": {""is_account_set"": false, ""eventually_consistent"": false}, ""status"": ""active"", ""version"": 1, ""metadata"": null, ""description"": null, ""external_id"": null, ""normal_balance_type"": ""credit""}}",,2026-09-06 15:30:23.414343+00
01a07757-931c-7ca1-9d6f-342d8fb1680a,1,initialized,"{""type"": ""initialized"", ""values"": {""id"": ""01a07757-931c-7ca1-9d6f-342d8fb1680a"", ""code"": ""LOCKCEIL-01a07757931c7ca19d6f3434a3d9257f-382"", ""name"": ""lock ceiling 382"", ""config"": {""is_account_set"": false, ""eventually_consistent"": false}, ""status"": ""active"", ""version"": 1, ""metadata"": null, ""description"": null, ""external_id"": null, ""normal_balance_type"": ""credit""}}",,2026-09-06 15:30:23.414343+00
01a07757-931c-7ca1-9d6f-34401a1730e0,1,initialized,"{""type"": ""initialized"", ""values"": {""id"": ""01a07757-931c-7ca1-9d6f-34401a1730e0"", ""code"": ""LOCKCEIL-01a07757931c7ca19d6f34579560bdf8-383"", ""name"": ""lock ceiling 383"", ""config"": {""is_account_set"": false, ""eventually_consistent"": false}, ""status"": ""active"", ""version"": 1, ""metadata"": null, ""description"": null, ""external_id"": null, ""normal_balance_type"": ""credit""}}",,2026-09-06 15:30:23.414343+00
01a07757-931c-7ca1-9d6f-346b4aea6344,1,initialized,"{""type"": ""initialized"", ""values"": {""id"": ""01a07757-931c-7ca1-9d6f-346b4aea6344"", ""code"": ""LOCKCEIL-01a07757931c7ca19d6f347a6a38b3b6-384"", ""name"": ""lock ceiling 384"", ""config"": {""is_account_set"": false, ""eventually_consistent"": false}, ""status"": ""active"", ""version"": 1, ""metadata"": null, ""description"": null, ""external_id"": null, ""normal_balance_type"": ""credit""}}",,2026-09-06 15:30:23.414343+00
01a07757-931c-7ca1-9d6f-348aaf42df06,1,initialized,"{""type"": ""initialized"", ""values"": {""id"": ""01a07757-931c-7ca1-9d6f-348aaf42df06"", ""code"": ""LOCKCEIL-01a07757931c7ca19d6f34929c371e7e-385"", ""name"": ""lock ceiling 385"", ""config"": {""is_account_set"": false, ""eventually_consistent"": false}, ""status"": ""active"", ""version"": 1, ""metadata"": null, ""description"": null, ""external_id"": null, ""normal_balance_type"": ""credit""}}",,2026-09-06 15:30:23.414343+00
01a07757-931c-7ca1-9d6f-34afa100ef83,1,initialized,"{""type"": ""initialized"", ""values"": {""id"": ""01a07757-931c-7ca1-9d6f-34afa100ef83"", ""code"": ""LOCKCEIL-01a07757931c7ca19d6f34b2de4b36df-386"", ""name"": ""lock ceiling 386"", ""config"": {""is_account_set"": false, ""eventually_consistent"": false}, ""status"": ""active"", ""version"": 1, ""metadata"": null, ""description"": null, ""external_id"": null, ""normal_balance_type"": ""credit""}}",,2026-09-06 15:30:23.414343+00
01a07757-931c-7ca1-9d6f-34c85ae94f45,1,initialized,"{""type"": ""initialized"", ""values"": {""id"": ""01a07757-931c-7ca1-9d6f-34c85ae94f45"", ""code"": ""LOCKCEIL-01a07757931c7ca19d6f34dee9a144ad-387"", ""name"": ""lock ceiling 387"", ""config"": {""is_account_set"": false, ""eventually_consistent"": false}, ""status"": ""active"", ""version"": 1, ""metadata"": null, ""description"": null, ""external_id"": null, ""normal_balance_type"": ""credit""}}",,2026-09-06 15:30:23.414343+00
01a07757-931c-7ca1-9d6f-34e4da83fe7e,1,initialized,"{""type"": ""initialized"", ""values"": {""id"": ""01a07757-931c-7ca1-9d6f-34e4da83fe7e"", ""code"": ""LOCKCEIL-01a07757931c7ca19d6f34fbeb945a23-388"", ""name"": ""lock ceiling 388"", ""config"": {""is_account_set"": false, ""eventually_consistent"": false}, ""status"": ""active"", ""version"": 1, ""metadata"": null, ""description"": null, ""external_id"": null, ""normal_balance_type"": ""credit""}}",,2026-09-06 15:30:23.414343+00
01a07757-931c-7ca1-9d6f-3508ccd99dfc,1,initialized,"{""type"": ""initialized"", ""values"": {""id"": ""01a07757-931c-7ca1-9d6f-3508ccd99dfc"", ""code"": ""LOCKCEIL-01a07757931c7ca19d6f35108ab66f56-389"", ""name"": ""lock ceiling 389"", ""config"": {""is_account_set"": false, ""eventually_consistent"": false}, ""status"": ""active"", ""version"": 1, ""metadata"": null, ""description"": null, ""external_id"": null, ""normal_balance_type"": ""credit""}}",,2026-09-06 15:30:23.414343+00
01a07757-931c-7ca1-9d6f-3524b6cd932a,1,initialized,"{""type"": ""initialized"", ""values"": {""id"": ""01a07757-931c-7ca1-9d6f-3524b6cd932a"", ""code"": ""LOCKCEIL-01a07757931c7ca19d6f35356e384156-390"", ""name"": ""lock ceiling 390"", ""config"": {""is_account_set"": false, ""eventually_consistent"": false}, ""status"": ""active"", ""version"": 1, ""metadata"": null, ""description"": null, ""external_id"": null, ""normal_balance_type"": ""credit""}}",,2026-09-06 15:30:23.414343+00
01a07757-931c-7ca1-9d6f-354cd0036933,1,initialized,"{""type"": ""initialized"", ""values"": {""id"": ""01a07757-931c-7ca1-9d6f-354cd0036933"", ""code"": ""LOCKCEIL-01a07757931c7ca19d6f35561737bdc0-391"", ""name"": ""lock ceiling 391"", ""config"": {""is_account_set"": false, ""eventually_consistent"": false}, ""status"": ""active"", ""version"": 1, ""metadata"": null, ""description"": null, ""external_id"": null, ""normal_balance_type"": ""credit""}}",,2026-09-06 15:30:23.414343+00
01a07757-931c-7ca1-9d6f-3566dc546093,1,initialized,"{""type"": ""initialized"", ""values"": {""id"": ""01a07757-931c-7ca1-9d6f-3566dc546093"", ""code"": ""LOCKCEIL-01a07757931c7ca19d6f3573bfdf0eb9-392"", ""name"": ""lock ceiling 392"", ""config"": {""is_account_set"": false, ""eventually_consistent"": false}, ""status"": ""active"", ""version"": 1, ""metadata"": null, ""description"": null, ""external_id"": null, ""normal_balance_type"": ""credit""}}",,2026-09-06 15:30:23.414343+00
01a07757-931c-7ca1-9d6f-358c9f502ce8,1,initialized,"{""type"": ""initialized"", ""values"": {""id"": ""01a07757-931c-7ca1-9d6f-358c9f502ce8"", ""code"": ""LOCKCEIL-01a07757931c7ca19d6f3593665062f6-393"", ""name"": ""lock ceiling 393"", ""config"": {""is_account_set"": false, ""eventually_consistent"": false}, ""status"": ""active"", ""version"": 1, ""metadata"": null, ""description"": null, ""external_id"": null, ""normal_balance_type"": ""credit""}}",,2026-09-06 15:30:23.414343+00
01a07757-931c-7ca1-9d6f-35acdaee2b65,1,initialized,"{""type"": ""initialized"", ""values"": {""id"": ""01a07757-931c-7ca1-9d6f-35acdaee2b65"", ""code"": ""LOCKCEIL-01a07757931c7ca19d6f35bac50488d4-394"", ""name"": ""lock ceiling 394"", ""config"": {""is_account_set"": false, ""eventually_consistent"": false}, ""status"": ""active"", ""version"": 1, ""metadata"": null, ""description"": null, ""external_id"": null, ""normal_balance_type"": ""credit""}}",,2026-09-06 15:30:23.414343+00
01a07757-931c-7ca1-9d6f-35cf23c3583a,1,initialized,"{""type"": ""initialized"", ""values"": {""id"": ""01a07757-931c-7ca1-9d6f-35cf23c3583a"", ""code"": ""LOCKCEIL-01a07757931c7ca19d6f35d7c7cbef93-395"", ""name"": ""lock ceiling 395"", ""config"": {""is_account_set"": false, ""eventually_consistent"": false}, ""status"": ""active"", ""version"": 1, ""metadata"": null, ""description"": null, ""external_id"": null, ""normal_balance_type"": ""credit""}}",,2026-09-06 15:30:23.414343+00
01a07757-931c-7ca1-9d6f-35ee3c7f2e22,1,initialized,"{""type"": ""initialized"", ""values"": {""id"": ""01a07757-931c-7ca1-9d6f-35ee3c7f2e22"", ""code"": ""LOCKCEIL-01a07757931c7ca19d6f35ffa2226732-396"", ""name"": ""lock ceiling 396"", ""config"": {""is_account_set"": false, ""eventually_consistent"": false}, ""status"": ""active"", ""version"": 1, ""metadata"": null, ""description"": null, ""external_id"": null, ""normal_balance_type"": ""credit""}}",,2026-09-06 15:30:23.414343+00
01a07757-931c-7ca1-9d6f-360d48a700e6,1,initialized,"{""type"": ""initialized"", ""values"": {""id"": ""01a07757-931c-7ca1-9d6f-360d48a700e6"", ""code"": ""LOCKCEIL-01a07757931c7ca19d6f36128ab06d9b-397"", ""name"": ""lock ceiling 397"", ""config"": {""is_account_set"": false, ""eventually_consistent"": false}, ""status"": ""active"", ""version"": 1, ""metadata"": null, ""description"": null, ""external_id"": null, ""normal_balance_type"": ""credit""}}",,2026-09-06 15:30:23.414343+00
01a07757-931c-7ca1-9d6f-362126b9bb54,1,initialized,"{""type"": ""initialized"", ""values"": {""id"": ""01a07757-931c-7ca1-9d6f-362126b9bb54"", ""code"": ""LOCKCEIL-01a07757931c7ca19d6f36307c55b39d-398"", ""name"": ""lock ceiling 398"", ""config"": {""is_account_set"": false, ""eventually_consistent"": false}, ""status"": ""active"", ""version"": 1, ""metadata"": null, ""description"": null, ""external_id"": null, ""normal_balance_type"": ""credit""}}",,2026-09-06 15:30:23.414343+00
01a07757-931c-7ca1-9d6f-364ea849709a,1,initialized,"{""type"": ""initialized"", ""values"": {""id"": ""01a07757-931c-7ca1-9d6f-364ea849709a"", ""code"": ""LOCKCEIL-01a07757931c7ca19d6f365920f842fa-399"", ""name"": ""lock ceiling 399"", ""config"": {""is_account_set"": false, ""eventually_consistent"": false}, ""status"": ""active"", ""version"": 1, ""metadata"": null, ""description"": null, ""external_id"": null, ""normal_balance_type"": ""credit""}}",,2026-09-06 15:30:23.414343+00
01a07757-931c-7ca1-9d6f-3660f137bd81,1,initialized,"{""type"": ""initialized"", ""values"": {""id"": ""01a07757-931c-7ca1-9d6f-3660f137bd81"", ""code"": ""LOCKCEIL-01a07757931c7ca19d6f367eb564df02-400"", ""name"": ""lock ceiling 400"", ""config"": {""is_account_set"": false, ""eventually_consistent"": false}, ""status"": ""active"", ""version"": 1, ""metadata"": null, ""description"": null, ""external_id"": null, ""normal_balance_type"": ""credit""}}",,2026-09-06 15:30:23.414343+00
01a07757-931c-7ca1-9d6f-3689bd3e9173,1,initialized,"{""type"": ""initialized"", ""values"": {""id"": ""01a07757-931c-7ca1-9d6f-3689bd3e9173"", ""code"": ""LOCKCEIL-01a07757931c7ca19d6f369eadc6eb36-401"", ""name"": ""lock ceiling 401"", ""config"": {""is_account_set"": false, ""eventually_consistent"": false}, ""status"": ""active"", ""version"": 1, ""metadata"": null, ""description"": null, ""external_id"": null, ""normal_balance_type"": ""credit""}}",,2026-09-06 15:30:23.414343+00
01a07757-931c-7ca1-9d6f-36a76c0c077d,1,initialized,"{""type"": ""initialized"", ""values"": {""id"": ""01a07757-931c-7ca1-9d6f-36a76c0c077d"", ""code"": ""LOCKCEIL-01a07757931c7ca19d6f36bcfc575d0e-402"", ""name"": ""lock ceiling 402"", ""config"": {""is_account_set"": false, ""eventually_consistent"": false}, ""status"": ""active"", ""version"": 1, ""metadata"": null, ""description"": null, ""external_id"": null, ""normal_balance_type"": ""credit""}}",,2026-09-06 15:30:23.414343+00
01a07757-931c-7ca1-9d6f-36c2f732de94,1,initialized,"{""type"": ""initialized"", ""values"": {""id"": ""01a07757-931c-7ca1-9d6f-36c2f732de94"", ""code"": ""LOCKCEIL-01a07757931c7ca19d6f36d8c12bf374-403"", ""name"": ""lock ceiling 403"", ""config"": {""is_account_set"": false, ""eventually_consistent"": false}, ""status"": ""active"", ""version"": 1, ""metadata"": null, ""description"": null, ""external_id"": null, ""normal_balance_type"": ""credit""}}",,2026-09-06 15:30:23.414343+00
01a07757-931c-7ca1-9d6f-36e6927d7e9c,1,initialized,"{""type"": ""initialized"", ""values"": {""id"": ""01a07757-931c-7ca1-9d6f-36e6927d7e9c"", ""code"": ""LOCKCEIL-01a07757931c7ca19d6f36fe0177154e-404"", ""name"": ""lock ceiling 404"", ""config"": {""is_account_set"": false, ""eventually_consistent"": false}, ""status"": ""active"", ""version"": 1, ""metadata"": null, ""description"": null, ""external_id"": null, ""normal_balance_type"": ""credit""}}",,2026-09-06 15:30:23.414343+00
01a07757-931d-7ef2-883f-b152bc6fdbfe,1,initialized,"{""type"": ""initialized"", ""values"": {""id"": ""01a07757-931d-7ef2-883f-b152bc6fdbfe"", ""code"": ""LOCKCEIL-01a07757931d7ef2883fb16829a351a7-405"", ""name"": ""lock ceiling 405"", ""config"": {""is_account_set"": false, ""eventually_consistent"": false}, ""status"": ""active"", ""version"": 1, ""metadata"": null, ""description"": null, ""external_id"": null, ""normal_balance_type"": ""credit""}}",,2026-09-06 15:30:23.414343+00
01a07757-931d-7ef2-883f-b176f268c6af,1,initialized,"{""type"": ""initialized"", ""values"": {""id"": ""01a07757-931d-7ef2-883f-b176f268c6af"", ""code"": ""LOCKCEIL-01a07757931d7ef2883fb181c8722552-406"", ""name"": ""lock ceiling 406"", ""config"": {""is_account_set"": false, ""eventually_consistent"": false}, ""status"": ""active"", ""version"": 1, ""metadata"": null, ""description"": null, ""external_id"": null, ""normal_balance_type"": ""credit""}}",,2026-09-06 15:30:23.414343+00
01a07757-931d-7ef2-883f-b1990f56def2,1,initialized,"{""type"": ""initialized"", ""values"": {""id"": ""01a07757-931d-7ef2-883f-b1990f56def2"", ""code"": ""LOCKCEIL-01a07757931d7ef2883fb1ad70f9b5a1-407"", ""name"": ""lock ceiling 407"", ""config"": {""is_account_set"": false, ""eventually_consistent"": false}, ""status"": ""active"", ""version"": 1, ""metadata"": null, ""description"": null, ""external_id"": null, ""normal_balance_type"": ""credit""}}",,2026-09-06 15:30:23.414343+00
01a07757-931d-7ef2-883f-b1b853b63bbd,1,initialized,"{""type"": ""initialized"", ""values"": {""id"": ""01a07757-931d-7ef2-883f-b1b853b63bbd"", ""code"": ""LOCKCEIL-01a07757931d7ef2883fb1ca86eda0a4-408"", ""name"": ""lock ceiling 408"", ""config"": {""is_account_set"": false, ""eventually_consistent"": false}, ""status"": ""active"", ""version"": 1, ""metadata"": null, ""description"": null, ""external_id"": null, ""normal_balance_type"": ""credit""}}",,2026-09-06 15:30:23.414343+00
01a07757-931d-7ef2-883f-b1dcea44965e,1,initialized,"{""type"": ""initialized"", ""values"": {""id"": ""01a07757-931d-7ef2-883f-b1dcea44965e"", ""code"": ""LOCKCEIL-01a07757931d7ef2883fb1eed0c789fc-409"", ""name"": ""lock ceiling 409"", ""config"": {""is_account_set"": false, ""eventually_consistent"": false}, ""status"": ""active"", ""version"": 1, ""metadata"": null, ""description"": null, ""external_id"": null, ""normal_balance_type"": ""credit""}}",,2026-09-06 15:30:23.414343+00
01a07757-931d-7ef2-883f-b1f0211fc21c,1,initialized,"{""type"": ""initialized"", ""values"": {""id"": ""01a07757-931d-7ef2-883f-b1f0211fc21c"", ""code"": ""LOCKCEIL-01a07757931d7ef2883fb20f09813107-410"", ""name"": ""lock ceiling 410"", ""config"": {""is_account_set"": false, ""eventually_consistent"": false}, ""status"": ""active"", ""version"": 1, ""metadata"": null, ""description"": null, ""external_id"": null, ""normal_balance_type"": ""credit""}}",,2026-09-06 15:30:23.414343+00
01a07757-931d-7ef2-883f-b21f072ab5dd,1,initialized,"{""type"": ""initialized"", ""values"": {""id"": ""01a07757-931d-7ef2-883f-b21f072ab5dd"", ""code"": ""LOCKCEIL-01a07757931d7ef2883fb22142f964f6-411"", ""name"": ""lock ceiling 411"", ""config"": {""is_account_set"": false, ""eventually_consistent"": false}, ""status"": ""active"", ""version"": 1, ""metadata"": null, ""description"": null, ""external_id"": null, ""normal_balance_type"": ""credit""}}",,2026-09-06 15:30:23.414343+00
01a07757-931d-7ef2-883f-b237334f29ca,1,initialized,"{""type"": ""initialized"", ""values"": {""id"": ""01a07757-931d-7ef2-883f-b237334f29ca"", ""code"": ""LOCKCEIL-01a07757931d7ef2883fb2490e154a25-412"", ""name"": ""lock ceiling 412"", ""config"": {""is_account_set"": false, ""eventually_consistent"": false}, ""status"": ""active"", ""version"": 1, ""metadata"": null, ""description"": null, ""external_id"": null, ""normal_balance_type"": ""credit""}}",,2026-09-06 15:30:23.414343+00
01a07757-931d-7ef2-883f-b2579868e177,1,initialized,"{""type"": ""initialized"", ""values"": {""id"": ""01a07757-931d-7ef2-883f-b2579868e177"", ""code"": ""LOCKCEIL-01a07757931d7ef2883fb260d064f22d-413"", ""name"": ""lock ceiling 413"", ""config"": {""is_account_set"": false, ""eventually_consistent"": false}, ""status"": ""active"", ""version"": 1, ""metadata"": null, ""description"": null, ""external_id"": null, ""normal_balance_type"": ""credit""}}",,2026-09-06 15:30:23.414343+00
01a07757-931d-7ef2-883f-b278a4a6751f,1,initialized,"{""type"": ""initialized"", ""values"": {""id"": ""01a07757-931d-7ef2-883f-b278a4a6751f"", ""code"": ""LOCKCEIL-01a07757931d7ef2883fb28aacdfe918-414"", ""name"": ""lock ceiling 414"", ""config"": {""is_account_set"": false, ""eventually_consistent"": false}, ""status"": ""active"", ""version"": 1, ""metadata"": null, ""description"": null, ""external_id"": null, ""normal_balance_type"": ""credit""}}",,2026-09-06 15:30:23.414343+00
01a07757-931d-7ef2-883f-b29356605a70,1,initialized,"{""type"": ""initialized"", ""values"": {""id"": ""01a07757-931d-7ef2-883f-b29356605a70"", ""code"": ""LOCKCEIL-01a07757931d7ef2883fb2abb7f1ba82-415"", ""name"": ""lock ceiling 415"", ""config"": {""is_account_set"": false, ""eventually_consistent"": false}, ""status"": ""active"", ""version"": 1, ""metadata"": null, ""description"": null, ""external_id"": null, ""normal_balance_type"": ""credit""}}",,2026-09-06 15:30:23.414343+00
01a07757-931d-7ef2-883f-b2b0979ae10f,1,initialized,"{""type"": ""initialized"", ""values"": {""id"": ""01a07757-931d-7ef2-883f-b2b0979ae10f"", ""code"": ""LOCKCEIL-01a07757931d7ef2883fb2c79aaeb81d-416"", ""name"": ""lock ceiling 416"", ""config"": {""is_account_set"": false, ""eventually_consistent"": false}, ""status"": ""active"", ""version"": 1, ""metadata"": null, ""description"": null, ""external_id"": null, ""normal_balance_type"": ""credit""}}",,2026-09-06 15:30:23.414343+00
01a07757-931d-7ef2-883f-b2d2df45025b,1,initialized,"{""type"": ""initialized"", ""values"": {""id"": ""01a07757-931d-7ef2-883f-b2d2df45025b"", ""code"": ""LOCKCEIL-01a07757931d7ef2883fb2e2c2724313-417"", ""name"": ""lock ceiling 417"", ""config"": {""is_account_set"": false, ""eventually_consistent"": false}, ""status"": ""active"", ""version"": 1, ""metadata"": null, ""description"": null, ""external_id"": null, ""normal_balance_type"": ""credit""}}",,2026-09-06 15:30:23.414343+00
01a07757-931d-7ef2-883f-b2f07e5231f3,1,initialized,"{""type"": ""initialized"", ""values"": {""id"": ""01a07757-931d-7ef2-883f-b2f07e5231f3"", ""code"": ""LOCKCEIL-01a07757931d7ef2883fb30603b537ce-418"", ""name"": ""lock ceiling 418"", ""config"": {""is_account_set"": false, ""eventually_consistent"": false}, ""status"": ""active"", ""version"": 1, ""metadata"": null, ""description"": null, ""external_id"": null, ""normal_balance_type"": ""credit""}}",,2026-09-06 15:30:23.414343+00
01a07757-931d-7ef2-883f-b314416f980f,1,initialized,"{""type"": ""initialized"", ""values"": {""id"": ""01a07757-931d-7ef2-883f-b314416f980f"", ""code"": ""LOCKCEIL-01a07757931d7ef2883fb32d16e85006-419"", ""name"": ""lock ceiling 419"", ""config"": {""is_account_set"": false, ""eventually_consistent"": false}, ""status"": ""active"", ""version"": 1, ""metadata"": null, ""description"": null, ""external_id"": null, ""normal_balance_type"": ""credit""}}",,2026-09-06 15:30:23.414343+00
01a07757-931d-7ef2-883f-b33857f0f452,1,initialized,"{""type"": ""initialized"", ""values"": {""id"": ""01a07757-931d-7ef2-883f-b33857f0f452"", ""code"": ""LOCKCEIL-01a07757931d7ef2883fb3445f988467-420"", ""name"": ""lock ceiling 420"", ""config"": {""is_account_set"": false, ""eventually_consistent"": false}, ""status"": ""active"", ""version"": 1, ""metadata"": null, ""description"": null, ""external_id"": null, ""normal_balance_type"": ""credit""}}",,2026-09-06 15:30:23.414343+00
01a07757-931d-7ef2-883f-b359fb53434d,1,initialized,"{""type"": ""initialized"", ""values"": {""id"": ""01a07757-931d-7ef2-883f-b359fb53434d"", ""code"": ""LOCKCEIL-01a07757931d7ef2883fb364eb355b0d-421"", ""name"": ""lock ceiling 421"", ""config"": {""is_account_set"": false, ""eventually_consistent"": false}, ""status"": ""active"", ""version"": 1, ""metadata"": null, ""description"": null, ""external_id"": null, ""normal_balance_type"": ""credit""}}",,2026-09-06 15:30:23.414343+00
01a07757-931d-7ef2-883f-b37a51a26db2,1,initialized,"{""type"": ""initialized"", ""values"": {""id"": ""01a07757-931d-7ef2-883f-b37a51a26db2"", ""code"": ""LOCKCEIL-01a07757931d7ef2883fb38a42985375-422"", ""name"": ""lock ceiling 422"", ""config"": {""is_account_set"": false, ""eventually_consistent"": false}, ""status"": ""active"", ""version"": 1, ""metadata"": null, ""description"": null, ""external_id"": null, ""normal_balance_type"": ""credit""}}",,2026-09-06 15:30:23.414343+00
01a07757-931d-7ef2-883f-b39b3a3f9c87,1,initialized,"{""type"": ""initialized"", ""values"": {""id"": ""01a07757-931d-7ef2-883f-b39b3a3f9c87"", ""code"": ""LOCKCEIL-01a07757931d7ef2883fb3a4fadcf79c-423"", ""name"": ""lock ceiling 423"", ""config"": {""is_account_set"": false, ""eventually_consistent"": false}, ""status"": ""active"", ""version"": 1, ""metadata"": null, ""description"": null, ""external_id"": null, ""normal_balance_type"": ""credit""}}",,2026-09-06 15:30:23.414343+00
01a07757-931d-7ef2-883f-b3b0f116e650,1,initialized,"{""type"": ""initialized"", ""values"": {""id"": ""01a07757-931d-7ef2-883f-b3b0f116e650"", ""code"": ""LOCKCEIL-01a07757931d7ef2883fb3c008a29c80-424"", ""name"": ""lock ceiling 424"", ""config"": {""is_account_set"": false, ""eventually_consistent"": false}, ""status"": ""active"", ""version"": 1, ""metadata"": null, ""description"": null, ""external_id"": null, ""normal_balance_type"": ""credit""}}",,2026-09-06 15:30:23.414343+00
01a07757-931d-7ef2-883f-b3dc718378fb,1,initialized,"{""type"": ""initialized"", ""values"": {""id"": ""01a07757-931d-7ef2-883f-b3dc718378fb"", ""code"": ""LOCKCEIL-01a07757931d7ef2883fb3eade5eed6f-425"", ""name"": ""lock ceiling 425"", ""config"": {""is_account_set"": false, ""eventually_consistent"": false}, ""status"": ""active"", ""version"": 1, ""metadata"": null, ""description"": null, ""external_id"": null, ""normal_balance_type"": ""credit""}}",,2026-09-06 15:30:23.414343+00
01a07757-931d-7ef2-883f-b3fbb5bfdb7e,1,initialized,"{""type"": ""initialized"", ""values"": {""id"": ""01a07757-931d-7ef2-883f-b3fbb5bfdb7e"", ""code"": ""LOCKCEIL-01a07757931d7ef2883fb40336d41859-426"", ""name"": ""lock ceiling 426"", ""config"": {""is_account_set"": false, ""eventually_consistent"": false}, ""status"": ""active"", ""version"": 1, ""metadata"": null, ""description"": null, ""external_id"": null, ""normal_balance_type"": ""credit""}}",,2026-09-06 15:30:23.414343+00
01a07757-931d-7ef2-883f-b41478d4173e,1,initialized,"{""type"": ""initialized"", ""values"": {""id"": ""01a07757-931d-7ef2-883f-b41478d4173e"", ""code"": ""LOCKCEIL-01a07757931d7ef2883fb42f57ee1964-427"", ""name"": ""lock ceiling 427"", ""config"": {""is_account_set"": false, ""eventually_consistent"": false}, ""status"": ""active"", ""version"": 1, ""metadata"": null, ""description"": null, ""external_id"": null, ""normal_balance_type"": ""credit""}}",,2026-09-06 15:30:23.414343+00
01a07757-931d-7ef2-883f-b4377b7dfece,1,initialized,"{""type"": ""initialized"", ""values"": {""id"": ""01a07757-931d-7ef2-883f-b4377b7dfece"", ""code"": ""LOCKCEIL-01a07757931d7ef2883fb4427fd3cae2-428"", ""name"": ""lock ceiling 428"", ""config"": {""is_account_set"": false, ""eventually_consistent"": false}, ""status"": ""active"", ""version"": 1, ""metadata"": null, ""description"": null, ""external_id"": null, ""normal_balance_type"": ""credit""}}",,2026-09-06 15:30:23.414343+00
01a07757-931d-7ef2-883f-b45d2fc66489,1,initialized,"{""type"": ""initialized"", ""values"": {""id"": ""01a07757-931d-7ef2-883f-b45d2fc66489"", ""code"": ""LOCKCEIL-01a07757931d7ef2883fb46bf99deeaa-429"", ""name"": ""lock ceiling 429"", ""config"": {""is_account_set"": false, ""eventually_consistent"": false}, ""status"": ""active"", ""version"": 1, ""metadata"": null, ""description"": null, ""external_id"": null, ""normal_balance_type"": ""credit""}}",,2026-09-06 15:30:23.414343+00
01a07757-931d-7ef2-883f-b4791d9530cc,1,initialized,"{""type"": ""initialized"", ""values"": {""id"": ""01a07757-931d-7ef2-883f-b4791d9530cc"", ""code"": ""LOCKCEIL-01a07757931d7ef2883fb48a98d5e379-430"", ""name"": ""lock ceiling 430"", ""config"": {""is_account_set"": false, ""eventually_consistent"": false}, ""status"": ""active"", ""version"": 1, ""metadata"": null, ""description"": null, ""external_id"": null, ""normal_balance_type"": ""credit""}}",,2026-09-06 15:30:23.414343+00
01a07757-931e-7f31-85a6-7a99f807a2ca,1,initialized,"{""type"": ""initialized"", ""values"": {""id"": ""01a07757-931e-7f31-85a6-7a99f807a2ca"", ""code"": ""LOCKCEIL-01a07757931e7f3185a67aab1ae4a213-431"", ""name"": ""lock ceiling 431"", ""config"": {""is_account_set"": false, ""eventually_consistent"": false}, ""status"": ""active"", ""version"": 1, ""metadata"": null, ""description"": null, ""external_id"": null, ""normal_balance_type"": ""credit""}}",,2026-09-06 15:30:23.414343+00
01a07757-931e-7f31-85a6-7ab994ba5d16,1,initialized,"{""type"": ""initialized"", ""values"": {""id"": ""01a07757-931e-7f31-85a6-7ab994ba5d16"", ""code"": ""LOCKCEIL-01a07757931e7f3185a67acb18c76242-432"", ""name"": ""lock ceiling 432"", ""config"": {""is_account_set"": false, ""eventually_consistent"": false}, ""status"": ""active"", ""version"": 1, ""metadata"": null, ""description"": null, ""external_id"": null, ""normal_balance_type"": ""credit""}}",,2026-09-06 15:30:23.414343+00
01a07757-931e-7f31-85a6-7adf4a00a449,1,initialized,"{""type"": ""initialized"", ""values"": {""id"": ""01a07757-931e-7f31-85a6-7adf4a00a449"", ""code"": ""LOCKCEIL-01a07757931e7f3185a67ae17206c51e-433"", ""name"": ""lock ceiling 433"", ""config"": {""is_account_set"": false, ""eventually_consistent"": false}, ""status"": ""active"", ""version"": 1, ""metadata"": null, ""description"": null, ""external_id"": null, ""normal_balance_type"": ""credit""}}",,2026-09-06 15:30:23.414343+00
01a07757-931e-7f31-85a6-7afb880d50ea,1,initialized,"{""type"": ""initialized"", ""values"": {""id"": ""01a07757-931e-7f31-85a6-7afb880d50ea"", ""code"": ""LOCKCEIL-01a07757931e7f3185a67b0a4420a6a6-434"", ""name"": ""lock ceiling 434"", ""config"": {""is_account_set"": false, ""eventually_consistent"": false}, ""status"": ""active"", ""version"": 1, ""metadata"": null, ""description"": null, ""external_id"": null, ""normal_balance_type"": ""credit""}}",,2026-09-06 15:30:23.414343+00
01a07757-931e-7f31-85a6-7b1487ede237,1,initialized,"{""type"": ""initialized"", ""values"": {""id"": ""01a07757-931e-7f31-85a6-7b1487ede237"", ""code"": ""LOCKCEIL-01a07757931e7f3185a67b2312e617f9-435"", ""name"": ""lock ceiling 435"", ""config"": {""is_account_set"": false, ""eventually_consistent"": false}, ""status"": ""active"", ""version"": 1, ""metadata"": null, ""description"": null, ""external_id"": null, ""normal_balance_type"": ""credit""}}",,2026-09-06 15:30:23.414343+00
01a07757-931e-7f31-85a6-7b3a534208f5,1,initialized,"{""type"": ""initialized"", ""values"": {""id"": ""01a07757-931e-7f31-85a6-7b3a534208f5"", ""code"": ""LOCKCEIL-01a07757931e7f3185a67b447722b15a-436"", ""name"": ""lock ceiling 436"", ""config"": {""is_account_set"": false, ""eventually_consistent"": false}, ""status"": ""active"", ""version"": 1, ""metadata"": null, ""description"": null, ""external_id"": null, ""normal_balance_type"": ""credit""}}",,2026-09-06 15:30:23.414343+00
01a07757-931e-7f31-85a6-7b591b1bec36,1,initialized,"{""type"": ""initialized"", ""values"": {""id"": ""01a07757-931e-7f31-85a6-7b591b1bec36"", ""code"": ""LOCKCEIL-01a07757931e7f3185a67b66b683143c-437"", ""name"": ""lock ceiling 437"", ""config"": {""is_account_set"": false, ""eventually_consistent"": false}, ""status"": ""active"", ""version"": 1, ""metadata"": null, ""description"": null, ""external_id"": null, ""normal_balance_type"": ""credit""}}",,2026-09-06 15:30:23.414343+00
01a07757-931e-7f31-85a6-7b7abcd47dc2,1,initialized,"{""type"": ""initialized"", ""values"": {""id"": ""01a07757-931e-7f31-85a6-7b7abcd47dc2"", ""code"": ""LOCKCEIL-01a07757931e7f3185a67b886213e03d-438"", ""name"": ""lock ceiling 438"", ""config"": {""is_account_set"": false, ""eventually_consistent"": false}, ""status"": ""active"", ""version"": 1, ""metadata"": null, ""description"": null, ""external_id"": null, ""normal_balance_type"": ""credit""}}",,2026-09-06 15:30:23.414343+00
01a07757-931e-7f31-85a6-7b9944e0eb2b,1,initialized,"{""type"": ""initialized"", ""values"": {""id"": ""01a07757-931e-7f31-85a6-7b9944e0eb2b"", ""code"": ""LOCKCEIL-01a07757931e7f3185a67baaf1b6b46f-439"", ""name"": ""lock ceiling 439"", ""config"": {""is_account_set"": false, ""eventually_consistent"": false}, ""status"": ""active"", ""version"": 1, ""metadata"": null, ""description"": null, ""external_id"": null, ""normal_balance_type"": ""credit""}}",,2026-09-06 15:30:23.414343+00
01a07757-931e-7f31-85a6-7bb36c055563,1,initialized,"{""type"": ""initialized"", ""values"": {""id"": ""01a07757-931e-7f31-85a6-7bb36c055563"", ""code"": ""LOCKCEIL-01a07757931e7f3185a67bc60cd594e0-440"", ""name"": ""lock ceiling 440"", ""config"": {""is_account_set"": false, ""eventually_consistent"": false}, ""status"": ""active"", ""version"": 1, ""metadata"": null, ""description"": null, ""external_id"": null, ""normal_balance_type"": ""credit""}}",,2026-09-06 15:30:23.414343+00
01a07757-931e-7f31-85a6-7bd411094922,1,initialized,"{""type"": ""initialized"", ""values"": {""id"": ""01a07757-931e-7f31-85a6-7bd411094922"", ""code"": ""LOCKCEIL-01a07757931e7f3185a67be662d08dd3-441"", ""name"": ""lock ceiling 441"", ""config"": {""is_account_set"": false, ""eventually_consistent"": false}, ""status"": ""active"", ""version"": 1, ""metadata"": null, ""description"": null, ""external_id"": null, ""normal_balance_type"": ""credit""}}",,2026-09-06 15:30:23.414343+00
01a07757-931e-7f31-85a6-7bf4dd6cdf19,1,initialized,"{""type"": ""initialized"", ""values"": {""id"": ""01a07757-931e-7f31-85a6-7bf4dd6cdf19"", ""code"": ""LOCKCEIL-01a07757931e7f3185a67c0cbf221bd6-442"", ""name"": ""lock ceiling 442"", ""config"": {""is_account_set"": false, ""eventually_consistent"": false}, ""status"": ""active"", ""version"": 1, ""metadata"": null, ""description"": null, ""external_id"": null, ""normal_balance_type"": ""credit""}}",,2026-09-06 15:30:23.414343+00
01a07757-931e-7f31-85a6-7c1138f53a9d,1,initialized,"{""type"": ""initialized"", ""values"": {""id"": ""01a07757-931e-7f31-85a6-7c1138f53a9d"", ""code"": ""LOCKCEIL-01a07757931e7f3185a67c22868e0ae1-443"", ""name"": ""lock ceiling 443"", ""config"": {""is_account_set"": false, ""eventually_consistent"": false}, ""status"": ""active"", ""version"": 1, ""metadata"": null, ""description"": null, ""external_id"": null, ""normal_balance_type"": ""credit""}}",,2026-09-06 15:30:23.414343+00
01a07757-931e-7f31-85a6-7c3d62a2bc22,1,initialized,"{""type"": ""initialized"", ""values"": {""id"": ""01a07757-931e-7f31-85a6-7c3d62a2bc22"", ""code"": ""LOCKCEIL-01a07757931e7f3185a67c4787e8041b-444"", ""name"": ""lock ceiling 444"", ""config"": {""is_account_set"": false, ""eventually_consistent"": false}, ""status"": ""active"", ""version"": 1, ""metadata"": null, ""description"": null, ""external_id"": null, ""normal_balance_type"": ""credit""}}",,2026-09-06 15:30:23.414343+00
01a07757-931e-7f31-85a6-7c53bd5150a1,1,initialized,"{""type"": ""initialized"", ""values"": {""id"": ""01a07757-931e-7f31-85a6-7c53bd5150a1"", ""code"": ""LOCKCEIL-01a07757931e7f3185a67c653dffca36-445"", ""name"": ""lock ceiling 445"", ""config"": {""is_account_set"": false, ""eventually_consistent"": false}, ""status"": ""active"", ""version"": 1, ""metadata"": null, ""description"": null, ""external_id"": null, ""normal_balance_type"": ""credit""}}",,2026-09-06 15:30:23.414343+00
01a07757-931e-7f31-85a6-7c7241ecef3e,1,initialized,"{""type"": ""initialized"", ""values"": {""id"": ""01a07757-931e-7f31-85a6-7c7241ecef3e"", ""code"": ""LOCKCEIL-01a07757931e7f3185a67c8eb8b38765-446"", ""name"": ""lock ceiling 446"", ""config"": {""is_account_set"": false, ""eventually_consistent"": false}, ""status"": ""active"", ""version"": 1, ""metadata"": null, ""description"": null, ""external_id"": null, ""normal_balance_type"": ""credit""}}",,2026-09-06 15:30:23.414343+00
01a07757-931e-7f31-85a6-7c9b9f23999d,1,initialized,"{""type"": ""initialized"", ""values"": {""id"": ""01a07757-931e-7f31-85a6-7c9b9f23999d"", ""code"": ""LOCKCEIL-01a07757931e7f3185a67ca9ae221cfe-447"", ""name"": ""lock ceiling 447"", ""config"": {""is_account_set"": false, ""eventually_consistent"": false}, ""status"": ""active"", ""version"": 1, ""metadata"": null, ""description"": null, ""external_id"": null, ""normal_balance_type"": ""credit""}}",,2026-09-06 15:30:23.414343+00
01a07757-931e-7f31-85a6-7cbf18a4446b,1,initialized,"{""type"": ""initialized"", ""values"": {""id"": ""01a07757-931e-7f31-85a6-7cbf18a4446b"", ""code"": ""LOCKCEIL-01a07757931f7852a7a09d89f3debbb1-448"", ""name"": ""lock ceiling 448"", ""config"": {""is_account_set"": false, ""eventually_consistent"": false}, ""status"": ""active"", ""version"": 1, ""metadata"": null, ""description"": null, ""external_id"": null, ""normal_balance_type"": ""credit""}}",,2026-09-06 15:30:23.414343+00
01a07757-931f-7852-a7a0-9d973019f77d,1,initialized,"{""type"": ""initialized"", ""values"": {""id"": ""01a07757-931f-7852-a7a0-9d973019f77d"", ""code"": ""LOCKCEIL-01a07757931f7852a7a09dad32960c25-449"", ""name"": ""lock ceiling 449"", ""config"": {""is_account_set"": false, ""eventually_consistent"": false}, ""status"": ""active"", ""version"": 1, ""metadata"": null, ""description"": null, ""external_id"": null, ""normal_balance_type"": ""credit""}}",,2026-09-06 15:30:23.414343+00
01a07757-931f-7852-a7a0-9db0d2ad5083,1,initialized,"{""type"": ""initialized"", ""values"": {""id"": ""01a07757-931f-7852-a7a0-9db0d2ad5083"", ""code"": ""LOCKCEIL-01a07757931f7852a7a09dc64c15fba8-450"", ""name"": ""lock ceiling 450"", ""config"": {""is_account_set"": false, ""eventually_consistent"": false}, ""status"": ""active"", ""version"": 1, ""metadata"": null, ""description"": null, ""external_id"": null, ""normal_balance_type"": ""credit""}}",,2026-09-06 15:30:23.414343+00
01a07757-931f-7852-a7a0-9dddb918cebc,1,initialized,"{""type"": ""initialized"", ""values"": {""id"": ""01a07757-931f-7852-a7a0-9dddb918cebc"", ""code"": ""LOCKCEIL-01a07757931f7852a7a09dec23a91ca4-451"", ""name"": ""lock ceiling 451"", ""config"": {""is_account_set"": false, ""eventually_consistent"": false}, ""status"": ""active"", ""version"": 1, ""metadata"": null, ""description"": null, ""external_id"": null, ""normal_balance_type"": ""credit""}}",,2026-09-06 15:30:23.414343+00
01a07757-931f-7852-a7a0-9df02f8cb0b3,1,initialized,"{""type"": ""initialized"", ""values"": {""id"": ""01a07757-931f-7852-a7a0-9df02f8cb0b3"", ""code"": ""LOCKCEIL-01a07757931f7852a7a09e01bad49755-452"", ""name"": ""lock ceiling 452"", ""config"": {""is_account_set"": false, ""eventually_consistent"": false}, ""status"": ""active"", ""version"": 1, ""metadata"": null, ""description"": null, ""external_id"": null, ""normal_balance_type"": ""credit""}}",,2026-09-06 15:30:23.414343+00
01a07757-931f-7852-a7a0-9e1affdd11f5,1,initialized,"{""type"": ""initialized"", ""values"": {""id"": ""01a07757-931f-7852-a7a0-9e1affdd11f5"", ""code"": ""LOCKCEIL-01a07757931f7852a7a09e24ad20b555-453"", ""name"": ""lock ceiling 453"", ""config"": {""is_account_set"": false, ""eventually_consistent"": false}, ""status"": ""active"", ""version"": 1, ""metadata"": null, ""description"": null, ""external_id"": null, ""normal_balance_type"": ""credit""}}",,2026-09-06 15:30:23.414343+00
01a07757-931f-7852-a7a0-9e3bc7d18722,1,initialized,"{""type"": ""initialized"", ""values"": {""id"": ""01a07757-931f-7852-a7a0-9e3bc7d18722"", ""code"": ""LOCKCEIL-01a07757931f7852a7a09e456409d090-454"", ""name"": ""lock ceiling 454"", ""config"": {""is_account_set"": false, ""eventually_consistent"": false}, ""status"": ""active"", ""version"": 1, ""metadata"": null, ""description"": null, ""external_id"": null, ""normal_balance_type"": ""credit""}}",,2026-09-06 15:30:23.414343+00
01a07757-931f-7852-a7a0-9e55989ea11e,1,initialized,"{""type"": ""initialized"", ""values"": {""id"": ""01a07757-931f-7852-a7a0-9e55989ea11e"", ""code"": ""LOCKCEIL-01a07757931f7852a7a09e6431d0c41d-455"", ""name"": ""lock ceiling 455"", ""config"": {""is_account_set"": false, ""eventually_consistent"": false}, ""status"": ""active"", ""version"": 1, ""metadata"": null, ""description"": null, ""external_id"": null, ""normal_balance_type"": ""credit""}}",,2026-09-06 15:30:23.414343+00
01a07757-931f-7852-a7a0-9e75ac3daead,1,initialized,"{""type"": ""initialized"", ""values"": {""id"": ""01a07757-931f-7852-a7a0-9e75ac3daead"", ""code"": ""LOCKCEIL-01a07757931f7852a7a09e8f7256153f-456"", ""name"": ""lock ceiling 456"", ""config"": {""is_account_set"": false, ""eventually_consistent"": false}, ""status"": ""active"", ""version"": 1, ""metadata"": null, ""description"": null, ""external_id"": null, ""normal_balance_type"": ""credit""}}",,2026-09-06 15:30:23.414343+00
01a07757-931f-7852-a7a0-9e9c01a6c94a,1,initialized,"{""type"": ""initialized"", ""values"": {""id"": ""01a07757-931f-7852-a7a0-9e9c01a6c94a"", ""code"": ""LOCKCEIL-01a07757931f7852a7a09ea49bf15e17-457"", ""name"": ""lock ceiling 457"", ""config"": {""is_account_set"": false, ""eventually_consistent"": false}, ""status"": ""active"", ""version"": 1, ""metadata"": null, ""description"": null, ""external_id"": null, ""normal_balance_type"": ""credit""}}",,2026-09-06 15:30:23.414343+00
01a07757-931f-7852-a7a0-9eb1afa20cba,1,initialized,"{""type"": ""initialized"", ""values"": {""id"": ""01a07757-931f-7852-a7a0-9eb1afa20cba"", ""code"": ""LOCKCEIL-01a07757931f7852a7a09ecfeaa6d72a-458"", ""name"": ""lock ceiling 458"", ""config"": {""is_account_set"": false, ""eventually_consistent"": false}, ""status"": ""active"", ""version"": 1, ""metadata"": null, ""description"": null, ""external_id"": null, ""normal_balance_type"": ""credit""}}",,2026-09-06 15:30:23.414343+00
01a07757-931f-7852-a7a0-9ed924c5374b,1,initialized,"{""type"": ""initialized"", ""values"": {""id"": ""01a07757-931f-7852-a7a0-9ed924c5374b"", ""code"": ""LOCKCEIL-01a07757931f7852a7a09eeea78cf1f2-459"", ""name"": ""lock ceiling 459"", ""config"": {""is_account_set"": false, ""eventually_consistent"": false}, ""status"": ""active"", ""version"": 1, ""metadata"": null, ""description"": null, ""external_id"": null, ""normal_balance_type"": ""credit""}}",,2026-09-06 15:30:23.414343+00
01a07757-931f-7852-a7a0-9efae6528c56,1,initialized,"{""type"": ""initialized"", ""values"": {""id"": ""01a07757-931f-7852-a7a0-9efae6528c56"", ""code"": ""LOCKCEIL-01a07757931f7852a7a09f0ac99ee225-460"", ""name"": ""lock ceiling 460"", ""config"": {""is_account_set"": false, ""eventually_consistent"": false}, ""status"": ""active"", ""version"": 1, ""metadata"": null, ""description"": null, ""external_id"": null, ""normal_balance_type"": ""credit""}}",,2026-09-06 15:30:23.414343+00
01a07757-931f-7852-a7a0-9f10e8eec96c,1,initialized,"{""type"": ""initialized"", ""values"": {""id"": ""01a07757-931f-7852-a7a0-9f10e8eec96c"", ""code"": ""LOCKCEIL-01a07757931f7852a7a09f2e1474110c-461"", ""name"": ""lock ceiling 461"", ""config"": {""is_account_set"": false, ""eventually_consistent"": false}, ""status"": ""active"", ""version"": 1, ""metadata"": null, ""description"": null, ""external_id"": null, ""normal_balance_type"": ""credit""}}",,2026-09-06 15:30:23.414343+00
01a07757-931f-7852-a7a0-9f32165caf12,1,initialized,"{""type"": ""initialized"", ""values"": {""id"": ""01a07757-931f-7852-a7a0-9f32165caf12"", ""code"": ""LOCKCEIL-01a07757931f7852a7a09f4cc8a2d971-462"", ""name"": ""lock ceiling 462"", ""config"": {""is_account_set"": false, ""eventually_consistent"": false}, ""status"": ""active"", ""version"": 1, ""metadata"": null, ""description"": null, ""external_id"": null, ""normal_balance_type"": ""credit""}}",,2026-09-06 15:30:23.414343+00
01a07757-931f-7852-a7a0-9f5c2d9585fa,1,initialized,"{""type"": ""initialized"", ""values"": {""id"": ""01a07757-931f-7852-a7a0-9f5c2d9585fa"", ""code"": ""LOCKCEIL-01a07757931f7852a7a09f63a06766ca-463"", ""name"": ""lock ceiling 463"", ""config"": {""is_account_set"": false, ""eventually_consistent"": false}, ""status"": ""active"", ""version"": 1, ""metadata"": null, ""description"": null, ""external_id"": null, ""normal_balance_type"": ""credit""}}",,2026-09-06 15:30:23.414343+00
01a07757-931f-7852-a7a0-9f779e322c90,1,initialized,"{""type"": ""initialized"", ""values"": {""id"": ""01a07757-931f-7852-a7a0-9f779e322c90"", ""code"": ""LOCKCEIL-01a07757931f7852a7a09f8d490c8139-464"", ""name"": ""lock ceiling 464"", ""config"": {""is_account_set"": false, ""eventually_consistent"": false}, ""status"": ""active"", ""version"": 1, ""metadata"": null, ""description"": null, ""external_id"": null, ""normal_balance_type"": ""credit""}}",,2026-09-06 15:30:23.414343+00
01a07757-931f-7852-a7a0-9f9aba454f81,1,initialized,"{""type"": ""initialized"", ""values"": {""id"": ""01a07757-931f-7852-a7a0-9f9aba454f81"", ""code"": ""LOCKCEIL-01a07757931f7852a7a09fa04891e91c-465"", ""name"": ""lock ceiling 465"", ""config"": {""is_account_set"": false, ""eventually_consistent"": false}, ""status"": ""active"", ""version"": 1, ""metadata"": null, ""description"": null, ""external_id"": null, ""normal_balance_type"": ""credit""}}",,2026-09-06 15:30:23.414343+00
01a07757-931f-7852-a7a0-9fbd9300e37b,1,initialized,"{""type"": ""initialized"", ""values"": {""id"": ""01a07757-931f-7852-a7a0-9fbd9300e37b"", ""code"": ""LOCKCEIL-01a07757931f7852a7a09fc8497f9d6f-466"", ""name"": ""lock ceiling 466"", ""config"": {""is_account_set"": false, ""eventually_consistent"": false}, ""status"": ""active"", ""version"": 1, ""metadata"": null, ""description"": null, ""external_id"": null, ""normal_balance_type"": ""credit""}}",,2026-09-06 15:30:23.414343+00
01a07757-931f-7852-a7a0-9fd59927585d,1,initialized,"{""type"": ""initialized"", ""values"": {""id"": ""01a07757-931f-7852-a7a0-9fd59927585d"", ""code"": ""LOCKCEIL-01a07757931f7852a7a09fe246dc0eeb-467"", ""name"": ""lock ceiling 467"", ""config"": {""is_account_set"": false, ""eventually_consistent"": false}, ""status"": ""active"", ""version"": 1, ""metadata"": null, ""description"": null, ""external_id"": null, ""normal_balance_type"": ""credit""}}",,2026-09-06 15:30:23.414343+00
01a07757-931f-7852-a7a0-9ffc716fed59,1,initialized,"{""type"": ""initialized"", ""values"": {""id"": ""01a07757-931f-7852-a7a0-9ffc716fed59"", ""code"": ""LOCKCEIL-01a07757931f7852a7a0a00598adec05-468"", ""name"": ""lock ceiling 468"", ""config"": {""is_account_set"": false, ""eventually_consistent"": false}, ""status"": ""active"", ""version"": 1, ""metadata"": null, ""description"": null, ""external_id"": null, ""normal_balance_type"": ""credit""}}",,2026-09-06 15:30:23.414343+00
01a07757-931f-7852-a7a0-a011be0d0be7,1,initialized,"{""type"": ""initialized"", ""values"": {""id"": ""01a07757-931f-7852-a7a0-a011be0d0be7"", ""code"": ""LOCKCEIL-01a07757931f7852a7a0a025fd2916f1-469"", ""name"": ""lock ceiling 469"", ""config"": {""is_account_set"": false, ""eventually_consistent"": false}, ""status"": ""active"", ""version"": 1, ""metadata"": null, ""description"": null, ""external_id"": null, ""normal_balance_type"": ""credit""}}",,2026-09-06 15:30:23.414343+00
01a07757-931f-7852-a7a0-a03be359d76d,1,initialized,"{""type"": ""initialized"", ""values"": {""id"": ""01a07757-931f-7852-a7a0-a03be359d76d"", ""code"": ""LOCKCEIL-01a07757931f7852a7a0a042a124dddf-470"", ""name"": ""lock ceiling 470"", ""config"": {""is_account_set"": false, ""eventually_consistent"": false}, ""status"": ""active"", ""version"": 1, ""metadata"": null, ""description"": null, ""external_id"": null, ""normal_balance_type"": ""credit""}}",,2026-09-06 15:30:23.414343+00
01a07757-931f-7852-a7a0-a0515efd6b79,1,initialized,"{""type"": ""initialized"", ""values"": {""id"": ""01a07757-931f-7852-a7a0-a0515efd6b79"", ""code"": ""LOCKCEIL-01a07757931f7852a7a0a06c2e7071a7-471"", ""name"": ""lock ceiling 471"", ""config"": {""is_account_set"": false, ""eventually_consistent"": false}, ""status"": ""active"", ""version"": 1, ""metadata"": null, ""description"": null, ""external_id"": null, ""normal_balance_type"": ""credit""}}",,2026-09-06 15:30:23.414343+00
01a07757-931f-7852-a7a0-a07404373ab6,1,initialized,"{""type"": ""initialized"", ""values"": {""id"": ""01a07757-931f-7852-a7a0-a07404373ab6"", ""code"": ""LOCKCEIL-01a07757931f7852a7a0a089418d3ff6-472"", ""name"": ""lock ceiling 472"", ""config"": {""is_account_set"": false, ""eventually_consistent"": false}, ""status"": ""active"", ""version"": 1, ""metadata"": null, ""description"": null, ""external_id"": null, ""normal_balance_type"": ""credit""}}",,2026-09-06 15:30:23.414343+00
01a07757-931f-7852-a7a0-a0921462e291,1,initialized,"{""type"": ""initialized"", ""values"": {""id"": ""01a07757-931f-7852-a7a0-a0921462e291"", ""code"": ""LOCKCEIL-01a07757931f7852a7a0a0af21ac41c8-473"", ""name"": ""lock ceiling 473"", ""config"": {""is_account_set"": false, ""eventually_consistent"": false}, ""status"": ""active"", ""version"": 1, ""metadata"": null, ""description"": null, ""external_id"": null, ""normal_balance_type"": ""credit""}}",,2026-09-06 15:30:23.414343+00
01a07757-931f-7852-a7a0-a0bd5b1ac043,1,initialized,"{""type"": ""initialized"", ""values"": {""id"": ""01a07757-931f-7852-a7a0-a0bd5b1ac043"", ""code"": ""LOCKCEIL-01a07757931f7852a7a0a0cd8560ee43-474"", ""name"": ""lock ceiling 474"", ""config"": {""is_account_set"": false, ""eventually_consistent"": false}, ""status"": ""active"", ""version"": 1, ""metadata"": null, ""description"": null, ""external_id"": null, ""normal_balance_type"": ""credit""}}",,2026-09-06 15:30:23.414343+00
01a07757-931f-7852-a7a0-a0d7e73f76d9,1,initialized,"{""type"": ""initialized"", ""values"": {""id"": ""01a07757-931f-7852-a7a0-a0d7e73f76d9"", ""code"": ""LOCKCEIL-01a07757931f7852a7a0a0ecfbf56c98-475"", ""name"": ""lock ceiling 475"", ""config"": {""is_account_set"": false, ""eventually_consistent"": false}, ""status"": ""active"", ""version"": 1, ""metadata"": null, ""description"": null, ""external_id"": null, ""normal_balance_type"": ""credit""}}",,2026-09-06 15:30:23.414343+00
01a07757-931f-7852-a7a0-a0f0c39cc2c4,1,initialized,"{""type"": ""initialized"", ""values"": {""id"": ""01a07757-931f-7852-a7a0-a0f0c39cc2c4"", ""code"": ""LOCKCEIL-01a07757931f7852a7a0a10c923d1ebd-476"", ""name"": ""lock ceiling 476"", ""config"": {""is_account_set"": false, ""eventually_consistent"": false}, ""status"": ""active"", ""version"": 1, ""metadata"": null, ""description"": null, ""external_id"": null, ""normal_balance_type"": ""credit""}}",,2026-09-06 15:30:23.414343+00
01a07757-931f-7852-a7a0-a1116b317c0d,1,initialized,"{""type"": ""initialized"", ""values"": {""id"": ""01a07757-931f-7852-a7a0-a1116b317c0d"", ""code"": ""LOCKCEIL-01a07757931f7852a7a0a128e8201217-477"", ""name"": ""lock ceiling 477"", ""config"": {""is_account_set"": false, ""eventually_consistent"": false}, ""status"": ""active"", ""version"": 1, ""metadata"": null, ""description"": null, ""external_id"": null, ""normal_balance_type"": ""credit""}}",,2026-09-06 15:30:23.414343+00
01a07757-931f-7852-a7a0-a132d42d661c,1,initialized,"{""type"": ""initialized"", ""values"": {""id"": ""01a07757-931f-7852-a7a0-a132d42d661c"", ""code"": ""LOCKCEIL-01a07757931f7852a7a0a14665e693e4-478"", ""name"": ""lock ceiling 478"", ""config"": {""is_account_set"": false, ""eventually_consistent"": false}, ""status"": ""active"", ""version"": 1, ""metadata"": null, ""description"": null, ""external_id"": null, ""normal_balance_type"": ""credit""}}",,2026-09-06 15:30:23.414343+00
01a07757-931f-7852-a7a0-a159ce2d4698,1,initialized,"{""type"": ""initialized"", ""values"": {""id"": ""01a07757-931f-7852-a7a0-a159ce2d4698"", ""code"": ""LOCKCEIL-01a07757931f7852a7a0a16c316ab54d-479"", ""name"": ""lock ceiling 479"", ""config"": {""is_account_set"": false, ""eventually_consistent"": false}, ""status"": ""active"", ""version"": 1, ""metadata"": null, ""description"": null, ""external_id"": null, ""normal_balance_type"": ""credit""}}",,2026-09-06 15:30:23.414343+00
01a07757-931f-7852-a7a0-a17d0ef20ed4,1,initialized,"{""type"": ""initialized"", ""values"": {""id"": ""01a07757-931f-7852-a7a0-a17d0ef20ed4"", ""code"": ""LOCKCEIL-01a07757931f7852a7a0a180b6f83523-480"", ""name"": ""lock ceiling 480"", ""config"": {""is_account_set"": false, ""eventually_consistent"": false}, ""status"": ""active"", ""version"": 1, ""metadata"": null, ""description"": null, ""external_id"": null, ""normal_balance_type"": ""credit""}}",,2026-09-06 15:30:23.414343+00
01a07757-931f-7852-a7a0-a1914a238078,1,initialized,"{""type"": ""initialized"", ""values"": {""id"": ""01a07757-931f-7852-a7a0-a1914a238078"", ""code"": ""LOCKCEIL-01a07757931f7852a7a0a1a16a22766f-481"", ""name"": ""lock ceiling 481"", ""config"": {""is_account_set"": false, ""eventually_consistent"": false}, ""status"": ""active"", ""version"": 1, ""metadata"": null, ""description"": null, ""external_id"": null, ""normal_balance_type"": ""credit""}}",,2026-09-06 15:30:23.414343+00
01a07757-931f-7852-a7a0-a1b97fa6c31c,1,initialized,"{""type"": ""initialized"", ""values"": {""id"": ""01a07757-931f-7852-a7a0-a1b97fa6c31c"", ""code"": ""LOCKCEIL-01a07757931f7852a7a0a1c0c006286a-482"", ""name"": ""lock ceiling 482"", ""config"": {""is_account_set"": false, ""eventually_consistent"": false}, ""status"": ""active"", ""version"": 1, ""metadata"": null, ""description"": null, ""external_id"": null, ""normal_balance_type"": ""credit""}}",,2026-09-06 15:30:23.414343+00
01a07757-931f-7852-a7a0-a1d20593b8fd,1,initialized,"{""type"": ""initialized"", ""values"": {""id"": ""01a07757-931f-7852-a7a0-a1d20593b8fd"", ""code"": ""LOCKCEIL-01a07757931f7852a7a0a1eb47fa99b1-483"", ""name"": ""lock ceiling 483"", ""config"": {""is_account_set"": false, ""eventually_consistent"": false}, ""status"": ""active"", ""version"": 1, ""metadata"": null, ""description"": null, ""external_id"": null, ""normal_balance_type"": ""credit""}}",,2026-09-06 15:30:23.414343+00
01a07757-931f-7852-a7a0-a1f3a421f367,1,initialized,"{""type"": ""initialized"", ""values"": {""id"": ""01a07757-931f-7852-a7a0-a1f3a421f367"", ""code"": ""LOCKCEIL-01a07757931f7852a7a0a20193d49a1d-484"", ""name"": ""lock ceiling 484"", ""config"": {""is_account_set"": false, ""eventually_consistent"": false}, ""status"": ""active"", ""version"": 1, ""metadata"": null, ""description"": null, ""external_id"": null, ""normal_balance_type"": ""credit""}}",,2026-09-06 15:30:23.414343+00
01a07757-931f-7852-a7a0-a21286c836a3,1,initialized,"{""type"": ""initialized"", ""values"": {""id"": ""01a07757-931f-7852-a7a0-a21286c836a3"", ""code"": ""LOCKCEIL-01a07757931f7852a7a0a22299af4c9c-485"", ""name"": ""lock ceiling 485"", ""config"": {""is_account_set"": false, ""eventually_consistent"": false}, ""status"": ""active"", ""version"": 1, ""metadata"": null, ""description"": null, ""external_id"": null, ""normal_balance_type"": ""credit""}}",,2026-09-06 15:30:23.414343+00
01a07757-931f-7852-a7a0-a232c9a732de,1,initialized,"{""type"": ""initialized"", ""values"": {""id"": ""01a07757-931f-7852-a7a0-a232c9a732de"", ""code"": ""LOCKCEIL-01a07757931f7852a7a0a246f99d8f04-486"", ""name"": ""lock ceiling 486"", ""config"": {""is_account_set"": false, ""eventually_consistent"": false}, ""status"": ""active"", ""version"": 1, ""metadata"": null, ""description"": null, ""external_id"": null, ""normal_balance_type"": ""credit""}}",,2026-09-06 15:30:23.414343+00
01a07757-931f-7852-a7a0-a252dbb54dd9,1,initialized,"{""type"": ""initialized"", ""values"": {""id"": ""01a07757-931f-7852-a7a0-a252dbb54dd9"", ""code"": ""LOCKCEIL-01a07757931f7852a7a0a26fc76be1f2-487"", ""name"": ""lock ceiling 487"", ""config"": {""is_account_set"": false, ""eventually_consistent"": false}, ""status"": ""active"", ""version"": 1, ""metadata"": null, ""description"": null, ""external_id"": null, ""normal_balance_type"": ""credit""}}",,2026-09-06 15:30:23.414343+00
01a07757-931f-7852-a7a0-a278d49bf95b,1,initialized,"{""type"": ""initialized"", ""values"": {""id"": ""01a07757-931f-7852-a7a0-a278d49bf95b"", ""code"": ""LOCKCEIL-01a07757931f7852a7a0a28c1812e47a-488"", ""name"": ""lock ceiling 488"", ""config"": {""is_account_set"": false, ""eventually_consistent"": false}, ""status"": ""active"", ""version"": 1, ""metadata"": null, ""description"": null, ""external_id"": null, ""normal_balance_type"": ""credit""}}",,2026-09-06 15:30:23.414343+00
01a07757-931f-7852-a7a0-a298c53db29e,1,initialized,"{""type"": ""initialized"", ""values"": {""id"": ""01a07757-931f-7852-a7a0-a298c53db29e"", ""code"": ""LOCKCEIL-01a07757931f7852a7a0a2ad3f788d22-489"", ""name"": ""lock ceiling 489"", ""config"": {""is_account_set"": false, ""eventually_consistent"": false}, ""status"": ""active"", ""version"": 1, ""metadata"": null, ""description"": null, ""external_id"": null, ""normal_balance_type"": ""credit""}}",,2026-09-06 15:30:23.414343+00
01a07757-931f-7852-a7a0-a2b4ec9fb499,1,initialized,"{""type"": ""initialized"", ""values"": {""id"": ""01a07757-931f-7852-a7a0-a2b4ec9fb499"", ""code"": ""LOCKCEIL-01a07757931f7852a7a0a2c75a69e1d7-490"", ""name"": ""lock ceiling 490"", ""config"": {""is_account_set"": false, ""eventually_consistent"": false}, ""status"": ""active"", ""version"": 1, ""metadata"": null, ""description"": null, ""external_id"": null, ""normal_balance_type"": ""credit""}}",,2026-09-06 15:30:23.414343+00
01a07757-931f-7852-a7a0-a2db6441d866,1,initialized,"{""type"": ""initialized"", ""values"": {""id"": ""01a07757-931f-7852-a7a0-a2db6441d866"", ""code"": ""LOCKCEIL-01a07757931f7852a7a0a2e4bcfb94ad-491"", ""name"": ""lock ceiling 491"", ""config"": {""is_account_set"": false, ""eventually_consistent"": false}, ""status"": ""active"", ""version"": 1, ""metadata"": null, ""description"": null, ""external_id"": null, ""normal_balance_type"": ""credit""}}",,2026-09-06 15:30:23.414343+00
01a07757-931f-7852-a7a0-a2f5ef373ed1,1,initialized,"{""type"": ""initialized"", ""values"": {""id"": ""01a07757-931f-7852-a7a0-a2f5ef373ed1"", ""code"": ""LOCKCEIL-01a07757931f7852a7a0a30094f370d8-492"", ""name"": ""lock ceiling 492"", ""config"": {""is_account_set"": false, ""eventually_consistent"": false}, ""status"": ""active"", ""version"": 1, ""metadata"": null, ""description"": null, ""external_id"": null, ""normal_balance_type"": ""credit""}}",,2026-09-06 15:30:23.414343+00
01a07757-931f-7852-a7a0-a31a14bd6975,1,initialized,"{""type"": ""initialized"", ""values"": {""id"": ""01a07757-931f-7852-a7a0-a31a14bd6975"", ""code"": ""LOCKCEIL-01a07757931f7852a7a0a32cab310466-493"", ""name"": ""lock ceiling 493"", ""config"": {""is_account_set"": false, ""eventually_consistent"": false}, ""status"": ""active"", ""version"": 1, ""metadata"": null, ""description"": null, ""external_id"": null, ""normal_balance_type"": ""credit""}}",,2026-09-06 15:30:23.414343+00
01a07757-931f-7852-a7a0-a338a9df493e,1,initialized,"{""type"": ""initialized"", ""values"": {""id"": ""01a07757-931f-7852-a7a0-a338a9df493e"", ""code"": ""LOCKCEIL-01a07757931f7852a7a0a342115ef7e8-494"", ""name"": ""lock ceiling 494"", ""config"": {""is_account_set"": false, ""eventually_consistent"": false}, ""status"": ""active"", ""version"": 1, ""metadata"": null, ""description"": null, ""external_id"": null, ""normal_balance_type"": ""credit""}}",,2026-09-06 15:30:23.414343+00
01a07757-931f-7852-a7a0-a35dc817742d,1,initialized,"{""type"": ""initialized"", ""values"": {""id"": ""01a07757-931f-7852-a7a0-a35dc817742d"", ""code"": ""LOCKCEIL-01a07757931f7852a7a0a364e4675da8-495"", ""name"": ""lock ceiling 495"", ""config"": {""is_account_set"": false, ""eventually_consistent"": false}, ""status"": ""active"", ""version"": 1, ""metadata"": null, ""description"": null, ""external_id"": null, ""normal_balance_type"": ""credit""}}",,2026-09-06 15:30:23.414343+00
01a07757-931f-7852-a7a0-a37cdf9d2319,1,initialized,"{""type"": ""initialized"", ""values"": {""id"": ""01a07757-931f-7852-a7a0-a37cdf9d2319"", ""code"": ""LOCKCEIL-01a07757931f7852a7a0a38564766a7e-496"", ""name"": ""lock ceiling 496"", ""config"": {""is_account_set"": false, ""eventually_consistent"": false}, ""status"": ""active"", ""version"": 1, ""metadata"": null, ""description"": null, ""external_id"": null, ""normal_balance_type"": ""credit""}}",,2026-09-06 15:30:23.414343+00
01a07757-931f-7852-a7a0-a391ab7db53a,1,initialized,"{""type"": ""initialized"", ""values"": {""id"": ""01a07757-931f-7852-a7a0-a391ab7db53a"", ""code"": ""LOCKCEIL-01a07757931f7852a7a0a3ab9b58034e-497"", ""name"": ""lock ceiling 497"", ""config"": {""is_account_set"": false, ""eventually_consistent"": false}, ""status"": ""active"", ""version"": 1, ""metadata"": null, ""description"": null, ""external_id"": null, ""normal_balance_type"": ""credit""}}",,2026-09-06 15:30:23.414343+00
01a07757-931f-7852-a7a0-a3b00271e2ba,1,initialized,"{""type"": ""initialized"", ""values"": {""id"": ""01a07757-931f-7852-a7a0-a3b00271e2ba"", ""code"": ""LOCKCEIL-01a07757931f7852a7a0a3c46039c907-498"", ""name"": ""lock ceiling 498"", ""config"": {""is_account_set"": false, ""eventually_consistent"": false}, ""status"": ""active"", ""version"": 1, ""metadata"": null, ""description"": null, ""external_id"": null, ""normal_balance_type"": ""credit""}}",,2026-09-06 15:30:23.414343+00
01a07757-931f-7852-a7a0-a3d3257ddd4e,1,initialized,"{""type"": ""initialized"", ""values"": {""id"": ""01a07757-931f-7852-a7a0-a3d3257ddd4e"", ""code"": ""LOCKCEIL-01a07757931f7852a7a0a3e49b246702-499"", ""name"": ""lock ceiling 499"", ""config"": {""is_account_set"": false, ""eventually_consistent"": false}, ""status"": ""active"", ""version"": 1, ""metadata"": null, ""description"": null, ""external_id"": null, ""normal_balance_type"": ""credit""}}",,2026-09-06 15:30:23.414343+00
01a07757-931f-7852-a7a0-a3f71d3c3aa9,1,initialized,"{""type"": ""initialized"", ""values"": {""id"": ""01a07757-931f-7852-a7a0-a3f71d3c3aa9"", ""code"": ""LOCKCEIL-01a07757931f7852a7a0a40424305f54-500"", ""name"": ""lock ceiling 500"", ""config"": {""is_account_set"": false, ""eventually_consistent"": false}, ""status"": ""active"", ""version"": 1, ""metadata"": null, ""description"": null, ""external_id"": null, ""normal_balance_type"": ""credit""}}",,2026-09-06 15:30:23.414343+00
01a07757-931f-7852-a7a0-a41a71284e5d,1,initialized,"{""type"": ""initialized"", ""values"": {""id"": ""01a07757-931f-7852-a7a0-a41a71284e5d"", ""code"": ""LOCKCEIL-01a07757931f7852a7a0a42cacb3d218-501"", ""name"": ""lock ceiling 501"", ""config"": {""is_account_set"": false, ""eventually_consistent"": false}, ""status"": ""active"", ""version"": 1, ""metadata"": null, ""description"": null, ""external_id"": null, ""normal_balance_type"": ""credit""}}",,2026-09-06 15:30:23.414343+00
01a07757-931f-7852-a7a0-a43c9916b843,1,initialized,"{""type"": ""initialized"", ""values"": {""id"": ""01a07757-931f-7852-a7a0-a43c9916b843"", ""code"": ""LOCKCEIL-01a07757931f7852a7a0a44b75ee95d3-502"", ""name"": ""lock ceiling 502"", ""config"": {""is_account_set"": false, ""eventually_consistent"": false}, ""status"": ""active"", ""version"": 1, ""metadata"": null, ""description"": null, ""external_id"": null, ""normal_balance_type"": ""credit""}}",,2026-09-06 15:30:23.414343+00
01a07757-931f-7852-a7a0-a4557db13905,1,initialized,"{""type"": ""initialized"", ""values"": {""id"": ""01a07757-931f-7852-a7a0-a4557db13905"", ""code"": ""LOCKCEIL-01a07757931f7852a7a0a46b6d559333-503"", ""name"": ""lock ceiling 503"", ""config"": {""is_account_set"": false, ""eventually_consistent"": false}, ""status"": ""active"", ""version"": 1, ""metadata"": null, ""description"": null, ""external_id"": null, ""normal_balance_type"": ""credit""}}",,2026-09-06 15:30:23.414343+00
01a07757-931f-7852-a7a0-a475526bfff9,1,initialized,"{""type"": ""initialized"", ""values"": {""id"": ""01a07757-931f-7852-a7a0-a475526bfff9"", ""code"": ""LOCKCEIL-01a07757931f7852a7a0a48706016f5d-504"", ""name"": ""lock ceiling 504"", ""config"": {""is_account_set"": false, ""eventually_consistent"": false}, ""status"": ""active"", ""version"": 1, ""metadata"": null, ""description"": null, ""external_id"": null, ""normal_balance_type"": ""credit""}}",,2026-09-06 15:30:23.414343+00
01a07757-931f-7852-a7a0-a494eb43cf9f,1,initialized,"{""type"": ""initialized"", ""values"": {""id"": ""01a07757-931f-7852-a7a0-a494eb43cf9f"", ""code"": ""LOCKCEIL-01a07757931f7852a7a0a4abf70caab4-505"", ""name"": ""lock ceiling 505"", ""config"": {""is_account_set"": false, ""eventually_consistent"": false}, ""status"": ""active"", ""version"": 1, ""metadata"": null, ""description"": null, ""external_id"": null, ""normal_balance_type"": ""credit""}}",,2026-09-06 15:30:23.414343+00
01a07757-931f-7852-a7a0-a4b7a1439fd8,1,initialized,"{""type"": ""initialized"", ""values"": {""id"": ""01a07757-931f-7852-a7a0-a4b7a1439fd8"", ""code"": ""LOCKCEIL-01a07757931f7852a7a0a4c5cc36ad31-506"", ""name"": ""lock ceiling 506"", ""config"": {""is_account_set"": false, ""eventually_consistent"": false}, ""status"": ""active"", ""version"": 1, ""metadata"": null, ""description"": null, ""external_id"": null, ""normal_balance_type"": ""credit""}}",,2026-09-06 15:30:23.414343+00
01a07757-931f-7852-a7a0-a4da11487e65,1,initialized,"{""type"": ""initialized"", ""values"": {""id"": ""01a07757-931f-7852-a7a0-a4da11487e65"", ""code"": ""LOCKCEIL-01a07757931f7852a7a0a4e3c49eb736-507"", ""name"": ""lock ceiling 507"", ""config"": {""is_account_set"": false, ""eventually_consistent"": false}, ""status"": ""active"", ""version"": 1, ""metadata"": null, ""description"": null, ""external_id"": null, ""normal_balance_type"": ""credit""}}",,2026-09-06 15:30:23.414343+00
01a07757-9320-7450-bf66-11d540ffcada,1,initialized,"{""type"": ""initialized"", ""values"": {""id"": ""01a07757-9320-7450-bf66-11d540ffcada"", ""code"": ""LOCKCEIL-01a0775793207450bf6611e840d732f9-508"", ""name"": ""lock ceiling 508"", ""config"": {""is_account_set"": false, ""eventually_consistent"": false}, ""status"": ""active"", ""version"": 1, ""metadata"": null, ""description"": null, ""external_id"": null, ""normal_balance_type"": ""credit""}}",,2026-09-06 15:30:23.414343+00
01a07757-9320-7450-bf66-11f1c61fd431,1,initialized,"{""type"": ""initialized"", ""values"": {""id"": ""01a07757-9320-7450-bf66-11f1c61fd431"", ""code"": ""LOCKCEIL-01a0775793207450bf66120d5e32f019-509"", ""name"": ""lock ceiling 509"", ""config"": {""is_account_set"": false, ""eventually_consistent"": false}, ""status"": ""active"", ""version"": 1, ""metadata"": null, ""description"": null, ""external_id"": null, ""normal_balance_type"": ""credit""}}",,2026-09-06 15:30:23.414343+00
01a07757-9320-7450-bf66-12149c56ffb9,1,initialized,"{""type"": ""initialized"", ""values"": {""id"": ""01a07757-9320-7450-bf66-12149c56ffb9"", ""code"": ""LOCKCEIL-01a0775793207450bf661226143dde51-510"", ""name"": ""lock ceiling 510"", ""config"": {""is_account_set"": false, ""eventually_consistent"": false}, ""status"": ""active"", ""version"": 1, ""metadata"": null, ""description"": null, ""external_id"": null, ""normal_balance_type"": ""credit""}}",,2026-09-06 15:30:23.414343+00
01a07757-9320-7450-bf66-123a2a163750,1,initialized,"{""type"": ""initialized"", ""values"": {""id"": ""01a07757-9320-7450-bf66-123a2a163750"", ""code"": ""LOCKCEIL-01a0775793207450bf66124372760c33-511"", ""name"": ""lock ceiling 511"", ""config"": {""is_account_set"": false, ""eventually_consistent"": false}, ""status"": ""active"", ""version"": 1, ""metadata"": null, ""description"": null, ""external_id"": null, ""normal_balance_type"": ""credit""}}",,2026-09-06 15:30:23.414343+00
01a07757-9320-7450-bf66-1257311ce46b,1,initialized,"{""type"": ""initialized"", ""values"": {""id"": ""01a07757-9320-7450-bf66-1257311ce46b"", ""code"": ""LOCKCEIL-01a0775793207450bf661263230ae6e7-512"", ""name"": ""lock ceiling 512"", ""config"": {""is_account_set"": false, ""eventually_consistent"": false}, ""status"": ""active"", ""version"": 1, ""metadata"": null, ""description"": null, ""external_id"": null, ""normal_balance_type"": ""credit""}}",,2026-09-06 15:30:23.414343+00
01a07757-9320-7450-bf66-12700aec9365,1,initialized,"{""type"": ""initialized"", ""values"": {""id"": ""01a07757-9320-7450-bf66-12700aec9365"", ""code"": ""LOCKCEIL-01a0775793207450bf661282e3e1ea46-513"", ""name"": ""lock ceiling 513"", ""config"": {""is_account_set"": false, ""eventually_consistent"": false}, ""status"": ""active"", ""version"": 1, ""metadata"": null, ""description"": null, ""external_id"": null, ""normal_balance_type"": ""credit""}}",,2026-09-06 15:30:23.414343+00
01a07757-9320-7450-bf66-129356973b04,1,initialized,"{""type"": ""initialized"", ""values"": {""id"": ""01a07757-9320-7450-bf66-129356973b04"", ""code"": ""LOCKCEIL-01a0775793207450bf6612a061493815-514"", ""name"": ""lock ceiling 514"", ""config"": {""is_account_set"": false, ""eventually_consistent"": false}, ""status"": ""active"", ""version"": 1, ""metadata"": null, ""description"": null, ""external_id"": null, ""normal_balance_type"": ""credit""}}",,2026-09-06 15:30:23.414343+00
01a07757-9320-7450-bf66-12b04b5b4ca8,1,initialized,"{""type"": ""initialized"", ""values"": {""id"": ""01a07757-9320-7450-bf66-12b04b5b4ca8"", ""code"": ""LOCKCEIL-01a0775793207450bf6612c899914921-515"", ""name"": ""lock ceiling 515"", ""config"": {""is_account_set"": false, ""eventually_consistent"": false}, ""status"": ""active"", ""version"": 1, ""metadata"": null, ""description"": null, ""external_id"": null, ""normal_balance_type"": ""credit""}}",,2026-09-06 15:30:23.414343+00
01a07757-9320-7450-bf66-12d33b9f40d2,1,initialized,"{""type"": ""initialized"", ""values"": {""id"": ""01a07757-9320-7450-bf66-12d33b9f40d2"", ""code"": ""LOCKCEIL-01a0775793207450bf6612ec26fa8aae-516"", ""name"": ""lock ceiling 516"", ""config"": {""is_account_set"": false, ""eventually_consistent"": false}, ""status"": ""active"", ""version"": 1, ""metadata"": null, ""description"": null, ""external_id"": null, ""normal_balance_type"": ""credit""}}",,2026-09-06 15:30:23.414343+00
01a07757-9320-7450-bf66-12f806ad85f9,1,initialized,"{""type"": ""initialized"", ""values"": {""id"": ""01a07757-9320-7450-bf66-12f806ad85f9"", ""code"": ""LOCKCEIL-01a0775793207450bf661303a891ede7-517"", ""name"": ""lock ceiling 517"", ""config"": {""is_account_set"": false, ""eventually_consistent"": false}, ""status"": ""active"", ""version"": 1, ""metadata"": null, ""description"": null, ""external_id"": null, ""normal_balance_type"": ""credit""}}",,2026-09-06 15:30:23.414343+00
01a07757-9320-7450-bf66-1317aa3cee98,1,initialized,"{""type"": ""initialized"", ""values"": {""id"": ""01a07757-9320-7450-bf66-1317aa3cee98"", ""code"": ""LOCKCEIL-01a0775793207450bf66132a835570c7-518"", ""name"": ""lock ceiling 518"", ""config"": {""is_account_set"": false, ""eventually_consistent"": false}, ""status"": ""active"", ""version"": 1, ""metadata"": null, ""description"": null, ""external_id"": null, ""normal_balance_type"": ""credit""}}",,2026-09-06 15:30:23.414343+00
01a07757-9320-7450-bf66-1338b110de8b,1,initialized,"{""type"": ""initialized"", ""values"": {""id"": ""01a07757-9320-7450-bf66-1338b110de8b"", ""code"": ""LOCKCEIL-01a0775793207450bf6613479b0ba8ec-519"", ""name"": ""lock ceiling 519"", ""config"": {""is_account_set"": false, ""eventually_consistent"": false}, ""status"": ""active"", ""version"": 1, ""metadata"": null, ""description"": null, ""external_id"": null, ""normal_balance_type"": ""credit""}}",,2026-09-06 15:30:23.414343+00
01a07757-9320-7450-bf66-1359484cab4d,1,initialized,"{""type"": ""initialized"", ""values"": {""id"": ""01a07757-9320-7450-bf66-1359484cab4d"", ""code"": ""LOCKCEIL-01a0775793207450bf66136fa6e83381-520"", ""name"": ""lock ceiling 520"", ""config"": {""is_account_set"": false, ""eventually_consistent"": false}, ""status"": ""active"", ""version"": 1, ""metadata"": null, ""description"": null, ""external_id"": null, ""normal_balance_type"": ""credit""}}",,2026-09-06 15:30:23.414343+00
01a07757-9320-7450-bf66-137845580739,1,initialized,"{""type"": ""initialized"", ""values"": {""id"": ""01a07757-9320-7450-bf66-137845580739"", ""code"": ""LOCKCEIL-01a0775793207450bf6613843647fcef-521"", ""name"": ""lock ceiling 521"", ""config"": {""is_account_set"": false, ""eventually_consistent"": false}, ""status"": ""active"", ""version"": 1, ""metadata"": null, ""description"": null, ""external_id"": null, ""normal_balance_type"": ""credit""}}",,2026-09-06 15:30:23.414343+00
01a07757-9320-7450-bf66-139ee7891152,1,initialized,"{""type"": ""initialized"", ""values"": {""id"": ""01a07757-9320-7450-bf66-139ee7891152"", ""code"": ""LOCKCEIL-01a0775793207450bf6613a626497afc-522"", ""name"": ""lock ceiling 522"", ""config"": {""is_account_set"": false, ""eventually_consistent"": false}, ""status"": ""active"", ""version"": 1, ""metadata"": null, ""description"": null, ""external_id"": null, ""normal_balance_type"": ""credit""}}",,2026-09-06 15:30:23.414343+00
01a07757-9320-7450-bf66-13b62bfbab1d,1,initialized,"{""type"": ""initialized"", ""values"": {""id"": ""01a07757-9320-7450-bf66-13b62bfbab1d"", ""code"": ""LOCKCEIL-01a0775793217ac38214c624c4814e02-523"", ""name"": ""lock ceiling 523"", ""config"": {""is_account_set"": false, ""eventually_consistent"": false}, ""status"": ""active"", ""version"": 1, ""metadata"": null, ""description"": null, ""external_id"": null, ""normal_balance_type"": ""credit""}}",,2026-09-06 15:30:23.414343+00
01a07757-9321-7ac3-8214-c6396c1ca056,1,initialized,"{""type"": ""initialized"", ""values"": {""id"": ""01a07757-9321-7ac3-8214-c6396c1ca056"", ""code"": ""LOCKCEIL-01a0775793217ac38214c64424d85317-524"", ""name"": ""lock ceiling 524"", ""config"": {""is_account_set"": false, ""eventually_consistent"": false}, ""status"": ""active"", ""version"": 1, ""metadata"": null, ""description"": null, ""external_id"": null, ""normal_balance_type"": ""credit""}}",,2026-09-06 15:30:23.414343+00
01a07757-9321-7ac3-8214-c6510155c6fd,1,initialized,"{""type"": ""initialized"", ""values"": {""id"": ""01a07757-9321-7ac3-8214-c6510155c6fd"", ""code"": ""LOCKCEIL-01a0775793217ac38214c66abe2ef77a-525"", ""name"": ""lock ceiling 525"", ""config"": {""is_account_set"": false, ""eventually_consistent"": false}, ""status"": ""active"", ""version"": 1, ""metadata"": null, ""description"": null, ""external_id"": null, ""normal_balance_type"": ""credit""}}",,2026-09-06 15:30:23.414343+00
01a07757-9321-7ac3-8214-c67ccf945eb8,1,initialized,"{""type"": ""initialized"", ""values"": {""id"": ""01a07757-9321-7ac3-8214-c67ccf945eb8"", ""code"": ""LOCKCEIL-01a0775793217ac38214c68ff3133eda-526"", ""name"": ""lock ceiling 526"", ""config"": {""is_account_set"": false, ""eventually_consistent"": false}, ""status"": ""active"", ""version"": 1, ""metadata"": null, ""description"": null, ""external_id"": null, ""normal_balance_type"": ""credit""}}",,2026-09-06 15:30:23.414343+00
01a07757-9321-7ac3-8214-c699a0c043a8,1,initialized,"{""type"": ""initialized"", ""values"": {""id"": ""01a07757-9321-7ac3-8214-c699a0c043a8"", ""code"": ""LOCKCEIL-01a0775793217ac38214c6a71fcbad8f-527"", ""name"": ""lock ceiling 527"", ""config"": {""is_account_set"": false, ""eventually_consistent"": false}, ""status"": ""active"", ""version"": 1, ""metadata"": null, ""description"": null, ""external_id"": null, ""normal_balance_type"": ""credit""}}",,2026-09-06 15:30:23.414343+00
01a07757-9321-7ac3-8214-c6ba4fd34dd1,1,initialized,"{""type"": ""initialized"", ""values"": {""id"": ""01a07757-9321-7ac3-8214-c6ba4fd34dd1"", ""code"": ""LOCKCEIL-01a0775793217ac38214c6c896f6e47e-528"", ""name"": ""lock ceiling 528"", ""config"": {""is_account_set"": false, ""eventually_consistent"": false}, ""status"": ""active"", ""version"": 1, ""metadata"": null, ""description"": null, ""external_id"": null, ""normal_balance_type"": ""credit""}}",,2026-09-06 15:30:23.414343+00
01a07757-9321-7ac3-8214-c6d3ee880af6,1,initialized,"{""type"": ""initialized"", ""values"": {""id"": ""01a07757-9321-7ac3-8214-c6d3ee880af6"", ""code"": ""LOCKCEIL-01a0775793217ac38214c6e0def93233-529"", ""name"": ""lock ceiling 529"", ""config"": {""is_account_set"": false, ""eventually_consistent"": false}, ""status"": ""active"", ""version"": 1, ""metadata"": null, ""description"": null, ""external_id"": null, ""normal_balance_type"": ""credit""}}",,2026-09-06 15:30:23.414343+00
01a07757-9321-7ac3-8214-c6f4e798101c,1,initialized,"{""type"": ""initialized"", ""values"": {""id"": ""01a07757-9321-7ac3-8214-c6f4e798101c"", ""code"": ""LOCKCEIL-01a0775793217ac38214c70d97f26ca6-530"", ""name"": ""lock ceiling 530"", ""config"": {""is_account_set"": false, ""eventually_consistent"": false}, ""status"": ""active"", ""version"": 1, ""metadata"": null, ""description"": null, ""external_id"": null, ""normal_balance_type"": ""credit""}}",,2026-09-06 15:30:23.414343+00
01a07757-9321-7ac3-8214-c71d4ec31e27,1,initialized,"{""type"": ""initialized"", ""values"": {""id"": ""01a07757-9321-7ac3-8214-c71d4ec31e27"", ""code"": ""LOCKCEIL-01a0775793217ac38214c72e61e483f7-531"", ""name"": ""lock ceiling 531"", ""config"": {""is_account_set"": false, ""eventually_consistent"": false}, ""status"": ""active"", ""version"": 1, ""metadata"": null, ""description"": null, ""external_id"": null, ""normal_balance_type"": ""credit""}}",,2026-09-06 15:30:23.414343+00
01a07757-9321-7ac3-8214-c73804665465,1,initialized,"{""type"": ""initialized"", ""values"": {""id"": ""01a07757-9321-7ac3-8214-c73804665465"", ""code"": ""LOCKCEIL-01a0775793217ac38214c743f5234fa2-532"", ""name"": ""lock ceiling 532"", ""config"": {""is_account_set"": false, ""eventually_consistent"": false}, ""status"": ""active"", ""version"": 1, ""metadata"": null, ""description"": null, ""external_id"": null, ""normal_balance_type"": ""credit""}}",,2026-09-06 15:30:23.414343+00
01a07757-9321-7ac3-8214-c7528fc7bc56,1,initialized,"{""type"": ""initialized"", ""values"": {""id"": ""01a07757-9321-7ac3-8214-c7528fc7bc56"", ""code"": ""LOCKCEIL-01a0775793217ac38214c76cede96de8-533"", ""name"": ""lock ceiling 533"", ""config"": {""is_account_set"": false, ""eventually_consistent"": false}, ""status"": ""active"", ""version"": 1, ""metadata"": null, ""description"": null, ""external_id"": null, ""normal_balance_type"": ""credit""}}",,2026-09-06 15:30:23.414343+00
01a07757-9322-76d3-9eb1-d4be0e966009,1,initialized,"{""type"": ""initialized"", ""values"": {""id"": ""01a07757-9322-76d3-9eb1-d4be0e966009"", ""code"": ""LOCKCEIL-01a07757932276d39eb1d4c71688d0db-534"", ""name"": ""lock ceiling 534"", ""config"": {""is_account_set"": false, ""eventually_consistent"": false}, ""status"": ""active"", ""version"": 1, ""metadata"": null, ""description"": null, ""external_id"": null, ""normal_balance_type"": ""credit""}}",,2026-09-06 15:30:23.414343+00
01a07757-9322-76d3-9eb1-d4dfbd8ddc98,1,initialized,"{""type"": ""initialized"", ""values"": {""id"": ""01a07757-9322-76d3-9eb1-d4dfbd8ddc98"", ""code"": ""LOCKCEIL-01a07757932276d39eb1d4e8df88fc09-535"", ""name"": ""lock ceiling 535"", ""config"": {""is_account_set"": false, ""eventually_consistent"": false}, ""status"": ""active"", ""version"": 1, ""metadata"": null, ""description"": null, ""external_id"": null, ""normal_balance_type"": ""credit""}}",,2026-09-06 15:30:23.414343+00
01a07757-9322-76d3-9eb1-d4f0a5bf7a1e,1,initialized,"{""type"": ""initialized"", ""values"": {""id"": ""01a07757-9322-76d3-9eb1-d4f0a5bf7a1e"", ""code"": ""LOCKCEIL-01a07757932276d39eb1d501924cafb0-536"", ""name"": ""lock ceiling 536"", ""config"": {""is_account_set"": false, ""eventually_consistent"": false}, ""status"": ""active"", ""version"": 1, ""metadata"": null, ""description"": null, ""external_id"": null, ""normal_balance_type"": ""credit""}}",,2026-09-06 15:30:23.414343+00
01a07757-9322-76d3-9eb1-d51ab3955c39,1,initialized,"{""type"": ""initialized"", ""values"": {""id"": ""01a07757-9322-76d3-9eb1-d51ab3955c39"", ""code"": ""LOCKCEIL-01a07757932276d39eb1d52d67559f2e-537"", ""name"": ""lock ceiling 537"", ""config"": {""is_account_set"": false, ""eventually_consistent"": false}, ""status"": ""active"", ""version"": 1, ""metadata"": null, ""description"": null, ""external_id"": null, ""normal_balance_type"": ""credit""}}",,2026-09-06 15:30:23.414343+00
01a07757-9322-76d3-9eb1-d539a599abc6,1,initialized,"{""type"": ""initialized"", ""values"": {""id"": ""01a07757-9322-76d3-9eb1-d539a599abc6"", ""code"": ""LOCKCEIL-01a07757932276d39eb1d541a17e3ac4-538"", ""name"": ""lock ceiling 538"", ""config"": {""is_account_set"": false, ""eventually_consistent"": false}, ""status"": ""active"", ""version"": 1, ""metadata"": null, ""description"": null, ""external_id"": null, ""normal_balance_type"": ""credit""}}",,2026-09-06 15:30:23.414343+00
01a07757-9322-76d3-9eb1-d55f054f8620,1,initialized,"{""type"": ""initialized"", ""values"": {""id"": ""01a07757-9322-76d3-9eb1-d55f054f8620"", ""code"": ""LOCKCEIL-01a07757932276d39eb1d56068c788f7-539"", ""name"": ""lock ceiling 539"", ""config"": {""is_account_set"": false, ""eventually_consistent"": false}, ""status"": ""active"", ""version"": 1, ""metadata"": null, ""description"": null, ""external_id"": null, ""normal_balance_type"": ""credit""}}",,2026-09-06 15:30:23.414343+00
01a07757-9322-76d3-9eb1-d577bd18c85d,1,initialized,"{""type"": ""initialized"", ""values"": {""id"": ""01a07757-9322-76d3-9eb1-d577bd18c85d"", ""code"": ""LOCKCEIL-01a07757932276d39eb1d58ed4610919-540"", ""name"": ""lock ceiling 540"", ""config"": {""is_account_set"": false, ""eventually_consistent"": false}, ""status"": ""active"", ""version"": 1, ""metadata"": null, ""description"": null, ""external_id"": null, ""normal_balance_type"": ""credit""}}",,2026-09-06 15:30:23.414343+00
01a07757-9322-76d3-9eb1-d5940a891306,1,initialized,"{""type"": ""initialized"", ""values"": {""id"": ""01a07757-9322-76d3-9eb1-d5940a891306"", ""code"": ""LOCKCEIL-01a07757932276d39eb1d5a88e7114de-541"", ""name"": ""lock ceiling 541"", ""config"": {""is_account_set"": false, ""eventually_consistent"": false}, ""status"": ""active"", ""version"": 1, ""metadata"": null, ""description"": null, ""external_id"": null, ""normal_balance_type"": ""credit""}}",,2026-09-06 15:30:23.414343+00
01a07757-9324-7242-8d26-6040bbd3ae50,1,initialized,"{""type"": ""initialized"", ""values"": {""id"": ""01a07757-9324-7242-8d26-6040bbd3ae50"", ""code"": ""LOCKCEIL-01a07757932472428d26605b78ce54dd-542"", ""name"": ""lock ceiling 542"", ""config"": {""is_account_set"": false, ""eventually_consistent"": false}, ""status"": ""active"", ""version"": 1, ""metadata"": null, ""description"": null, ""external_id"": null, ""normal_balance_type"": ""credit""}}",,2026-09-06 15:30:23.414343+00
01a07757-9324-7242-8d26-6069e169fff9,1,initialized,"{""type"": ""initialized"", ""values"": {""id"": ""01a07757-9324-7242-8d26-6069e169fff9"", ""code"": ""LOCKCEIL-01a07757932472428d2660791b84c3a7-543"", ""name"": ""lock ceiling 543"", ""config"": {""is_account_set"": false, ""eventually_consistent"": false}, ""status"": ""active"", ""version"": 1, ""metadata"": null, ""description"": null, ""external_id"": null, ""normal_balance_type"": ""credit""}}",,2026-09-06 15:30:23.414343+00
01a07757-9324-7242-8d26-608027db0451,1,initialized,"{""type"": ""initialized"", ""values"": {""id"": ""01a07757-9324-7242-8d26-608027db0451"", ""code"": ""LOCKCEIL-01a07757932472428d266096ad5e6e6f-544"", ""name"": ""lock ceiling 544"", ""config"": {""is_account_set"": false, ""eventually_consistent"": false}, ""status"": ""active"", ""version"": 1, ""metadata"": null, ""description"": null, ""external_id"": null, ""normal_balance_type"": ""credit""}}",,2026-09-06 15:30:23.414343+00
01a07757-9324-7242-8d26-60a929c9edef,1,initialized,"{""type"": ""initialized"", ""values"": {""id"": ""01a07757-9324-7242-8d26-60a929c9edef"", ""code"": ""LOCKCEIL-01a07757932472428d2660b589f2bbbc-545"", ""name"": ""lock ceiling 545"", ""config"": {""is_account_set"": false, ""eventually_consistent"": false}, ""status"": ""active"", ""version"": 1, ""metadata"": null, ""description"": null, ""external_id"": null, ""normal_balance_type"": ""credit""}}",,2026-09-06 15:30:23.414343+00
01a07757-9324-7242-8d26-60c97d6341d1,1,initialized,"{""type"": ""initialized"", ""values"": {""id"": ""01a07757-9324-7242-8d26-60c97d6341d1"", ""code"": ""LOCKCEIL-01a07757932472428d2660d9955f098b-546"", ""name"": ""lock ceiling 546"", ""config"": {""is_account_set"": false, ""eventually_consistent"": false}, ""status"": ""active"", ""version"": 1, ""metadata"": null, ""description"": null, ""external_id"": null, ""normal_balance_type"": ""credit""}}",,2026-09-06 15:30:23.414343+00
01a07757-9324-7242-8d26-60ef8d63f7f9,1,initialized,"{""type"": ""initialized"", ""values"": {""id"": ""01a07757-9324-7242-8d26-60ef8d63f7f9"", ""code"": ""LOCKCEIL-01a07757932472428d2660f8fb97b804-547"", ""name"": ""lock ceiling 547"", ""config"": {""is_account_set"": false, ""eventually_consistent"": false}, ""status"": ""active"", ""version"": 1, ""metadata"": null, ""description"": null, ""external_id"": null, ""normal_balance_type"": ""credit""}}",,2026-09-06 15:30:23.414343+00
01a07757-9324-7242-8d26-61055b795de2,1,initialized,"{""type"": ""initialized"", ""values"": {""id"": ""01a07757-9324-7242-8d26-61055b795de2"", ""code"": ""LOCKCEIL-01a07757932472428d26611e8e948500-548"", ""name"": ""lock ceiling 548"", ""config"": {""is_account_set"": false, ""eventually_consistent"": false}, ""status"": ""active"", ""version"": 1, ""metadata"": null, ""description"": null, ""external_id"": null, ""normal_balance_type"": ""credit""}}",,2026-09-06 15:30:23.414343+00
01a07757-9324-7242-8d26-6127dc6faac1,1,initialized,"{""type"": ""initialized"", ""values"": {""id"": ""01a07757-9324-7242-8d26-6127dc6faac1"", ""code"": ""LOCKCEIL-01a07757932472428d26613c217ce15b-549"", ""name"": ""lock ceiling 549"", ""config"": {""is_account_set"": false, ""eventually_consistent"": false}, ""status"": ""active"", ""version"": 1, ""metadata"": null, ""description"": null, ""external_id"": null, ""normal_balance_type"": ""credit""}}",,2026-09-06 15:30:23.414343+00
01a07757-9324-7242-8d26-614f31b83a2e,1,initialized,"{""type"": ""initialized"", ""values"": {""id"": ""01a07757-9324-7242-8d26-614f31b83a2e"", ""code"": ""LOCKCEIL-01a07757932472428d26615d06b5a085-550"", ""name"": ""lock ceiling 550"", ""config"": {""is_account_set"": false, ""eventually_consistent"": false}, ""status"": ""active"", ""version"": 1, ""metadata"": null, ""description"": null, ""external_id"": null, ""normal_balance_type"": ""credit""}}",,2026-09-06 15:30:23.414343+00
01a07757-9324-7242-8d26-616104161ee5,1,initialized,"{""type"": ""initialized"", ""values"": {""id"": ""01a07757-9324-7242-8d26-616104161ee5"", ""code"": ""LOCKCEIL-01a07757932472428d2661780ab1122a-551"", ""name"": ""lock ceiling 551"", ""config"": {""is_account_set"": false, ""eventually_consistent"": false}, ""status"": ""active"", ""version"": 1, ""metadata"": null, ""description"": null, ""external_id"": null, ""normal_balance_type"": ""credit""}}",,2026-09-06 15:30:23.414343+00
01a07757-9324-7242-8d26-618ac5a66d70,1,initialized,"{""type"": ""initialized"", ""values"": {""id"": ""01a07757-9324-7242-8d26-618ac5a66d70"", ""code"": ""LOCKCEIL-01a07757932472428d266194bdd47fff-552"", ""name"": ""lock ceiling 552"", ""config"": {""is_account_set"": false, ""eventually_consistent"": false}, ""status"": ""active"", ""version"": 1, ""metadata"": null, ""description"": null, ""external_id"": null, ""normal_balance_type"": ""credit""}}",,2026-09-06 15:30:23.414343+00
01a07757-9324-7242-8d26-61a5fa6019b9,1,initialized,"{""type"": ""initialized"", ""values"": {""id"": ""01a07757-9324-7242-8d26-61a5fa6019b9"", ""code"": ""LOCKCEIL-01a07757932472428d2661b641b80c0d-553"", ""name"": ""lock ceiling 553"", ""config"": {""is_account_set"": false, ""eventually_consistent"": false}, ""status"": ""active"", ""version"": 1, ""metadata"": null, ""description"": null, ""external_id"": null, ""normal_balance_type"": ""credit""}}",,2026-09-06 15:30:23.414343+00
01a07757-9324-7242-8d26-61cce467e8b3,1,initialized,"{""type"": ""initialized"", ""values"": {""id"": ""01a07757-9324-7242-8d26-61cce467e8b3"", ""code"": ""LOCKCEIL-01a07757932472428d2661d4d8cfd470-554"", ""name"": ""lock ceiling 554"", ""config"": {""is_account_set"": false, ""eventually_consistent"": false}, ""status"": ""active"", ""version"": 1, ""metadata"": null, ""description"": null, ""external_id"": null, ""normal_balance_type"": ""credit""}}",,2026-09-06 15:30:23.414343+00
01a07757-9324-7242-8d26-61e9d95963f8,1,initialized,"{""type"": ""initialized"", ""values"": {""id"": ""01a07757-9324-7242-8d26-61e9d95963f8"", ""code"": ""LOCKCEIL-01a07757932472428d2661f2b49d2ae4-555"", ""name"": ""lock ceiling 555"", ""config"": {""is_account_set"": false, ""eventually_consistent"": false}, ""status"": ""active"", ""version"": 1, ""metadata"": null, ""description"": null, ""external_id"": null, ""normal_balance_type"": ""credit""}}",,2026-09-06 15:30:23.414343+00
01a07757-9324-7242-8d26-620efaa4e242,1,initialized,"{""type"": ""initialized"", ""values"": {""id"": ""01a07757-9324-7242-8d26-620efaa4e242"", ""code"": ""LOCKCEIL-01a07757932472428d2662167c0dae05-556"", ""name"": ""lock ceiling 556"", ""config"": {""is_account_set"": false, ""eventually_consistent"": false}, ""status"": ""active"", ""version"": 1, ""metadata"": null, ""description"": null, ""external_id"": null, ""normal_balance_type"": ""credit""}}",,2026-09-06 15:30:23.414343+00
01a07757-9324-7242-8d26-622080e76755,1,initialized,"{""type"": ""initialized"", ""values"": {""id"": ""01a07757-9324-7242-8d26-622080e76755"", ""code"": ""LOCKCEIL-01a07757932472428d2662363fd4f2b5-557"", ""name"": ""lock ceiling 557"", ""config"": {""is_account_set"": false, ""eventually_consistent"": false}, ""status"": ""active"", ""version"": 1, ""metadata"": null, ""description"": null, ""external_id"": null, ""normal_balance_type"": ""credit""}}",,2026-09-06 15:30:23.414343+00
01a07757-9324-7242-8d26-624ba956ccb8,1,initialized,"{""type"": ""initialized"", ""values"": {""id"": ""01a07757-9324-7242-8d26-624ba956ccb8"", ""code"": ""LOCKCEIL-01a07757932472428d26625ba5388a04-558"", ""name"": ""lock ceiling 558"", ""config"": {""is_account_set"": false, ""eventually_consistent"": false}, ""status"": ""active"", ""version"": 1, ""metadata"": null, ""description"": null, ""external_id"": null, ""normal_balance_type"": ""credit""}}",,2026-09-06 15:30:23.414343+00
01a07757-9324-7242-8d26-626d1f771eac,1,initialized,"{""type"": ""initialized"", ""values"": {""id"": ""01a07757-9324-7242-8d26-626d1f771eac"", ""code"": ""LOCKCEIL-01a07757932472428d26627bae65bf83-559"", ""name"": ""lock ceiling 559"", ""config"": {""is_account_set"": false, ""eventually_consistent"": false}, ""status"": ""active"", ""version"": 1, ""metadata"": null, ""description"": null, ""external_id"": null, ""normal_balance_type"": ""credit""}}",,2026-09-06 15:30:23.414343+00
01a07757-9324-7242-8d26-628aedffde86,1,initialized,"{""type"": ""initialized"", ""values"": {""id"": ""01a07757-9324-7242-8d26-628aedffde86"", ""code"": ""LOCKCEIL-01a07757932472428d26629a9a8f3a20-560"", ""name"": ""lock ceiling 560"", ""config"": {""is_account_set"": false, ""eventually_consistent"": false}, ""status"": ""active"", ""version"": 1, ""metadata"": null, ""description"": null, ""external_id"": null, ""normal_balance_type"": ""credit""}}",,2026-09-06 15:30:23.414343+00
01a07757-9324-7242-8d26-62ad78dd678d,1,initialized,"{""type"": ""initialized"", ""values"": {""id"": ""01a07757-9324-7242-8d26-62ad78dd678d"", ""code"": ""LOCKCEIL-01a07757932472428d2662bf6389f627-561"", ""name"": ""lock ceiling 561"", ""config"": {""is_account_set"": false, ""eventually_consistent"": false}, ""status"": ""active"", ""version"": 1, ""metadata"": null, ""description"": null, ""external_id"": null, ""normal_balance_type"": ""credit""}}",,2026-09-06 15:30:23.414343+00
01a07757-9324-7242-8d26-62c9076e00ef,1,initialized,"{""type"": ""initialized"", ""values"": {""id"": ""01a07757-9324-7242-8d26-62c9076e00ef"", ""code"": ""LOCKCEIL-01a07757932472428d2662d682bbaed6-562"", ""name"": ""lock ceiling 562"", ""config"": {""is_account_set"": false, ""eventually_consistent"": false}, ""status"": ""active"", ""version"": 1, ""metadata"": null, ""description"": null, ""external_id"": null, ""normal_balance_type"": ""credit""}}",,2026-09-06 15:30:23.414343+00
01a07757-9324-7242-8d26-62e62f41f7e9,1,initialized,"{""type"": ""initialized"", ""values"": {""id"": ""01a07757-9324-7242-8d26-62e62f41f7e9"", ""code"": ""LOCKCEIL-01a07757932472428d2662f9529845b5-563"", ""name"": ""lock ceiling 563"", ""config"": {""is_account_set"": false, ""eventually_consistent"": false}, ""status"": ""active"", ""version"": 1, ""metadata"": null, ""description"": null, ""external_id"": null, ""normal_balance_type"": ""credit""}}",,2026-09-06 15:30:23.414343+00
01a07757-9324-7242-8d26-6300a1b49729,1,initialized,"{""type"": ""initialized"", ""values"": {""id"": ""01a07757-9324-7242-8d26-6300a1b49729"", ""code"": ""LOCKCEIL-01a07757932472428d26631944fed391-564"", ""name"": ""lock ceiling 564"", ""config"": {""is_account_set"": false, ""eventually_consistent"": false}, ""status"": ""active"", ""version"": 1, ""metadata"": null, ""description"": null, ""external_id"": null, ""normal_balance_type"": ""credit""}}",,2026-09-06 15:30:23.414343+00
01a07757-9324-7242-8d26-632443c376c7,1,initialized,"{""type"": ""initialized"", ""values"": {""id"": ""01a07757-9324-7242-8d26-632443c376c7"", ""code"": ""LOCKCEIL-01a07757932472428d266339ffc095cc-565"", ""name"": ""lock ceiling 565"", ""config"": {""is_account_set"": false, ""eventually_consistent"": false}, ""status"": ""active"", ""version"": 1, ""metadata"": null, ""description"": null, ""external_id"": null, ""normal_balance_type"": ""credit""}}",,2026-09-06 15:30:23.414343+00
01a07757-9324-7242-8d26-63468d8d033e,1,initialized,"{""type"": ""initialized"", ""values"": {""id"": ""01a07757-9324-7242-8d26-63468d8d033e"", ""code"": ""LOCKCEIL-01a07757932472428d2663541ee0e484-566"", ""name"": ""lock ceiling 566"", ""config"": {""is_account_set"": false, ""eventually_consistent"": false}, ""status"": ""active"", ""version"": 1, ""metadata"": null, ""description"": null, ""external_id"": null, ""normal_balance_type"": ""credit""}}",,2026-09-06 15:30:23.414343+00
01a07757-9324-7242-8d26-636532d1bcc4,1,initialized,"{""type"": ""initialized"", ""values"": {""id"": ""01a07757-9324-7242-8d26-636532d1bcc4"", ""code"": ""LOCKCEIL-01a07757932472428d26637077cbc562-567"", ""name"": ""lock ceiling 567"", ""config"": {""is_account_set"": false, ""eventually_consistent"": false}, ""status"": ""active"", ""version"": 1, ""metadata"": null, ""description"": null, ""external_id"": null, ""normal_balance_type"": ""credit""}}",,2026-09-06 15:30:23.414343+00
01a07757-9324-7242-8d26-63856ca0ab90,1,initialized,"{""type"": ""initialized"", ""values"": {""id"": ""01a07757-9324-7242-8d26-63856ca0ab90"", ""code"": ""LOCKCEIL-01a07757932472428d266391f975c324-568"", ""name"": ""lock ceiling 568"", ""config"": {""is_account_set"": false, ""eventually_consistent"": false}, ""status"": ""active"", ""version"": 1, ""metadata"": null, ""description"": null, ""external_id"": null, ""normal_balance_type"": ""credit""}}",,2026-09-06 15:30:23.414343+00
01a07757-9324-7242-8d26-63aa22d36c05,1,initialized,"{""type"": ""initialized"", ""values"": {""id"": ""01a07757-9324-7242-8d26-63aa22d36c05"", ""code"": ""LOCKCEIL-01a07757932472428d2663bd0681db20-569"", ""name"": ""lock ceiling 569"", ""config"": {""is_account_set"": false, ""eventually_consistent"": false}, ""status"": ""active"", ""version"": 1, ""metadata"": null, ""description"": null, ""external_id"": null, ""normal_balance_type"": ""credit""}}",,2026-09-06 15:30:23.414343+00
01a07757-9324-7242-8d26-63ca45541446,1,initialized,"{""type"": ""initialized"", ""values"": {""id"": ""01a07757-9324-7242-8d26-63ca45541446"", ""code"": ""LOCKCEIL-01a07757932472428d2663d98fe96837-570"", ""name"": ""lock ceiling 570"", ""config"": {""is_account_set"": false, ""eventually_consistent"": false}, ""status"": ""active"", ""version"": 1, ""metadata"": null, ""description"": null, ""external_id"": null, ""normal_balance_type"": ""credit""}}",,2026-09-06 15:30:23.414343+00
01a07757-9324-7242-8d26-63e739669bfb,1,initialized,"{""type"": ""initialized"", ""values"": {""id"": ""01a07757-9324-7242-8d26-63e739669bfb"", ""code"": ""LOCKCEIL-01a07757932671638c8378b52c874549-571"", ""name"": ""lock ceiling 571"", ""config"": {""is_account_set"": false, ""eventually_consistent"": false}, ""status"": ""active"", ""version"": 1, ""metadata"": null, ""description"": null, ""external_id"": null, ""normal_balance_type"": ""credit""}}",,2026-09-06 15:30:23.414343+00
01a07757-9326-7163-8c83-78c7ab3393fc,1,initialized,"{""type"": ""initialized"", ""values"": {""id"": ""01a07757-9326-7163-8c83-78c7ab3393fc"", ""code"": ""LOCKCEIL-01a07757932671638c8378d1bb83e05b-572"", ""name"": ""lock ceiling 572"", ""config"": {""is_account_set"": false, ""eventually_consistent"": false}, ""status"": ""active"", ""version"": 1, ""metadata"": null, ""description"": null, ""external_id"": null, ""normal_balance_type"": ""credit""}}",,2026-09-06 15:30:23.414343+00
01a07757-9326-7163-8c83-78e3ca612b93,1,initialized,"{""type"": ""initialized"", ""values"": {""id"": ""01a07757-9326-7163-8c83-78e3ca612b93"", ""code"": ""LOCKCEIL-01a07757932671638c8378f9aca7564f-573"", ""name"": ""lock ceiling 573"", ""config"": {""is_account_set"": false, ""eventually_consistent"": false}, ""status"": ""active"", ""version"": 1, ""metadata"": null, ""description"": null, ""external_id"": null, ""normal_balance_type"": ""credit""}}",,2026-09-06 15:30:23.414343+00
01a07757-9326-7163-8c83-79083c18b69e,1,initialized,"{""type"": ""initialized"", ""values"": {""id"": ""01a07757-9326-7163-8c83-79083c18b69e"", ""code"": ""LOCKCEIL-01a07757932671638c837916c7743fec-574"", ""name"": ""lock ceiling 574"", ""config"": {""is_account_set"": false, ""eventually_consistent"": false}, ""status"": ""active"", ""version"": 1, ""metadata"": null, ""description"": null, ""external_id"": null, ""normal_balance_type"": ""credit""}}",,2026-09-06 15:30:23.414343+00
01a07757-9326-7163-8c83-792957e15b0a,1,initialized,"{""type"": ""initialized"", ""values"": {""id"": ""01a07757-9326-7163-8c83-792957e15b0a"", ""code"": ""LOCKCEIL-01a07757932671638c837932db40c15e-575"", ""name"": ""lock ceiling 575"", ""config"": {""is_account_set"": false, ""eventually_consistent"": false}, ""status"": ""active"", ""version"": 1, ""metadata"": null, ""description"": null, ""external_id"": null, ""normal_balance_type"": ""credit""}}",,2026-09-06 15:30:23.414343+00
01a07757-9326-7163-8c83-794be9076f0b,1,initialized,"{""type"": ""initialized"", ""values"": {""id"": ""01a07757-9326-7163-8c83-794be9076f0b"", ""code"": ""LOCKCEIL-01a07757932671638c8379500e9b31a6-576"", ""name"": ""lock ceiling 576"", ""config"": {""is_account_set"": false, ""eventually_consistent"": false}, ""status"": ""active"", ""version"": 1, ""metadata"": null, ""description"": null, ""external_id"": null, ""normal_balance_type"": ""credit""}}",,2026-09-06 15:30:23.414343+00
01a07757-9326-7163-8c83-79697b3aa196,1,initialized,"{""type"": ""initialized"", ""values"": {""id"": ""01a07757-9326-7163-8c83-79697b3aa196"", ""code"": ""LOCKCEIL-01a07757932671638c8379784359de75-577"", ""name"": ""lock ceiling 577"", ""config"": {""is_account_set"": false, ""eventually_consistent"": false}, ""status"": ""active"", ""version"": 1, ""metadata"": null, ""description"": null, ""external_id"": null, ""normal_balance_type"": ""credit""}}",,2026-09-06 15:30:23.414343+00
01a07757-9326-7163-8c83-798f108fc3d4,1,initialized,"{""type"": ""initialized"", ""values"": {""id"": ""01a07757-9326-7163-8c83-798f108fc3d4"", ""code"": ""LOCKCEIL-01a07757932671638c83799e5545603b-578"", ""name"": ""lock ceiling 578"", ""config"": {""is_account_set"": false, ""eventually_consistent"": false}, ""status"": ""active"", ""version"": 1, ""metadata"": null, ""description"": null, ""external_id"": null, ""normal_balance_type"": ""credit""}}",,2026-09-06 15:30:23.414343+00
01a07757-9326-7163-8c83-79a1b38a8afb,1,initialized,"{""type"": ""initialized"", ""values"": {""id"": ""01a07757-9326-7163-8c83-79a1b38a8afb"", ""code"": ""LOCKCEIL-01a07757932671638c8379bcfa563058-579"", ""name"": ""lock ceiling 579"", ""config"": {""is_account_set"": false, ""eventually_consistent"": false}, ""status"": ""active"", ""version"": 1, ""metadata"": null, ""description"": null, ""external_id"": null, ""normal_balance_type"": ""credit""}}",,2026-09-06 15:30:23.414343+00
01a07757-9326-7163-8c83-79c5cce49165,1,initialized,"{""type"": ""initialized"", ""values"": {""id"": ""01a07757-9326-7163-8c83-79c5cce49165"", ""code"": ""LOCKCEIL-01a07757932671638c8379d87fd5d06c-580"", ""name"": ""lock ceiling 580"", ""config"": {""is_account_set"": false, ""eventually_consistent"": false}, ""status"": ""active"", ""version"": 1, ""metadata"": null, ""description"": null, ""external_id"": null, ""normal_balance_type"": ""credit""}}",,2026-09-06 15:30:23.414343+00
01a07757-9326-7163-8c83-79e657870b00,1,initialized,"{""type"": ""initialized"", ""values"": {""id"": ""01a07757-9326-7163-8c83-79e657870b00"", ""code"": ""LOCKCEIL-01a07757932671638c8379f4308a73c2-581"", ""name"": ""lock ceiling 581"", ""config"": {""is_account_set"": false, ""eventually_consistent"": false}, ""status"": ""active"", ""version"": 1, ""metadata"": null, ""description"": null, ""external_id"": null, ""normal_balance_type"": ""credit""}}",,2026-09-06 15:30:23.414343+00
01a07757-9326-7163-8c83-7a0fb456d49b,1,initialized,"{""type"": ""initialized"", ""values"": {""id"": ""01a07757-9326-7163-8c83-7a0fb456d49b"", ""code"": ""LOCKCEIL-01a07757932671638c837a154543c243-582"", ""name"": ""lock ceiling 582"", ""config"": {""is_account_set"": false, ""eventually_consistent"": false}, ""status"": ""active"", ""version"": 1, ""metadata"": null, ""description"": null, ""external_id"": null, ""normal_balance_type"": ""credit""}}",,2026-09-06 15:30:23.414343+00
01a07757-9326-7163-8c83-7a295a85c903,1,initialized,"{""type"": ""initialized"", ""values"": {""id"": ""01a07757-9326-7163-8c83-7a295a85c903"", ""code"": ""LOCKCEIL-01a07757932671638c837a39662ebbdb-583"", ""name"": ""lock ceiling 583"", ""config"": {""is_account_set"": false, ""eventually_consistent"": false}, ""status"": ""active"", ""version"": 1, ""metadata"": null, ""description"": null, ""external_id"": null, ""normal_balance_type"": ""credit""}}",,2026-09-06 15:30:23.414343+00
01a07757-9326-7163-8c83-7a4b73ac56b7,1,initialized,"{""type"": ""initialized"", ""values"": {""id"": ""01a07757-9326-7163-8c83-7a4b73ac56b7"", ""code"": ""LOCKCEIL-01a07757932671638c837a549f3e767d-584"", ""name"": ""lock ceiling 584"", ""config"": {""is_account_set"": false, ""eventually_consistent"": false}, ""status"": ""active"", ""version"": 1, ""metadata"": null, ""description"": null, ""external_id"": null, ""normal_balance_type"": ""credit""}}",,2026-09-06 15:30:23.414343+00
01a07757-9326-7163-8c83-7a6f1c971bf6,1,initialized,"{""type"": ""initialized"", ""values"": {""id"": ""01a07757-9326-7163-8c83-7a6f1c971bf6"", ""code"": ""LOCKCEIL-01a07757932671638c837a78c43e7636-585"", ""name"": ""lock ceiling 585"", ""config"": {""is_account_set"": false, ""eventually_consistent"": false}, ""status"": ""active"", ""version"": 1, ""metadata"": null, ""description"": null, ""external_id"": null, ""normal_balance_type"": ""credit""}}",,2026-09-06 15:30:23.414343+00
01a07757-9326-7163-8c83-7a8f71398fb3,1,initialized,"{""type"": ""initialized"", ""values"": {""id"": ""01a07757-9326-7163-8c83-7a8f71398fb3"", ""code"": ""LOCKCEIL-01a07757932671638c837a9c8d527ac0-586"", ""name"": ""lock ceiling 586"", ""config"": {""is_account_set"": false, ""eventually_consistent"": false}, ""status"": ""active"", ""version"": 1, ""metadata"": null, ""description"": null, ""external_id"": null, ""normal_balance_type"": ""credit""}}",,2026-09-06 15:30:23.414343+00
01a07757-9326-7163-8c83-7aae987e6807,1,initialized,"{""type"": ""initialized"", ""values"": {""id"": ""01a07757-9326-7163-8c83-7aae987e6807"", ""code"": ""LOCKCEIL-01a07757932671638c837ab58fdb704d-587"", ""name"": ""lock ceiling 587"", ""config"": {""is_account_set"": false, ""eventually_consistent"": false}, ""status"": ""active"", ""version"": 1, ""metadata"": null, ""description"": null, ""external_id"": null, ""normal_balance_type"": ""credit""}}",,2026-09-06 15:30:23.414343+00
01a07757-9326-7163-8c83-7ac6a19f86e2,1,initialized,"{""type"": ""initialized"", ""values"": {""id"": ""01a07757-9326-7163-8c83-7ac6a19f86e2"", ""code"": ""LOCKCEIL-01a07757932671638c837adca2632a0e-588"", ""name"": ""lock ceiling 588"", ""config"": {""is_account_set"": false, ""eventually_consistent"": false}, ""status"": ""active"", ""version"": 1, ""metadata"": null, ""description"": null, ""external_id"": null, ""normal_balance_type"": ""credit""}}",,2026-09-06 15:30:23.414343+00
01a07757-9326-7163-8c83-7aedf7bd794e,1,initialized,"{""type"": ""initialized"", ""values"": {""id"": ""01a07757-9326-7163-8c83-7aedf7bd794e"", ""code"": ""LOCKCEIL-01a07757932671638c837af0b8ddc836-589"", ""name"": ""lock ceiling 589"", ""config"": {""is_account_set"": false, ""eventually_consistent"": false}, ""status"": ""active"", ""version"": 1, ""metadata"": null, ""description"": null, ""external_id"": null, ""normal_balance_type"": ""credit""}}",,2026-09-06 15:30:23.414343+00
01a07757-9326-7163-8c83-7b0d237edb59,1,initialized,"{""type"": ""initialized"", ""values"": {""id"": ""01a07757-9326-7163-8c83-7b0d237edb59"", ""code"": ""LOCKCEIL-01a07757932671638c837b10674c45b4-590"", ""name"": ""lock ceiling 590"", ""config"": {""is_account_set"": false, ""eventually_consistent"": false}, ""status"": ""active"", ""version"": 1, ""metadata"": null, ""description"": null, ""external_id"": null, ""normal_balance_type"": ""credit""}}",,2026-09-06 15:30:23.414343+00
01a07757-9326-7163-8c83-7b21a6e172d5,1,initialized,"{""type"": ""initialized"", ""values"": {""id"": ""01a07757-9326-7163-8c83-7b21a6e172d5"", ""code"": ""LOCKCEIL-01a07757932671638c837b3aa86eb1d8-591"", ""name"": ""lock ceiling 591"", ""config"": {""is_account_set"": false, ""eventually_consistent"": false}, ""status"": ""active"", ""version"": 1, ""metadata"": null, ""description"": null, ""external_id"": null, ""normal_balance_type"": ""credit""}}",,2026-09-06 15:30:23.414343+00
01a07757-9326-7163-8c83-7b4e5f59cee7,1,initialized,"{""type"": ""initialized"", ""values"": {""id"": ""01a07757-9326-7163-8c83-7b4e5f59cee7"", ""code"": ""LOCKCEIL-01a07757932671638c837b57d8cac456-592"", ""name"": ""lock ceiling 592"", ""config"": {""is_account_set"": false, ""eventually_consistent"": false}, ""status"": ""active"", ""version"": 1, ""metadata"": null, ""description"": null, ""external_id"": null, ""normal_balance_type"": ""credit""}}",,2026-09-06 15:30:23.414343+00
01a07757-9326-7163-8c83-7b6e6a71ca3f,1,initialized,"{""type"": ""initialized"", ""values"": {""id"": ""01a07757-9326-7163-8c83-7b6e6a71ca3f"", ""code"": ""LOCKCEIL-01a07757932671638c837b778440a218-593"", ""name"": ""lock ceiling 593"", ""config"": {""is_account_set"": false, ""eventually_consistent"": false}, ""status"": ""active"", ""version"": 1, ""metadata"": null, ""description"": null, ""external_id"": null, ""normal_balance_type"": ""credit""}}",,2026-09-06 15:30:23.414343+00
01a07757-9326-7163-8c83-7b857d26561d,1,initialized,"{""type"": ""initialized"", ""values"": {""id"": ""01a07757-9326-7163-8c83-7b857d26561d"", ""code"": ""LOCKCEIL-01a07757932671638c837b9544c03382-594"", ""name"": ""lock ceiling 594"", ""config"": {""is_account_set"": false, ""eventually_consistent"": false}, ""status"": ""active"", ""version"": 1, ""metadata"": null, ""description"": null, ""external_id"": null, ""normal_balance_type"": ""credit""}}",,2026-09-06 15:30:23.414343+00
01a07757-9326-7163-8c83-7ba6ff285231,1,initialized,"{""type"": ""initialized"", ""values"": {""id"": ""01a07757-9326-7163-8c83-7ba6ff285231"", ""code"": ""LOCKCEIL-01a07757932671638c837bb6be86b703-595"", ""name"": ""lock ceiling 595"", ""config"": {""is_account_set"": false, ""eventually_consistent"": false}, ""status"": ""active"", ""version"": 1, ""metadata"": null, ""description"": null, ""external_id"": null, ""normal_balance_type"": ""credit""}}",,2026-09-06 15:30:23.414343+00
01a07757-9326-7163-8c83-7bc84eb9f3ab,1,initialized,"{""type"": ""initialized"", ""values"": {""id"": ""01a07757-9326-7163-8c83-7bc84eb9f3ab"", ""code"": ""LOCKCEIL-01a07757932671638c837bde7c02ce2e-596"", ""name"": ""lock ceiling 596"", ""config"": {""is_account_set"": false, ""eventually_consistent"": false}, ""status"": ""active"", ""version"": 1, ""metadata"": null, ""description"": null, ""external_id"": null, ""normal_balance_type"": ""credit""}}",,2026-09-06 15:30:23.414343+00
01a07757-9326-7163-8c83-7be866c5eae3,1,initialized,"{""type"": ""initialized"", ""values"": {""id"": ""01a07757-9326-7163-8c83-7be866c5eae3"", ""code"": ""LOCKCEIL-01a07757932671638c837bfa493d94f4-597"", ""name"": ""lock ceiling 597"", ""config"": {""is_account_set"": false, ""eventually_consistent"": false}, ""status"": ""active"", ""version"": 1, ""metadata"": null, ""description"": null, ""external_id"": null, ""normal_balance_type"": ""credit""}}",,2026-09-06 15:30:23.414343+00
01a07757-9326-7163-8c83-7c08e8f85b17,1,initialized,"{""type"": ""initialized"", ""values"": {""id"": ""01a07757-9326-7163-8c83-7c08e8f85b17"", ""code"": ""LOCKCEIL-01a07757932671638c837c1a7f97b134-598"", ""name"": ""lock ceiling 598"", ""config"": {""is_account_set"": false, ""eventually_consistent"": false}, ""status"": ""active"", ""version"": 1, ""metadata"": null, ""description"": null, ""external_id"": null, ""normal_balance_type"": ""credit""}}",,2026-09-06 15:30:23.414343+00
01a07757-9326-7163-8c83-7c23eb26ec4c,1,initialized,"{""type"": ""initialized"", ""values"": {""id"": ""01a07757-9326-7163-8c83-7c23eb26ec4c"", ""code"": ""LOCKCEIL-01a07757932671638c837c39601f2f71-599"", ""name"": ""lock ceiling 599"", ""config"": {""is_account_set"": false, ""eventually_consistent"": false}, ""status"": ""active"", ""version"": 1, ""metadata"": null, ""description"": null, ""external_id"": null, ""normal_balance_type"": ""credit""}}",,2026-09-06 15:30:23.414343+00
01a07757-9326-7163-8c83-7c4f3de883d0,1,initialized,"{""type"": ""initialized"", ""values"": {""id"": ""01a07757-9326-7163-8c83-7c4f3de883d0"", ""code"": ""LOCKCEIL-01a07757932671638c837c559729be95-600"", ""name"": ""lock ceiling 600"", ""config"": {""is_account_set"": false, ""eventually_consistent"": false}, ""status"": ""active"", ""version"": 1, ""metadata"": null, ""description"": null, ""external_id"": null, ""normal_balance_type"": ""credit""}}",,2026-09-06 15:30:23.414343+00
01a07757-9326-7163-8c83-7c6a503c55b9,1,initialized,"{""type"": ""initialized"", ""values"": {""id"": ""01a07757-9326-7163-8c83-7c6a503c55b9"", ""code"": ""LOCKCEIL-01a07757932671638c837c75d7c37a76-601"", ""name"": ""lock ceiling 601"", ""config"": {""is_account_set"": false, ""eventually_consistent"": false}, ""status"": ""active"", ""version"": 1, ""metadata"": null, ""description"": null, ""external_id"": null, ""normal_balance_type"": ""credit""}}",,2026-09-06 15:30:23.414343+00
01a07757-9326-7163-8c83-7c8e2680f9ed,1,initialized,"{""type"": ""initialized"", ""values"": {""id"": ""01a07757-9326-7163-8c83-7c8e2680f9ed"", ""code"": ""LOCKCEIL-01a07757932671638c837c9e75e8b129-602"", ""name"": ""lock ceiling 602"", ""config"": {""is_account_set"": false, ""eventually_consistent"": false}, ""status"": ""active"", ""version"": 1, ""metadata"": null, ""description"": null, ""external_id"": null, ""normal_balance_type"": ""credit""}}",,2026-09-06 15:30:23.414343+00
01a07757-9326-7163-8c83-7cadc04e10ed,1,initialized,"{""type"": ""initialized"", ""values"": {""id"": ""01a07757-9326-7163-8c83-7cadc04e10ed"", ""code"": ""LOCKCEIL-01a07757932671638c837cb38f42a0ae-603"", ""name"": ""lock ceiling 603"", ""config"": {""is_account_set"": false, ""eventually_consistent"": false}, ""status"": ""active"", ""version"": 1, ""metadata"": null, ""description"": null, ""external_id"": null, ""normal_balance_type"": ""credit""}}",,2026-09-06 15:30:23.414343+00
01a07757-9326-7163-8c83-7cc9f0b42f09,1,initialized,"{""type"": ""initialized"", ""values"": {""id"": ""01a07757-9326-7163-8c83-7cc9f0b42f09"", ""code"": ""LOCKCEIL-01a07757932671638c837cd0afc97d05-604"", ""name"": ""lock ceiling 604"", ""config"": {""is_account_set"": false, ""eventually_consistent"": false}, ""status"": ""active"", ""version"": 1, ""metadata"": null, ""description"": null, ""external_id"": null, ""normal_balance_type"": ""credit""}}",,2026-09-06 15:30:23.414343+00
01a07757-9326-7163-8c83-7ce5adfc0a14,1,initialized,"{""type"": ""initialized"", ""values"": {""id"": ""01a07757-9326-7163-8c83-7ce5adfc0a14"", ""code"": ""LOCKCEIL-01a07757932671638c837cf237559fb9-605"", ""name"": ""lock ceiling 605"", ""config"": {""is_account_set"": false, ""eventually_consistent"": false}, ""status"": ""active"", ""version"": 1, ""metadata"": null, ""description"": null, ""external_id"": null, ""normal_balance_type"": ""credit""}}",,2026-09-06 15:30:23.414343+00
01a07757-9326-7163-8c83-7d07b5898789,1,initialized,"{""type"": ""initialized"", ""values"": {""id"": ""01a07757-9326-7163-8c83-7d07b5898789"", ""code"": ""LOCKCEIL-01a07757932671638c837d172981a1b8-606"", ""name"": ""lock ceiling 606"", ""config"": {""is_account_set"": false, ""eventually_consistent"": false}, ""status"": ""active"", ""version"": 1, ""metadata"": null, ""description"": null, ""external_id"": null, ""normal_balance_type"": ""credit""}}",,2026-09-06 15:30:23.414343+00
01a07757-9326-7163-8c83-7d2dd052032c,1,initialized,"{""type"": ""initialized"", ""values"": {""id"": ""01a07757-9326-7163-8c83-7d2dd052032c"", ""code"": ""LOCKCEIL-01a07757932671638c837d38131be02a-607"", ""name"": ""lock ceiling 607"", ""config"": {""is_account_set"": false, ""eventually_consistent"": false}, ""status"": ""active"", ""version"": 1, ""metadata"": null, ""description"": null, ""external_id"": null, ""normal_balance_type"": ""credit""}}",,2026-09-06 15:30:23.414343+00
01a07757-9326-7163-8c83-7d4c6d79f3f4,1,initialized,"{""type"": ""initialized"", ""values"": {""id"": ""01a07757-9326-7163-8c83-7d4c6d79f3f4"", ""code"": ""LOCKCEIL-01a07757932671638c837d5583c9c7d6-608"", ""name"": ""lock ceiling 608"", ""config"": {""is_account_set"": false, ""eventually_consistent"": false}, ""status"": ""active"", ""version"": 1, ""metadata"": null, ""description"": null, ""external_id"": null, ""normal_balance_type"": ""credit""}}",,2026-09-06 15:30:23.414343+00
01a07757-9326-7163-8c83-7d615a649564,1,initialized,"{""type"": ""initialized"", ""values"": {""id"": ""01a07757-9326-7163-8c83-7d615a649564"", ""code"": ""LOCKCEIL-01a07757932671638c837d7496cca287-609"", ""name"": ""lock ceiling 609"", ""config"": {""is_account_set"": false, ""eventually_consistent"": false}, ""status"": ""active"", ""version"": 1, ""metadata"": null, ""description"": null, ""external_id"": null, ""normal_balance_type"": ""credit""}}",,2026-09-06 15:30:23.414343+00
01a07757-9326-7163-8c83-7d8e39fe7daa,1,initialized,"{""type"": ""initialized"", ""values"": {""id"": ""01a07757-9326-7163-8c83-7d8e39fe7daa"", ""code"": ""LOCKCEIL-01a07757932671638c837d990e32bdf4-610"", ""name"": ""lock ceiling 610"", ""config"": {""is_account_set"": false, ""eventually_consistent"": false}, ""status"": ""active"", ""version"": 1, ""metadata"": null, ""description"": null, ""external_id"": null, ""normal_balance_type"": ""credit""}}",,2026-09-06 15:30:23.414343+00
01a07757-9326-7163-8c83-7da98355d62a,1,initialized,"{""type"": ""initialized"", ""values"": {""id"": ""01a07757-9326-7163-8c83-7da98355d62a"", ""code"": ""LOCKCEIL-01a07757932671638c837dbe1b9ac3f5-611"", ""name"": ""lock ceiling 611"", ""config"": {""is_account_set"": false, ""eventually_consistent"": false}, ""status"": ""active"", ""version"": 1, ""metadata"": null, ""description"": null, ""external_id"": null, ""normal_balance_type"": ""credit""}}",,2026-09-06 15:30:23.414343+00
01a07757-9326-7163-8c83-7dc77c15bec7,1,initialized,"{""type"": ""initialized"", ""values"": {""id"": ""01a07757-9326-7163-8c83-7dc77c15bec7"", ""code"": ""LOCKCEIL-01a07757932671638c837dd3c9a505a0-612"", ""name"": ""lock ceiling 612"", ""config"": {""is_account_set"": false, ""eventually_consistent"": false}, ""status"": ""active"", ""version"": 1, ""metadata"": null, ""description"": null, ""external_id"": null, ""normal_balance_type"": ""credit""}}",,2026-09-06 15:30:23.414343+00
01a07757-9326-7163-8c83-7de8b665e03d,1,initialized,"{""type"": ""initialized"", ""values"": {""id"": ""01a07757-9326-7163-8c83-7de8b665e03d"", ""code"": ""LOCKCEIL-01a07757932671638c837df9799cbe41-613"", ""name"": ""lock ceiling 613"", ""config"": {""is_account_set"": false, ""eventually_consistent"": false}, ""status"": ""active"", ""version"": 1, ""metadata"": null, ""description"": null, ""external_id"": null, ""normal_balance_type"": ""credit""}}",,2026-09-06 15:30:23.414343+00
01a07757-9326-7163-8c83-7e0c575d6a6c,1,initialized,"{""type"": ""initialized"", ""values"": {""id"": ""01a07757-9326-7163-8c83-7e0c575d6a6c"", ""code"": ""LOCKCEIL-01a07757932671638c837e185a9d8cbc-614"", ""name"": ""lock ceiling 614"", ""config"": {""is_account_set"": false, ""eventually_consistent"": false}, ""status"": ""active"", ""version"": 1, ""metadata"": null, ""description"": null, ""external_id"": null, ""normal_balance_type"": ""credit""}}",,2026-09-06 15:30:23.414343+00
01a07757-9326-7163-8c83-7e2e979d3896,1,initialized,"{""type"": ""initialized"", ""values"": {""id"": ""01a07757-9326-7163-8c83-7e2e979d3896"", ""code"": ""LOCKCEIL-01a07757932671638c837e3df48e59c0-615"", ""name"": ""lock ceiling 615"", ""config"": {""is_account_set"": false, ""eventually_consistent"": false}, ""status"": ""active"", ""version"": 1, ""metadata"": null, ""description"": null, ""external_id"": null, ""normal_balance_type"": ""credit""}}",,2026-09-06 15:30:23.414343+00
01a07757-9326-7163-8c83-7e4843ef09e9,1,initialized,"{""type"": ""initialized"", ""values"": {""id"": ""01a07757-9326-7163-8c83-7e4843ef09e9"", ""code"": ""LOCKCEIL-01a07757932671638c837e55c3fad0ca-616"", ""name"": ""lock ceiling 616"", ""config"": {""is_account_set"": false, ""eventually_consistent"": false}, ""status"": ""active"", ""version"": 1, ""metadata"": null, ""description"": null, ""external_id"": null, ""normal_balance_type"": ""credit""}}",,2026-09-06 15:30:23.414343+00
01a07757-9326-7163-8c83-7e64d325d3f0,1,initialized,"{""type"": ""initialized"", ""values"": {""id"": ""01a07757-9326-7163-8c83-7e64d325d3f0"", ""code"": ""LOCKCEIL-01a07757932671638c837e7fbfd3652a-617"", ""name"": ""lock ceiling 617"", ""config"": {""is_account_set"": false, ""eventually_consistent"": false}, ""status"": ""active"", ""version"": 1, ""metadata"": null, ""description"": null, ""external_id"": null, ""normal_balance_type"": ""credit""}}",,2026-09-06 15:30:23.414343+00
01a07757-9326-7163-8c83-7e820f388ded,1,initialized,"{""type"": ""initialized"", ""values"": {""id"": ""01a07757-9326-7163-8c83-7e820f388ded"", ""code"": ""LOCKCEIL-01a07757932671638c837e9dc7e40a55-618"", ""name"": ""lock ceiling 618"", ""config"": {""is_account_set"": false, ""eventually_consistent"": false}, ""status"": ""active"", ""version"": 1, ""metadata"": null, ""description"": null, ""external_id"": null, ""normal_balance_type"": ""credit""}}",,2026-09-06 15:30:23.414343+00
01a07757-9326-7163-8c83-7eab4ad09006,1,initialized,"{""type"": ""initialized"", ""values"": {""id"": ""01a07757-9326-7163-8c83-7eab4ad09006"", ""code"": ""LOCKCEIL-01a07757932671638c837ebaa977cc30-619"", ""name"": ""lock ceiling 619"", ""config"": {""is_account_set"": false, ""eventually_consistent"": false}, ""status"": ""active"", ""version"": 1, ""metadata"": null, ""description"": null, ""external_id"": null, ""normal_balance_type"": ""credit""}}",,2026-09-06 15:30:23.414343+00
01a07757-9326-7163-8c83-7ec08b7fbc58,1,initialized,"{""type"": ""initialized"", ""values"": {""id"": ""01a07757-9326-7163-8c83-7ec08b7fbc58"", ""code"": ""LOCKCEIL-01a07757932671638c837edc1b12a160-620"", ""name"": ""lock ceiling 620"", ""config"": {""is_account_set"": false, ""eventually_consistent"": false}, ""status"": ""active"", ""version"": 1, ""metadata"": null, ""description"": null, ""external_id"": null, ""normal_balance_type"": ""credit""}}",,2026-09-06 15:30:23.414343+00
01a07757-9326-7163-8c83-7ee3d2f74b9e,1,initialized,"{""type"": ""initialized"", ""values"": {""id"": ""01a07757-9326-7163-8c83-7ee3d2f74b9e"", ""code"": ""LOCKCEIL-01a07757932671638c837ef594488d11-621"", ""name"": ""lock ceiling 621"", ""config"": {""is_account_set"": false, ""eventually_consistent"": false}, ""status"": ""active"", ""version"": 1, ""metadata"": null, ""description"": null, ""external_id"": null, ""normal_balance_type"": ""credit""}}",,2026-09-06 15:30:23.414343+00
01a07757-9326-7163-8c83-7f0e8d1ee070,1,initialized,"{""type"": ""initialized"", ""values"": {""id"": ""01a07757-9326-7163-8c83-7f0e8d1ee070"", ""code"": ""LOCKCEIL-01a07757932671638c837f1ce90f2423-622"", ""name"": ""lock ceiling 622"", ""config"": {""is_account_set"": false, ""eventually_consistent"": false}, ""status"": ""active"", ""version"": 1, ""metadata"": null, ""description"": null, ""external_id"": null, ""normal_balance_type"": ""credit""}}",,2026-09-06 15:30:23.414343+00
01a07757-9326-7163-8c83-7f2c3bb0446e,1,initialized,"{""type"": ""initialized"", ""values"": {""id"": ""01a07757-9326-7163-8c83-7f2c3bb0446e"", ""code"": ""LOCKCEIL-01a07757932671638c837f3b88ea5db4-623"", ""name"": ""lock ceiling 623"", ""config"": {""is_account_set"": false, ""eventually_consistent"": false}, ""status"": ""active"", ""version"": 1, ""metadata"": null, ""description"": null, ""external_id"": null, ""normal_balance_type"": ""credit""}}",,2026-09-06 15:30:23.414343+00
01a07757-9326-7163-8c83-7f4643768a55,1,initialized,"{""type"": ""initialized"", ""values"": {""id"": ""01a07757-9326-7163-8c83-7f4643768a55"", ""code"": ""LOCKCEIL-01a07757932671638c837f5c95e83245-624"", ""name"": ""lock ceiling 624"", ""config"": {""is_account_set"": false, ""eventually_consistent"": false}, ""status"": ""active"", ""version"": 1, ""metadata"": null, ""description"": null, ""external_id"": null, ""normal_balance_type"": ""credit""}}",,2026-09-06 15:30:23.414343+00
01a07757-9326-7163-8c83-7f6700d41203,1,initialized,"{""type"": ""initialized"", ""values"": {""id"": ""01a07757-9326-7163-8c83-7f6700d41203"", ""code"": ""LOCKCEIL-01a07757932671638c837f7d14359ccb-625"", ""name"": ""lock ceiling 625"", ""config"": {""is_account_set"": false, ""eventually_consistent"": false}, ""status"": ""active"", ""version"": 1, ""metadata"": null, ""description"": null, ""external_id"": null, ""normal_balance_type"": ""credit""}}",,2026-09-06 15:30:23.414343+00
01a07757-9326-7163-8c83-7f8a46c9536b,1,initialized,"{""type"": ""initialized"", ""values"": {""id"": ""01a07757-9326-7163-8c83-7f8a46c9536b"", ""code"": ""LOCKCEIL-01a07757932671638c837f9cbf003ba6-626"", ""name"": ""lock ceiling 626"", ""config"": {""is_account_set"": false, ""eventually_consistent"": false}, ""status"": ""active"", ""version"": 1, ""metadata"": null, ""description"": null, ""external_id"": null, ""normal_balance_type"": ""credit""}}",,2026-09-06 15:30:23.414343+00
01a07757-9326-7163-8c83-7fa1ca5d706c,1,initialized,"{""type"": ""initialized"", ""values"": {""id"": ""01a07757-9326-7163-8c83-7fa1ca5d706c"", ""code"": ""LOCKCEIL-01a07757932671638c837fb266747026-627"", ""name"": ""lock ceiling 627"", ""config"": {""is_account_set"": false, ""eventually_consistent"": false}, ""status"": ""active"", ""version"": 1, ""metadata"": null, ""description"": null, ""external_id"": null, ""normal_balance_type"": ""credit""}}",,2026-09-06 15:30:23.414343+00
01a07757-9326-7163-8c83-7fcba840ac77,1,initialized,"{""type"": ""initialized"", ""values"": {""id"": ""01a07757-9326-7163-8c83-7fcba840ac77"", ""code"": ""LOCKCEIL-01a07757932671638c837fd0a1ffd8ff-628"", ""name"": ""lock ceiling 628"", ""config"": {""is_account_set"": false, ""eventually_consistent"": false}, ""status"": ""active"", ""version"": 1, ""metadata"": null, ""description"": null, ""external_id"": null, ""normal_balance_type"": ""credit""}}",,2026-09-06 15:30:23.414343+00
01a07757-9326-7163-8c83-7fe923a2ba23,1,initialized,"{""type"": ""initialized"", ""values"": {""id"": ""01a07757-9326-7163-8c83-7fe923a2ba23"", ""code"": ""LOCKCEIL-01a07757932d7a30ad586cf6b3225567-629"", ""name"": ""lock ceiling 629"", ""config"": {""is_account_set"": false, ""eventually_consistent"": false}, ""status"": ""active"", ""version"": 1, ""metadata"": null, ""description"": null, ""external_id"": null, ""normal_balance_type"": ""credit""}}",,2026-09-06 15:30:23.414343+00
01a07757-932d-7a30-ad58-6d0815876ea0,1,initialized,"{""type"": ""initialized"", ""values"": {""id"": ""01a07757-932d-7a30-ad58-6d0815876ea0"", ""code"": ""LOCKCEIL-01a07757932d7a30ad586d1d9a8560c4-630"", ""name"": ""lock ceiling 630"", ""config"": {""is_account_set"": false, ""eventually_consistent"": false}, ""status"": ""active"", ""version"": 1, ""metadata"": null, ""description"": null, ""external_id"": null, ""normal_balance_type"": ""credit""}}",,2026-09-06 15:30:23.414343+00
01a07757-932d-7a30-ad58-6d21b0a6b959,1,initialized,"{""type"": ""initialized"", ""values"": {""id"": ""01a07757-932d-7a30-ad58-6d21b0a6b959"", ""code"": ""LOCKCEIL-01a07757932d7a30ad586d3742def6b9-631"", ""name"": ""lock ceiling 631"", ""config"": {""is_account_set"": false, ""eventually_consistent"": false}, ""status"": ""active"", ""version"": 1, ""metadata"": null, ""description"": null, ""external_id"": null, ""normal_balance_type"": ""credit""}}",,2026-09-06 15:30:23.414343+00
01a07757-932d-7a30-ad58-6d4723d2e6f6,1,initialized,"{""type"": ""initialized"", ""values"": {""id"": ""01a07757-932d-7a30-ad58-6d4723d2e6f6"", ""code"": ""LOCKCEIL-01a07757932d7a30ad586d5d4e4941bb-632"", ""name"": ""lock ceiling 632"", ""config"": {""is_account_set"": false, ""eventually_consistent"": false}, ""status"": ""active"", ""version"": 1, ""metadata"": null, ""description"": null, ""external_id"": null, ""normal_balance_type"": ""credit""}}",,2026-09-06 15:30:23.414343+00
01a07757-932d-7a30-ad58-6d605d576093,1,initialized,"{""type"": ""initialized"", ""values"": {""id"": ""01a07757-932d-7a30-ad58-6d605d576093"", ""code"": ""LOCKCEIL-01a07757932d7a30ad586d7ceeb41b91-633"", ""name"": ""lock ceiling 633"", ""config"": {""is_account_set"": false, ""eventually_consistent"": false}, ""status"": ""active"", ""version"": 1, ""metadata"": null, ""description"": null, ""external_id"": null, ""normal_balance_type"": ""credit""}}",,2026-09-06 15:30:23.414343+00
01a07757-932d-7a30-ad58-6d84993b23aa,1,initialized,"{""type"": ""initialized"", ""values"": {""id"": ""01a07757-932d-7a30-ad58-6d84993b23aa"", ""code"": ""LOCKCEIL-01a07757932d7a30ad586d925a574f7c-634"", ""name"": ""lock ceiling 634"", ""config"": {""is_account_set"": false, ""eventually_consistent"": false}, ""status"": ""active"", ""version"": 1, ""metadata"": null, ""description"": null, ""external_id"": null, ""normal_balance_type"": ""credit""}}",,2026-09-06 15:30:23.414343+00
01a07757-932d-7a30-ad58-6da8a34ee3cd,1,initialized,"{""type"": ""initialized"", ""values"": {""id"": ""01a07757-932d-7a30-ad58-6da8a34ee3cd"", ""code"": ""LOCKCEIL-01a07757932d7a30ad586dbd17c06f5f-635"", ""name"": ""lock ceiling 635"", ""config"": {""is_account_set"": false, ""eventually_consistent"": false}, ""status"": ""active"", ""version"": 1, ""metadata"": null, ""description"": null, ""external_id"": null, ""normal_balance_type"": ""credit""}}",,2026-09-06 15:30:23.414343+00
01a07757-932d-7a30-ad58-6dc820330dc4,1,initialized,"{""type"": ""initialized"", ""values"": {""id"": ""01a07757-932d-7a30-ad58-6dc820330dc4"", ""code"": ""LOCKCEIL-01a07757932d7a30ad586dd14b9561a5-636"", ""name"": ""lock ceiling 636"", ""config"": {""is_account_set"": false, ""eventually_consistent"": false}, ""status"": ""active"", ""version"": 1, ""metadata"": null, ""description"": null, ""external_id"": null, ""normal_balance_type"": ""credit""}}",,2026-09-06 15:30:23.414343+00
01a07757-932d-7a30-ad58-6de913a1d005,1,initialized,"{""type"": ""initialized"", ""values"": {""id"": ""01a07757-932d-7a30-ad58-6de913a1d005"", ""code"": ""LOCKCEIL-01a07757932d7a30ad586dfae33b1841-637"", ""name"": ""lock ceiling 637"", ""config"": {""is_account_set"": false, ""eventually_consistent"": false}, ""status"": ""active"", ""version"": 1, ""metadata"": null, ""description"": null, ""external_id"": null, ""normal_balance_type"": ""credit""}}",,2026-09-06 15:30:23.414343+00
01a07757-932d-7a30-ad58-6e0f9d613be6,1,initialized,"{""type"": ""initialized"", ""values"": {""id"": ""01a07757-932d-7a30-ad58-6e0f9d613be6"", ""code"": ""LOCKCEIL-01a07757932d7a30ad586e1eeb6c9b76-638"", ""name"": ""lock ceiling 638"", ""config"": {""is_account_set"": false, ""eventually_consistent"": false}, ""status"": ""active"", ""version"": 1, ""metadata"": null, ""description"": null, ""external_id"": null, ""normal_balance_type"": ""credit""}}",,2026-09-06 15:30:23.414343+00
01a07757-932d-7a30-ad58-6e272b82c40d,1,initialized,"{""type"": ""initialized"", ""values"": {""id"": ""01a07757-932d-7a30-ad58-6e272b82c40d"", ""code"": ""LOCKCEIL-01a07757932d7a30ad586e36b02bb73a-639"", ""name"": ""lock ceiling 639"", ""config"": {""is_account_set"": false, ""eventually_consistent"": false}, ""status"": ""active"", ""version"": 1, ""metadata"": null, ""description"": null, ""external_id"": null, ""normal_balance_type"": ""credit""}}",,2026-09-06 15:30:23.414343+00
01a07757-932d-7a30-ad58-6e4340000120,1,initialized,"{""type"": ""initialized"", ""values"": {""id"": ""01a07757-932d-7a30-ad58-6e4340000120"", ""code"": ""LOCKCEIL-01a07757932d7a30ad586e51629f1789-640"", ""name"": ""lock ceiling 640"", ""config"": {""is_account_set"": false, ""eventually_consistent"": false}, ""status"": ""active"", ""version"": 1, ""metadata"": null, ""description"": null, ""external_id"": null, ""normal_balance_type"": ""credit""}}",,2026-09-06 15:30:23.414343+00
01a07757-932d-7a30-ad58-6e66174ffc1d,1,initialized,"{""type"": ""initialized"", ""values"": {""id"": ""01a07757-932d-7a30-ad58-6e66174ffc1d"", ""code"": ""LOCKCEIL-01a07757932d7a30ad586e7e0672c877-641"", ""name"": ""lock ceiling 641"", ""config"": {""is_account_set"": false, ""eventually_consistent"": false}, ""status"": ""active"", ""version"": 1, ""metadata"": null, ""description"": null, ""external_id"": null, ""normal_balance_type"": ""credit""}}",,2026-09-06 15:30:23.414343+00
01a07757-932d-7a30-ad58-6e87b7008020,1,initialized,"{""type"": ""initialized"", ""values"": {""id"": ""01a07757-932d-7a30-ad58-6e87b7008020"", ""code"": ""LOCKCEIL-01a07757932d7a30ad586e9a022d0753-642"", ""name"": ""lock ceiling 642"", ""config"": {""is_account_set"": false, ""eventually_consistent"": false}, ""status"": ""active"", ""version"": 1, ""metadata"": null, ""description"": null, ""external_id"": null, ""normal_balance_type"": ""credit""}}",,2026-09-06 15:30:23.414343+00
01a07757-932d-7a30-ad58-6ea4032354bb,1,initialized,"{""type"": ""initialized"", ""values"": {""id"": ""01a07757-932d-7a30-ad58-6ea4032354bb"", ""code"": ""LOCKCEIL-01a07757932d7a30ad586eb0fcd0cd04-643"", ""name"": ""lock ceiling 643"", ""config"": {""is_account_set"": false, ""eventually_consistent"": false}, ""status"": ""active"", ""version"": 1, ""metadata"": null, ""description"": null, ""external_id"": null, ""normal_balance_type"": ""credit""}}",,2026-09-06 15:30:23.414343+00
01a07757-932d-7a30-ad58-6ec0dd44cb5a,1,initialized,"{""type"": ""initialized"", ""values"": {""id"": ""01a07757-932d-7a30-ad58-6ec0dd44cb5a"", ""code"": ""LOCKCEIL-01a07757932d7a30ad586ed0c3351bd2-644"", ""name"": ""lock ceiling 644"", ""config"": {""is_account_set"": false, ""eventually_consistent"": false}, ""status"": ""active"", ""version"": 1, ""metadata"": null, ""description"": null, ""external_id"": null, ""normal_balance_type"": ""credit""}}",,2026-09-06 15:30:23.414343+00
01a07757-932d-7a30-ad58-6eef576abccc,1,initialized,"{""type"": ""initialized"", ""values"": {""id"": ""01a07757-932d-7a30-ad58-6eef576abccc"", ""code"": ""LOCKCEIL-01a07757932d7a30ad586ef3a12edfc8-645"", ""name"": ""lock ceiling 645"", ""config"": {""is_account_set"": false, ""eventually_consistent"": false}, ""status"": ""active"", ""version"": 1, ""metadata"": null, ""description"": null, ""external_id"": null, ""normal_balance_type"": ""credit""}}",,2026-09-06 15:30:23.414343+00
01a07757-932d-7a30-ad58-6f0988c793ed,1,initialized,"{""type"": ""initialized"", ""values"": {""id"": ""01a07757-932d-7a30-ad58-6f0988c793ed"", ""code"": ""LOCKCEIL-01a07757932d7a30ad586f127a190c6b-646"", ""name"": ""lock ceiling 646"", ""config"": {""is_account_set"": false, ""eventually_consistent"": false}, ""status"": ""active"", ""version"": 1, ""metadata"": null, ""description"": null, ""external_id"": null, ""normal_balance_type"": ""credit""}}",,2026-09-06 15:30:23.414343+00
01a07757-932d-7a30-ad58-6f2b02ae5059,1,initialized,"{""type"": ""initialized"", ""values"": {""id"": ""01a07757-932d-7a30-ad58-6f2b02ae5059"", ""code"": ""LOCKCEIL-01a07757932d7a30ad586f3e2571a0d8-647"", ""name"": ""lock ceiling 647"", ""config"": {""is_account_set"": false, ""eventually_consistent"": false}, ""status"": ""active"", ""version"": 1, ""metadata"": null, ""description"": null, ""external_id"": null, ""normal_balance_type"": ""credit""}}",,2026-09-06 15:30:23.414343+00
01a07757-932d-7a30-ad58-6f4fa49e6797,1,initialized,"{""type"": ""initialized"", ""values"": {""id"": ""01a07757-932d-7a30-ad58-6f4fa49e6797"", ""code"": ""LOCKCEIL-01a07757932d7a30ad586f5cd1e0d0a2-648"", ""name"": ""lock ceiling 648"", ""config"": {""is_account_set"": false, ""eventually_consistent"": false}, ""status"": ""active"", ""version"": 1, ""metadata"": null, ""description"": null, ""external_id"": null, ""normal_balance_type"": ""credit""}}",,2026-09-06 15:30:23.414343+00
01a07757-932d-7a30-ad58-6f6f7c3cef42,1,initialized,"{""type"": ""initialized"", ""values"": {""id"": ""01a07757-932d-7a30-ad58-6f6f7c3cef42"", ""code"": ""LOCKCEIL-01a07757932d7a30ad586f7a95bd9752-649"", ""name"": ""lock ceiling 649"", ""config"": {""is_account_set"": false, ""eventually_consistent"": false}, ""status"": ""active"", ""version"": 1, ""metadata"": null, ""description"": null, ""external_id"": null, ""normal_balance_type"": ""credit""}}",,2026-09-06 15:30:23.414343+00
01a07757-932d-7a30-ad58-6f87fec7b706,1,initialized,"{""type"": ""initialized"", ""values"": {""id"": ""01a07757-932d-7a30-ad58-6f87fec7b706"", ""code"": ""LOCKCEIL-01a07757932d7a30ad586f97a2a1f92a-650"", ""name"": ""lock ceiling 650"", ""config"": {""is_account_set"": false, ""eventually_consistent"": false}, ""status"": ""active"", ""version"": 1, ""metadata"": null, ""description"": null, ""external_id"": null, ""normal_balance_type"": ""credit""}}",,2026-09-06 15:30:23.414343+00
01a07757-932d-7a30-ad58-6fa7fe5d6451,1,initialized,"{""type"": ""initialized"", ""values"": {""id"": ""01a07757-932d-7a30-ad58-6fa7fe5d6451"", ""code"": ""LOCKCEIL-01a07757932d7a30ad586fb40850b724-651"", ""name"": ""lock ceiling 651"", ""config"": {""is_account_set"": false, ""eventually_consistent"": false}, ""status"": ""active"", ""version"": 1, ""metadata"": null, ""description"": null, ""external_id"": null, ""normal_balance_type"": ""credit""}}",,2026-09-06 15:30:23.414343+00
01a07757-932d-7a30-ad58-6fc18e2a3db3,1,initialized,"{""type"": ""initialized"", ""values"": {""id"": ""01a07757-932d-7a30-ad58-6fc18e2a3db3"", ""code"": ""LOCKCEIL-01a07757932d7a30ad586fde1f11f981-652"", ""name"": ""lock ceiling 652"", ""config"": {""is_account_set"": false, ""eventually_consistent"": false}, ""status"": ""active"", ""version"": 1, ""metadata"": null, ""description"": null, ""external_id"": null, ""normal_balance_type"": ""credit""}}",,2026-09-06 15:30:23.414343+00
01a07757-932d-7a30-ad58-6fe2e767cb37,1,initialized,"{""type"": ""initialized"", ""values"": {""id"": ""01a07757-932d-7a30-ad58-6fe2e767cb37"", ""code"": ""LOCKCEIL-01a07757932d7a30ad586fffbd644704-653"", ""name"": ""lock ceiling 653"", ""config"": {""is_account_set"": false, ""eventually_consistent"": false}, ""status"": ""active"", ""version"": 1, ""metadata"": null, ""description"": null, ""external_id"": null, ""normal_balance_type"": ""credit""}}",,2026-09-06 15:30:23.414343+00
01a07757-932d-7a30-ad58-70064f8da022,1,initialized,"{""type"": ""initialized"", ""values"": {""id"": ""01a07757-932d-7a30-ad58-70064f8da022"", ""code"": ""LOCKCEIL-01a07757932d7a30ad5870128c2c9c66-654"", ""name"": ""lock ceiling 654"", ""config"": {""is_account_set"": false, ""eventually_consistent"": false}, ""status"": ""active"", ""version"": 1, ""metadata"": null, ""description"": null, ""external_id"": null, ""normal_balance_type"": ""credit""}}",,2026-09-06 15:30:23.414343+00
01a07757-932d-7a30-ad58-702a3ef1879e,1,initialized,"{""type"": ""initialized"", ""values"": {""id"": ""01a07757-932d-7a30-ad58-702a3ef1879e"", ""code"": ""LOCKCEIL-01a07757932d7a30ad5870389f5e3ce1-655"", ""name"": ""lock ceiling 655"", ""config"": {""is_account_set"": false, ""eventually_consistent"": false}, ""status"": ""active"", ""version"": 1, ""metadata"": null, ""description"": null, ""external_id"": null, ""normal_balance_type"": ""credit""}}",,2026-09-06 15:30:23.414343+00
01a07757-932d-7a30-ad58-704c31f9ce4c,1,initialized,"{""type"": ""initialized"", ""values"": {""id"": ""01a07757-932d-7a30-ad58-704c31f9ce4c"", ""code"": ""LOCKCEIL-01a07757932d7a30ad5870519c13409f-656"", ""name"": ""lock ceiling 656"", ""config"": {""is_account_set"": false, ""eventually_consistent"": false}, ""status"": ""active"", ""version"": 1, ""metadata"": null, ""description"": null, ""external_id"": null, ""normal_balance_type"": ""credit""}}",,2026-09-06 15:30:23.414343+00
01a07757-932d-7a30-ad58-7060189fb53e,1,initialized,"{""type"": ""initialized"", ""values"": {""id"": ""01a07757-932d-7a30-ad58-7060189fb53e"", ""code"": ""LOCKCEIL-01a07757932d7a30ad5870724e88916c-657"", ""name"": ""lock ceiling 657"", ""config"": {""is_account_set"": false, ""eventually_consistent"": false}, ""status"": ""active"", ""version"": 1, ""metadata"": null, ""description"": null, ""external_id"": null, ""normal_balance_type"": ""credit""}}",,2026-09-06 15:30:23.414343+00
01a07757-932d-7a30-ad58-708ac113247a,1,initialized,"{""type"": ""initialized"", ""values"": {""id"": ""01a07757-932d-7a30-ad58-708ac113247a"", ""code"": ""LOCKCEIL-01a07757932d7a30ad58709e138c242d-658"", ""name"": ""lock ceiling 658"", ""config"": {""is_account_set"": false, ""eventually_consistent"": false}, ""status"": ""active"", ""version"": 1, ""metadata"": null, ""description"": null, ""external_id"": null, ""normal_balance_type"": ""credit""}}",,2026-09-06 15:30:23.414343+00
01a07757-932d-7a30-ad58-70a4e823b933,1,initialized,"{""type"": ""initialized"", ""values"": {""id"": ""01a07757-932d-7a30-ad58-70a4e823b933"", ""code"": ""LOCKCEIL-01a07757932d7a30ad5870b1d94e6e30-659"", ""name"": ""lock ceiling 659"", ""config"": {""is_account_set"": false, ""eventually_consistent"": false}, ""status"": ""active"", ""version"": 1, ""metadata"": null, ""description"": null, ""external_id"": null, ""normal_balance_type"": ""credit""}}",,2026-09-06 15:30:23.414343+00
01a07757-932d-7a30-ad58-70cd2d942f39,1,initialized,"{""type"": ""initialized"", ""values"": {""id"": ""01a07757-932d-7a30-ad58-70cd2d942f39"", ""code"": ""LOCKCEIL-01a07757932d7a30ad5870d1d35b8695-660"", ""name"": ""lock ceiling 660"", ""config"": {""is_account_set"": false, ""eventually_consistent"": false}, ""status"": ""active"", ""version"": 1, ""metadata"": null, ""description"": null, ""external_id"": null, ""normal_balance_type"": ""credit""}}",,2026-09-06 15:30:23.414343+00
01a07757-932d-7a30-ad58-70e3a76c360c,1,initialized,"{""type"": ""initialized"", ""values"": {""id"": ""01a07757-932d-7a30-ad58-70e3a76c360c"", ""code"": ""LOCKCEIL-01a07757932d7a30ad5870fbfdab9d39-661"", ""name"": ""lock ceiling 661"", ""config"": {""is_account_set"": false, ""eventually_consistent"": false}, ""status"": ""active"", ""version"": 1, ""metadata"": null, ""description"": null, ""external_id"": null, ""normal_balance_type"": ""credit""}}",,2026-09-06 15:30:23.414343+00
01a07757-932d-7a30-ad58-7109207bbb75,1,initialized,"{""type"": ""initialized"", ""values"": {""id"": ""01a07757-932d-7a30-ad58-7109207bbb75"", ""code"": ""LOCKCEIL-01a07757932d7a30ad587115cd7ba933-662"", ""name"": ""lock ceiling 662"", ""config"": {""is_account_set"": false, ""eventually_consistent"": false}, ""status"": ""active"", ""version"": 1, ""metadata"": null, ""description"": null, ""external_id"": null, ""normal_balance_type"": ""credit""}}",,2026-09-06 15:30:23.414343+00
01a07757-932d-7a30-ad58-71260c97f3e4,1,initialized,"{""type"": ""initialized"", ""values"": {""id"": ""01a07757-932d-7a30-ad58-71260c97f3e4"", ""code"": ""LOCKCEIL-01a07757932d7a30ad58713d8d7367e2-663"", ""name"": ""lock ceiling 663"", ""config"": {""is_account_set"": false, ""eventually_consistent"": false}, ""status"": ""active"", ""version"": 1, ""metadata"": null, ""description"": null, ""external_id"": null, ""normal_balance_type"": ""credit""}}",,2026-09-06 15:30:23.414343+00
01a07757-932d-7a30-ad58-71471dc1f8fb,1,initialized,"{""type"": ""initialized"", ""values"": {""id"": ""01a07757-932d-7a30-ad58-71471dc1f8fb"", ""code"": ""LOCKCEIL-01a07757932d7a30ad58715105ebd67d-664"", ""name"": ""lock ceiling 664"", ""config"": {""is_account_set"": false, ""eventually_consistent"": false}, ""status"": ""active"", ""version"": 1, ""metadata"": null, ""description"": null, ""external_id"": null, ""normal_balance_type"": ""credit""}}",,2026-09-06 15:30:23.414343+00
01a07757-932d-7a30-ad58-716af7b40a89,1,initialized,"{""type"": ""initialized"", ""values"": {""id"": ""01a07757-932d-7a30-ad58-716af7b40a89"", ""code"": ""LOCKCEIL-01a07757932d7a30ad58717a79712d33-665"", ""name"": ""lock ceiling 665"", ""config"": {""is_account_set"": false, ""eventually_consistent"": false}, ""status"": ""active"", ""version"": 1, ""metadata"": null, ""description"": null, ""external_id"": null, ""normal_balance_type"": ""credit""}}",,2026-09-06 15:30:23.414343+00
01a07757-932d-7a30-ad58-71828cee862b,1,initialized,"{""type"": ""initialized"", ""values"": {""id"": ""01a07757-932d-7a30-ad58-71828cee862b"", ""code"": ""LOCKCEIL-01a07757932d7a30ad58719ed53e94cb-666"", ""name"": ""lock ceiling 666"", ""config"": {""is_account_set"": false, ""eventually_consistent"": false}, ""status"": ""active"", ""version"": 1, ""metadata"": null, ""description"": null, ""external_id"": null, ""normal_balance_type"": ""credit""}}",,2026-09-06 15:30:23.414343+00
01a07757-932d-7a30-ad58-71abe0d95927,1,initialized,"{""type"": ""initialized"", ""values"": {""id"": ""01a07757-932d-7a30-ad58-71abe0d95927"", ""code"": ""LOCKCEIL-01a07757932d7a30ad5871b95f06c104-667"", ""name"": ""lock ceiling 667"", ""config"": {""is_account_set"": false, ""eventually_consistent"": false}, ""status"": ""active"", ""version"": 1, ""metadata"": null, ""description"": null, ""external_id"": null, ""normal_balance_type"": ""credit""}}",,2026-09-06 15:30:23.414343+00
01a07757-932d-7a30-ad58-71c43dc4ab0b,1,initialized,"{""type"": ""initialized"", ""values"": {""id"": ""01a07757-932d-7a30-ad58-71c43dc4ab0b"", ""code"": ""LOCKCEIL-01a07757932d7a30ad5871d5389a1a4b-668"", ""name"": ""lock ceiling 668"", ""config"": {""is_account_set"": false, ""eventually_consistent"": false}, ""status"": ""active"", ""version"": 1, ""metadata"": null, ""description"": null, ""external_id"": null, ""normal_balance_type"": ""credit""}}",,2026-09-06 15:30:23.414343+00
01a07757-932d-7a30-ad58-71eb74f736fe,1,initialized,"{""type"": ""initialized"", ""values"": {""id"": ""01a07757-932d-7a30-ad58-71eb74f736fe"", ""code"": ""LOCKCEIL-01a07757932d7a30ad5871f7833d83f7-669"", ""name"": ""lock ceiling 669"", ""config"": {""is_account_set"": false, ""eventually_consistent"": false}, ""status"": ""active"", ""version"": 1, ""metadata"": null, ""description"": null, ""external_id"": null, ""normal_balance_type"": ""credit""}}",,2026-09-06 15:30:23.414343+00
01a07757-932d-7a30-ad58-720c1a2f1027,1,initialized,"{""type"": ""initialized"", ""values"": {""id"": ""01a07757-932d-7a30-ad58-720c1a2f1027"", ""code"": ""LOCKCEIL-01a07757932d7a30ad587219205a9468-670"", ""name"": ""lock ceiling 670"", ""config"": {""is_account_set"": false, ""eventually_consistent"": false}, ""status"": ""active"", ""version"": 1, ""metadata"": null, ""description"": null, ""external_id"": null, ""normal_balance_type"": ""credit""}}",,2026-09-06 15:30:23.414343+00
01a07757-932d-7a30-ad58-722fff954d01,1,initialized,"{""type"": ""initialized"", ""values"": {""id"": ""01a07757-932d-7a30-ad58-722fff954d01"", ""code"": ""LOCKCEIL-01a07757932d7a30ad58723012781a06-671"", ""name"": ""lock ceiling 671"", ""config"": {""is_account_set"": false, ""eventually_consistent"": false}, ""status"": ""active"", ""version"": 1, ""metadata"": null, ""description"": null, ""external_id"": null, ""normal_balance_type"": ""credit""}}",,2026-09-06 15:30:23.414343+00
01a07757-932d-7a30-ad58-7243a8544e3f,1,initialized,"{""type"": ""initialized"", ""values"": {""id"": ""01a07757-932d-7a30-ad58-7243a8544e3f"", ""code"": ""LOCKCEIL-01a07757932d7a30ad5872562d1c9b29-672"", ""name"": ""lock ceiling 672"", ""config"": {""is_account_set"": false, ""eventually_consistent"": false}, ""status"": ""active"", ""version"": 1, ""metadata"": null, ""description"": null, ""external_id"": null, ""normal_balance_type"": ""credit""}}",,2026-09-06 15:30:23.414343+00
01a07757-932d-7a30-ad58-726b6f345c23,1,initialized,"{""type"": ""initialized"", ""values"": {""id"": ""01a07757-932d-7a30-ad58-726b6f345c23"", ""code"": ""LOCKCEIL-01a07757932d7a30ad5872715c3dca13-673"", ""name"": ""lock ceiling 673"", ""config"": {""is_account_set"": false, ""eventually_consistent"": false}, ""status"": ""active"", ""version"": 1, ""metadata"": null, ""description"": null, ""external_id"": null, ""normal_balance_type"": ""credit""}}",,2026-09-06 15:30:23.414343+00
01a07757-932d-7a30-ad58-728e3381b5e0,1,initialized,"{""type"": ""initialized"", ""values"": {""id"": ""01a07757-932d-7a30-ad58-728e3381b5e0"", ""code"": ""LOCKCEIL-01a07757932d7a30ad58729bda783f1d-674"", ""name"": ""lock ceiling 674"", ""config"": {""is_account_set"": false, ""eventually_consistent"": false}, ""status"": ""active"", ""version"": 1, ""metadata"": null, ""description"": null, ""external_id"": null, ""normal_balance_type"": ""credit""}}",,2026-09-06 15:30:23.414343+00
01a07757-932d-7a30-ad58-72a50783bee6,1,initialized,"{""type"": ""initialized"", ""values"": {""id"": ""01a07757-932d-7a30-ad58-72a50783bee6"", ""code"": ""LOCKCEIL-01a07757932d7a30ad5872b2045bb4b6-675"", ""name"": ""lock ceiling 675"", ""config"": {""is_account_set"": false, ""eventually_consistent"": false}, ""status"": ""active"", ""version"": 1, ""metadata"": null, ""description"": null, ""external_id"": null, ""normal_balance_type"": ""credit""}}",,2026-09-06 15:30:23.414343+00
01a07757-932d-7a30-ad58-72c71f58f127,1,initialized,"{""type"": ""initialized"", ""values"": {""id"": ""01a07757-932d-7a30-ad58-72c71f58f127"", ""code"": ""LOCKCEIL-01a07757932d7a30ad5872d0f09cceb3-676"", ""name"": ""lock ceiling 676"", ""config"": {""is_account_set"": false, ""eventually_consistent"": false}, ""status"": ""active"", ""version"": 1, ""metadata"": null, ""description"": null, ""external_id"": null, ""normal_balance_type"": ""credit""}}",,2026-09-06 15:30:23.414343+00
01a07757-932d-7a30-ad58-72e9ef74578d,1,initialized,"{""type"": ""initialized"", ""values"": {""id"": ""01a07757-932d-7a30-ad58-72e9ef74578d"", ""code"": ""LOCKCEIL-01a07757932d7a30ad5872f8e7c93c6e-677"", ""name"": ""lock ceiling 677"", ""config"": {""is_account_set"": false, ""eventually_consistent"": false}, ""status"": ""active"", ""version"": 1, ""metadata"": null, ""description"": null, ""external_id"": null, ""normal_balance_type"": ""credit""}}",,2026-09-06 15:30:23.414343+00
01a07757-932d-7a30-ad58-73029189717a,1,initialized,"{""type"": ""initialized"", ""values"": {""id"": ""01a07757-932d-7a30-ad58-73029189717a"", ""code"": ""LOCKCEIL-01a07757932e71e2a31e2de09e8cdd19-678"", ""name"": ""lock ceiling 678"", ""config"": {""is_account_set"": false, ""eventually_consistent"": false}, ""status"": ""active"", ""version"": 1, ""metadata"": null, ""description"": null, ""external_id"": null, ""normal_balance_type"": ""credit""}}",,2026-09-06 15:30:23.414343+00
01a07757-932e-71e2-a31e-2df62caad6cd,1,initialized,"{""type"": ""initialized"", ""values"": {""id"": ""01a07757-932e-71e2-a31e-2df62caad6cd"", ""code"": ""LOCKCEIL-01a07757932e71e2a31e2e0a831c2981-679"", ""name"": ""lock ceiling 679"", ""config"": {""is_account_set"": false, ""eventually_consistent"": false}, ""status"": ""active"", ""version"": 1, ""metadata"": null, ""description"": null, ""external_id"": null, ""normal_balance_type"": ""credit""}}",,2026-09-06 15:30:23.414343+00
01a07757-932e-71e2-a31e-2e1c7373ab6b,1,initialized,"{""type"": ""initialized"", ""values"": {""id"": ""01a07757-932e-71e2-a31e-2e1c7373ab6b"", ""code"": ""LOCKCEIL-01a07757932e71e2a31e2e2511ca37f5-680"", ""name"": ""lock ceiling 680"", ""config"": {""is_account_set"": false, ""eventually_consistent"": false}, ""status"": ""active"", ""version"": 1, ""metadata"": null, ""description"": null, ""external_id"": null, ""normal_balance_type"": ""credit""}}",,2026-09-06 15:30:23.414343+00
01a07757-932e-71e2-a31e-2e3a80fb5a7d,1,initialized,"{""type"": ""initialized"", ""values"": {""id"": ""01a07757-932e-71e2-a31e-2e3a80fb5a7d"", ""code"": ""LOCKCEIL-01a07757932e71e2a31e2e4bb7fe52f7-681"", ""name"": ""lock ceiling 681"", ""config"": {""is_account_set"": false, ""eventually_consistent"": false}, ""status"": ""active"", ""version"": 1, ""metadata"": null, ""description"": null, ""external_id"": null, ""normal_balance_type"": ""credit""}}",,2026-09-06 15:30:23.414343+00
01a07757-932e-71e2-a31e-2e5ad8fa96d0,1,initialized,"{""type"": ""initialized"", ""values"": {""id"": ""01a07757-932e-71e2-a31e-2e5ad8fa96d0"", ""code"": ""LOCKCEIL-01a07757932e71e2a31e2e6ab7ec5e94-682"", ""name"": ""lock ceiling 682"", ""config"": {""is_account_set"": false, ""eventually_consistent"": false}, ""status"": ""active"", ""version"": 1, ""metadata"": null, ""description"": null, ""external_id"": null, ""normal_balance_type"": ""credit""}}",,2026-09-06 15:30:23.414343+00
01a07757-932e-71e2-a31e-2e7c69101789,1,initialized,"{""type"": ""initialized"", ""values"": {""id"": ""01a07757-932e-71e2-a31e-2e7c69101789"", ""code"": ""LOCKCEIL-01a07757932e71e2a31e2e817d741d35-683"", ""name"": ""lock ceiling 683"", ""config"": {""is_account_set"": false, ""eventually_consistent"": false}, ""status"": ""active"", ""version"": 1, ""metadata"": null, ""description"": null, ""external_id"": null, ""normal_balance_type"": ""credit""}}",,2026-09-06 15:30:23.414343+00
01a07757-932e-71e2-a31e-2e9c498d50a9,1,initialized,"{""type"": ""initialized"", ""values"": {""id"": ""01a07757-932e-71e2-a31e-2e9c498d50a9"", ""code"": ""LOCKCEIL-01a07757932e71e2a31e2ea7276cdaaf-684"", ""name"": ""lock ceiling 684"", ""config"": {""is_account_set"": false, ""eventually_consistent"": false}, ""status"": ""active"", ""version"": 1, ""metadata"": null, ""description"": null, ""external_id"": null, ""normal_balance_type"": ""credit""}}",,2026-09-06 15:30:23.414343+00
01a07757-932e-71e2-a31e-2ebf17fca133,1,initialized,"{""type"": ""initialized"", ""values"": {""id"": ""01a07757-932e-71e2-a31e-2ebf17fca133"", ""code"": ""LOCKCEIL-01a07757932e71e2a31e2ec9bf6ce27e-685"", ""name"": ""lock ceiling 685"", ""config"": {""is_account_set"": false, ""eventually_consistent"": false}, ""status"": ""active"", ""version"": 1, ""metadata"": null, ""description"": null, ""external_id"": null, ""normal_balance_type"": ""credit""}}",,2026-09-06 15:30:23.414343+00
01a07757-932e-71e2-a31e-2ed89815f09b,1,initialized,"{""type"": ""initialized"", ""values"": {""id"": ""01a07757-932e-71e2-a31e-2ed89815f09b"", ""code"": ""LOCKCEIL-01a07757932e71e2a31e2eef2a828dfb-686"", ""name"": ""lock ceiling 686"", ""config"": {""is_account_set"": false, ""eventually_consistent"": false}, ""status"": ""active"", ""version"": 1, ""metadata"": null, ""description"": null, ""external_id"": null, ""normal_balance_type"": ""credit""}}",,2026-09-06 15:30:23.414343+00
01a07757-932e-71e2-a31e-2ef40ded3c41,1,initialized,"{""type"": ""initialized"", ""values"": {""id"": ""01a07757-932e-71e2-a31e-2ef40ded3c41"", ""code"": ""LOCKCEIL-01a07757932e71e2a31e2f08b2f23b62-687"", ""name"": ""lock ceiling 687"", ""config"": {""is_account_set"": false, ""eventually_consistent"": false}, ""status"": ""active"", ""version"": 1, ""metadata"": null, ""description"": null, ""external_id"": null, ""normal_balance_type"": ""credit""}}",,2026-09-06 15:30:23.414343+00
01a07757-932e-71e2-a31e-2f1dbe114170,1,initialized,"{""type"": ""initialized"", ""values"": {""id"": ""01a07757-932e-71e2-a31e-2f1dbe114170"", ""code"": ""LOCKCEIL-01a07757932e71e2a31e2f2ba5f0f13c-688"", ""name"": ""lock ceiling 688"", ""config"": {""is_account_set"": false, ""eventually_consistent"": false}, ""status"": ""active"", ""version"": 1, ""metadata"": null, ""description"": null, ""external_id"": null, ""normal_balance_type"": ""credit""}}",,2026-09-06 15:30:23.414343+00
01a07757-932e-71e2-a31e-2f347e50786c,1,initialized,"{""type"": ""initialized"", ""values"": {""id"": ""01a07757-932e-71e2-a31e-2f347e50786c"", ""code"": ""LOCKCEIL-01a07757932e71e2a31e2f4a75ab64e2-689"", ""name"": ""lock ceiling 689"", ""config"": {""is_account_set"": false, ""eventually_consistent"": false}, ""status"": ""active"", ""version"": 1, ""metadata"": null, ""description"": null, ""external_id"": null, ""normal_balance_type"": ""credit""}}",,2026-09-06 15:30:23.414343+00
01a07757-932e-71e2-a31e-2f56c44331b4,1,initialized,"{""type"": ""initialized"", ""values"": {""id"": ""01a07757-932e-71e2-a31e-2f56c44331b4"", ""code"": ""LOCKCEIL-01a07757932e71e2a31e2f6970f77ca9-690"", ""name"": ""lock ceiling 690"", ""config"": {""is_account_set"": false, ""eventually_consistent"": false}, ""status"": ""active"", ""version"": 1, ""metadata"": null, ""description"": null, ""external_id"": null, ""normal_balance_type"": ""credit""}}",,2026-09-06 15:30:23.414343+00
01a07757-932e-71e2-a31e-2f7a9cc29db0,1,initialized,"{""type"": ""initialized"", ""values"": {""id"": ""01a07757-932e-71e2-a31e-2f7a9cc29db0"", ""code"": ""LOCKCEIL-01a07757932e71e2a31e2f8d5789460d-691"", ""name"": ""lock ceiling 691"", ""config"": {""is_account_set"": false, ""eventually_consistent"": false}, ""status"": ""active"", ""version"": 1, ""metadata"": null, ""description"": null, ""external_id"": null, ""normal_balance_type"": ""credit""}}",,2026-09-06 15:30:23.414343+00
01a07757-932e-71e2-a31e-2f9f8a919e6a,1,initialized,"{""type"": ""initialized"", ""values"": {""id"": ""01a07757-932e-71e2-a31e-2f9f8a919e6a"", ""code"": ""LOCKCEIL-01a07757932e71e2a31e2fa385a12acd-692"", ""name"": ""lock ceiling 692"", ""config"": {""is_account_set"": false, ""eventually_consistent"": false}, ""status"": ""active"", ""version"": 1, ""metadata"": null, ""description"": null, ""external_id"": null, ""normal_balance_type"": ""credit""}}",,2026-09-06 15:30:23.414343+00
01a07757-932e-71e2-a31e-2fb67027c561,1,initialized,"{""type"": ""initialized"", ""values"": {""id"": ""01a07757-932e-71e2-a31e-2fb67027c561"", ""code"": ""LOCKCEIL-01a07757932e71e2a31e2fc7e209e134-693"", ""name"": ""lock ceiling 693"", ""config"": {""is_account_set"": false, ""eventually_consistent"": false}, ""status"": ""active"", ""version"": 1, ""metadata"": null, ""description"": null, ""external_id"": null, ""normal_balance_type"": ""credit""}}",,2026-09-06 15:30:23.414343+00
01a07757-932e-71e2-a31e-2fd2f7a850b3,1,initialized,"{""type"": ""initialized"", ""values"": {""id"": ""01a07757-932e-71e2-a31e-2fd2f7a850b3"", ""code"": ""LOCKCEIL-01a07757932e71e2a31e2fed0f4da0a8-694"", ""name"": ""lock ceiling 694"", ""config"": {""is_account_set"": false, ""eventually_consistent"": false}, ""status"": ""active"", ""version"": 1, ""metadata"": null, ""description"": null, ""external_id"": null, ""normal_balance_type"": ""credit""}}",,2026-09-06 15:30:23.414343+00
01a07757-932e-71e2-a31e-2ff7561d8286,1,initialized,"{""type"": ""initialized"", ""values"": {""id"": ""01a07757-932e-71e2-a31e-2ff7561d8286"", ""code"": ""LOCKCEIL-01a07757932e71e2a31e300f9da16cc8-695"", ""name"": ""lock ceiling 695"", ""config"": {""is_account_set"": false, ""eventually_consistent"": false}, ""status"": ""active"", ""version"": 1, ""metadata"": null, ""description"": null, ""external_id"": null, ""normal_balance_type"": ""credit""}}",,2026-09-06 15:30:23.414343+00
01a07757-932e-71e2-a31e-30112a5235bf,1,initialized,"{""type"": ""initialized"", ""values"": {""id"": ""01a07757-932e-71e2-a31e-30112a5235bf"", ""code"": ""LOCKCEIL-01a07757932e71e2a31e3027447dfc06-696"", ""name"": ""lock ceiling 696"", ""config"": {""is_account_set"": false, ""eventually_consistent"": false}, ""status"": ""active"", ""version"": 1, ""metadata"": null, ""description"": null, ""external_id"": null, ""normal_balance_type"": ""credit""}}",,2026-09-06 15:30:23.414343+00
01a07757-932e-71e2-a31e-303f14b63a8b,1,initialized,"{""type"": ""initialized"", ""values"": {""id"": ""01a07757-932e-71e2-a31e-303f14b63a8b"", ""code"": ""LOCKCEIL-01a07757932e71e2a31e3047016122b1-697"", ""name"": ""lock ceiling 697"", ""config"": {""is_account_set"": false, ""eventually_consistent"": false}, ""status"": ""active"", ""version"": 1, ""metadata"": null, ""description"": null, ""external_id"": null, ""normal_balance_type"": ""credit""}}",,2026-09-06 15:30:23.414343+00
01a07757-932e-71e2-a31e-305f1c7f67d3,1,initialized,"{""type"": ""initialized"", ""values"": {""id"": ""01a07757-932e-71e2-a31e-305f1c7f67d3"", ""code"": ""LOCKCEIL-01a07757932e71e2a31e306ae2084c67-698"", ""name"": ""lock ceiling 698"", ""config"": {""is_account_set"": false, ""eventually_consistent"": false}, ""status"": ""active"", ""version"": 1, ""metadata"": null, ""description"": null, ""external_id"": null, ""normal_balance_type"": ""credit""}}",,2026-09-06 15:30:23.414343+00
01a07757-932e-71e2-a31e-307b68815349,1,initialized,"{""type"": ""initialized"", ""values"": {""id"": ""01a07757-932e-71e2-a31e-307b68815349"", ""code"": ""LOCKCEIL-01a07757932e71e2a31e3081503edc93-699"", ""name"": ""lock ceiling 699"", ""config"": {""is_account_set"": false, ""eventually_consistent"": false}, ""status"": ""active"", ""version"": 1, ""metadata"": null, ""description"": null, ""external_id"": null, ""normal_balance_type"": ""credit""}}",,2026-09-06 15:30:23.414343+00
01a07757-932e-71e2-a31e-30938be8dee4,1,initialized,"{""type"": ""initialized"", ""values"": {""id"": ""01a07757-932e-71e2-a31e-30938be8dee4"", ""code"": ""LOCKCEIL-01a07757932e71e2a31e30a766439828-700"", ""name"": ""lock ceiling 700"", ""config"": {""is_account_set"": false, ""eventually_consistent"": false}, ""status"": ""active"", ""version"": 1, ""metadata"": null, ""description"": null, ""external_id"": null, ""normal_balance_type"": ""credit""}}",,2026-09-06 15:30:23.414343+00
01a07757-932e-71e2-a31e-30b9f3f89655,1,initialized,"{""type"": ""initialized"", ""values"": {""id"": ""01a07757-932e-71e2-a31e-30b9f3f89655"", ""code"": ""LOCKCEIL-01a07757932e71e2a31e30cb18540ca6-701"", ""name"": ""lock ceiling 701"", ""config"": {""is_account_set"": false, ""eventually_consistent"": false}, ""status"": ""active"", ""version"": 1, ""metadata"": null, ""description"": null, ""external_id"": null, ""normal_balance_type"": ""credit""}}",,2026-09-06 15:30:23.414343+00
01a07757-932e-71e2-a31e-30d666f790a9,1,initialized,"{""type"": ""initialized"", ""values"": {""id"": ""01a07757-932e-71e2-a31e-30d666f790a9"", ""code"": ""LOCKCEIL-01a07757932e71e2a31e30ed5339bcb9-702"", ""name"": ""lock ceiling 702"", ""config"": {""is_account_set"": false, ""eventually_consistent"": false}, ""status"": ""active"", ""version"": 1, ""metadata"": null, ""description"": null, ""external_id"": null, ""normal_balance_type"": ""credit""}}",,2026-09-06 15:30:23.414343+00
01a07757-932e-71e2-a31e-30f2f7516879,1,initialized,"{""type"": ""initialized"", ""values"": {""id"": ""01a07757-932e-71e2-a31e-30f2f7516879"", ""code"": ""LOCKCEIL-01a07757932e71e2a31e31086f6274a8-703"", ""name"": ""lock ceiling 703"", ""config"": {""is_account_set"": false, ""eventually_consistent"": false}, ""status"": ""active"", ""version"": 1, ""metadata"": null, ""description"": null, ""external_id"": null, ""normal_balance_type"": ""credit""}}",,2026-09-06 15:30:23.414343+00
01a07757-932e-71e2-a31e-311f66d4aa57,1,initialized,"{""type"": ""initialized"", ""values"": {""id"": ""01a07757-932e-71e2-a31e-311f66d4aa57"", ""code"": ""LOCKCEIL-01a07757932e71e2a31e31257faef610-704"", ""name"": ""lock ceiling 704"", ""config"": {""is_account_set"": false, ""eventually_consistent"": false}, ""status"": ""active"", ""version"": 1, ""metadata"": null, ""description"": null, ""external_id"": null, ""normal_balance_type"": ""credit""}}",,2026-09-06 15:30:23.414343+00
01a07757-932e-71e2-a31e-3137df446466,1,initialized,"{""type"": ""initialized"", ""values"": {""id"": ""01a07757-932e-71e2-a31e-3137df446466"", ""code"": ""LOCKCEIL-01a07757932e71e2a31e3146a2aae06a-705"", ""name"": ""lock ceiling 705"", ""config"": {""is_account_set"": false, ""eventually_consistent"": false}, ""status"": ""active"", ""version"": 1, ""metadata"": null, ""description"": null, ""external_id"": null, ""normal_balance_type"": ""credit""}}",,2026-09-06 15:30:23.414343+00
01a07757-932e-71e2-a31e-3156d824ec4e,1,initialized,"{""type"": ""initialized"", ""values"": {""id"": ""01a07757-932e-71e2-a31e-3156d824ec4e"", ""code"": ""LOCKCEIL-01a07757932e71e2a31e316792d15768-706"", ""name"": ""lock ceiling 706"", ""config"": {""is_account_set"": false, ""eventually_consistent"": false}, ""status"": ""active"", ""version"": 1, ""metadata"": null, ""description"": null, ""external_id"": null, ""normal_balance_type"": ""credit""}}",,2026-09-06 15:30:23.414343+00
01a07757-932e-71e2-a31e-317dc75c361b,1,initialized,"{""type"": ""initialized"", ""values"": {""id"": ""01a07757-932e-71e2-a31e-317dc75c361b"", ""code"": ""LOCKCEIL-01a07757932e71e2a31e318fe2aedd3c-707"", ""name"": ""lock ceiling 707"", ""config"": {""is_account_set"": false, ""eventually_consistent"": false}, ""status"": ""active"", ""version"": 1, ""metadata"": null, ""description"": null, ""external_id"": null, ""normal_balance_type"": ""credit""}}",,2026-09-06 15:30:23.414343+00
01a07757-932e-71e2-a31e-319a63fe25ee,1,initialized,"{""type"": ""initialized"", ""values"": {""id"": ""01a07757-932e-71e2-a31e-319a63fe25ee"", ""code"": ""LOCKCEIL-01a07757932e71e2a31e31ae24c7df16-708"", ""name"": ""lock ceiling 708"", ""config"": {""is_account_set"": false, ""eventually_consistent"": false}, ""status"": ""active"", ""version"": 1, ""metadata"": null, ""description"": null, ""external_id"": null, ""normal_balance_type"": ""credit""}}",,2026-09-06 15:30:23.414343+00
01a07757-932e-71e2-a31e-31bf375ab728,1,initialized,"{""type"": ""initialized"", ""values"": {""id"": ""01a07757-932e-71e2-a31e-31bf375ab728"", ""code"": ""LOCKCEIL-01a07757932e71e2a31e31c5c860bb11-709"", ""name"": ""lock ceiling 709"", ""config"": {""is_account_set"": false, ""eventually_consistent"": false}, ""status"": ""active"", ""version"": 1, ""metadata"": null, ""description"": null, ""external_id"": null, ""normal_balance_type"": ""credit""}}",,2026-09-06 15:30:23.414343+00
01a07757-932e-71e2-a31e-31df64abe90f,1,initialized,"{""type"": ""initialized"", ""values"": {""id"": ""01a07757-932e-71e2-a31e-31df64abe90f"", ""code"": ""LOCKCEIL-01a07757932e71e2a31e31ed5cadd565-710"", ""name"": ""lock ceiling 710"", ""config"": {""is_account_set"": false, ""eventually_consistent"": false}, ""status"": ""active"", ""version"": 1, ""metadata"": null, ""description"": null, ""external_id"": null, ""normal_balance_type"": ""credit""}}",,2026-09-06 15:30:23.414343+00
01a07757-932e-71e2-a31e-31f5bd8b7eb5,1,initialized,"{""type"": ""initialized"", ""values"": {""id"": ""01a07757-932e-71e2-a31e-31f5bd8b7eb5"", ""code"": ""LOCKCEIL-01a07757932e71e2a31e3202e70c3ce1-711"", ""name"": ""lock ceiling 711"", ""config"": {""is_account_set"": false, ""eventually_consistent"": false}, ""status"": ""active"", ""version"": 1, ""metadata"": null, ""description"": null, ""external_id"": null, ""normal_balance_type"": ""credit""}}",,2026-09-06 15:30:23.414343+00
01a07757-932e-71e2-a31e-32126ed2b9ff,1,initialized,"{""type"": ""initialized"", ""values"": {""id"": ""01a07757-932e-71e2-a31e-32126ed2b9ff"", ""code"": ""LOCKCEIL-01a07757932e71e2a31e32236f49d036-712"", ""name"": ""lock ceiling 712"", ""config"": {""is_account_set"": false, ""eventually_consistent"": false}, ""status"": ""active"", ""version"": 1, ""metadata"": null, ""description"": null, ""external_id"": null, ""normal_balance_type"": ""credit""}}",,2026-09-06 15:30:23.414343+00
01a07757-932e-71e2-a31e-3236544cd1b7,1,initialized,"{""type"": ""initialized"", ""values"": {""id"": ""01a07757-932e-71e2-a31e-3236544cd1b7"", ""code"": ""LOCKCEIL-01a07757932e71e2a31e32483b4243f6-713"", ""name"": ""lock ceiling 713"", ""config"": {""is_account_set"": false, ""eventually_consistent"": false}, ""status"": ""active"", ""version"": 1, ""metadata"": null, ""description"": null, ""external_id"": null, ""normal_balance_type"": ""credit""}}",,2026-09-06 15:30:23.414343+00
01a07757-932e-71e2-a31e-325737d578ed,1,initialized,"{""type"": ""initialized"", ""values"": {""id"": ""01a07757-932e-71e2-a31e-325737d578ed"", ""code"": ""LOCKCEIL-01a07757932e71e2a31e326b5fadc206-714"", ""name"": ""lock ceiling 714"", ""config"": {""is_account_set"": false, ""eventually_consistent"": false}, ""status"": ""active"", ""version"": 1, ""metadata"": null, ""description"": null, ""external_id"": null, ""normal_balance_type"": ""credit""}}",,2026-09-06 15:30:23.414343+00
01a07757-932e-71e2-a31e-327a994e5526,1,initialized,"{""type"": ""initialized"", ""values"": {""id"": ""01a07757-932e-71e2-a31e-327a994e5526"", ""code"": ""LOCKCEIL-01a07757932e71e2a31e32855d8dcba0-715"", ""name"": ""lock ceiling 715"", ""config"": {""is_account_set"": false, ""eventually_consistent"": false}, ""status"": ""active"", ""version"": 1, ""metadata"": null, ""description"": null, ""external_id"": null, ""normal_balance_type"": ""credit""}}",,2026-09-06 15:30:23.414343+00
01a07757-932e-71e2-a31e-32982f8720c1,1,initialized,"{""type"": ""initialized"", ""values"": {""id"": ""01a07757-932e-71e2-a31e-32982f8720c1"", ""code"": ""LOCKCEIL-01a07757932e71e2a31e32ae37fc966e-716"", ""name"": ""lock ceiling 716"", ""config"": {""is_account_set"": false, ""eventually_consistent"": false}, ""status"": ""active"", ""version"": 1, ""metadata"": null, ""description"": null, ""external_id"": null, ""normal_balance_type"": ""credit""}}",,2026-09-06 15:30:23.414343+00
01a07757-932e-71e2-a31e-32b4f5948957,1,initialized,"{""type"": ""initialized"", ""values"": {""id"": ""01a07757-932e-71e2-a31e-32b4f5948957"", ""code"": ""LOCKCEIL-01a07757932e71e2a31e32c510659a4a-717"", ""name"": ""lock ceiling 717"", ""config"": {""is_account_set"": false, ""eventually_consistent"": false}, ""status"": ""active"", ""version"": 1, ""metadata"": null, ""description"": null, ""external_id"": null, ""normal_balance_type"": ""credit""}}",,2026-09-06 15:30:23.414343+00
01a07757-932e-71e2-a31e-32d982bd30ef,1,initialized,"{""type"": ""initialized"", ""values"": {""id"": ""01a07757-932e-71e2-a31e-32d982bd30ef"", ""code"": ""LOCKCEIL-01a07757932e71e2a31e32eaeb55624d-718"", ""name"": ""lock ceiling 718"", ""config"": {""is_account_set"": false, ""eventually_consistent"": false}, ""status"": ""active"", ""version"": 1, ""metadata"": null, ""description"": null, ""external_id"": null, ""normal_balance_type"": ""credit""}}",,2026-09-06 15:30:23.414343+00
01a07757-932e-71e2-a31e-32f11692ac9b,1,initialized,"{""type"": ""initialized"", ""values"": {""id"": ""01a07757-932e-71e2-a31e-32f11692ac9b"", ""code"": ""LOCKCEIL-01a07757932e71e2a31e330b78d938dc-719"", ""name"": ""lock ceiling 719"", ""config"": {""is_account_set"": false, ""eventually_consistent"": false}, ""status"": ""active"", ""version"": 1, ""metadata"": null, ""description"": null, ""external_id"": null, ""normal_balance_type"": ""credit""}}",,2026-09-06 15:30:23.414343+00
01a07757-932e-71e2-a31e-331204c1dcca,1,initialized,"{""type"": ""initialized"", ""values"": {""id"": ""01a07757-932e-71e2-a31e-331204c1dcca"", ""code"": ""LOCKCEIL-01a07757932e71e2a31e3327bb9e2b79-720"", ""name"": ""lock ceiling 720"", ""config"": {""is_account_set"": false, ""eventually_consistent"": false}, ""status"": ""active"", ""version"": 1, ""metadata"": null, ""description"": null, ""external_id"": null, ""normal_balance_type"": ""credit""}}",,2026-09-06 15:30:23.414343+00
01a07757-932e-71e2-a31e-3339b0ef2b93,1,initialized,"{""type"": ""initialized"", ""values"": {""id"": ""01a07757-932e-71e2-a31e-3339b0ef2b93"", ""code"": ""LOCKCEIL-01a07757932e71e2a31e334fca1ad2ab-721"", ""name"": ""lock ceiling 721"", ""config"": {""is_account_set"": false, ""eventually_consistent"": false}, ""status"": ""active"", ""version"": 1, ""metadata"": null, ""description"": null, ""external_id"": null, ""normal_balance_type"": ""credit""}}",,2026-09-06 15:30:23.414343+00
01a07757-932e-71e2-a31e-335eedc6f14c,1,initialized,"{""type"": ""initialized"", ""values"": {""id"": ""01a07757-932e-71e2-a31e-335eedc6f14c"", ""code"": ""LOCKCEIL-01a07757932e71e2a31e3361f939ba1a-722"", ""name"": ""lock ceiling 722"", ""config"": {""is_account_set"": false, ""eventually_consistent"": false}, ""status"": ""active"", ""version"": 1, ""metadata"": null, ""description"": null, ""external_id"": null, ""normal_balance_type"": ""credit""}}",,2026-09-06 15:30:23.414343+00
01a07757-932e-71e2-a31e-3372edb7b643,1,initialized,"{""type"": ""initialized"", ""values"": {""id"": ""01a07757-932e-71e2-a31e-3372edb7b643"", ""code"": ""LOCKCEIL-01a07757932e71e2a31e338d691cee48-723"", ""name"": ""lock ceiling 723"", ""config"": {""is_account_set"": false, ""eventually_consistent"": false}, ""status"": ""active"", ""version"": 1, ""metadata"": null, ""description"": null, ""external_id"": null, ""normal_balance_type"": ""credit""}}",,2026-09-06 15:30:23.414343+00
01a07757-932e-71e2-a31e-339d395504e4,1,initialized,"{""type"": ""initialized"", ""values"": {""id"": ""01a07757-932e-71e2-a31e-339d395504e4"", ""code"": ""LOCKCEIL-01a07757932e71e2a31e33ae9fafcbe9-724"", ""name"": ""lock ceiling 724"", ""config"": {""is_account_set"": false, ""eventually_consistent"": false}, ""status"": ""active"", ""version"": 1, ""metadata"": null, ""description"": null, ""external_id"": null, ""normal_balance_type"": ""credit""}}",,2026-09-06 15:30:23.414343+00
01a07757-932e-71e2-a31e-33bb23b7aa8d,1,initialized,"{""type"": ""initialized"", ""values"": {""id"": ""01a07757-932e-71e2-a31e-33bb23b7aa8d"", ""code"": ""LOCKCEIL-01a07757932e71e2a31e33c967c0d43e-725"", ""name"": ""lock ceiling 725"", ""config"": {""is_account_set"": false, ""eventually_consistent"": false}, ""status"": ""active"", ""version"": 1, ""metadata"": null, ""description"": null, ""external_id"": null, ""normal_balance_type"": ""credit""}}",,2026-09-06 15:30:23.414343+00
01a07757-932e-71e2-a31e-33dbcb7279e8,1,initialized,"{""type"": ""initialized"", ""values"": {""id"": ""01a07757-932e-71e2-a31e-33dbcb7279e8"", ""code"": ""LOCKCEIL-01a07757932e71e2a31e33e7d3786ebe-726"", ""name"": ""lock ceiling 726"", ""config"": {""is_account_set"": false, ""eventually_consistent"": false}, ""status"": ""active"", ""version"": 1, ""metadata"": null, ""description"": null, ""external_id"": null, ""normal_balance_type"": ""credit""}}",,2026-09-06 15:30:23.414343+00
01a07757-932e-71e2-a31e-33fc26650808,1,initialized,"{""type"": ""initialized"", ""values"": {""id"": ""01a07757-932e-71e2-a31e-33fc26650808"", ""code"": ""LOCKCEIL-01a07757932f7192b2a888f3b8c1e0d6-727"", ""name"": ""lock ceiling 727"", ""config"": {""is_account_set"": false, ""eventually_consistent"": false}, ""status"": ""active"", ""version"": 1, ""metadata"": null, ""description"": null, ""external_id"": null, ""normal_balance_type"": ""credit""}}",,2026-09-06 15:30:23.414343+00
01a07757-932f-7192-b2a8-8905d1253fa5,1,initialized,"{""type"": ""initialized"", ""values"": {""id"": ""01a07757-932f-7192-b2a8-8905d1253fa5"", ""code"": ""LOCKCEIL-01a07757932f7192b2a8891718637722-728"", ""name"": ""lock ceiling 728"", ""config"": {""is_account_set"": false, ""eventually_consistent"": false}, ""status"": ""active"", ""version"": 1, ""metadata"": null, ""description"": null, ""external_id"": null, ""normal_balance_type"": ""credit""}}",,2026-09-06 15:30:23.414343+00
01a07757-932f-7192-b2a8-892fcc4e6280,1,initialized,"{""type"": ""initialized"", ""values"": {""id"": ""01a07757-932f-7192-b2a8-892fcc4e6280"", ""code"": ""LOCKCEIL-01a07757932f7192b2a8893de767b65f-729"", ""name"": ""lock ceiling 729"", ""config"": {""is_account_set"": false, ""eventually_consistent"": false}, ""status"": ""active"", ""version"": 1, ""metadata"": null, ""description"": null, ""external_id"": null, ""normal_balance_type"": ""credit""}}",,2026-09-06 15:30:23.414343+00
01a07757-932f-7192-b2a8-894374935043,1,initialized,"{""type"": ""initialized"", ""values"": {""id"": ""01a07757-932f-7192-b2a8-894374935043"", ""code"": ""LOCKCEIL-01a07757932f7192b2a8895ce9c11989-730"", ""name"": ""lock ceiling 730"", ""config"": {""is_account_set"": false, ""eventually_consistent"": false}, ""status"": ""active"", ""version"": 1, ""metadata"": null, ""description"": null, ""external_id"": null, ""normal_balance_type"": ""credit""}}",,2026-09-06 15:30:23.414343+00
01a07757-932f-7192-b2a8-896000e1837e,1,initialized,"{""type"": ""initialized"", ""values"": {""id"": ""01a07757-932f-7192-b2a8-896000e1837e"", ""code"": ""LOCKCEIL-01a07757932f7192b2a8897f130cb1e3-731"", ""name"": ""lock ceiling 731"", ""config"": {""is_account_set"": false, ""eventually_consistent"": false}, ""status"": ""active"", ""version"": 1, ""metadata"": null, ""description"": null, ""external_id"": null, ""normal_balance_type"": ""credit""}}",,2026-09-06 15:30:23.414343+00
01a07757-932f-7192-b2a8-8982b7b846cd,1,initialized,"{""type"": ""initialized"", ""values"": {""id"": ""01a07757-932f-7192-b2a8-8982b7b846cd"", ""code"": ""LOCKCEIL-01a07757932f7192b2a8899affb7f5d9-732"", ""name"": ""lock ceiling 732"", ""config"": {""is_account_set"": false, ""eventually_consistent"": false}, ""status"": ""active"", ""version"": 1, ""metadata"": null, ""description"": null, ""external_id"": null, ""normal_balance_type"": ""credit""}}",,2026-09-06 15:30:23.414343+00
01a07757-932f-7192-b2a8-89a3e3e31607,1,initialized,"{""type"": ""initialized"", ""values"": {""id"": ""01a07757-932f-7192-b2a8-89a3e3e31607"", ""code"": ""LOCKCEIL-01a07757932f7192b2a889b00a633cd3-733"", ""name"": ""lock ceiling 733"", ""config"": {""is_account_set"": false, ""eventually_consistent"": false}, ""status"": ""active"", ""version"": 1, ""metadata"": null, ""description"": null, ""external_id"": null, ""normal_balance_type"": ""credit""}}",,2026-09-06 15:30:23.414343+00
01a07757-932f-7192-b2a8-89cece0ad545,1,initialized,"{""type"": ""initialized"", ""values"": {""id"": ""01a07757-932f-7192-b2a8-89cece0ad545"", ""code"": ""LOCKCEIL-01a07757932f7192b2a889d5bcd993ae-734"", ""name"": ""lock ceiling 734"", ""config"": {""is_account_set"": false, ""eventually_consistent"": false}, ""status"": ""active"", ""version"": 1, ""metadata"": null, ""description"": null, ""external_id"": null, ""normal_balance_type"": ""credit""}}",,2026-09-06 15:30:23.414343+00
01a07757-932f-7192-b2a8-89e5f6e4f88e,1,initialized,"{""type"": ""initialized"", ""values"": {""id"": ""01a07757-932f-7192-b2a8-89e5f6e4f88e"", ""code"": ""LOCKCEIL-01a07757932f7192b2a889fac392b217-735"", ""name"": ""lock ceiling 735"", ""config"": {""is_account_set"": false, ""eventually_consistent"": false}, ""status"": ""active"", ""version"": 1, ""metadata"": null, ""description"": null, ""external_id"": null, ""normal_balance_type"": ""credit""}}",,2026-09-06 15:30:23.414343+00
01a07757-932f-7192-b2a8-8a0c0734add8,1,initialized,"{""type"": ""initialized"", ""values"": {""id"": ""01a07757-932f-7192-b2a8-8a0c0734add8"", ""code"": ""LOCKCEIL-01a07757932f7192b2a88a1afe7656ac-736"", ""name"": ""lock ceiling 736"", ""config"": {""is_account_set"": false, ""eventually_consistent"": false}, ""status"": ""active"", ""version"": 1, ""metadata"": null, ""description"": null, ""external_id"": null, ""normal_balance_type"": ""credit""}}",,2026-09-06 15:30:23.414343+00
01a07757-932f-7192-b2a8-8a29d14ce446,1,initialized,"{""type"": ""initialized"", ""values"": {""id"": ""01a07757-932f-7192-b2a8-8a29d14ce446"", ""code"": ""LOCKCEIL-01a07757932f7192b2a88a399398fce6-737"", ""name"": ""lock ceiling 737"", ""config"": {""is_account_set"": false, ""eventually_consistent"": false}, ""status"": ""active"", ""version"": 1, ""metadata"": null, ""description"": null, ""external_id"": null, ""normal_balance_type"": ""credit""}}",,2026-09-06 15:30:23.414343+00
01a07757-932f-7192-b2a8-8a440b282113,1,initialized,"{""type"": ""initialized"", ""values"": {""id"": ""01a07757-932f-7192-b2a8-8a440b282113"", ""code"": ""LOCKCEIL-01a07757932f7192b2a88a5480f3ee02-738"", ""name"": ""lock ceiling 738"", ""config"": {""is_account_set"": false, ""eventually_consistent"": false}, ""status"": ""active"", ""version"": 1, ""metadata"": null, ""description"": null, ""external_id"": null, ""normal_balance_type"": ""credit""}}",,2026-09-06 15:30:23.414343+00
01a07757-932f-7192-b2a8-8a6202201644,1,initialized,"{""type"": ""initialized"", ""values"": {""id"": ""01a07757-932f-7192-b2a8-8a6202201644"", ""code"": ""LOCKCEIL-01a07757932f7192b2a88a79a0ab73fc-739"", ""name"": ""lock ceiling 739"", ""config"": {""is_account_set"": false, ""eventually_consistent"": false}, ""status"": ""active"", ""version"": 1, ""metadata"": null, ""description"": null, ""external_id"": null, ""normal_balance_type"": ""credit""}}",,2026-09-06 15:30:23.414343+00
01a07757-932f-7192-b2a8-8a8ea07eab54,1,initialized,"{""type"": ""initialized"", ""values"": {""id"": ""01a07757-932f-7192-b2a8-8a8ea07eab54"", ""code"": ""LOCKCEIL-01a07757932f7192b2a88a9ad6de241c-740"", ""name"": ""lock ceiling 740"", ""config"": {""is_account_set"": false, ""eventually_consistent"": false}, ""status"": ""active"", ""version"": 1, ""metadata"": null, ""description"": null, ""external_id"": null, ""normal_balance_type"": ""credit""}}",,2026-09-06 15:30:23.414343+00
01a07757-932f-7192-b2a8-8aa214322b48,1,initialized,"{""type"": ""initialized"", ""values"": {""id"": ""01a07757-932f-7192-b2a8-8aa214322b48"", ""code"": ""LOCKCEIL-01a07757932f7192b2a88ab2f8e5d5d4-741"", ""name"": ""lock ceiling 741"", ""config"": {""is_account_set"": false, ""eventually_consistent"": false}, ""status"": ""active"", ""version"": 1, ""metadata"": null, ""description"": null, ""external_id"": null, ""normal_balance_type"": ""credit""}}",,2026-09-06 15:30:23.414343+00
01a07757-932f-7192-b2a8-8acf4cf3cba7,1,initialized,"{""type"": ""initialized"", ""values"": {""id"": ""01a07757-932f-7192-b2a8-8acf4cf3cba7"", ""code"": ""LOCKCEIL-01a07757932f7192b2a88ad88f5cfb22-742"", ""name"": ""lock ceiling 742"", ""config"": {""is_account_set"": false, ""eventually_consistent"": false}, ""status"": ""active"", ""version"": 1, ""metadata"": null, ""description"": null, ""external_id"": null, ""normal_balance_type"": ""credit""}}",,2026-09-06 15:30:23.414343+00
01a07757-9330-7793-a5c3-a4c7b806b096,1,initialized,"{""type"": ""initialized"", ""values"": {""id"": ""01a07757-9330-7793-a5c3-a4c7b806b096"", ""code"": ""LOCKCEIL-01a0775793307793a5c3a4d9395374f4-743"", ""name"": ""lock ceiling 743"", ""config"": {""is_account_set"": false, ""eventually_consistent"": false}, ""status"": ""active"", ""version"": 1, ""metadata"": null, ""description"": null, ""external_id"": null, ""normal_balance_type"": ""credit""}}",,2026-09-06 15:30:23.414343+00
01a07757-9330-7793-a5c3-a4eab1c00307,1,initialized,"{""type"": ""initialized"", ""values"": {""id"": ""01a07757-9330-7793-a5c3-a4eab1c00307"", ""code"": ""LOCKCEIL-01a0775793307793a5c3a4fa760de1f9-744"", ""name"": ""lock ceiling 744"", ""config"": {""is_account_set"": false, ""eventually_consistent"": false}, ""status"": ""active"", ""version"": 1, ""metadata"": null, ""description"": null, ""external_id"": null, ""normal_balance_type"": ""credit""}}",,2026-09-06 15:30:23.414343+00
01a07757-9330-7793-a5c3-a5082fcf37e4,1,initialized,"{""type"": ""initialized"", ""values"": {""id"": ""01a07757-9330-7793-a5c3-a5082fcf37e4"", ""code"": ""LOCKCEIL-01a0775793307793a5c3a51ab4aa058e-745"", ""name"": ""lock ceiling 745"", ""config"": {""is_account_set"": false, ""eventually_consistent"": false}, ""status"": ""active"", ""version"": 1, ""metadata"": null, ""description"": null, ""external_id"": null, ""normal_balance_type"": ""credit""}}",,2026-09-06 15:30:23.414343+00
01a07757-9330-7793-a5c3-a52f6464b7b2,1,initialized,"{""type"": ""initialized"", ""values"": {""id"": ""01a07757-9330-7793-a5c3-a52f6464b7b2"", ""code"": ""LOCKCEIL-01a0775793307793a5c3a533b85c21bf-746"", ""name"": ""lock ceiling 746"", ""config"": {""is_account_set"": false, ""eventually_consistent"": false}, ""status"": ""active"", ""version"": 1, ""metadata"": null, ""description"": null, ""external_id"": null, ""normal_balance_type"": ""credit""}}",,2026-09-06 15:30:23.414343+00
01a07757-9330-7793-a5c3-a5492e4069b8,1,initialized,"{""type"": ""initialized"", ""values"": {""id"": ""01a07757-9330-7793-a5c3-a5492e4069b8"", ""code"": ""LOCKCEIL-01a0775793307793a5c3a55a18ff1b5e-747"", ""name"": ""lock ceiling 747"", ""config"": {""is_account_set"": false, ""eventually_consistent"": false}, ""status"": ""active"", ""version"": 1, ""metadata"": null, ""description"": null, ""external_id"": null, ""normal_balance_type"": ""credit""}}",,2026-09-06 15:30:23.414343+00
01a07757-9330-7793-a5c3-a56f0f9ba0b6,1,initialized,"{""type"": ""initialized"", ""values"": {""id"": ""01a07757-9330-7793-a5c3-a56f0f9ba0b6"", ""code"": ""LOCKCEIL-01a0775793307793a5c3a5753acc147f-748"", ""name"": ""lock ceiling 748"", ""config"": {""is_account_set"": false, ""eventually_consistent"": false}, ""status"": ""active"", ""version"": 1, ""metadata"": null, ""description"": null, ""external_id"": null, ""normal_balance_type"": ""credit""}}",,2026-09-06 15:30:23.414343+00
01a07757-9330-7793-a5c3-a589a9321d1a,1,initialized,"{""type"": ""initialized"", ""values"": {""id"": ""01a07757-9330-7793-a5c3-a589a9321d1a"", ""code"": ""LOCKCEIL-01a0775793307793a5c3a5966ab02190-749"", ""name"": ""lock ceiling 749"", ""config"": {""is_account_set"": false, ""eventually_consistent"": false}, ""status"": ""active"", ""version"": 1, ""metadata"": null, ""description"": null, ""external_id"": null, ""normal_balance_type"": ""credit""}}",,2026-09-06 15:30:23.414343+00
01a07757-9330-7793-a5c3-a5a4d2371e54,1,initialized,"{""type"": ""initialized"", ""values"": {""id"": ""01a07757-9330-7793-a5c3-a5a4d2371e54"", ""code"": ""LOCKCEIL-01a0775793307793a5c3a5bb51542d06-750"", ""name"": ""lock ceiling 750"", ""config"": {""is_account_set"": false, ""eventually_consistent"": false}, ""status"": ""active"", ""version"": 1, ""metadata"": null, ""description"": null, ""external_id"": null, ""normal_balance_type"": ""credit""}}",,2026-09-06 15:30:23.414343+00
01a07757-9330-7793-a5c3-a5c3957af505,1,initialized,"{""type"": ""initialized"", ""values"": {""id"": ""01a07757-9330-7793-a5c3-a5c3957af505"", ""code"": ""LOCKCEIL-01a0775793307793a5c3a5d9c6b25992-751"", ""name"": ""lock ceiling 751"", ""config"": {""is_account_set"": false, ""eventually_consistent"": false}, ""status"": ""active"", ""version"": 1, ""metadata"": null, ""description"": null, ""external_id"": null, ""normal_balance_type"": ""credit""}}",,2026-09-06 15:30:23.414343+00
01a07757-9330-7793-a5c3-a5e4ea6848c2,1,initialized,"{""type"": ""initialized"", ""values"": {""id"": ""01a07757-9330-7793-a5c3-a5e4ea6848c2"", ""code"": ""LOCKCEIL-01a0775793307793a5c3a5f3d83d9b52-752"", ""name"": ""lock ceiling 752"", ""config"": {""is_account_set"": false, ""eventually_consistent"": false}, ""status"": ""active"", ""version"": 1, ""metadata"": null, ""description"": null, ""external_id"": null, ""normal_balance_type"": ""credit""}}",,2026-09-06 15:30:23.414343+00
01a07757-9330-7793-a5c3-a604e5c43486,1,initialized,"{""type"": ""initialized"", ""values"": {""id"": ""01a07757-9330-7793-a5c3-a604e5c43486"", ""code"": ""LOCKCEIL-01a0775793307793a5c3a61442db8d5b-753"", ""name"": ""lock ceiling 753"", ""config"": {""is_account_set"": false, ""eventually_consistent"": false}, ""status"": ""active"", ""version"": 1, ""metadata"": null, ""description"": null, ""external_id"": null, ""normal_balance_type"": ""credit""}}",,2026-09-06 15:30:23.414343+00
01a07757-9330-7793-a5c3-a624fff55688,1,initialized,"{""type"": ""initialized"", ""values"": {""id"": ""01a07757-9330-7793-a5c3-a624fff55688"", ""code"": ""LOCKCEIL-01a0775793307793a5c3a63f74de8946-754"", ""name"": ""lock ceiling 754"", ""config"": {""is_account_set"": false, ""eventually_consistent"": false}, ""status"": ""active"", ""version"": 1, ""metadata"": null, ""description"": null, ""external_id"": null, ""normal_balance_type"": ""credit""}}",,2026-09-06 15:30:23.414343+00
01a07757-9330-7793-a5c3-a6426f8d4aa5,1,initialized,"{""type"": ""initialized"", ""values"": {""id"": ""01a07757-9330-7793-a5c3-a6426f8d4aa5"", ""code"": ""LOCKCEIL-01a0775793307793a5c3a656ef7fc763-755"", ""name"": ""lock ceiling 755"", ""config"": {""is_account_set"": false, ""eventually_consistent"": false}, ""status"": ""active"", ""version"": 1, ""metadata"": null, ""description"": null, ""external_id"": null, ""normal_balance_type"": ""credit""}}",,2026-09-06 15:30:23.414343+00
01a07757-9330-7793-a5c3-a66ede8f98aa,1,initialized,"{""type"": ""initialized"", ""values"": {""id"": ""01a07757-9330-7793-a5c3-a66ede8f98aa"", ""code"": ""LOCKCEIL-01a0775793307793a5c3a678a279ee85-756"", ""name"": ""lock ceiling 756"", ""config"": {""is_account_set"": false, ""eventually_consistent"": false}, ""status"": ""active"", ""version"": 1, ""metadata"": null, ""description"": null, ""external_id"": null, ""normal_balance_type"": ""credit""}}",,2026-09-06 15:30:23.414343+00
01a07757-9330-7793-a5c3-a68171c00a19,1,initialized,"{""type"": ""initialized"", ""values"": {""id"": ""01a07757-9330-7793-a5c3-a68171c00a19"", ""code"": ""LOCKCEIL-01a0775793307793a5c3a691182f48cb-757"", ""name"": ""lock ceiling 757"", ""config"": {""is_account_set"": false, ""eventually_consistent"": false}, ""status"": ""active"", ""version"": 1, ""metadata"": null, ""description"": null, ""external_id"": null, ""normal_balance_type"": ""credit""}}",,2026-09-06 15:30:23.414343+00
01a07757-9330-7793-a5c3-a6ac5313514f,1,initialized,"{""type"": ""initialized"", ""values"": {""id"": ""01a07757-9330-7793-a5c3-a6ac5313514f"", ""code"": ""LOCKCEIL-01a0775793307793a5c3a6bd6f38dfae-758"", ""name"": ""lock ceiling 758"", ""config"": {""is_account_set"": false, ""eventually_consistent"": false}, ""status"": ""active"", ""version"": 1, ""metadata"": null, ""description"": null, ""external_id"": null, ""normal_balance_type"": ""credit""}}",,2026-09-06 15:30:23.414343+00
01a07757-9330-7793-a5c3-a6c49ead07cb,1,initialized,"{""type"": ""initialized"", ""values"": {""id"": ""01a07757-9330-7793-a5c3-a6c49ead07cb"", ""code"": ""LOCKCEIL-01a0775793307793a5c3a6dcf943be0c-759"", ""name"": ""lock ceiling 759"", ""config"": {""is_account_set"": false, ""eventually_consistent"": false}, ""status"": ""active"", ""version"": 1, ""metadata"": null, ""description"": null, ""external_id"": null, ""normal_balance_type"": ""credit""}}",,2026-09-06 15:30:23.414343+00
01a07757-9330-7793-a5c3-a6e8c6584a22,1,initialized,"{""type"": ""initialized"", ""values"": {""id"": ""01a07757-9330-7793-a5c3-a6e8c6584a22"", ""code"": ""LOCKCEIL-01a0775793307793a5c3a6fcb19bea54-760"", ""name"": ""lock ceiling 760"", ""config"": {""is_account_set"": false, ""eventually_consistent"": false}, ""status"": ""active"", ""version"": 1, ""metadata"": null, ""description"": null, ""external_id"": null, ""normal_balance_type"": ""credit""}}",,2026-09-06 15:30:23.414343+00
01a07757-9330-7793-a5c3-a70aec0a4b5b,1,initialized,"{""type"": ""initialized"", ""values"": {""id"": ""01a07757-9330-7793-a5c3-a70aec0a4b5b"", ""code"": ""LOCKCEIL-01a0775793307793a5c3a7148b03b2d5-761"", ""name"": ""lock ceiling 761"", ""config"": {""is_account_set"": false, ""eventually_consistent"": false}, ""status"": ""active"", ""version"": 1, ""metadata"": null, ""description"": null, ""external_id"": null, ""normal_balance_type"": ""credit""}}",,2026-09-06 15:30:23.414343+00
01a07757-9330-7793-a5c3-a72bfc187047,1,initialized,"{""type"": ""initialized"", ""values"": {""id"": ""01a07757-9330-7793-a5c3-a72bfc187047"", ""code"": ""LOCKCEIL-01a0775793307793a5c3a730cb4576a2-762"", ""name"": ""lock ceiling 762"", ""config"": {""is_account_set"": false, ""eventually_consistent"": false}, ""status"": ""active"", ""version"": 1, ""metadata"": null, ""description"": null, ""external_id"": null, ""normal_balance_type"": ""credit""}}",,2026-09-06 15:30:23.414343+00
01a07757-9330-7793-a5c3-a744d67d32de,1,initialized,"{""type"": ""initialized"", ""values"": {""id"": ""01a07757-9330-7793-a5c3-a744d67d32de"", ""code"": ""LOCKCEIL-01a0775793307793a5c3a75c1e179b74-763"", ""name"": ""lock ceiling 763"", ""config"": {""is_account_set"": false, ""eventually_consistent"": false}, ""status"": ""active"", ""version"": 1, ""metadata"": null, ""description"": null, ""external_id"": null, ""normal_balance_type"": ""credit""}}",,2026-09-06 15:30:23.414343+00
01a07757-9330-7793-a5c3-a76bedc4a230,1,initialized,"{""type"": ""initialized"", ""values"": {""id"": ""01a07757-9330-7793-a5c3-a76bedc4a230"", ""code"": ""LOCKCEIL-01a0775793307793a5c3a77cfd1a5502-764"", ""name"": ""lock ceiling 764"", ""config"": {""is_account_set"": false, ""eventually_consistent"": false}, ""status"": ""active"", ""version"": 1, ""metadata"": null, ""description"": null, ""external_id"": null, ""normal_balance_type"": ""credit""}}",,2026-09-06 15:30:23.414343+00
01a07757-9330-7793-a5c3-a7898eda6540,1,initialized,"{""type"": ""initialized"", ""values"": {""id"": ""01a07757-9330-7793-a5c3-a7898eda6540"", ""code"": ""LOCKCEIL-01a0775793307793a5c3a79db4a03ed8-765"", ""name"": ""lock ceiling 765"", ""config"": {""is_account_set"": false, ""eventually_consistent"": false}, ""status"": ""active"", ""version"": 1, ""metadata"": null, ""description"": null, ""external_id"": null, ""normal_balance_type"": ""credit""}}",,2026-09-06 15:30:23.414343+00
01a07757-9330-7793-a5c3-a7a583f715e1,1,initialized,"{""type"": ""initialized"", ""values"": {""id"": ""01a07757-9330-7793-a5c3-a7a583f715e1"", ""code"": ""LOCKCEIL-01a0775793307793a5c3a7b586cec2b4-766"", ""name"": ""lock ceiling 766"", ""config"": {""is_account_set"": false, ""eventually_consistent"": false}, ""status"": ""active"", ""version"": 1, ""metadata"": null, ""description"": null, ""external_id"": null, ""normal_balance_type"": ""credit""}}",,2026-09-06 15:30:23.414343+00
01a07757-9330-7793-a5c3-a7c2e2d57db6,1,initialized,"{""type"": ""initialized"", ""values"": {""id"": ""01a07757-9330-7793-a5c3-a7c2e2d57db6"", ""code"": ""LOCKCEIL-01a0775793307793a5c3a7d152fcf918-767"", ""name"": ""lock ceiling 767"", ""config"": {""is_account_set"": false, ""eventually_consistent"": false}, ""status"": ""active"", ""version"": 1, ""metadata"": null, ""description"": null, ""external_id"": null, ""normal_balance_type"": ""credit""}}",,2026-09-06 15:30:23.414343+00
01a07757-9330-7793-a5c3-a7ee1e2005ca,1,initialized,"{""type"": ""initialized"", ""values"": {""id"": ""01a07757-9330-7793-a5c3-a7ee1e2005ca"", ""code"": ""LOCKCEIL-01a0775793307793a5c3a7f2f63d299d-768"", ""name"": ""lock ceiling 768"", ""config"": {""is_account_set"": false, ""eventually_consistent"": false}, ""status"": ""active"", ""version"": 1, ""metadata"": null, ""description"": null, ""external_id"": null, ""normal_balance_type"": ""credit""}}",,2026-09-06 15:30:23.414343+00
01a07757-9330-7793-a5c3-a80b9227cfa8,1,initialized,"{""type"": ""initialized"", ""values"": {""id"": ""01a07757-9330-7793-a5c3-a80b9227cfa8"", ""code"": ""LOCKCEIL-01a0775793307793a5c3a812a39fbd92-769"", ""name"": ""lock ceiling 769"", ""config"": {""is_account_set"": false, ""eventually_consistent"": false}, ""status"": ""active"", ""version"": 1, ""metadata"": null, ""description"": null, ""external_id"": null, ""normal_balance_type"": ""credit""}}",,2026-09-06 15:30:23.414343+00
01a07757-9330-7793-a5c3-a82a02887dd9,1,initialized,"{""type"": ""initialized"", ""values"": {""id"": ""01a07757-9330-7793-a5c3-a82a02887dd9"", ""code"": ""LOCKCEIL-01a0775793307793a5c3a83628e73c96-770"", ""name"": ""lock ceiling 770"", ""config"": {""is_account_set"": false, ""eventually_consistent"": false}, ""status"": ""active"", ""version"": 1, ""metadata"": null, ""description"": null, ""external_id"": null, ""normal_balance_type"": ""credit""}}",,2026-09-06 15:30:23.414343+00
01a07757-9330-7793-a5c3-a8419c047308,1,initialized,"{""type"": ""initialized"", ""values"": {""id"": ""01a07757-9330-7793-a5c3-a8419c047308"", ""code"": ""LOCKCEIL-01a0775793307793a5c3a859ee61ea3f-771"", ""name"": ""lock ceiling 771"", ""config"": {""is_account_set"": false, ""eventually_consistent"": false}, ""status"": ""active"", ""version"": 1, ""metadata"": null, ""description"": null, ""external_id"": null, ""normal_balance_type"": ""credit""}}",,2026-09-06 15:30:23.414343+00
01a07757-9330-7793-a5c3-a86a8e2b116c,1,initialized,"{""type"": ""initialized"", ""values"": {""id"": ""01a07757-9330-7793-a5c3-a86a8e2b116c"", ""code"": ""LOCKCEIL-01a0775793307793a5c3a87a898eb749-772"", ""name"": ""lock ceiling 772"", ""config"": {""is_account_set"": false, ""eventually_consistent"": false}, ""status"": ""active"", ""version"": 1, ""metadata"": null, ""description"": null, ""external_id"": null, ""normal_balance_type"": ""credit""}}",,2026-09-06 15:30:23.414343+00
01a07757-9330-7793-a5c3-a88132e5f281,1,initialized,"{""type"": ""initialized"", ""values"": {""id"": ""01a07757-9330-7793-a5c3-a88132e5f281"", ""code"": ""LOCKCEIL-01a0775793307793a5c3a899ec5e13a1-773"", ""name"": ""lock ceiling 773"", ""config"": {""is_account_set"": false, ""eventually_consistent"": false}, ""status"": ""active"", ""version"": 1, ""metadata"": null, ""description"": null, ""external_id"": null, ""normal_balance_type"": ""credit""}}",,2026-09-06 15:30:23.414343+00
01a07757-9330-7793-a5c3-a8a328bb862c,1,initialized,"{""type"": ""initialized"", ""values"": {""id"": ""01a07757-9330-7793-a5c3-a8a328bb862c"", ""code"": ""LOCKCEIL-01a0775793307793a5c3a8b4b4156ad4-774"", ""name"": ""lock ceiling 774"", ""config"": {""is_account_set"": false, ""eventually_consistent"": false}, ""status"": ""active"", ""version"": 1, ""metadata"": null, ""description"": null, ""external_id"": null, ""normal_balance_type"": ""credit""}}",,2026-09-06 15:30:23.414343+00
01a07757-9330-7793-a5c3-a8ca8572a853,1,initialized,"{""type"": ""initialized"", ""values"": {""id"": ""01a07757-9330-7793-a5c3-a8ca8572a853"", ""code"": ""LOCKCEIL-01a0775793307793a5c3a8d84c2d34e4-775"", ""name"": ""lock ceiling 775"", ""config"": {""is_account_set"": false, ""eventually_consistent"": false}, ""status"": ""active"", ""version"": 1, ""metadata"": null, ""description"": null, ""external_id"": null, ""normal_balance_type"": ""credit""}}",,2026-09-06 15:30:23.414343+00
01a07757-9330-7793-a5c3-a8ef5b177551,1,initialized,"{""type"": ""initialized"", ""values"": {""id"": ""01a07757-9330-7793-a5c3-a8ef5b177551"", ""code"": ""LOCKCEIL-01a0775793307793a5c3a8f30e702a90-776"", ""name"": ""lock ceiling 776"", ""config"": {""is_account_set"": false, ""eventually_consistent"": false}, ""status"": ""active"", ""version"": 1, ""metadata"": null, ""description"": null, ""external_id"": null, ""normal_balance_type"": ""credit""}}",,2026-09-06 15:30:23.414343+00
01a07757-9330-7793-a5c3-a901f46bc342,1,initialized,"{""type"": ""initialized"", ""values"": {""id"": ""01a07757-9330-7793-a5c3-a901f46bc342"", ""code"": ""LOCKCEIL-01a0775793307793a5c3a912d453a889-777"", ""name"": ""lock ceiling 777"", ""config"": {""is_account_set"": false, ""eventually_consistent"": false}, ""status"": ""active"", ""version"": 1, ""metadata"": null, ""description"": null, ""external_id"": null, ""normal_balance_type"": ""credit""}}",,2026-09-06 15:30:23.414343+00
01a07757-9330-7793-a5c3-a925a00b627f,1,initialized,"{""type"": ""initialized"", ""values"": {""id"": ""01a07757-9330-7793-a5c3-a925a00b627f"", ""code"": ""LOCKCEIL-01a0775793307793a5c3a93c345378f2-778"", ""name"": ""lock ceiling 778"", ""config"": {""is_account_set"": false, ""eventually_consistent"": false}, ""status"": ""active"", ""version"": 1, ""metadata"": null, ""description"": null, ""external_id"": null, ""normal_balance_type"": ""credit""}}",,2026-09-06 15:30:23.414343+00
01a07757-9330-7793-a5c3-a94814ee9702,1,initialized,"{""type"": ""initialized"", ""values"": {""id"": ""01a07757-9330-7793-a5c3-a94814ee9702"", ""code"": ""LOCKCEIL-01a0775793307793a5c3a9517023679b-779"", ""name"": ""lock ceiling 779"", ""config"": {""is_account_set"": false, ""eventually_consistent"": false}, ""status"": ""active"", ""version"": 1, ""metadata"": null, ""description"": null, ""external_id"": null, ""normal_balance_type"": ""credit""}}",,2026-09-06 15:30:23.414343+00
01a07757-9330-7793-a5c3-a9698ed1e7b6,1,initialized,"{""type"": ""initialized"", ""values"": {""id"": ""01a07757-9330-7793-a5c3-a9698ed1e7b6"", ""code"": ""LOCKCEIL-01a0775793307793a5c3a97c02275193-780"", ""name"": ""lock ceiling 780"", ""config"": {""is_account_set"": false, ""eventually_consistent"": false}, ""status"": ""active"", ""version"": 1, ""metadata"": null, ""description"": null, ""external_id"": null, ""normal_balance_type"": ""credit""}}",,2026-09-06 15:30:23.414343+00
01a07757-9330-7793-a5c3-a987a5790c7f,1,initialized,"{""type"": ""initialized"", ""values"": {""id"": ""01a07757-9330-7793-a5c3-a987a5790c7f"", ""code"": ""LOCKCEIL-01a0775793307793a5c3a9904ec066c6-781"", ""name"": ""lock ceiling 781"", ""config"": {""is_account_set"": false, ""eventually_consistent"": false}, ""status"": ""active"", ""version"": 1, ""metadata"": null, ""description"": null, ""external_id"": null, ""normal_balance_type"": ""credit""}}",,2026-09-06 15:30:23.414343+00
01a07757-9330-7793-a5c3-a9ab547f19c3,1,initialized,"{""type"": ""initialized"", ""values"": {""id"": ""01a07757-9330-7793-a5c3-a9ab547f19c3"", ""code"": ""LOCKCEIL-01a0775793307793a5c3a9bb9efc67cd-782"", ""name"": ""lock ceiling 782"", ""config"": {""is_account_set"": false, ""eventually_consistent"": false}, ""status"": ""active"", ""version"": 1, ""metadata"": null, ""description"": null, ""external_id"": null, ""normal_balance_type"": ""credit""}}",,2026-09-06 15:30:23.414343+00
01a07757-9330-7793-a5c3-a9ca26e87c7b,1,initialized,"{""type"": ""initialized"", ""values"": {""id"": ""01a07757-9330-7793-a5c3-a9ca26e87c7b"", ""code"": ""LOCKCEIL-01a0775793307793a5c3a9d17ff8091c-783"", ""name"": ""lock ceiling 783"", ""config"": {""is_account_set"": false, ""eventually_consistent"": false}, ""status"": ""active"", ""version"": 1, ""metadata"": null, ""description"": null, ""external_id"": null, ""normal_balance_type"": ""credit""}}",,2026-09-06 15:30:23.414343+00
01a07757-9330-7793-a5c3-a9e697d06d2a,1,initialized,"{""type"": ""initialized"", ""values"": {""id"": ""01a07757-9330-7793-a5c3-a9e697d06d2a"", ""code"": ""LOCKCEIL-01a0775793307793a5c3a9f7bdc09177-784"", ""name"": ""lock ceiling 784"", ""config"": {""is_account_set"": false, ""eventually_consistent"": false}, ""status"": ""active"", ""version"": 1, ""metadata"": null, ""description"": null, ""external_id"": null, ""normal_balance_type"": ""credit""}}",,2026-09-06 15:30:23.414343+00
01a07757-9330-7793-a5c3-aa03acad6e89,1,initialized,"{""type"": ""initialized"", ""values"": {""id"": ""01a07757-9330-7793-a5c3-aa03acad6e89"", ""code"": ""LOCKCEIL-01a0775793307793a5c3aa154a4ffe30-785"", ""name"": ""lock ceiling 785"", ""config"": {""is_account_set"": false, ""eventually_consistent"": false}, ""status"": ""active"", ""version"": 1, ""metadata"": null, ""description"": null, ""external_id"": null, ""normal_balance_type"": ""credit""}}",,2026-09-06 15:30:23.414343+00
01a07757-9330-7793-a5c3-aa241587814b,1,initialized,"{""type"": ""initialized"", ""values"": {""id"": ""01a07757-9330-7793-a5c3-aa241587814b"", ""code"": ""LOCKCEIL-01a0775793307793a5c3aa3b5fdc5bc9-786"", ""name"": ""lock ceiling 786"", ""config"": {""is_account_set"": false, ""eventually_consistent"": false}, ""status"": ""active"", ""version"": 1, ""metadata"": null, ""description"": null, ""external_id"": null, ""normal_balance_type"": ""credit""}}",,2026-09-06 15:30:23.414343+00
01a07757-9330-7793-a5c3-aa439256ec62,1,initialized,"{""type"": ""initialized"", ""values"": {""id"": ""01a07757-9330-7793-a5c3-aa439256ec62"", ""code"": ""LOCKCEIL-01a0775793357dd198521f6d01152915-787"", ""name"": ""lock ceiling 787"", ""config"": {""is_account_set"": false, ""eventually_consistent"": false}, ""status"": ""active"", ""version"": 1, ""metadata"": null, ""description"": null, ""external_id"": null, ""normal_balance_type"": ""credit""}}",,2026-09-06 15:30:23.414343+00
01a07757-9335-7dd1-9852-1f7511de441f,1,initialized,"{""type"": ""initialized"", ""values"": {""id"": ""01a07757-9335-7dd1-9852-1f7511de441f"", ""code"": ""LOCKCEIL-01a0775793357dd198521f86080846df-788"", ""name"": ""lock ceiling 788"", ""config"": {""is_account_set"": false, ""eventually_consistent"": false}, ""status"": ""active"", ""version"": 1, ""metadata"": null, ""description"": null, ""external_id"": null, ""normal_balance_type"": ""credit""}}",,2026-09-06 15:30:23.414343+00
01a07757-9335-7dd1-9852-1f9bf8077df7,1,initialized,"{""type"": ""initialized"", ""values"": {""id"": ""01a07757-9335-7dd1-9852-1f9bf8077df7"", ""code"": ""LOCKCEIL-01a0775793357dd198521fa7f6419723-789"", ""name"": ""lock ceiling 789"", ""config"": {""is_account_set"": false, ""eventually_consistent"": false}, ""status"": ""active"", ""version"": 1, ""metadata"": null, ""description"": null, ""external_id"": null, ""normal_balance_type"": ""credit""}}",,2026-09-06 15:30:23.414343+00
01a07757-9335-7dd1-9852-1fb7a4315aa0,1,initialized,"{""type"": ""initialized"", ""values"": {""id"": ""01a07757-9335-7dd1-9852-1fb7a4315aa0"", ""code"": ""LOCKCEIL-01a0775793357dd198521fc57601eda5-790"", ""name"": ""lock ceiling 790"", ""config"": {""is_account_set"": false, ""eventually_consistent"": false}, ""status"": ""active"", ""version"": 1, ""metadata"": null, ""description"": null, ""external_id"": null, ""normal_balance_type"": ""credit""}}",,2026-09-06 15:30:23.414343+00
01a07757-9335-7dd1-9852-1fd48dc6417f,1,initialized,"{""type"": ""initialized"", ""values"": {""id"": ""01a07757-9335-7dd1-9852-1fd48dc6417f"", ""code"": ""LOCKCEIL-01a0775793357dd198521fe28c379ff3-791"", ""name"": ""lock ceiling 791"", ""config"": {""is_account_set"": false, ""eventually_consistent"": false}, ""status"": ""active"", ""version"": 1, ""metadata"": null, ""description"": null, ""external_id"": null, ""normal_balance_type"": ""credit""}}",,2026-09-06 15:30:23.414343+00
01a07757-9335-7dd1-9852-1ff7f3412e66,1,initialized,"{""type"": ""initialized"", ""values"": {""id"": ""01a07757-9335-7dd1-9852-1ff7f3412e66"", ""code"": ""LOCKCEIL-01a0775793357dd1985220074b850f09-792"", ""name"": ""lock ceiling 792"", ""config"": {""is_account_set"": false, ""eventually_consistent"": false}, ""status"": ""active"", ""version"": 1, ""metadata"": null, ""description"": null, ""external_id"": null, ""normal_balance_type"": ""credit""}}",,2026-09-06 15:30:23.414343+00
01a07757-9335-7dd1-9852-201e1bd49ac6,1,initialized,"{""type"": ""initialized"", ""values"": {""id"": ""01a07757-9335-7dd1-9852-201e1bd49ac6"", ""code"": ""LOCKCEIL-01a0775793357dd19852202e96a24284-793"", ""name"": ""lock ceiling 793"", ""config"": {""is_account_set"": false, ""eventually_consistent"": false}, ""status"": ""active"", ""version"": 1, ""metadata"": null, ""description"": null, ""external_id"": null, ""normal_balance_type"": ""credit""}}",,2026-09-06 15:30:23.414343+00
01a07757-9335-7dd1-9852-203c27bda557,1,initialized,"{""type"": ""initialized"", ""values"": {""id"": ""01a07757-9335-7dd1-9852-203c27bda557"", ""code"": ""LOCKCEIL-01a0775793357dd1985220490872958e-794"", ""name"": ""lock ceiling 794"", ""config"": {""is_account_set"": false, ""eventually_consistent"": false}, ""status"": ""active"", ""version"": 1, ""metadata"": null, ""description"": null, ""external_id"": null, ""normal_balance_type"": ""credit""}}",,2026-09-06 15:30:23.414343+00
01a07757-9335-7dd1-9852-2053fc8d200c,1,initialized,"{""type"": ""initialized"", ""values"": {""id"": ""01a07757-9335-7dd1-9852-2053fc8d200c"", ""code"": ""LOCKCEIL-01a0775793357dd1985220608b0c2dc1-795"", ""name"": ""lock ceiling 795"", ""config"": {""is_account_set"": false, ""eventually_consistent"": false}, ""status"": ""active"", ""version"": 1, ""metadata"": null, ""description"": null, ""external_id"": null, ""normal_balance_type"": ""credit""}}",,2026-09-06 15:30:23.414343+00
01a07757-9335-7dd1-9852-207268b4ad2e,1,initialized,"{""type"": ""initialized"", ""values"": {""id"": ""01a07757-9335-7dd1-9852-207268b4ad2e"", ""code"": ""LOCKCEIL-01a0775793357dd19852208e1201a12a-796"", ""name"": ""lock ceiling 796"", ""config"": {""is_account_set"": false, ""eventually_consistent"": false}, ""status"": ""active"", ""version"": 1, ""metadata"": null, ""description"": null, ""external_id"": null, ""normal_balance_type"": ""credit""}}",,2026-09-06 15:30:23.414343+00
01a07757-9335-7dd1-9852-209071baf227,1,initialized,"{""type"": ""initialized"", ""values"": {""id"": ""01a07757-9335-7dd1-9852-209071baf227"", ""code"": ""LOCKCEIL-01a0775793357dd1985220a62abd41a3-797"", ""name"": ""lock ceiling 797"", ""config"": {""is_account_set"": false, ""eventually_consistent"": false}, ""status"": ""active"", ""version"": 1, ""metadata"": null, ""description"": null, ""external_id"": null, ""normal_balance_type"": ""credit""}}",,2026-09-06 15:30:23.414343+00
01a07757-9335-7dd1-9852-20bf62f7e259,1,initialized,"{""type"": ""initialized"", ""values"": {""id"": ""01a07757-9335-7dd1-9852-20bf62f7e259"", ""code"": ""LOCKCEIL-01a0775793357dd1985220c470edf37f-798"", ""name"": ""lock ceiling 798"", ""config"": {""is_account_set"": false, ""eventually_consistent"": false}, ""status"": ""active"", ""version"": 1, ""metadata"": null, ""description"": null, ""external_id"": null, ""normal_balance_type"": ""credit""}}",,2026-09-06 15:30:23.414343+00
01a07757-9335-7dd1-9852-20d06932345c,1,initialized,"{""type"": ""initialized"", ""values"": {""id"": ""01a07757-9335-7dd1-9852-20d06932345c"", ""code"": ""LOCKCEIL-01a0775793357dd1985220e0e79f853a-799"", ""name"": ""lock ceiling 799"", ""config"": {""is_account_set"": false, ""eventually_consistent"": false}, ""status"": ""active"", ""version"": 1, ""metadata"": null, ""description"": null, ""external_id"": null, ""normal_balance_type"": ""credit""}}",,2026-09-06 15:30:23.414343+00
01a07757-9430-76b3-a30a-1ef657dd44bf,1,initialized,"{""type"": ""initialized"", ""values"": {""id"": ""01a07757-9430-76b3-a30a-1ef657dd44bf"", ""code"": ""g2EkKmUxm6YBh4pYjCkvYoDrvXq5g8Cl"", ""name"": ""Test Sender Account g2EkKmUxm6YBh4pYjCkvYoDrvXq5g8Cl"", ""config"": {""is_account_set"": false, ""eventually_consistent"": false}, ""status"": ""active"", ""version"": 1, ""metadata"": null, ""description"": null, ""external_id"": null, ""normal_balance_type"": ""credit""}}",,2026-09-06 15:30:23.80196+00
01a07757-9430-76b3-a30a-1f0df2c6e311,1,initialized,"{""type"": ""initialized"", ""values"": {""id"": ""01a07757-9430-76b3-a30a-1f0df2c6e311"", ""code"": ""DrJNAXHZqAOxYOlHaeVP2VYcErEHVMDo"", ""name"": ""Test Recipient Account DrJNAXHZqAOxYOlHaeVP2VYcErEHVMDo"", ""config"": {""is_account_set"": false, ""eventually_consistent"": false}, ""status"": ""active"", ""version"": 1, ""metadata"": null, ""description"": null, ""external_id"": null, ""normal_balance_type"": ""credit""}}",,2026-09-06 15:30:24.198677+00
01a07757-94cb-7a71-8025-1e6170713cbd,1,initialized,"{""type"": ""initialized"", ""values"": {""id"": ""01a07757-94cb-7a71-8025-1e6170713cbd"", ""code"": ""MhDli1r8IUoRIDlc7hi3hqdv1aexqYWW"", ""name"": ""Test Sender Account MhDli1r8IUoRIDlc7hi3hqdv1aexqYWW"", ""config"": {""is_account_set"": false, ""eventually_consistent"": false}, ""status"": ""active"", ""version"": 1, ""metadata"": null, ""description"": null, ""external_id"": null, ""normal_balance_type"": ""credit""}}",,2026-09-06 15:30:23.565359+00
01a07757-94cb-7a71-8025-1e74326e8719,1,initialized,"{""type"": ""initialized"", ""values"": {""id"": ""01a07757-94cb-7a71-8025-1e74326e8719"", ""code"": ""mcI42qyuqMsojrptv8z82B2NUWK9kKDO"", ""name"": ""Test Recipient Account mcI42qyuqMsojrptv8z82B2NUWK9kKDO"", ""config"": {""is_account_set"": false, ""eventually_consistent"": false}, ""status"": ""active"", ""version"": 1, ""metadata"": null, ""description"": null, ""external_id"": null, ""normal_balance_type"": ""credit""}}",,2026-09-06 15:30:23.598023+00
01a07757-9584-7b31-bacf-c0958de5b894,1,initialized,"{""type"": ""initialized"", ""values"": {""id"": ""01a07757-9584-7b31-bacf-c0958de5b894"", ""code"": ""JqweveTii0mxmT76UKzRFXUD5cT42yHE"", ""name"": ""Test Sender Account JqweveTii0mxmT76UKzRFXUD5cT42yHE"", ""config"": {""is_account_set"": false, ""eventually_consistent"": false}, ""status"": ""active"", ""version"": 1, ""metadata"": null, ""description"": null, ""external_id"": null, ""normal_balance_type"": ""credit""}}",,2026-09-06 15:30:23.751347+00
01a07757-9584-7b31-bacf-c0a2245aff4b,1,initialized,"{""type"": ""initialized"", ""values"": {""id"": ""01a07757-9584-7b31-bacf-c0a2245aff4b"", ""code"": ""n5wzIKSVwyu81GCgKicmdqJDv6B201SC"", ""name"": ""Test Recipient Account n5wzIKSVwyu81GCgKicmdqJDv6B201SC"", ""config"": {""is_account_set"": false, ""eventually_consistent"": false}, ""status"": ""active"", ""version"": 1, ""metadata"": null, ""description"": null, ""external_id"": null, ""normal_balance_type"": ""credit""}}",,2026-09-06 15:30:23.806319+00
01a07757-9633-76f3-8404-0322135d85aa,1,initialized,"{""type"": ""initialized"", ""values"": {""id"": ""01a07757-9633-76f3-8404-0322135d85aa"", ""code"": ""Qmykq93SDmQuVHWYYZOmharVuR8kWFhe"", ""name"": ""Test Sender Account Qmykq93SDmQuVHWYYZOmharVuR8kWFhe"", ""config"": {""is_account_set"": false, ""eventually_consistent"": false}, ""status"": ""active"", ""version"": 1, ""metadata"": null, ""description"": null, ""external_id"": null, ""normal_balance_type"": ""credit""}}",,2026-09-06 15:30:24.761285+00
01a07757-9633-76f3-8404-033f19608cbc,1,initialized,"{""type"": ""initialized"", ""values"": {""id"": ""01a07757-9633-76f3-8404-033f19608cbc"", ""code"": ""HYDQJohW2GJrk8WW5HtugbV79crD4eWg"", ""name"": ""Test Recipient Account HYDQJohW2GJrk8WW5HtugbV79crD4eWg"", ""config"": {""is_account_set"": false, ""eventually_consistent"": false}, ""status"": ""active"", ""version"": 1, ""metadata"": null, ""description"": null, ""external_id"": null, ""normal_balance_type"": ""credit""}}",,2026-09-06 15:30:25.039697+00
01a07757-97a2-7842-b767-ad5761d52c3a,1,initialized,"{""type"": ""initialized"", ""values"": {""id"": ""01a07757-97a2-7842-b767-ad5761d52c3a"", ""code"": ""01a07757-97a2-7842-b767-ad5761d52c3a"", ""name"": """", ""config"": {""is_account_set"": true, ""eventually_consistent"": false}, ""status"": ""active"", ""version"": 1, ""metadata"": null, ""description"": null, ""external_id"": null, ""normal_balance_type"": ""credit""}}",,2026-09-06 15:30:24.293307+00
01a07757-97d9-72f2-ba56-681a89241c8d,1,initialized,"{""type"": ""initialized"", ""values"": {""id"": ""01a07757-97d9-72f2-ba56-681a89241c8d"", ""code"": ""01a07757-97d9-72f2-ba56-681a89241c8d"", ""name"": """", ""config"": {""is_account_set"": true, ""eventually_consistent"": false}, ""status"": ""active"", ""version"": 1, ""metadata"": null, ""description"": null, ""external_id"": null, ""normal_balance_type"": ""credit""}}",,2026-09-06 15:30:24.347905+00
01a07757-99ed-7ed1-ae3d-118ad6cefe40,1,initialized,"{""type"": ""initialized"", ""values"": {""id"": ""01a07757-99ed-7ed1-ae3d-118ad6cefe40"", ""code"": ""Km67aUv0zgvnuXJLnAr1S2x8fiTHSnTu"", ""name"": ""Test Sender Account Km67aUv0zgvnuXJLnAr1S2x8fiTHSnTu"", ""config"": {""is_account_set"": false, ""eventually_consistent"": false}, ""status"": ""active"", ""version"": 1, ""metadata"": null, ""description"": null, ""external_id"": null, ""normal_balance_type"": ""credit""}}",,2026-09-06 15:30:24.87954+00
01a07757-99ed-7ed1-ae3d-119ff5e3e78e,1,initialized,"{""type"": ""initialized"", ""values"": {""id"": ""01a07757-99ed-7ed1-ae3d-119ff5e3e78e"", ""code"": ""nLudwOo1wL7g0i5aDDAzF7rBnAVUXA7z"", ""name"": ""Test Recipient Account nLudwOo1wL7g0i5aDDAzF7rBnAVUXA7z"", ""config"": {""is_account_set"": false, ""eventually_consistent"": false}, ""status"": ""active"", ""version"": 1, ""metadata"": null, ""description"": null, ""external_id"": null, ""normal_balance_type"": ""credit""}}",,2026-09-06 15:30:24.948839+00
01a07757-9abb-7a51-835e-7da2372de51e,1,initialized,"{""type"": ""initialized"", ""values"": {""id"": ""01a07757-9abb-7a51-835e-7da2372de51e"", ""code"": ""U8YDOO0BxtxTYqDvkzSRZg2FJLQ81IZV"", ""name"": ""Test Sender Account U8YDOO0BxtxTYqDvkzSRZg2FJLQ81IZV"", ""config"": {""is_account_set"": false, ""eventually_consistent"": false}, ""status"": ""active"", ""version"": 1, ""metadata"": null, ""description"": null, ""external_id"": null, ""normal_balance_type"": ""credit""}}",,2026-09-06 15:30:25.086755+00
01a07757-9abb-7a51-835e-7dbaef6c4ca3,1,initialized,"{""type"": ""initialized"", ""values"": {""id"": ""01a07757-9abb-7a51-835e-7dbaef6c4ca3"", ""code"": ""mxya4oE4IQazZHQkm8J5BpS03DYIylCG"", ""name"": ""Test Recipient Account mxya4oE4IQazZHQkm8J5BpS03DYIylCG"", ""config"": {""is_account_set"": false, ""eventually_consistent"": false}, ""status"": ""active"", ""version"": 1, ""metadata"": null, ""description"": null, ""external_id"": null, ""normal_balance_type"": ""credit""}}",,2026-09-06 15:30:25.153626+00
01a07757-9ac5-7420-9095-3f22fe6f4e43,1,initialized,"{""type"": ""initialized"", ""values"": {""id"": ""01a07757-9ac5-7420-9095-3f22fe6f4e43"", ""code"": ""q5al8BBtCR6rvd7HCzNnembyTBQerXYu"", ""name"": ""Test Sender Account q5al8BBtCR6rvd7HCzNnembyTBQerXYu"", ""config"": {""is_account_set"": false, ""eventually_consistent"": false}, ""status"": ""active"", ""version"": 1, ""metadata"": null, ""description"": null, ""external_id"": null, ""normal_balance_type"": ""credit""}}",,2026-09-06 15:30:25.104281+00
01a07757-9ac5-7420-9095-3f583ef823c3,1,initialized,"{""type"": ""initialized"", ""values"": {""id"": ""01a07757-9ac5-7420-9095-3f583ef823c3"", ""code"": ""M2LZX0gzwh3o3gvCDPakPySyJeNmoUOh"", ""name"": ""Test Recipient Account M2LZX0gzwh3o3gvCDPakPySyJeNmoUOh"", ""config"": {""is_account_set"": false, ""eventually_consistent"": false}, ""status"": ""active"", ""version"": 1, ""metadata"": null, ""description"": null, ""external_id"": null, ""normal_balance_type"": ""credit""}}",,2026-09-06 15:30:25.505627+00
01a07757-9d0c-7a21-91f4-6213ed06ddd5,1,initialized,"{""type"": ""initialized"", ""values"": {""id"": ""01a07757-9d0c-7a21-91f4-6213ed06ddd5"", ""code"": ""BATCH-DEADLOCK-0-0WkKO9DrbomJbsAfitXQ1B2x"", ""name"": ""batch deadlock probe 0"", ""config"": {""is_account_set"": false, ""eventually_consistent"": false}, ""status"": ""active"", ""version"": 1, ""metadata"": null, ""description"": null, ""external_id"": null, ""normal_balance_type"": ""credit""}}",,2026-09-06 15:30:25.743162+00
01a07757-9d99-75a1-ab8c-1e3d5be60add,1,initialized,"{""type"": ""initialized"", ""values"": {""id"": ""01a07757-9d99-75a1-ab8c-1e3d5be60add"", ""code"": ""BATCH-DEADLOCK-1-IZOAggP9IuthGdvjuz31NWPM"", ""name"": ""batch deadlock probe 1"", ""config"": {""is_account_set"": false, ""eventually_consistent"": false}, ""status"": ""active"", ""version"": 1, ""metadata"": null, ""description"": null, ""external_id"": null, ""normal_balance_type"": ""credit""}}",,2026-09-06 15:30:25.818321+00
01a07757-9db2-7eb2-957e-31c7c8a22794,1,initialized,"{""type"": ""initialized"", ""values"": {""id"": ""01a07757-9db2-7eb2-957e-31c7c8a22794"", ""code"": ""BATCH-DEADLOCK-2-j1TM4CSGZFMutf7jFrcr3aCb"", ""name"": ""batch deadlock probe 2"", ""config"": {""is_account_set"": false, ""eventually_consistent"": false}, ""status"": ""active"", ""version"": 1, ""metadata"": null, ""description"": null, ""external_id"": null, ""normal_balance_type"": ""credit""}}",,2026-09-06 15:30:25.844048+00
01a07757-9dcb-76e1-8828-1f242afd1d85,1,initialized,"{""type"": ""initialized"", ""values"": {""id"": ""01a07757-9dcb-76e1-8828-1f242afd1d85"", ""code"": ""BATCH-DEADLOCK-3-TbPinAExT5Le95pjD4Y19Llz"", ""name"": ""batch deadlock probe 3"", ""config"": {""is_account_set"": false, ""eventually_consistent"": false}, ""status"": ""active"", ""version"": 1, ""metadata"": null, ""description"": null, ""external_id"": null, ""normal_balance_type"": ""credit""}}",,2026-09-06 15:30:25.868876+00
01a07757-9dea-7652-b802-95683ec3887c,1,initialized,"{""type"": ""initialized"", ""values"": {""id"": ""01a07757-9dea-7652-b802-95683ec3887c"", ""code"": ""BATCH-DEADLOCK-4-AmmmAGLIezBaJTyooqkOTlVm"", ""name"": ""batch deadlock probe 4"", ""config"": {""is_account_set"": false, ""eventually_consistent"": false}, ""status"": ""active"", ""version"": 1, ""metadata"": null, ""description"": null, ""external_id"": null, ""normal_balance_type"": ""credit""}}",,2026-09-06 15:30:25.898626+00
01a07757-9df2-7483-9d35-d23aae7110aa,1,initialized,"{""type"": ""initialized"", ""values"": {""id"": ""01a07757-9df2-7483-9d35-d23aae7110aa"", ""code"": ""BATCH-DEADLOCK-5-QUbJb84tznIVgcZUWmMkCSih"", ""name"": ""batch deadlock probe 5"", ""config"": {""is_account_set"": false, ""eventually_consistent"": false}, ""status"": ""active"", ""version"": 1, ""metadata"": null, ""description"": null, ""external_id"": null, ""normal_balance_type"": ""credit""}}",,2026-09-06 15:30:25.909644+00
01a07757-9ee7-7431-ae4c-4a78289e1cd7,1,initialized,"{""type"": ""initialized"", ""values"": {""id"": ""01a07757-9ee7-7431-ae4c-4a78289e1cd7"", ""code"": ""Dblgggn0hZwID3eXNelRGf2mn6CkUBBp"", ""name"": ""Test Sender Account Dblgggn0hZwID3eXNelRGf2mn6CkUBBp"", ""config"": {""is_account_set"": false, ""eventually_consistent"": false}, ""status"": ""active"", ""version"": 1, ""metadata"": null, ""description"": null, ""external_id"": null, ""normal_balance_type"": ""credit""}}",,2026-09-06 15:30:26.156749+00
01a07757-9ee7-7431-ae4c-4a8b69d44c16,1,initialized,"{""type"": ""initialized"", ""values"": {""id"": ""01a07757-9ee7-7431-ae4c-4a8b69d44c16"", ""code"": ""fclNpe8lw2ZGAOexOO4yc3cii9tQeJOm"", ""name"": ""Test Recipient Account fclNpe8lw2ZGAOexOO4yc3cii9tQeJOm"", ""config"": {""is_account_set"": false, ""eventually_consistent"": false}, ""status"": ""active"", ""version"": 1, ""metadata"": null, ""description"": null, ""external_id"": null, ""normal_balance_type"": ""credit""}}",,2026-09-06 15:30:26.184292+00
01a07757-9f1c-7f63-a99b-7043eb2e05c2,1,initialized,"{""type"": ""initialized"", ""values"": {""id"": ""01a07757-9f1c-7f63-a99b-7043eb2e05c2"", ""code"": ""h8TBiuPEpK0UtjkOrmHFydp7wnl0F44t"", ""name"": ""Test Sender Account h8TBiuPEpK0UtjkOrmHFydp7wnl0F44t"", ""config"": {""is_account_set"": false, ""eventually_consistent"": false}, ""status"": ""active"", ""version"": 1, ""metadata"": null, ""description"": null, ""external_id"": null, ""normal_balance_type"": ""credit""}}",,2026-09-06 15:30:26.205571+00
01a07757-9f1c-7f63-a99b-7056e80381fa,1,initialized,"{""type"": ""initialized"", ""values"": {""id"": ""01a07757-9f1c-7f63-a99b-7056e80381fa"", ""code"": ""OUAhzNZ4yZX50M1dmKcszv8kF4eq9KdJ"", ""name"": ""Test Recipient Account OUAhzNZ4yZX50M1dmKcszv8kF4eq9KdJ"", ""config"": {""is_account_set"": false, ""eventually_consistent"": false}, ""status"": ""active"", ""version"": 1, ""metadata"": null, ""description"": null, ""external_id"": null, ""normal_balance_type"": ""credit""}}",,2026-09-06 15:30:26.241597+00
01a07757-a178-7831-a643-043837875841,1,initialized,"{""type"": ""initialized"", ""values"": {""id"": ""01a07757-a178-7831-a643-043837875841"", ""code"": ""c8tm9fCH6KUQ39u4wELksugK1RFP6h2Q"", ""name"": ""Test Sender Account c8tm9fCH6KUQ39u4wELksugK1RFP6h2Q"", ""config"": {""is_account_set"": false, ""eventually_consistent"": false}, ""status"": ""active"", ""version"": 1, ""metadata"": null, ""description"": null, ""external_id"": null, ""normal_balance_type"": ""credit""}}",,2026-09-06 15:30:26.810139+00
01a07757-a178-7831-a643-044cace65721,1,initialized,"{""type"": ""initialized"", ""values"": {""id"": ""01a07757-a178-7831-a643-044cace65721"", ""code"": ""dd54kSa5zbuFIg76mVAK6vLQ9IAqE5Wo"", ""name"": ""Test Recipient Account dd54kSa5zbuFIg76mVAK6vLQ9IAqE5Wo"", ""config"": {""is_account_set"": false, ""eventually_consistent"": false}, ""status"": ""active"", ""version"": 1, ""metadata"": null, ""description"": null, ""external_id"": null, ""normal_balance_type"": ""credit""}}",,2026-09-06 15:30:26.861603+00
01a07757-a1d2-7513-bd3d-b4cef69775ad,1,initialized,"{""type"": ""initialized"", ""values"": {""id"": ""01a07757-a1d2-7513-bd3d-b4cef69775ad"", ""code"": ""QHWcp7o8vRHcg71qQjpXoC6VSBb2rdoi"", ""name"": ""Test Sender Account QHWcp7o8vRHcg71qQjpXoC6VSBb2rdoi"", ""config"": {""is_account_set"": false, ""eventually_consistent"": false}, ""status"": ""active"", ""version"": 1, ""metadata"": null, ""description"": null, ""external_id"": null, ""normal_balance_type"": ""credit""}}",,2026-09-06 15:30:26.899173+00
01a07757-a1d2-7513-bd3d-b4d9b0bf6124,1,initialized,"{""type"": ""initialized"", ""values"": {""id"": ""01a07757-a1d2-7513-bd3d-b4d9b0bf6124"", ""code"": ""mocTMBkZbDLFDfgQVVuIT0qehWD3nVBp"", ""name"": ""Test Recipient Account mocTMBkZbDLFDfgQVVuIT0qehWD3nVBp"", ""config"": {""is_account_set"": false, ""eventually_consistent"": false}, ""status"": ""active"", ""version"": 1, ""metadata"": null, ""description"": null, ""external_id"": null, ""normal_balance_type"": ""credit""}}",,2026-09-06 15:30:26.917566+00
01a07757-ab6b-7482-802c-077b044f6709,1,initialized,"{""type"": ""initialized"", ""values"": {""id"": ""01a07757-ab6b-7482-802c-077b044f6709"", ""code"": ""tASXQqRFAQboEXhr9SpJmW2NagmZRB1F"", ""name"": ""Test Sender Account tASXQqRFAQboEXhr9SpJmW2NagmZRB1F"", ""config"": {""is_account_set"": false, ""eventually_consistent"": false}, ""status"": ""active"", ""version"": 1, ""metadata"": null, ""description"": null, ""external_id"": null, ""normal_balance_type"": ""credit""}}",,2026-09-06 15:30:29.356467+00
01a07757-ab6b-7482-802c-0786f35281d2,1,initialized,"{""type"": ""initialized"", ""values"": {""id"": ""01a07757-ab6b-7482-802c-0786f35281d2"", ""code"": ""2X2PR3QpbfT0MPMpnGqqn0ClOB3Ng2Dg"", ""name"": ""Test Recipient Account 2X2PR3QpbfT0MPMpnGqqn0ClOB3Ng2Dg"", ""config"": {""is_account_set"": false, ""eventually_consistent"": false}, ""status"": ""active"", ""version"": 1, ""metadata"": null, ""description"": null, ""external_id"": null, ""normal_balance_type"": ""credit""}}",,2026-09-06 15:30:29.371837+00
01a07757-b309-7140-a6cc-05135f5aeeaf,1,initialized,"{""type"": ""initialized"", ""values"": {""id"": ""01a07757-b309-7140-a6cc-05135f5aeeaf"", ""code"": ""01a07757-b309-7140-a6cc-05135f5aeeaf"", ""name"": """", ""config"": {""is_account_set"": true, ""eventually_consistent"": false}, ""status"": ""active"", ""version"": 1, ""metadata"": null, ""description"": null, ""external_id"": null, ""normal_balance_type"": ""credit""}}",,2026-09-06 15:30:31.307266+00
01a07757-b309-7140-a6cc-052c99f2cbd2,1,initialized,"{""type"": ""initialized"", ""values"": {""id"": ""01a07757-b309-7140-a6cc-052c99f2cbd2"", ""code"": ""01a07757-b309-7140-a6cc-052c99f2cbd2"", ""name"": """", ""config"": {""is_account_set"": true, ""eventually_consistent"": false}, ""status"": ""active"", ""version"": 1, ""metadata"": null, ""description"": null, ""external_id"": null, ""normal_balance_type"": ""credit""}}",,2026-09-06 15:30:31.307266+00
01a07757-b358-7343-b1a0-2ec327c37188,1,initialized,"{""type"": ""initialized"", ""values"": {""id"": ""01a07757-b358-7343-b1a0-2ec327c37188"", ""code"": ""y6diTVebqewb3KmrR0AGr0yK9cyafB3g"", ""name"": ""Test Sender Account y6diTVebqewb3KmrR0AGr0yK9cyafB3g"", ""config"": {""is_account_set"": false, ""eventually_consistent"": false}, ""status"": ""active"", ""version"": 1, ""metadata"": null, ""description"": null, ""external_id"": null, ""normal_balance_type"": ""credit""}}",,2026-09-06 15:30:31.391294+00
01a07757-b369-7b70-b2ca-d0f16fd1d1f8,1,initialized,"{""type"": ""initialized"", ""values"": {""id"": ""01a07757-b369-7b70-b2ca-d0f16fd1d1f8"", ""code"": ""01a07757-b369-7b70-b2ca-d0f16fd1d1f8"", ""name"": """", ""config"": {""is_account_set"": true, ""eventually_consistent"": false}, ""status"": ""active"", ""version"": 1, ""metadata"": null, ""description"": null, ""external_id"": null, ""normal_balance_type"": ""credit""}}",,2026-09-06 15:30:31.403563+00
01a07757-b386-7fb0-a5dc-16eeefc27125,1,initialized,"{""type"": ""initialized"", ""values"": {""id"": ""01a07757-b386-7fb0-a5dc-16eeefc27125"", ""code"": ""pGN5M4Xdh3Q2RdcLg0epBkhXYkYhI5XG"", ""name"": ""Test Recipient Account pGN5M4Xdh3Q2RdcLg0epBkhXYkYhI5XG"", ""config"": {""is_account_set"": false, ""eventually_consistent"": false}, ""status"": ""active"", ""version"": 1, ""metadata"": null, ""description"": null, ""external_id"": null, ""normal_balance_type"": ""credit""}}",,2026-09-06 15:30:31.431287+00
01a07757-b38e-7151-85ae-c45d30c4f341,1,initialized,"{""type"": ""initialized"", ""values"": {""id"": ""01a07757-b38e-7151-85ae-c45d30c4f341"", ""code"": ""HBIFiCb9Oqf3ZY89ozlQ3SmSrNJElfmV"", ""name"": ""Test Sender Account HBIFiCb9Oqf3ZY89ozlQ3SmSrNJElfmV"", ""config"": {""is_account_set"": false, ""eventually_consistent"": false}, ""status"": ""active"", ""version"": 1, ""metadata"": null, ""description"": null, ""external_id"": null, ""normal_balance_type"": ""credit""}}",,2026-09-06 15:30:31.440218+00
01a07757-b393-73a3-8652-9076c401b7da,1,initialized,"{""type"": ""initialized"", ""values"": {""id"": ""01a07757-b393-73a3-8652-9076c401b7da"", ""code"": ""HcJjv9gffE0KowkWvNrF96k5ZGmgkfqp"", ""name"": ""Test Sender Account HcJjv9gffE0KowkWvNrF96k5ZGmgkfqp"", ""config"": {""is_account_set"": false, ""eventually_consistent"": false}, ""status"": ""active"", ""version"": 1, ""metadata"": null, ""description"": null, ""external_id"": null, ""normal_balance_type"": ""credit""}}",,2026-09-06 15:30:31.444882+00
01a07757-b3b2-7411-8d1d-c813e3a4a2b7,1,initialized,"{""type"": ""initialized"", ""values"": {""id"": ""01a07757-b3b2-7411-8d1d-c813e3a4a2b7"", ""code"": ""F0Iyfd9Duc8U4uO5fY1vVH7CmU9RmFyT"", ""name"": ""Test Recipient Account F0Iyfd9Duc8U4uO5fY1vVH7CmU9RmFyT"", ""config"": {""is_account_set"": false, ""eventually_consistent"": false}, ""status"": ""active"", ""version"": 1, ""metadata"": null, ""description"": null, ""external_id"": null, ""normal_balance_type"": ""credit""}}",,2026-09-06 15:30:31.480941+00
01a07757-b3b9-7920-bc1d-617123534ac6,1,initialized,"{""type"": ""initialized"", ""values"": {""id"": ""01a07757-b3b9-7920-bc1d-617123534ac6"", ""code"": ""mWPZ8U6ud3JAkMDN1VuZSSXJYInnG4HJ"", ""name"": ""Test Sender Account mWPZ8U6ud3JAkMDN1VuZSSXJYInnG4HJ"", ""config"": {""is_account_set"": false, ""eventually_consistent"": false}, ""status"": ""active"", ""version"": 1, ""metadata"": null, ""description"": null, ""external_id"": null, ""normal_balance_type"": ""credit""}}",,2026-09-06 15:30:31.484513+00
01a07757-b3ff-78c0-8239-7422dcc7ad06,1,initialized,"{""type"": ""initialized"", ""values"": {""id"": ""01a07757-b3ff-78c0-8239-7422dcc7ad06"", ""code"": ""8bQ46nOV1dSIqmvQBw9qUixeCC3dnlEJ"", ""name"": ""Test Sender Account 8bQ46nOV1dSIqmvQBw9qUixeCC3dnlEJ"", ""config"": {""is_account_set"": false, ""eventually_consistent"": false}, ""status"": ""active"", ""version"": 1, ""metadata"": null, ""description"": null, ""external_id"": null, ""normal_balance_type"": ""credit""}}",,2026-09-06 15:30:31.553273+00
01a07757-b463-7bd0-bed9-2da829223d06,1,initialized,"{""type"": ""initialized"", ""values"": {""id"": ""01a07757-b463-7bd0-bed9-2da829223d06"", ""code"": ""jQbnMoRAHOb57UrLy5srLeB0VlASGxm0"", ""name"": ""Test Sender Account jQbnMoRAHOb57UrLy5srLeB0VlASGxm0"", ""config"": {""is_account_set"": false, ""eventually_consistent"": false}, ""status"": ""active"", ""version"": 1, ""metadata"": null, ""description"": null, ""external_id"": null, ""normal_balance_type"": ""credit""}}",,2026-09-06 15:30:31.654268+00
01a07757-b463-7bd0-bed9-2db0ecedb54c,1,initialized,"{""type"": ""initialized"", ""values"": {""id"": ""01a07757-b463-7bd0-bed9-2db0ecedb54c"", ""code"": ""d57v43XruV6e7loizXEIcV1vNMeMqVku"", ""name"": ""Test Recipient Account d57v43XruV6e7loizXEIcV1vNMeMqVku"", ""config"": {""is_account_set"": false, ""eventually_consistent"": false}, ""status"": ""active"", ""version"": 1, ""metadata"": null, ""description"": null, ""external_id"": null, ""normal_balance_type"": ""credit""}}",,2026-09-06 15:30:31.70419+00
01a07757-b4a0-75c2-bff0-7ba33560827f,1,initialized,"{""type"": ""initialized"", ""values"": {""id"": ""01a07757-b4a0-75c2-bff0-7ba33560827f"", ""code"": ""UPnIv74iEyinhJCd2QkbUnQSuxarDGoI"", ""name"": ""Test Sender Account UPnIv74iEyinhJCd2QkbUnQSuxarDGoI"", ""config"": {""is_account_set"": false, ""eventually_consistent"": false}, ""status"": ""active"", ""version"": 1, ""metadata"": null, ""description"": null, ""external_id"": null, ""normal_balance_type"": ""credit""}}",,2026-09-06 15:30:31.714267+00
01a07757-b4a1-7901-8742-6e44e8ac74d7,1,initialized,"{""type"": ""initialized"", ""values"": {""id"": ""01a07757-b4a1-7901-8742-6e44e8ac74d7"", ""code"": ""ap60fHOsagpsWYKUfot4m1zZy0lVnAgc"", ""name"": ""Test Sender Account ap60fHOsagpsWYKUfot4m1zZy0lVnAgc"", ""config"": {""is_account_set"": false, ""eventually_consistent"": false}, ""status"": ""active"", ""version"": 1, ""metadata"": null, ""description"": null, ""external_id"": null, ""normal_balance_type"": ""credit""}}",,2026-09-06 15:30:31.719696+00
01a07757-b4a1-7901-8742-6e527b44715c,1,initialized,"{""type"": ""initialized"", ""values"": {""id"": ""01a07757-b4a1-7901-8742-6e527b44715c"", ""code"": ""s5yz15TNEDupDrsRS67fwNz5hHfE7KwR"", ""name"": ""Test Recipient Account s5yz15TNEDupDrsRS67fwNz5hHfE7KwR"", ""config"": {""is_account_set"": false, ""eventually_consistent"": false}, ""status"": ""active"", ""version"": 1, ""metadata"": null, ""description"": null, ""external_id"": null, ""normal_balance_type"": ""credit""}}",,2026-09-06 15:30:31.791273+00
01a07757-b4d0-7262-86de-59c8ecfcda09,1,initialized,"{""type"": ""initialized"", ""values"": {""id"": ""01a07757-b4d0-7262-86de-59c8ecfcda09"", ""code"": ""h5oaOQOLtPOC7GI6m8KYONCA5DC0dKW2"", ""name"": ""Test Sender Account h5oaOQOLtPOC7GI6m8KYONCA5DC0dKW2"", ""config"": {""is_account_set"": false, ""eventually_consistent"": false}, ""status"": ""active"", ""version"": 1, ""metadata"": null, ""description"": null, ""external_id"": null, ""normal_balance_type"": ""credit""}}",,2026-09-06 15:30:31.774478+00
01a07757-b4de-7ae1-a441-6e5a9cac06b3,1,initialized,"{""type"": ""initialized"", ""values"": {""id"": ""01a07757-b4de-7ae1-a441-6e5a9cac06b3"", ""code"": ""01a07757-b4de-7ae1-a441-6e5a9cac06b3"", ""name"": """", ""config"": {""is_account_set"": true, ""eventually_consistent"": false}, ""status"": ""active"", ""version"": 1, ""metadata"": null, ""description"": null, ""external_id"": null, ""normal_balance_type"": ""credit""}}",,2026-09-06 15:30:31.782299+00
01a07757-b543-7922-934b-5a5e11db248e,1,initialized,"{""type"": ""initialized"", ""values"": {""id"": ""01a07757-b543-7922-934b-5a5e11db248e"", ""code"": ""u4GW6k5AXeSTMyTO41RhRraMrjj3NLfw"", ""name"": ""Test Sender Account u4GW6k5AXeSTMyTO41RhRraMrjj3NLfw"", ""config"": {""is_account_set"": false, ""eventually_consistent"": false}, ""status"": ""active"", ""version"": 1, ""metadata"": null, ""description"": null, ""external_id"": null, ""normal_balance_type"": ""credit""}}",,2026-09-06 15:30:31.880773+00
01a07757-b58a-71c1-853e-369d3a18a3da,1,initialized,"{""type"": ""initialized"", ""values"": {""id"": ""01a07757-b58a-71c1-853e-369d3a18a3da"", ""code"": ""8ZHBBWhX4hyZxeDzzDyxClgSl3le27qc"", ""name"": ""Test Sender Account 8ZHBBWhX4hyZxeDzzDyxClgSl3le27qc"", ""config"": {""is_account_set"": false, ""eventually_consistent"": false}, ""status"": ""active"", ""version"": 1, ""metadata"": null, ""description"": null, ""external_id"": null, ""normal_balance_type"": ""credit""}}",,2026-09-06 15:30:31.948067+00
01a07757-b6ed-7dd1-99bf-49afe6e7a5a8,1,initialized,"{""type"": ""initialized"", ""values"": {""id"": ""01a07757-b6ed-7dd1-99bf-49afe6e7a5a8"", ""code"": ""QGAAkJwh5dceU3CCTwcaBYflyqvfrzKV"", ""name"": ""Test Sender Account QGAAkJwh5dceU3CCTwcaBYflyqvfrzKV"", ""config"": {""is_account_set"": false, ""eventually_consistent"": false}, ""status"": ""active"", ""version"": 1, ""metadata"": null, ""description"": null, ""external_id"": null, ""normal_balance_type"": ""credit""}}",,2026-09-06 15:30:32.306895+00
01a07757-b736-7b03-b961-3f23f14c7ab2,1,initialized,"{""type"": ""initialized"", ""values"": {""id"": ""01a07757-b736-7b03-b961-3f23f14c7ab2"", ""code"": ""2bGYvw0lAILrmUSiGvqfeEwlIkYIFj7A"", ""name"": ""Test Sender Account 2bGYvw0lAILrmUSiGvqfeEwlIkYIFj7A"", ""config"": {""is_account_set"": false, ""eventually_consistent"": false}, ""status"": ""active"", ""version"": 1, ""metadata"": null, ""description"": null, ""external_id"": null, ""normal_balance_type"": ""credit""}}",,2026-09-06 15:30:32.377692+00
01a07757-b762-7100-b01b-f6d3b6876652,1,initialized,"{""type"": ""initialized"", ""values"": {""id"": ""01a07757-b762-7100-b01b-f6d3b6876652"", ""code"": ""M7D8I4W2xg38UUshGFTlo7pbAEFg0B9t"", ""name"": ""Test Sender Account M7D8I4W2xg38UUshGFTlo7pbAEFg0B9t"", ""config"": {""is_account_set"": false, ""eventually_consistent"": false}, ""status"": ""active"", ""version"": 1, ""metadata"": null, ""description"": null, ""external_id"": null, ""normal_balance_type"": ""credit""}}",,2026-09-06 15:30:32.423209+00
01a07757-b7a7-74c3-a46a-3376dbbea112,1,initialized,"{""type"": ""initialized"", ""values"": {""id"": ""01a07757-b7a7-74c3-a46a-3376dbbea112"", ""code"": ""Lh9LDI4OTVZBqKWJwDSxBkyAnnYr7PjK"", ""name"": ""Test Sender Account Lh9LDI4OTVZBqKWJwDSxBkyAnnYr7PjK"", ""config"": {""is_account_set"": false, ""eventually_consistent"": false}, ""status"": ""active"", ""version"": 1, ""metadata"": null, ""description"": null, ""external_id"": null, ""normal_balance_type"": ""credit""}}",,2026-09-06 15:30:32.490291+00
01a07757-b906-7403-809b-8429509edb34,1,initialized,"{""type"": ""initialized"", ""values"": {""id"": ""01a07757-b906-7403-809b-8429509edb34"", ""code"": ""01a07757-b906-7403-809b-8429509edb34"", ""name"": """", ""config"": {""is_account_set"": true, ""eventually_consistent"": false}, ""status"": ""active"", ""version"": 1, ""metadata"": null, ""description"": null, ""external_id"": null, ""normal_balance_type"": ""credit""}}",,2026-09-06 15:30:32.839561+00
01a07757-b923-7891-991e-6d40ded07f17,1,initialized,"{""type"": ""initialized"", ""values"": {""id"": ""01a07757-b923-7891-991e-6d40ded07f17"", ""code"": ""aIMfCEAMqnwPG9m7tSfP2F1ZTwxLAiND"", ""name"": ""Test Recipient Account aIMfCEAMqnwPG9m7tSfP2F1ZTwxLAiND"", ""config"": {""is_account_set"": false, ""eventually_consistent"": false}, ""status"": ""active"", ""version"": 1, ""metadata"": null, ""description"": null, ""external_id"": null, ""normal_balance_type"": ""credit""}}",,2026-09-06 15:30:32.867962+00
01a07757-b928-7f51-ac03-5c50fe250f67,1,initialized,"{""type"": ""initialized"", ""values"": {""id"": ""01a07757-b928-7f51-ac03-5c50fe250f67"", ""code"": ""DPnw43vLDqnNbNQcRvOVq9jTh22Zlvag"", ""name"": ""Test Sender Account DPnw43vLDqnNbNQcRvOVq9jTh22Zlvag"", ""config"": {""is_account_set"": false, ""eventually_consistent"": false}, ""status"": ""active"", ""version"": 1, ""metadata"": null, ""description"": null, ""external_id"": null, ""normal_balance_type"": ""credit""}}",,2026-09-06 15:30:32.87335+00
01a07757-b95c-7e11-a639-bd18d02cbb8a,1,initialized,"{""type"": ""initialized"", ""values"": {""id"": ""01a07757-b95c-7e11-a639-bd18d02cbb8a"", ""code"": ""01a07757-b95c-7e11-a639-bd18d02cbb8a"", ""name"": """", ""config"": {""is_account_set"": true, ""eventually_consistent"": false}, ""status"": ""active"", ""version"": 1, ""metadata"": null, ""description"": null, ""external_id"": null, ""normal_balance_type"": ""credit""}}",,2026-09-06 15:30:32.925505+00
01a07757-b97b-7df3-bd44-1d2ab49f3b66,1,initialized,"{""type"": ""initialized"", ""values"": {""id"": ""01a07757-b97b-7df3-bd44-1d2ab49f3b66"", ""code"": ""01a07757-b97b-7df3-bd44-1d2ab49f3b66"", ""name"": """", ""config"": {""is_account_set"": true, ""eventually_consistent"": false}, ""status"": ""active"", ""version"": 1, ""metadata"": null, ""description"": null, ""external_id"": null, ""normal_balance_type"": ""credit""}}",,2026-09-06 15:30:32.955535+00
01a07757-b9b2-7d92-bd6e-59aa3c9e5790,1,initialized,"{""type"": ""initialized"", ""values"": {""id"": ""01a07757-b9b2-7d92-bd6e-59aa3c9e5790"", ""code"": ""xh6ARxZVWT3EZLtNVw2Cb0uYkFTEOasW"", ""name"": ""Test Sender Account xh6ARxZVWT3EZLtNVw2Cb0uYkFTEOasW"", ""config"": {""is_account_set"": false, ""eventually_consistent"": false}, ""status"": ""active"", ""version"": 1, ""metadata"": null, ""description"": null, ""external_id"": null, ""normal_balance_type"": ""credit""}}",,2026-09-06 15:30:33.01107+00
01a07757-b9d8-7372-b165-ad183581b35b,1,initialized,"{""type"": ""initialized"", ""values"": {""id"": ""01a07757-b9d8-7372-b165-ad183581b35b"", ""code"": ""V4Qyki21rMpYEZLXjFqHt5O1edDz3FJB"", ""name"": ""Test Sender Account V4Qyki21rMpYEZLXjFqHt5O1edDz3FJB"", ""config"": {""is_account_set"": false, ""eventually_consistent"": false}, ""status"": ""active"", ""version"": 1, ""metadata"": null, ""description"": null, ""external_id"": null, ""normal_balance_type"": ""credit""}}",,2026-09-06 15:30:33.049403+00
01a07757-b9f6-7a23-ba6d-230bc9854e5a,1,initialized,"{""type"": ""initialized"", ""values"": {""id"": ""01a07757-b9f6-7a23-ba6d-230bc9854e5a"", ""code"": ""P8dSJeTjtmelPo8ur3wLlVKF4BlC2f6g"", ""name"": ""Test Recipient Account P8dSJeTjtmelPo8ur3wLlVKF4BlC2f6g"", ""config"": {""is_account_set"": false, ""eventually_consistent"": false}, ""status"": ""active"", ""version"": 1, ""metadata"": null, ""description"": null, ""external_id"": null, ""normal_balance_type"": ""credit""}}",,2026-09-06 15:30:33.078654+00
01a07757-de96-7cb2-b62b-73c5d13fd5c7,1,initialized,"{""type"": ""initialized"", ""values"": {""id"": ""01a07757-de96-7cb2-b62b-73c5d13fd5c7"", ""code"": ""Sender-01a07757-de96-7cb2-b62b-73c5d13fd5c7"", ""name"": ""Sender-01a07757-de96-7cb2-b62b-73c5d13fd5c7"", ""config"": {""is_account_set"": false, ""eventually_consistent"": false}, ""status"": ""active"", ""version"": 1, ""metadata"": null, ""description"": null, ""external_id"": null, ""normal_balance_type"": ""credit""}}",,2026-09-06 15:30:42.518133+00
