id,code,name,external_id,normal_balance_type,eventually_consistent,is_account_set,velocity_context_values,status,created_at
00000000-0000-0000-0000-000000000001,Income,Income,,credit,f,f,"{""id"": ""00000000-0000-0000-0000-000000000001"", ""name"": ""Income"", ""metadata"": null, ""external_id"": null, ""normal_balance_type"": ""credit""}",active,2026-09-06 15:30:42.429188+00
01a07756-fce9-7ef1-b45c-3344e41f13bf,01a07756-fce9-7ef1-b45c-3344e41f13bf,"",,credit,f,t,"{""id"": ""01a07756-fce9-7ef1-b45c-3344e41f13bf"", ""name"": ""batch-committed-root"", ""metadata"": null, ""external_id"": null, ""normal_balance_type"": ""credit""}",active,2026-09-06 15:29:44.682003+00
01a07756-fd02-79b2-a4b8-0e7b76b67e03,01a07756-fd02-79b2-a4b8-0e7b76b67e03,"",,credit,f,t,"{""id"": ""01a07756-fd02-79b2-a4b8-0e7b76b67e03"", ""name"": ""diff-batch-0"", ""metadata"": null, ""external_id"": null, ""normal_balance_type"": ""credit""}",active,2026-09-06 15:29:44.708366+00
01a07756-fd02-79b2-a4b8-0e82d3431d89,01a07756-fd02-79b2-a4b8-0e82d3431d89,"",,credit,f,t,"{""id"": ""01a07756-fd02-79b2-a4b8-0e82d3431d89"", ""name"": ""diff-batch-1"", ""metadata"": null, ""external_id"": null, ""normal_balance_type"": ""credit""}",active,2026-09-06 15:29:44.881102+00
01a07756-fd02-79b2-a4b8-0e9e1b833158,01a07756-fd02-79b2-a4b8-0e9e1b833158,"",,credit,f,t,"{""id"": ""01a07756-fd02-79b2-a4b8-0e9e1b833158"", ""name"": ""diff-batch-2"", ""metadata"": null, ""external_id"": null, ""normal_balance_type"": ""credit""}",active,2026-09-06 15:29:45.487805+00
01a07756-fd02-79b2-a4b8-0ea5f8ac2e14,01a07756-fd02-79b2-a4b8-0ea5f8ac2e14,"",,credit,f,t,"{""id"": ""01a07756-fd02-79b2-a4b8-0ea5f8ac2e14"", ""name"": ""diff-batch-3"", ""metadata"": null, ""external_id"": null, ""normal_balance_type"": ""credit""}",active,2026-09-06 15:29:45.48854+00
01a07756-fd02-79b2-a4b8-0ebbd23e6b48,01a07756-fd02-79b2-a4b8-0ebbd23e6b48,"",,credit,f,t,"{""id"": ""01a07756-fd02-79b2-a4b8-0ebbd23e6b48"", ""name"": ""diff-batch-4"", ""metadata"": null, ""external_id"": null, ""normal_balance_type"": ""credit""}",active,2026-09-06 15:29:45.76008+00
01a07756-fd0f-7101-9851-6fb0e31f30bd,01a07756-fd0f-7101-9851-6fb0e31f30bd,"",,credit,f,t,"{""id"": ""01a07756-fd0f-7101-9851-6fb0e31f30bd"", ""name"": ""batch-committed-branch"", ""metadata"": null, ""external_id"": null, ""normal_balance_type"": ""credit""}",active,2026-09-06 15:29:44.721389+00
01a07756-fd13-7703-b040-8f8eb8551d9d,01a07756-fd13-7703-b040-8f8eb8551d9d,"",,credit,f,t,"{""id"": ""01a07756-fd13-7703-b040-8f8eb8551d9d"", ""name"": ""batch-account-root"", ""metadata"": null, ""external_id"": null, ""normal_balance_type"": ""credit""}",active,2026-09-06 15:29:44.723932+00
01a07756-fd19-7703-974e-ba91847e3849,01a07756-fd19-7703-974e-ba91847e3849,"",,credit,f,t,"{""id"": ""01a07756-fd19-7703-974e-ba91847e3849"", ""name"": ""batch-existing-depth-0"", ""metadata"": null, ""external_id"": null, ""normal_balance_type"": ""credit""}",active,2026-09-06 15:29:44.732182+00
01a07756-fd3f-7312-bac2-07a2f16a2d3c,01a07756-fd3f-7312-bac2-07a2f16a2d3c,"",,credit,f,t,"{""id"": ""01a07756-fd3f-7312-bac2-07a2f16a2d3c"", ""name"": ""batch-committed-leaf"", ""metadata"": null, ""external_id"": null, ""normal_balance_type"": ""credit""}",active,2026-09-06 15:29:44.948337+00
01a07756-fe06-7bc1-a12f-a5d7e53c712b,ChRax7fg224hBJhN2O1MFhJh0AF9dbwM,Test Sender Account ChRax7fg224hBJhN2O1MFhJh0AF9dbwM,,credit,f,f,"{""id"": ""01a07756-fe06-7bc1-a12f-a5d7e53c712b"", ""name"": ""Test Sender Account ChRax7fg224hBJhN2O1MFhJh0AF9dbwM"", ""metadata"": null, ""external_id"": null, ""normal_balance_type"": ""credit""}",active,2026-09-06 15:29:44.973812+00
01a07756-fe06-7bc1-a12f-a5e31f818282,WXv0Tx4rSoqrVVIGNaSSC0IqRdHk7piV,Test Recipient Account WXv0Tx4rSoqrVVIGNaSSC0IqRdHk7piV,,credit,f,f,"{""id"": ""01a07756-fe06-7bc1-a12f-a5e31f818282"", ""name"": ""Test Recipient Account WXv0Tx4rSoqrVVIGNaSSC0IqRdHk7piV"", ""metadata"": null, ""external_id"": null, ""normal_balance_type"": ""credit""}",active,2026-09-06 15:29:45.016462+00
01a07756-fe07-7352-8cdd-10bae904518f,01a07756-fe07-7352-8cdd-10bae904518f,"",,credit,f,t,"{""id"": ""01a07756-fe07-7352-8cdd-10bae904518f"", ""name"": ""batch-existing-depth-1"", ""metadata"": null, ""external_id"": null, ""normal_balance_type"": ""credit""}",active,2026-09-06 15:29:45.348398+00
01a07756-ff22-7672-8dea-b4e832d9a58b,01a07756-ff22-7672-8dea-b4e832d9a58b,"",,credit,f,t,"{""id"": ""01a07756-ff22-7672-8dea-b4e832d9a58b"", ""name"": ""Target"", ""metadata"": null, ""external_id"": null, ""normal_balance_type"": ""credit""}",active,2026-09-06 15:29:45.251595+00
01a07756-ff55-7782-98a2-1155434e7c9d,xK9cyDoq4yGqyUDKxlc2XDH8myJbkkkt,Fresh,,credit,f,f,"{""id"": ""01a07756-ff55-7782-98a2-1155434e7c9d"", ""name"": ""Fresh"", ""metadata"": null, ""external_id"": null, ""normal_balance_type"": ""credit""}",active,2026-09-06 15:29:45.312266+00
01a07756-ff6b-7b03-a84b-eeef7c1ad95f,01a07756-ff6b-7b03-a84b-eeef7c1ad95f,"",,credit,f,t,"{""id"": ""01a07756-ff6b-7b03-a84b-eeef7c1ad95f"", ""name"": ""batch-account-branch"", ""metadata"": null, ""external_id"": null, ""normal_balance_type"": ""credit""}",active,2026-09-06 15:29:45.325283+00
01a07756-ffad-7eb1-88f6-b68375d40999,01a07756-ffad-7eb1-88f6-b68375d40999,"",,credit,f,t,"{""id"": ""01a07756-ffad-7eb1-88f6-b68375d40999"", ""name"": ""batch-account-leaf"", ""metadata"": null, ""external_id"": null, ""normal_balance_type"": ""credit""}",active,2026-09-06 15:29:45.390275+00
01a07756-ffca-7650-9a0b-f9e0d7314f25,01a07756-ffca-7650-9a0b-f9e0d7314f25,"",,credit,f,t,"{""id"": ""01a07756-ffca-7650-9a0b-f9e0d7314f25"", ""name"": ""batch-existing-depth-2"", ""metadata"": null, ""external_id"": null, ""normal_balance_type"": ""credit""}",active,2026-09-06 15:29:45.419343+00
01a07756-ffd9-7c91-a388-ea3d5ed9a0f9,01a07756-ffd9-7c91-a388-ea3d5ed9a0f9,"",,credit,f,t,"{""id"": ""01a07756-ffd9-7c91-a388-ea3d5ed9a0f9"", ""name"": ""batch-dup-parent"", ""metadata"": null, ""external_id"": null, ""normal_balance_type"": ""credit""}",active,2026-09-06 15:29:45.436234+00
01a07756-ffe1-74b0-8c31-baa3bfaa1826,01a07756-ffe1-74b0-8c31-baa3bfaa1826,"",,credit,f,t,"{""id"": ""01a07756-ffe1-74b0-8c31-baa3bfaa1826"", ""name"": ""batch-account-deep-leaf"", ""metadata"": null, ""external_id"": null, ""normal_balance_type"": ""credit""}",active,2026-09-06 15:29:45.443297+00
01a07757-0004-7bc0-a2df-2c08fe983923,01a07757-0004-7bc0-a2df-2c08fe983923,"",,credit,f,t,"{""id"": ""01a07757-0004-7bc0-a2df-2c08fe983923"", ""name"": ""batch-existing-depth-3"", ""metadata"": null, ""external_id"": null, ""normal_balance_type"": ""credit""}",active,2026-09-06 15:29:45.478257+00
01a07757-0018-73d2-8944-7fdbb2d38357,01a07757-0018-73d2-8944-7fdbb2d38357,"",,credit,f,t,"{""id"": ""01a07757-0018-73d2-8944-7fdbb2d38357"", ""name"": ""batch-existing-depth-4"", ""metadata"": null, ""external_id"": null, ""normal_balance_type"": ""credit""}",active,2026-09-06 15:29:45.498461+00
01a07757-0043-7f71-bc0f-9d6449ca37af,01a07757-0043-7f71-bc0f-9d6449ca37af,"",,credit,f,t,"{""id"": ""01a07757-0043-7f71-bc0f-9d6449ca37af"", ""name"": ""batch-existing-depth-5"", ""metadata"": null, ""external_id"": null, ""normal_balance_type"": ""credit""}",active,2026-09-06 15:29:45.540829+00
01a07757-0051-7172-aadb-a188dbc7744f,01a07757-0051-7172-aadb-a188dbc7744f,"",,credit,f,t,"{""id"": ""01a07757-0051-7172-aadb-a188dbc7744f"", ""name"": ""batch-existing-depth-6"", ""metadata"": null, ""external_id"": null, ""normal_balance_type"": ""credit""}",active,2026-09-06 15:29:45.557032+00
01a07757-0070-7b32-bd84-2ddeacb9f43d,01a07757-0070-7b32-bd84-2ddeacb9f43d,"",,credit,f,t,"{""id"": ""01a07757-0070-7b32-bd84-2ddeacb9f43d"", ""name"": ""batch-existing-depth-7"", ""metadata"": null, ""external_id"": null, ""normal_balance_type"": ""credit""}",active,2026-09-06 15:29:45.586649+00
01a07757-007c-7720-9ec9-00701b014435,01a07757-007c-7720-9ec9-00701b014435,"",,credit,f,t,"{""id"": ""01a07757-007c-7720-9ec9-00701b014435"", ""name"": ""batch-existing-depth-8"", ""metadata"": null, ""external_id"": null, ""normal_balance_type"": ""credit""}",active,2026-09-06 15:29:45.598843+00
01a07757-007d-7531-a1b9-8c64fdfb0946,01a07757-007d-7531-a1b9-8c64fdfb0946,"",,credit,f,t,"{""id"": ""01a07757-007d-7531-a1b9-8c64fdfb0946"", ""name"": ""LQjFCznoJRFTRVGALM1NDrCwcIWMflma"", ""metadata"": null, ""external_id"": null, ""normal_balance_type"": ""credit""}",active,2026-09-06 15:29:45.599303+00
01a07757-008f-7f13-9626-5636c56ec08f,01a07757-008f-7f13-9626-5636c56ec08f,"",,credit,f,t,"{""id"": ""01a07757-008f-7f13-9626-5636c56ec08f"", ""name"": ""batch-existing-depth-9"", ""metadata"": null, ""external_id"": null, ""normal_balance_type"": ""credit""}",active,2026-09-06 15:29:45.618408+00
01a07757-00a4-70e0-979c-1dfd69ffa4f2,01a07757-00a4-70e0-979c-1dfd69ffa4f2,"",,credit,f,t,"{""id"": ""01a07757-00a4-70e0-979c-1dfd69ffa4f2"", ""name"": ""batch-existing-depth-10"", ""metadata"": null, ""external_id"": null, ""normal_balance_type"": ""credit""}",active,2026-09-06 15:29:45.646078+00
01a07757-00c9-7301-9bd8-f9b2ac56e8df,01a07757-00c9-7301-9bd8-f9b2ac56e8df,"",,credit,f,t,"{""id"": ""01a07757-00c9-7301-9bd8-f9b2ac56e8df"", ""name"": ""batch-existing-depth-11"", ""metadata"": null, ""external_id"": null, ""normal_balance_type"": ""credit""}",active,2026-09-06 15:29:45.890189+00
01a07757-00f9-7833-9c36-8329865e5199,01a07757-00f9-7833-9c36-8329865e5199,"",,credit,f,t,"{""id"": ""01a07757-00f9-7833-9c36-8329865e5199"", ""name"": ""batch-dup-child"", ""metadata"": null, ""external_id"": null, ""normal_balance_type"": ""credit""}",active,2026-09-06 15:29:45.725892+00
01a07757-014e-7a10-a8d8-e52da3322a77,WosIXYkl0vHPA4Sm3bgdmLmZFemy0k0O,Test Sender Account WosIXYkl0vHPA4Sm3bgdmLmZFemy0k0O,,credit,f,f,"{""id"": ""01a07757-014e-7a10-a8d8-e52da3322a77"", ""name"": ""Test Sender Account WosIXYkl0vHPA4Sm3bgdmLmZFemy0k0O"", ""metadata"": null, ""external_id"": null, ""normal_balance_type"": ""credit""}",active,2026-09-06 15:29:45.813552+00
01a07757-01b9-7960-b78e-a2f08aa50c81,01a07757-01b9-7960-b78e-a2f08aa50c81,"",,credit,f,t,"{""id"": ""01a07757-01b9-7960-b78e-a2f08aa50c81"", ""name"": ""batch-existing-depth-12"", ""metadata"": null, ""external_id"": null, ""normal_balance_type"": ""credit""}",active,2026-09-06 15:29:45.91921+00
01a07757-01e0-7991-85af-cefc91484544,01a07757-01e0-7991-85af-cefc91484544,"",,credit,f,t,"{""id"": ""01a07757-01e0-7991-85af-cefc91484544"", ""name"": ""batch-existing-depth-13"", ""metadata"": null, ""external_id"": null, ""normal_balance_type"": ""credit""}",active,2026-09-06 15:29:45.956619+00
01a07757-01f8-7400-85fd-1c92e5dc918b,01a07757-01f8-7400-85fd-1c92e5dc918b,"",,credit,f,t,"{""id"": ""01a07757-01f8-7400-85fd-1c92e5dc918b"", ""name"": ""batch-existing-depth-14"", ""metadata"": null, ""external_id"": null, ""normal_balance_type"": ""credit""}",active,2026-09-06 15:29:45.977594+00
01a07757-0228-7100-91a7-33eb513d59a3,01a07757-0228-7100-91a7-33eb513d59a3,"",,credit,f,t,"{""id"": ""01a07757-0228-7100-91a7-33eb513d59a3"", ""name"": ""batch-existing-depth-15"", ""metadata"": null, ""external_id"": null, ""normal_balance_type"": ""credit""}",active,2026-09-06 15:29:46.0263+00
01a07757-0238-7050-9e41-f3a0c4f791a0,01a07757-0238-7050-9e41-f3a0c4f791a0,"",,credit,f,t,"{""id"": ""01a07757-0238-7050-9e41-f3a0c4f791a0"", ""name"": ""batch-existing-depth-16"", ""metadata"": null, ""external_id"": null, ""normal_balance_type"": ""credit""}",active,2026-09-06 15:29:46.041405+00
01a07757-0247-74e3-ac1f-d94fb51a1b96,01a07757-0247-74e3-ac1f-d94fb51a1b96,"",,credit,f,t,"{""id"": ""01a07757-0247-74e3-ac1f-d94fb51a1b96"", ""name"": ""batch-existing-depth-17"", ""metadata"": null, ""external_id"": null, ""normal_balance_type"": ""credit""}",active,2026-09-06 15:29:46.058482+00
01a07757-044c-7e10-b8bc-3fb3b339e549,01a07757-044c-7e10-b8bc-3fb3b339e549,"",,credit,f,t,"{""id"": ""01a07757-044c-7e10-b8bc-3fb3b339e549"", ""name"": ""diff-serial-0"", ""metadata"": null, ""external_id"": null, ""normal_balance_type"": ""credit""}",active,2026-09-06 15:29:46.574207+00
01a07757-044c-7e10-b8bc-3fc912dd7b9b,01a07757-044c-7e10-b8bc-3fc912dd7b9b,"",,credit,f,t,"{""id"": ""01a07757-044c-7e10-b8bc-3fc912dd7b9b"", ""name"": ""diff-serial-1"", ""metadata"": null, ""external_id"": null, ""normal_balance_type"": ""credit""}",active,2026-09-06 15:29:46.57652+00
01a07757-044c-7e10-b8bc-3fd1576c5ed2,01a07757-044c-7e10-b8bc-3fd1576c5ed2,"",,credit,f,t,"{""id"": ""01a07757-044c-7e10-b8bc-3fd1576c5ed2"", ""name"": ""diff-serial-2"", ""metadata"": null, ""external_id"": null, ""normal_balance_type"": ""credit""}",active,2026-09-06 15:29:46.57928+00
01a07757-044c-7e10-b8bc-3fee9b265602,01a07757-044c-7e10-b8bc-3fee9b265602,"",,credit,f,t,"{""id"": ""01a07757-044c-7e10-b8bc-3fee9b265602"", ""name"": ""diff-serial-3"", ""metadata"": null, ""external_id"": null, ""normal_balance_type"": ""credit""}",active,2026-09-06 15:29:46.575759+00
01a07757-044c-7e10-b8bc-3ffeaddf47a5,01a07757-044c-7e10-b8bc-3ffeaddf47a5,"",,credit,f,t,"{""id"": ""01a07757-044c-7e10-b8bc-3ffeaddf47a5"", ""name"": ""diff-serial-4"", ""metadata"": null, ""external_id"": null, ""normal_balance_type"": ""credit""}",active,2026-09-06 15:29:46.574277+00
01a07757-076a-7012-8b97-bb680895f24f,pFrlWYGHLVCKzTgJdSr6lLhxjBklnqaY,Test Sender Account pFrlWYGHLVCKzTgJdSr6lLhxjBklnqaY,,credit,f,f,"{""id"": ""01a07757-076a-7012-8b97-bb680895f24f"", ""name"": ""Test Sender Account pFrlWYGHLVCKzTgJdSr6lLhxjBklnqaY"", ""metadata"": null, ""external_id"": null, ""normal_balance_type"": ""credit""}",active,2026-09-06 15:29:47.372271+00
01a07757-076a-7012-8b97-bb77c1312dcd,qvbuPgkXWcwGSoajiLOzI1bQFStZKWCn,Test Recipient Account qvbuPgkXWcwGSoajiLOzI1bQFStZKWCn,,credit,f,f,"{""id"": ""01a07757-076a-7012-8b97-bb77c1312dcd"", ""name"": ""Test Recipient Account qvbuPgkXWcwGSoajiLOzI1bQFStZKWCn"", ""metadata"": null, ""external_id"": null, ""normal_balance_type"": ""credit""}",active,2026-09-06 15:29:47.419768+00
01a07757-07ca-7443-9b6a-b322a47089ab,01a07757-07ca-7443-9b6a-b322a47089ab,"",,credit,f,t,"{""id"": ""01a07757-07ca-7443-9b6a-b322a47089ab"", ""name"": ""batch-dense-0"", ""metadata"": null, ""external_id"": null, ""normal_balance_type"": ""credit""}",active,2026-09-06 15:29:47.468277+00
01a07757-07d7-7a03-a1f6-6802464349aa,01a07757-07d7-7a03-a1f6-6802464349aa,"",,credit,f,t,"{""id"": ""01a07757-07d7-7a03-a1f6-6802464349aa"", ""name"": ""Recipient Set"", ""metadata"": null, ""external_id"": null, ""normal_balance_type"": ""credit""}",active,2026-09-06 15:29:47.483167+00
01a07757-07e9-7981-b193-01454552c62b,01a07757-07e9-7981-b193-01454552c62b,"",,credit,f,t,"{""id"": ""01a07757-07e9-7981-b193-01454552c62b"", ""name"": ""Sender Set"", ""metadata"": null, ""external_id"": null, ""normal_balance_type"": ""credit""}",active,2026-09-06 15:29:47.953181+00
01a07757-0813-7a61-a721-06817e98fe56,01a07757-0813-7a61-a721-06817e98fe56,"",,credit,f,t,"{""id"": ""01a07757-0813-7a61-a721-06817e98fe56"", ""name"": ""batch-dense-1"", ""metadata"": null, ""external_id"": null, ""normal_balance_type"": ""credit""}",active,2026-09-06 15:29:47.545536+00
01a07757-0853-7a70-ab3d-4ff156ecb5a8,01a07757-0853-7a70-ab3d-4ff156ecb5a8,"",,credit,f,t,"{""id"": ""01a07757-0853-7a70-ab3d-4ff156ecb5a8"", ""name"": ""batch-cycle-a"", ""metadata"": null, ""external_id"": null, ""normal_balance_type"": ""credit""}",active,2026-09-06 15:29:47.604035+00
01a07757-0859-7b61-b4e3-60d3610db614,01a07757-0859-7b61-b4e3-60d3610db614,"",,credit,f,t,"{""id"": ""01a07757-0859-7b61-b4e3-60d3610db614"", ""name"": ""batch-dense-2"", ""metadata"": null, ""external_id"": null, ""normal_balance_type"": ""credit""}",active,2026-09-06 15:29:47.609968+00
01a07757-085e-7c72-9c6c-9e6d37602cb6,01a07757-085e-7c72-9c6c-9e6d37602cb6,"",,credit,f,t,"{""id"": ""01a07757-085e-7c72-9c6c-9e6d37602cb6"", ""name"": ""batch-path-root"", ""metadata"": null, ""external_id"": null, ""normal_balance_type"": ""credit""}",active,2026-09-06 15:29:47.623625+00
01a07757-087b-7d40-b4f8-e72c984d8107,01a07757-087b-7d40-b4f8-e72c984d8107,"",,credit,f,t,"{""id"": ""01a07757-087b-7d40-b4f8-e72c984d8107"", ""name"": ""batch-cycle-b"", ""metadata"": null, ""external_id"": null, ""normal_balance_type"": ""credit""}",active,2026-09-06 15:29:47.646327+00
01a07757-0895-7282-be16-d6f1943295f9,01a07757-0895-7282-be16-d6f1943295f9,"",,credit,f,t,"{""id"": ""01a07757-0895-7282-be16-d6f1943295f9"", ""name"": ""batch-dense-3"", ""metadata"": null, ""external_id"": null, ""normal_balance_type"": ""credit""}",active,2026-09-06 15:29:47.672279+00
01a07757-08a0-76b3-b0d0-61d59166fb48,01a07757-08a0-76b3-b0d0-61d59166fb48,"",,credit,f,t,"{""id"": ""01a07757-08a0-76b3-b0d0-61d59166fb48"", ""name"": ""batch-depth-0"", ""metadata"": null, ""external_id"": null, ""normal_balance_type"": ""credit""}",active,2026-09-06 15:29:47.682345+00
01a07757-08a3-7723-8e66-dea68f5221b4,01a07757-08a3-7723-8e66-dea68f5221b4,"",,credit,f,t,"{""id"": ""01a07757-08a3-7723-8e66-dea68f5221b4"", ""name"": ""batch-path-branch"", ""metadata"": null, ""external_id"": null, ""normal_balance_type"": ""credit""}",active,2026-09-06 15:29:47.686058+00
01a07757-08a7-7520-9126-64eaca331054,01a07757-08a7-7520-9126-64eaca331054,"",,credit,f,t,"{""id"": ""01a07757-08a7-7520-9126-64eaca331054"", ""name"": ""batch-journal-parent"", ""metadata"": null, ""external_id"": null, ""normal_balance_type"": ""credit""}",active,2026-09-06 15:29:47.696133+00
01a07757-08b1-7811-aa12-b895b549de15,01a07757-08b1-7811-aa12-b895b549de15,"",,credit,f,t,"{""id"": ""01a07757-08b1-7811-aa12-b895b549de15"", ""name"": ""batch-dense-4"", ""metadata"": null, ""external_id"": null, ""normal_balance_type"": ""credit""}",active,2026-09-06 15:29:47.70009+00
01a07757-08c4-7c81-b10c-06b2d20d662f,01a07757-08c4-7c81-b10c-06b2d20d662f,"",,credit,f,t,"{""id"": ""01a07757-08c4-7c81-b10c-06b2d20d662f"", ""name"": ""batch-dense-5"", ""metadata"": null, ""external_id"": null, ""normal_balance_type"": ""credit""}",active,2026-09-06 15:29:47.717287+00
01a07757-08cc-7911-8c5f-24aa2c87818e,01a07757-08cc-7911-8c5f-24aa2c87818e,"",,credit,f,t,"{""id"": ""01a07757-08cc-7911-8c5f-24aa2c87818e"", ""name"": ""batch-depth-1"", ""metadata"": null, ""external_id"": null, ""normal_balance_type"": ""credit""}",active,2026-09-06 15:29:47.726338+00
01a07757-08d6-7e92-83c2-4f97338fafa4,01a07757-08d6-7e92-83c2-4f97338fafa4,"",,credit,f,t,"{""id"": ""01a07757-08d6-7e92-83c2-4f97338fafa4"", ""name"": ""batch-dense-6"", ""metadata"": null, ""external_id"": null, ""normal_balance_type"": ""credit""}",active,2026-09-06 15:29:47.736333+00
01a07757-08e2-7a40-b67b-0b86e79f55a7,01a07757-08e2-7a40-b67b-0b86e79f55a7,"",,credit,f,t,"{""id"": ""01a07757-08e2-7a40-b67b-0b86e79f55a7"", ""name"": ""batch-path-leaf"", ""metadata"": null, ""external_id"": null, ""normal_balance_type"": ""credit""}",active,2026-09-06 15:29:47.747838+00
01a07757-08e9-75c3-8fe4-24f2f669644b,01a07757-08e9-75c3-8fe4-24f2f669644b,"",,credit,f,t,"{""id"": ""01a07757-08e9-75c3-8fe4-24f2f669644b"", ""name"": ""batch-dense-7"", ""metadata"": null, ""external_id"": null, ""normal_balance_type"": ""credit""}",active,2026-09-06 15:29:47.761315+00
01a07757-08f2-7c50-aefe-91d002821ac4,01a07757-08f2-7c50-aefe-91d002821ac4,"",,credit,f,t,"{""id"": ""01a07757-08f2-7c50-aefe-91d002821ac4"", ""name"": ""batch-journal-valid"", ""metadata"": null, ""external_id"": null, ""normal_balance_type"": ""credit""}",active,2026-09-06 15:29:47.76543+00
01a07757-08ff-72d2-99ee-28959d8f53b3,01a07757-08ff-72d2-99ee-28959d8f53b3,"",,credit,f,t,"{""id"": ""01a07757-08ff-72d2-99ee-28959d8f53b3"", ""name"": ""batch-depth-2"", ""metadata"": null, ""external_id"": null, ""normal_balance_type"": ""credit""}",active,2026-09-06 15:29:47.777005+00
01a07757-0903-7241-8332-efb51bd0a6de,01a07757-0903-7241-8332-efb51bd0a6de,"",,credit,f,t,"{""id"": ""01a07757-0903-7241-8332-efb51bd0a6de"", ""name"": ""batch-dense-8"", ""metadata"": null, ""external_id"": null, ""normal_balance_type"": ""credit""}",active,2026-09-06 15:29:47.781451+00
01a07757-090f-7731-bb0e-53a61feb39b3,01a07757-090f-7731-bb0e-53a61feb39b3,"",,credit,f,t,"{""id"": ""01a07757-090f-7731-bb0e-53a61feb39b3"", ""name"": ""batch-depth-3"", ""metadata"": null, ""external_id"": null, ""normal_balance_type"": ""credit""}",active,2026-09-06 15:29:47.798545+00
01a07757-092a-7c50-9930-03455114bde4,01a07757-092a-7c50-9930-03455114bde4,"",,credit,f,t,"{""id"": ""01a07757-092a-7c50-9930-03455114bde4"", ""name"": ""batch-journal-invalid"", ""metadata"": null, ""external_id"": null, ""normal_balance_type"": ""credit""}",active,2026-09-06 15:29:47.820291+00
01a07757-0940-77a3-8750-d9b3c1c38a99,01a07757-0940-77a3-8750-d9b3c1c38a99,"",,credit,f,t,"{""id"": ""01a07757-0940-77a3-8750-d9b3c1c38a99"", ""name"": ""batch-dense-9"", ""metadata"": null, ""external_id"": null, ""normal_balance_type"": ""credit""}",active,2026-09-06 15:29:47.842331+00
01a07757-094c-7221-871f-256e9235287f,01a07757-094c-7221-871f-256e9235287f,"",,credit,f,t,"{""id"": ""01a07757-094c-7221-871f-256e9235287f"", ""name"": ""batch-depth-4"", ""metadata"": null, ""external_id"": null, ""normal_balance_type"": ""credit""}",active,2026-09-06 15:29:47.855708+00
01a07757-0952-7940-b758-94d02c3b6246,01a07757-0952-7940-b758-94d02c3b6246,"",,credit,f,t,"{""id"": ""01a07757-0952-7940-b758-94d02c3b6246"", ""name"": ""batch-dense-10"", ""metadata"": null, ""external_id"": null, ""normal_balance_type"": ""credit""}",active,2026-09-06 15:29:47.859813+00
01a07757-099c-7913-88f9-e867d31cf683,01a07757-099c-7913-88f9-e867d31cf683,"",,credit,f,t,"{""id"": ""01a07757-099c-7913-88f9-e867d31cf683"", ""name"": ""batch-dense-11"", ""metadata"": null, ""external_id"": null, ""normal_balance_type"": ""credit""}",active,2026-09-06 15:29:47.93628+00
01a07757-09aa-7661-a3cb-b57aa4756f7e,01a07757-09aa-7661-a3cb-b57aa4756f7e,"",,credit,f,t,"{""id"": ""01a07757-09aa-7661-a3cb-b57aa4756f7e"", ""name"": ""batch-depth-5"", ""metadata"": null, ""external_id"": null, ""normal_balance_type"": ""credit""}",active,2026-09-06 15:29:47.947278+00
01a07757-09b3-7003-a566-b96d90f7f249,01a07757-09b3-7003-a566-b96d90f7f249,"",,credit,f,t,"{""id"": ""01a07757-09b3-7003-a566-b96d90f7f249"", ""name"": ""batch-dense-12"", ""metadata"": null, ""external_id"": null, ""normal_balance_type"": ""credit""}",active,2026-09-06 15:29:47.95632+00
01a07757-09bc-7c41-93f0-9310467b0316,01a07757-09bc-7c41-93f0-9310467b0316,"",,credit,f,t,"{""id"": ""01a07757-09bc-7c41-93f0-9310467b0316"", ""name"": ""batch-depth-6"", ""metadata"": null, ""external_id"": null, ""normal_balance_type"": ""credit""}",active,2026-09-06 15:29:47.966282+00
01a07757-09c1-7dc3-a257-f352117dbaa8,01a07757-09c1-7dc3-a257-f352117dbaa8,"",,credit,f,t,"{""id"": ""01a07757-09c1-7dc3-a257-f352117dbaa8"", ""name"": ""batch-dense-13"", ""metadata"": null, ""external_id"": null, ""normal_balance_type"": ""credit""}",active,2026-09-06 15:29:47.972286+00
01a07757-09e8-71f3-913e-52db88699c99,01a07757-09e8-71f3-913e-52db88699c99,"",,credit,f,t,"{""id"": ""01a07757-09e8-71f3-913e-52db88699c99"", ""name"": ""batch-dense-14"", ""metadata"": null, ""external_id"": null, ""normal_balance_type"": ""credit""}",active,2026-09-06 15:29:48.010309+00
01a07757-09f7-7ed0-969c-7c73322d9796,01a07757-09f7-7ed0-969c-7c73322d9796,"",,credit,f,t,"{""id"": ""01a07757-09f7-7ed0-969c-7c73322d9796"", ""name"": ""batch-depth-7"", ""metadata"": null, ""external_id"": null, ""normal_balance_type"": ""credit""}",active,2026-09-06 15:29:48.02631+00
01a07757-09fa-7110-af2f-4df41f63c993,01a07757-09fa-7110-af2f-4df41f63c993,"",,credit,f,t,"{""id"": ""01a07757-09fa-7110-af2f-4df41f63c993"", ""name"": ""batch-dense-15"", ""metadata"": null, ""external_id"": null, ""normal_balance_type"": ""credit""}",active,2026-09-06 15:29:48.031275+00
01a07757-0a08-7640-bf97-f1b7e8ca63a6,01a07757-0a08-7640-bf97-f1b7e8ca63a6,"",,credit,f,t,"{""id"": ""01a07757-0a08-7640-bf97-f1b7e8ca63a6"", ""name"": ""batch-depth-8"", ""metadata"": null, ""external_id"": null, ""normal_balance_type"": ""credit""}",active,2026-09-06 15:29:48.045161+00
01a07757-0a0a-74a0-a5b0-46df97298901,01a07757-0a0a-74a0-a5b0-46df97298901,"",,credit,f,t,"{""id"": ""01a07757-0a0a-74a0-a5b0-46df97298901"", ""name"": ""batch-dense-16"", ""metadata"": null, ""external_id"": null, ""normal_balance_type"": ""credit""}",active,2026-09-06 15:29:48.051509+00
01a07757-0a1f-7661-bafd-bfd1f69ea5c5,01a07757-0a1f-7661-bafd-bfd1f69ea5c5,"",,credit,f,t,"{""id"": ""01a07757-0a1f-7661-bafd-bfd1f69ea5c5"", ""name"": ""batch-depth-9"", ""metadata"": null, ""external_id"": null, ""normal_balance_type"": ""credit""}",active,2026-09-06 15:29:48.067789+00
01a07757-0a30-7141-a2a2-327676f6ade9,01a07757-0a30-7141-a2a2-327676f6ade9,"",,credit,f,t,"{""id"": ""01a07757-0a30-7141-a2a2-327676f6ade9"", ""name"": ""batch-dense-17"", ""metadata"": null, ""external_id"": null, ""normal_balance_type"": ""credit""}",active,2026-09-06 15:29:48.082634+00
01a07757-0a34-7af0-b0c5-6607a8c3c6dd,01a07757-0a34-7af0-b0c5-6607a8c3c6dd,"",,credit,f,t,"{""id"": ""01a07757-0a34-7af0-b0c5-6607a8c3c6dd"", ""name"": ""batch-depth-10"", ""metadata"": null, ""external_id"": null, ""normal_balance_type"": ""credit""}",active,2026-09-06 15:29:48.087136+00
01a07757-0a4a-7272-8823-7b1ff2039f67,01a07757-0a4a-7272-8823-7b1ff2039f67,"",,credit,f,t,"{""id"": ""01a07757-0a4a-7272-8823-7b1ff2039f67"", ""name"": ""batch-depth-11"", ""metadata"": null, ""external_id"": null, ""normal_balance_type"": ""credit""}",active,2026-09-06 15:29:48.110285+00
01a07757-0a61-70b1-b689-3451291c016d,01a07757-0a61-70b1-b689-3451291c016d,"",,credit,f,t,"{""id"": ""01a07757-0a61-70b1-b689-3451291c016d"", ""name"": ""batch-depth-12"", ""metadata"": null, ""external_id"": null, ""normal_balance_type"": ""credit""}",active,2026-09-06 15:29:48.137297+00
01a07757-0a64-7251-9f83-71b4f34bf741,01a07757-0a64-7251-9f83-71b4f34bf741,"",,credit,f,t,"{""id"": ""01a07757-0a64-7251-9f83-71b4f34bf741"", ""name"": ""batch-dense-18"", ""metadata"": null, ""external_id"": null, ""normal_balance_type"": ""credit""}",active,2026-09-06 15:29:48.135218+00
01a07757-0a74-7a83-b612-f65b9fa8e2c9,01a07757-0a74-7a83-b612-f65b9fa8e2c9,"",,credit,f,t,"{""id"": ""01a07757-0a74-7a83-b612-f65b9fa8e2c9"", ""name"": ""batch-dense-19"", ""metadata"": null, ""external_id"": null, ""normal_balance_type"": ""credit""}",active,2026-09-06 15:29:48.150229+00
01a07757-0a7b-7e61-9a85-0cdb4aac70df,01a07757-0a7b-7e61-9a85-0cdb4aac70df,"",,credit,f,t,"{""id"": ""01a07757-0a7b-7e61-9a85-0cdb4aac70df"", ""name"": ""batch-depth-13"", ""metadata"": null, ""external_id"": null, ""normal_balance_type"": ""credit""}",active,2026-09-06 15:29:48.157159+00
01a07757-0a85-7e11-96b5-7afdbca5c1e8,01a07757-0a85-7e11-96b5-7afdbca5c1e8,"",,credit,f,t,"{""id"": ""01a07757-0a85-7e11-96b5-7afdbca5c1e8"", ""name"": ""batch-dense-20"", ""metadata"": null, ""external_id"": null, ""normal_balance_type"": ""credit""}",active,2026-09-06 15:29:48.166952+00
01a07757-0a90-7b33-a21c-605ea5030cf2,01a07757-0a90-7b33-a21c-605ea5030cf2,"",,credit,f,t,"{""id"": ""01a07757-0a90-7b33-a21c-605ea5030cf2"", ""name"": ""batch-depth-14"", ""metadata"": null, ""external_id"": null, ""normal_balance_type"": ""credit""}",active,2026-09-06 15:29:48.177051+00
01a07757-0a9a-72d1-80fa-876e39514654,01a07757-0a9a-72d1-80fa-876e39514654,"",,credit,f,t,"{""id"": ""01a07757-0a9a-72d1-80fa-876e39514654"", ""name"": ""batch-dense-21"", ""metadata"": null, ""external_id"": null, ""normal_balance_type"": ""credit""}",active,2026-09-06 15:29:48.187149+00
01a07757-0aa6-7401-8632-ac194c4fc52f,01a07757-0aa6-7401-8632-ac194c4fc52f,"",,credit,f,t,"{""id"": ""01a07757-0aa6-7401-8632-ac194c4fc52f"", ""name"": ""batch-depth-15"", ""metadata"": null, ""external_id"": null, ""normal_balance_type"": ""credit""}",active,2026-09-06 15:29:48.201605+00
01a07757-0aaa-79b2-b6f5-ca4ef736b3af,01a07757-0aaa-79b2-b6f5-ca4ef736b3af,"",,credit,f,t,"{""id"": ""01a07757-0aaa-79b2-b6f5-ca4ef736b3af"", ""name"": ""batch-dense-22"", ""metadata"": null, ""external_id"": null, ""normal_balance_type"": ""credit""}",active,2026-09-06 15:29:48.211427+00
01a07757-0abd-7840-8a95-fc5a7c2bfe48,01a07757-0abd-7840-8a95-fc5a7c2bfe48,"",,credit,f,t,"{""id"": ""01a07757-0abd-7840-8a95-fc5a7c2bfe48"", ""name"": ""batch-depth-16"", ""metadata"": null, ""external_id"": null, ""normal_balance_type"": ""credit""}",active,2026-09-06 15:29:48.224842+00
01a07757-0ac9-7fa0-a4e1-e032bdf3f647,01a07757-0ac9-7fa0-a4e1-e032bdf3f647,"",,credit,f,t,"{""id"": ""01a07757-0ac9-7fa0-a4e1-e032bdf3f647"", ""name"": ""batch-dense-23"", ""metadata"": null, ""external_id"": null, ""normal_balance_type"": ""credit""}",active,2026-09-06 15:29:48.235084+00
01a07757-0ace-7c71-8336-6bbcd45ca696,01a07757-0ace-7c71-8336-6bbcd45ca696,"",,credit,f,t,"{""id"": ""01a07757-0ace-7c71-8336-6bbcd45ca696"", ""name"": ""batch-depth-17"", ""metadata"": null, ""external_id"": null, ""normal_balance_type"": ""credit""}",active,2026-09-06 15:29:48.240684+00
01a07757-0ae3-7623-842f-2a36caaf1cce,01a07757-0ae3-7623-842f-2a36caaf1cce,"",,credit,f,t,"{""id"": ""01a07757-0ae3-7623-842f-2a36caaf1cce"", ""name"": ""batch-dense-24"", ""metadata"": null, ""external_id"": null, ""normal_balance_type"": ""credit""}",active,2026-09-06 15:29:48.260658+00
01a07757-0af9-7181-bb99-1da0b259d1af,01a07757-0af9-7181-bb99-1da0b259d1af,"",,credit,f,t,"{""id"": ""01a07757-0af9-7181-bb99-1da0b259d1af"", ""name"": ""batch-dense-25"", ""metadata"": null, ""external_id"": null, ""normal_balance_type"": ""credit""}",active,2026-09-06 15:29:48.284272+00
01a07757-0b03-75c2-bffa-22e7c4c57acf,elqjkjpzIF1l6fcfLKXM7kdWJYpJ1QKZ,Test Sender Account elqjkjpzIF1l6fcfLKXM7kdWJYpJ1QKZ,,credit,f,f,"{""id"": ""01a07757-0b03-75c2-bffa-22e7c4c57acf"", ""name"": ""Test Sender Account elqjkjpzIF1l6fcfLKXM7kdWJYpJ1QKZ"", ""metadata"": null, ""external_id"": null, ""normal_balance_type"": ""credit""}",active,2026-09-06 15:29:48.293282+00
01a07757-0b03-75c2-bffa-22fc48247820,iOV9ekXAm8hISJMCuEEB1hMc9Lv0z9ug,Test Recipient Account iOV9ekXAm8hISJMCuEEB1hMc9Lv0z9ug,,credit,f,f,"{""id"": ""01a07757-0b03-75c2-bffa-22fc48247820"", ""name"": ""Test Recipient Account iOV9ekXAm8hISJMCuEEB1hMc9Lv0z9ug"", ""metadata"": null, ""external_id"": null, ""normal_balance_type"": ""credit""}",active,2026-09-06 15:29:48.360146+00
01a07757-0b0c-71a3-87fc-3fd852fffaf7,01a07757-0b0c-71a3-87fc-3fd852fffaf7,"",,credit,f,t,"{""id"": ""01a07757-0b0c-71a3-87fc-3fd852fffaf7"", ""name"": ""batch-dense-26"", ""metadata"": null, ""external_id"": null, ""normal_balance_type"": ""credit""}",active,2026-09-06 15:29:48.30228+00
01a07757-0b28-7eb3-891b-3f582d58865e,BhiXhHGm2rQ4yvN5N7YeuwXzhh4ZYzji,Test Sender Account BhiXhHGm2rQ4yvN5N7YeuwXzhh4ZYzji,,credit,f,f,"{""id"": ""01a07757-0b28-7eb3-891b-3f582d58865e"", ""name"": ""Test Sender Account BhiXhHGm2rQ4yvN5N7YeuwXzhh4ZYzji"", ""metadata"": null, ""external_id"": null, ""normal_balance_type"": ""credit""}",active,2026-09-06 15:29:48.552841+00
01a07757-0b28-7eb3-891b-3f6d33df132f,01a07757-0b28-7eb3-891b-3f6d33df132f,"",,credit,f,t,"{""id"": ""01a07757-0b28-7eb3-891b-3f6d33df132f"", ""name"": ""batch-dense-27"", ""metadata"": null, ""external_id"": null, ""normal_balance_type"": ""credit""}",active,2026-09-06 15:29:48.329601+00
01a07757-0b28-7eb3-891b-3f7572093948,9b476p5JuuuOce2uPyHxzgwpBr8NxPwp,Test Recipient Account 9b476p5JuuuOce2uPyHxzgwpBr8NxPwp,,credit,f,f,"{""id"": ""01a07757-0b28-7eb3-891b-3f7572093948"", ""name"": ""Test Recipient Account 9b476p5JuuuOce2uPyHxzgwpBr8NxPwp"", ""metadata"": null, ""external_id"": null, ""normal_balance_type"": ""credit""}",active,2026-09-06 15:29:48.642284+00
01a07757-0b3c-7062-8c76-9cb7a15d494d,01a07757-0b3c-7062-8c76-9cb7a15d494d,"",,credit,f,t,"{""id"": ""01a07757-0b3c-7062-8c76-9cb7a15d494d"", ""name"": ""batch-dense-28"", ""metadata"": null, ""external_id"": null, ""normal_balance_type"": ""credit""}",active,2026-09-06 15:29:48.349172+00
01a07757-0b49-7962-b4cf-7ad12e0cd27a,01a07757-0b49-7962-b4cf-7ad12e0cd27a,"",,credit,f,t,"{""id"": ""01a07757-0b49-7962-b4cf-7ad12e0cd27a"", ""name"": ""batch-dense-29"", ""metadata"": null, ""external_id"": null, ""normal_balance_type"": ""credit""}",active,2026-09-06 15:29:48.362941+00
01a07757-0b58-70d1-a9f4-458f17194daa,01a07757-0b58-70d1-a9f4-458f17194daa,"",,credit,f,t,"{""id"": ""01a07757-0b58-70d1-a9f4-458f17194daa"", ""name"": ""batch-dense-30"", ""metadata"": null, ""external_id"": null, ""normal_balance_type"": ""credit""}",active,2026-09-06 15:29:48.377549+00
01a07757-0b72-73f1-a57d-cec2025564b3,01a07757-0b72-73f1-a57d-cec2025564b3,"",,credit,f,t,"{""id"": ""01a07757-0b72-73f1-a57d-cec2025564b3"", ""name"": ""batch-dense-31"", ""metadata"": null, ""external_id"": null, ""normal_balance_type"": ""credit""}",active,2026-09-06 15:29:48.405448+00
01a07757-0b89-7150-9016-e95a8d47abd8,01a07757-0b89-7150-9016-e95a8d47abd8,"",,credit,f,t,"{""id"": ""01a07757-0b89-7150-9016-e95a8d47abd8"", ""name"": ""batch-dense-32"", ""metadata"": null, ""external_id"": null, ""normal_balance_type"": ""credit""}",active,2026-09-06 15:29:48.428288+00
01a07757-0b91-7820-b8a8-0a7b5ad923dd,01a07757-0b91-7820-b8a8-0a7b5ad923dd,"",,credit,f,t,"{""id"": ""01a07757-0b91-7820-b8a8-0a7b5ad923dd"", ""name"": ""Recipient Set"", ""metadata"": null, ""external_id"": null, ""normal_balance_type"": ""credit""}",active,2026-09-06 15:29:48.438353+00
01a07757-0b99-7a50-8d04-a8a203d4aecb,01a07757-0b99-7a50-8d04-a8a203d4aecb,"",,credit,f,t,"{""id"": ""01a07757-0b99-7a50-8d04-a8a203d4aecb"", ""name"": ""batch-dense-33"", ""metadata"": null, ""external_id"": null, ""normal_balance_type"": ""credit""}",active,2026-09-06 15:29:48.442364+00
01a07757-0ba8-7a80-a813-f1e02f17eddc,01a07757-0ba8-7a80-a813-f1e02f17eddc,"",,credit,f,t,"{""id"": ""01a07757-0ba8-7a80-a813-f1e02f17eddc"", ""name"": ""batch-dense-34"", ""metadata"": null, ""external_id"": null, ""normal_balance_type"": ""credit""}",active,2026-09-06 15:29:48.45694+00
01a07757-0bac-70d2-9e52-1dde504f7047,01a07757-0bac-70d2-9e52-1dde504f7047,"",,credit,f,t,"{""id"": ""01a07757-0bac-70d2-9e52-1dde504f7047"", ""name"": ""Parent"", ""metadata"": null, ""external_id"": null, ""normal_balance_type"": ""credit""}",active,2026-09-06 15:29:48.46428+00
01a07757-0bc8-7cf0-a73e-29b0a6179a96,01a07757-0bc8-7cf0-a73e-29b0a6179a96,"",,credit,f,t,"{""id"": ""01a07757-0bc8-7cf0-a73e-29b0a6179a96"", ""name"": ""batch-dense-35"", ""metadata"": null, ""external_id"": null, ""normal_balance_type"": ""credit""}",active,2026-09-06 15:29:48.490049+00
01a07757-0bd0-79b3-bc98-a10863de3e68,01a07757-0bd0-79b3-bc98-a10863de3e68,"",,credit,f,t,"{""id"": ""01a07757-0bd0-79b3-bc98-a10863de3e68"", ""name"": ""Sender Set"", ""metadata"": null, ""external_id"": null, ""normal_balance_type"": ""credit""}",active,2026-09-06 15:29:48.49905+00
01a07757-0be3-7811-8863-821c4d64bdbc,01a07757-0be3-7811-8863-821c4d64bdbc,"",,credit,f,t,"{""id"": ""01a07757-0be3-7811-8863-821c4d64bdbc"", ""name"": ""batch-dense-36"", ""metadata"": null, ""external_id"": null, ""normal_balance_type"": ""credit""}",active,2026-09-06 15:29:48.517459+00
01a07757-0bf3-7412-a6af-d65973360b43,01a07757-0bf3-7412-a6af-d65973360b43,"",,credit,f,t,"{""id"": ""01a07757-0bf3-7412-a6af-d65973360b43"", ""name"": ""batch-dense-37"", ""metadata"": null, ""external_id"": null, ""normal_balance_type"": ""credit""}",active,2026-09-06 15:29:48.534474+00
01a07757-0c02-7482-84e3-1cb8e58d32c8,01a07757-0c02-7482-84e3-1cb8e58d32c8,"",,credit,f,t,"{""id"": ""01a07757-0c02-7482-84e3-1cb8e58d32c8"", ""name"": ""Parent"", ""metadata"": null, ""external_id"": null, ""normal_balance_type"": ""credit""}",active,2026-09-06 15:29:48.54956+00
01a07757-0c05-7c61-a5fb-89c8ae51741d,01a07757-0c05-7c61-a5fb-89c8ae51741d,"",,credit,f,t,"{""id"": ""01a07757-0c05-7c61-a5fb-89c8ae51741d"", ""name"": ""batch-dense-38"", ""metadata"": null, ""external_id"": null, ""normal_balance_type"": ""credit""}",active,2026-09-06 15:29:48.549928+00
01a07757-0c1a-7e22-9195-35e6317892d1,01a07757-0c1a-7e22-9195-35e6317892d1,"",,credit,f,t,"{""id"": ""01a07757-0c1a-7e22-9195-35e6317892d1"", ""name"": ""batch-dense-39"", ""metadata"": null, ""external_id"": null, ""normal_balance_type"": ""credit""}",active,2026-09-06 15:29:48.575235+00
01a07757-0c2c-7521-b8d4-eca659b6c3a3,01a07757-0c2c-7521-b8d4-eca659b6c3a3,"",,credit,f,t,"{""id"": ""01a07757-0c2c-7521-b8d4-eca659b6c3a3"", ""name"": ""batch-dense-40"", ""metadata"": null, ""external_id"": null, ""normal_balance_type"": ""credit""}",active,2026-09-06 15:29:48.591669+00
01a07757-0c3c-7382-9445-beadd50e1acb,01a07757-0c3c-7382-9445-beadd50e1acb,"",,credit,f,t,"{""id"": ""01a07757-0c3c-7382-9445-beadd50e1acb"", ""name"": ""batch-dense-41"", ""metadata"": null, ""external_id"": null, ""normal_balance_type"": ""credit""}",active,2026-09-06 15:29:48.605708+00
01a07757-0c4e-7d50-856d-0590172da0bc,01a07757-0c4e-7d50-856d-0590172da0bc,"",,credit,f,t,"{""id"": ""01a07757-0c4e-7d50-856d-0590172da0bc"", ""name"": ""batch-dense-42"", ""metadata"": null, ""external_id"": null, ""normal_balance_type"": ""credit""}",active,2026-09-06 15:29:48.625551+00
01a07757-0c60-7692-beae-62aa0b7c7b02,01a07757-0c60-7692-beae-62aa0b7c7b02,"",,credit,f,t,"{""id"": ""01a07757-0c60-7692-beae-62aa0b7c7b02"", ""name"": ""batch-dense-43"", ""metadata"": null, ""external_id"": null, ""normal_balance_type"": ""credit""}",active,2026-09-06 15:29:48.649464+00
01a07757-0c7b-77d1-a52d-620a3d0822b3,01a07757-0c7b-77d1-a52d-620a3d0822b3,"",,credit,f,t,"{""id"": ""01a07757-0c7b-77d1-a52d-620a3d0822b3"", ""name"": ""batch-dense-44"", ""metadata"": null, ""external_id"": null, ""normal_balance_type"": ""credit""}",active,2026-09-06 15:29:48.67542+00
01a07757-0c99-7a31-a5c2-bc0297fe1add,01a07757-0c99-7a31-a5c2-bc0297fe1add,"",,credit,f,t,"{""id"": ""01a07757-0c99-7a31-a5c2-bc0297fe1add"", ""name"": ""batch-dense-45"", ""metadata"": null, ""external_id"": null, ""normal_balance_type"": ""credit""}",active,2026-09-06 15:29:48.704769+00
01a07757-0cb2-7f21-97ea-08ca8aea5f12,01a07757-0cb2-7f21-97ea-08ca8aea5f12,"",,credit,f,t,"{""id"": ""01a07757-0cb2-7f21-97ea-08ca8aea5f12"", ""name"": ""batch-dense-46"", ""metadata"": null, ""external_id"": null, ""normal_balance_type"": ""credit""}",active,2026-09-06 15:29:48.724239+00
01a07757-0cbe-7901-a1f2-4b43f6a7bd4e,01a07757-0cbe-7901-a1f2-4b43f6a7bd4e,"",,credit,f,t,"{""id"": ""01a07757-0cbe-7901-a1f2-4b43f6a7bd4e"", ""name"": ""batch-dense-47"", ""metadata"": null, ""external_id"": null, ""normal_balance_type"": ""credit""}",active,2026-09-06 15:29:48.73828+00
01a07757-0cc6-76f2-ae9d-db9db916b1ce,01a07757-0cc6-76f2-ae9d-db9db916b1ce,"",,credit,f,t,"{""id"": ""01a07757-0cc6-76f2-ae9d-db9db916b1ce"", ""name"": ""batch-history-parent"", ""metadata"": null, ""external_id"": null, ""normal_balance_type"": ""credit""}",active,2026-09-06 15:29:48.758278+00
01a07757-0ce5-7b80-8fbd-704d52a646f9,01a07757-0ce5-7b80-8fbd-704d52a646f9,"",,credit,f,t,"{""id"": ""01a07757-0ce5-7b80-8fbd-704d52a646f9"", ""name"": ""batch-dense-48"", ""metadata"": null, ""external_id"": null, ""normal_balance_type"": ""credit""}",active,2026-09-06 15:29:48.778647+00
01a07757-0cfc-7901-baba-e09a9f9a38df,01a07757-0cfc-7901-baba-e09a9f9a38df,"",,credit,f,t,"{""id"": ""01a07757-0cfc-7901-baba-e09a9f9a38df"", ""name"": ""batch-dense-49"", ""metadata"": null, ""external_id"": null, ""normal_balance_type"": ""credit""}",active,2026-09-06 15:29:48.803273+00
01a07757-0d14-7f50-8f45-d08d8a5438d8,01a07757-0d14-7f50-8f45-d08d8a5438d8,"",,credit,f,t,"{""id"": ""01a07757-0d14-7f50-8f45-d08d8a5438d8"", ""name"": ""batch-history-valid"", ""metadata"": null, ""external_id"": null, ""normal_balance_type"": ""credit""}",active,2026-09-06 15:29:48.82528+00
01a07757-0d19-73d1-9125-7cd24207131e,01a07757-0d19-73d1-9125-7cd24207131e,"",,credit,f,t,"{""id"": ""01a07757-0d19-73d1-9125-7cd24207131e"", ""name"": ""batch-dense-50"", ""metadata"": null, ""external_id"": null, ""normal_balance_type"": ""credit""}",active,2026-09-06 15:29:48.827521+00
01a07757-0d2c-7cc1-9fc5-e828f8cb4338,01a07757-0d2c-7cc1-9fc5-e828f8cb4338,"",,credit,f,t,"{""id"": ""01a07757-0d2c-7cc1-9fc5-e828f8cb4338"", ""name"": ""batch-dense-51"", ""metadata"": null, ""external_id"": null, ""normal_balance_type"": ""credit""}",active,2026-09-06 15:29:48.845636+00
01a07757-0d40-76f1-8a1f-182a0296bf88,01a07757-0d40-76f1-8a1f-182a0296bf88,"",,credit,f,t,"{""id"": ""01a07757-0d40-76f1-8a1f-182a0296bf88"", ""name"": ""batch-dense-52"", ""metadata"": null, ""external_id"": null, ""normal_balance_type"": ""credit""}",active,2026-09-06 15:29:48.868793+00
01a07757-0d40-76f1-8a1f-183e337e4ef9,01a07757-0d40-76f1-8a1f-183e337e4ef9,"",,credit,f,t,"{""id"": ""01a07757-0d40-76f1-8a1f-183e337e4ef9"", ""name"": ""batch-history-invalid"", ""metadata"": null, ""external_id"": null, ""normal_balance_type"": ""credit""}",active,2026-09-06 15:29:48.871144+00
01a07757-0d54-78d3-9abd-402f0915a7ed,01a07757-0d54-78d3-9abd-402f0915a7ed,"",,credit,f,t,"{""id"": ""01a07757-0d54-78d3-9abd-402f0915a7ed"", ""name"": ""batch-dense-53"", ""metadata"": null, ""external_id"": null, ""normal_balance_type"": ""credit""}",active,2026-09-06 15:29:48.892281+00
01a07757-0d79-7331-ac7f-d57133397443,01a07757-0d79-7331-ac7f-d57133397443,"",,credit,f,t,"{""id"": ""01a07757-0d79-7331-ac7f-d57133397443"", ""name"": ""batch-dense-54"", ""metadata"": null, ""external_id"": null, ""normal_balance_type"": ""credit""}",active,2026-09-06 15:29:48.93207+00
01a07757-0daa-7133-b716-e6910545f794,01a07757-0daa-7133-b716-e6910545f794,"",,credit,f,t,"{""id"": ""01a07757-0daa-7133-b716-e6910545f794"", ""name"": ""batch-dense-55"", ""metadata"": null, ""external_id"": null, ""normal_balance_type"": ""credit""}",active,2026-09-06 15:29:48.97408+00
01a07757-0dc1-7922-a6e2-2f2fa56bc6df,01a07757-0dc1-7922-a6e2-2f2fa56bc6df,"",,credit,f,t,"{""id"": ""01a07757-0dc1-7922-a6e2-2f2fa56bc6df"", ""name"": ""batch-dense-56"", ""metadata"": null, ""external_id"": null, ""normal_balance_type"": ""credit""}",active,2026-09-06 15:29:48.994215+00
01a07757-0dd2-7791-b327-c69bdad09c17,01a07757-0dd2-7791-b327-c69bdad09c17,"",,credit,f,t,"{""id"": ""01a07757-0dd2-7791-b327-c69bdad09c17"", ""name"": ""batch-dense-57"", ""metadata"": null, ""external_id"": null, ""normal_balance_type"": ""credit""}",active,2026-09-06 15:29:49.015284+00
01a07757-0deb-7403-b57a-09d14e6bc52a,I1rBb3sf8uSWhYxOzeGP6riFV0vSZMgZ,Test Sender Account I1rBb3sf8uSWhYxOzeGP6riFV0vSZMgZ,,credit,f,f,"{""id"": ""01a07757-0deb-7403-b57a-09d14e6bc52a"", ""name"": ""Test Sender Account I1rBb3sf8uSWhYxOzeGP6riFV0vSZMgZ"", ""metadata"": null, ""external_id"": null, ""normal_balance_type"": ""credit""}",active,2026-09-06 15:29:49.039308+00
01a07757-0df1-7051-abb7-65599832e92d,01a07757-0df1-7051-abb7-65599832e92d,"",,credit,f,t,"{""id"": ""01a07757-0df1-7051-abb7-65599832e92d"", ""name"": ""batch-dense-58"", ""metadata"": null, ""external_id"": null, ""normal_balance_type"": ""credit""}",active,2026-09-06 15:29:49.053287+00
01a07757-0e0c-7e21-a11f-2b9ab8d8a07b,01a07757-0e0c-7e21-a11f-2b9ab8d8a07b,"",,credit,f,t,"{""id"": ""01a07757-0e0c-7e21-a11f-2b9ab8d8a07b"", ""name"": ""batch-dense-59"", ""metadata"": null, ""external_id"": null, ""normal_balance_type"": ""credit""}",active,2026-09-06 15:29:49.072097+00
01a07757-0e23-7172-9772-b6a2fe098205,01a07757-0e23-7172-9772-b6a2fe098205,"",,credit,f,t,"{""id"": ""01a07757-0e23-7172-9772-b6a2fe098205"", ""name"": ""batch-dense-60"", ""metadata"": null, ""external_id"": null, ""normal_balance_type"": ""credit""}",active,2026-09-06 15:29:49.093034+00
01a07757-0e3e-7400-b05c-16b8a92de5f7,01a07757-0e3e-7400-b05c-16b8a92de5f7,"",,credit,f,t,"{""id"": ""01a07757-0e3e-7400-b05c-16b8a92de5f7"", ""name"": ""batch-dense-61"", ""metadata"": null, ""external_id"": null, ""normal_balance_type"": ""credit""}",active,2026-09-06 15:29:49.12305+00
01a07757-0e51-78f1-9d57-53767e662fd4,01a07757-0e51-78f1-9d57-53767e662fd4,"",,credit,f,t,"{""id"": ""01a07757-0e51-78f1-9d57-53767e662fd4"", ""name"": ""batch-dense-62"", ""metadata"": null, ""external_id"": null, ""normal_balance_type"": ""credit""}",active,2026-09-06 15:29:49.139375+00
01a07757-0e5f-7a70-a57d-9e258e7d4ca9,01a07757-0e5f-7a70-a57d-9e258e7d4ca9,"",,credit,f,t,"{""id"": ""01a07757-0e5f-7a70-a57d-9e258e7d4ca9"", ""name"": ""batch-dense-63"", ""metadata"": null, ""external_id"": null, ""normal_balance_type"": ""credit""}",active,2026-09-06 15:29:49.154289+00
01a07757-0fb7-7462-b19f-0a85d24a56fc,01a07757-0fb7-7462-b19f-0a85d24a56fc,"",,credit,f,t,"{""id"": ""01a07757-0fb7-7462-b19f-0a85d24a56fc"", ""name"": ""DOUBLE GP"", ""metadata"": null, ""external_id"": null, ""normal_balance_type"": ""credit""}",active,2026-09-06 15:29:49.499118+00
01a07757-0fe0-7571-8c00-ca2db2fb4028,01a07757-0fe0-7571-8c00-ca2db2fb4028,"",,credit,f,t,"{""id"": ""01a07757-0fe0-7571-8c00-ca2db2fb4028"", ""name"": ""SAMEOP GP"", ""metadata"": null, ""external_id"": null, ""normal_balance_type"": ""credit""}",active,2026-09-06 15:29:49.540888+00
01a07757-0fec-7c30-bafa-bc086192213e,8PvpcXwfqvhbnHrijEvC8tohMlo9Sl5U,Test Sender Account 8PvpcXwfqvhbnHrijEvC8tohMlo9Sl5U,,credit,f,f,"{""id"": ""01a07757-0fec-7c30-bafa-bc086192213e"", ""name"": ""Test Sender Account 8PvpcXwfqvhbnHrijEvC8tohMlo9Sl5U"", ""metadata"": null, ""external_id"": null, ""normal_balance_type"": ""credit""}",active,2026-09-06 15:29:49.549537+00
01a07757-0fec-7c30-bafa-bc1ac19feba1,esuKsFxVf6M2IcWkLcbE0qoWwXKU8lYT,Test Recipient Account esuKsFxVf6M2IcWkLcbE0qoWwXKU8lYT,,credit,f,f,"{""id"": ""01a07757-0fec-7c30-bafa-bc1ac19feba1"", ""name"": ""Test Recipient Account esuKsFxVf6M2IcWkLcbE0qoWwXKU8lYT"", ""metadata"": null, ""external_id"": null, ""normal_balance_type"": ""credit""}",active,2026-09-06 15:29:49.928292+00
01a07757-0ff3-7c42-a7bb-2616f24b499b,01a07757-0ff3-7c42-a7bb-2616f24b499b,"",,credit,f,t,"{""id"": ""01a07757-0ff3-7c42-a7bb-2616f24b499b"", ""name"": ""DOUBLE BRANCH A"", ""metadata"": null, ""external_id"": null, ""normal_balance_type"": ""credit""}",active,2026-09-06 15:29:49.55664+00
01a07757-1026-7c93-bd05-25a57710590a,01a07757-1026-7c93-bd05-25a57710590a,"",,credit,f,t,"{""id"": ""01a07757-1026-7c93-bd05-25a57710590a"", ""name"": ""SAMEOP LEFT"", ""metadata"": null, ""external_id"": null, ""normal_balance_type"": ""credit""}",active,2026-09-06 15:29:49.607227+00
01a07757-1064-7f72-9b66-ce2a15971ea3,01a07757-1064-7f72-9b66-ce2a15971ea3,"",,credit,f,t,"{""id"": ""01a07757-1064-7f72-9b66-ce2a15971ea3"", ""name"": ""SAMEOP RIGHT"", ""metadata"": null, ""external_id"": null, ""normal_balance_type"": ""credit""}",active,2026-09-06 15:29:49.674751+00
01a07757-10d6-7c91-a186-25147fce887c,VaUZsDvo3C35wP9F68VBpIKpcFNUKQPj,Test Sender Account VaUZsDvo3C35wP9F68VBpIKpcFNUKQPj,,credit,f,f,"{""id"": ""01a07757-10d6-7c91-a186-25147fce887c"", ""name"": ""Test Sender Account VaUZsDvo3C35wP9F68VBpIKpcFNUKQPj"", ""metadata"": null, ""external_id"": null, ""normal_balance_type"": ""credit""}",active,2026-09-06 15:29:49.78929+00
01a07757-10d6-7c91-a186-252caa5ac4ab,6BsuZPxPHh3J95VYKb7oA8ZOU013bvM6,Test Recipient Account 6BsuZPxPHh3J95VYKb7oA8ZOU013bvM6,,credit,f,f,"{""id"": ""01a07757-10d6-7c91-a186-252caa5ac4ab"", ""name"": ""Test Recipient Account 6BsuZPxPHh3J95VYKb7oA8ZOU013bvM6"", ""metadata"": null, ""external_id"": null, ""normal_balance_type"": ""credit""}",active,2026-09-06 15:29:49.88152+00
01a07757-10f6-7402-85f8-3d964d4ba060,01a07757-10f6-7402-85f8-3d964d4ba060,"",,credit,f,t,"{""id"": ""01a07757-10f6-7402-85f8-3d964d4ba060"", ""name"": ""DOUBLE BRANCH B"", ""metadata"": null, ""external_id"": null, ""normal_balance_type"": ""credit""}",active,2026-09-06 15:29:49.819733+00
01a07757-11a5-73a2-a7f0-65d9121af084,01a07757-11a5-73a2-a7f0-65d9121af084,"",,credit,f,t,"{""id"": ""01a07757-11a5-73a2-a7f0-65d9121af084"", ""name"": ""SET ONE"", ""metadata"": null, ""external_id"": null, ""normal_balance_type"": ""credit""}",active,2026-09-06 15:29:49.990809+00
01a07757-11d0-7360-8605-7ebbb91070ec,01a07757-11d0-7360-8605-7ebbb91070ec,"",,credit,f,t,"{""id"": ""01a07757-11d0-7360-8605-7ebbb91070ec"", ""name"": ""SET TWO"", ""metadata"": null, ""external_id"": null, ""normal_balance_type"": ""credit""}",active,2026-09-06 15:29:50.034279+00
01a07757-11f0-76b2-9f30-15b7e891e361,01a07757-11f0-76b2-9f30-15b7e891e361,"",,credit,f,t,"{""id"": ""01a07757-11f0-76b2-9f30-15b7e891e361"", ""name"": ""MEM GP"", ""metadata"": null, ""external_id"": null, ""normal_balance_type"": ""credit""}",active,2026-09-06 15:29:50.287152+00
01a07757-11f6-7ab3-937c-b7e1a5cee91f,01a07757-11f6-7ab3-937c-b7e1a5cee91f,"",,credit,f,t,"{""id"": ""01a07757-11f6-7ab3-937c-b7e1a5cee91f"", ""name"": ""parent"", ""metadata"": null, ""external_id"": null, ""normal_balance_type"": ""credit""}",active,2026-09-06 15:29:50.071715+00
01a07757-129f-78f2-8bc9-b43f409f6005,SGDq9ZhFhhrXwXtGmihgDEwZxDh7CZuE,Test Sender Account SGDq9ZhFhhrXwXtGmihgDEwZxDh7CZuE,,credit,f,f,"{""id"": ""01a07757-129f-78f2-8bc9-b43f409f6005"", ""name"": ""Test Sender Account SGDq9ZhFhhrXwXtGmihgDEwZxDh7CZuE"", ""metadata"": null, ""external_id"": null, ""normal_balance_type"": ""credit""}",active,2026-09-06 15:29:50.240999+00
01a07757-129f-78f2-8bc9-b443a2781f9c,MHioMmbxZkodsuwHkQnDwVl4uemaYB9D,Test Recipient Account MHioMmbxZkodsuwHkQnDwVl4uemaYB9D,,credit,f,f,"{""id"": ""01a07757-129f-78f2-8bc9-b443a2781f9c"", ""name"": ""Test Recipient Account MHioMmbxZkodsuwHkQnDwVl4uemaYB9D"", ""metadata"": null, ""external_id"": null, ""normal_balance_type"": ""credit""}",active,2026-09-06 15:29:50.266018+00
01a07757-1309-79e1-918d-d8b1c08e935b,01a07757-1309-79e1-918d-d8b1c08e935b,"",,credit,f,t,"{""id"": ""01a07757-1309-79e1-918d-d8b1c08e935b"", ""name"": ""MEM BRANCH A"", ""metadata"": null, ""external_id"": null, ""normal_balance_type"": ""credit""}",active,2026-09-06 15:29:50.347031+00
01a07757-1321-79d3-a0ef-1facebe3bfc2,01a07757-1321-79d3-a0ef-1facebe3bfc2,"",,credit,f,t,"{""id"": ""01a07757-1321-79d3-a0ef-1facebe3bfc2"", ""name"": ""DOUBLE NESTED"", ""metadata"": null, ""external_id"": null, ""normal_balance_type"": ""credit""}",active,2026-09-06 15:29:50.371286+00
01a07757-1329-7270-80bd-730e11aaff05,01a07757-1329-7270-80bd-730e11aaff05,"",,credit,f,t,"{""id"": ""01a07757-1329-7270-80bd-730e11aaff05"", ""name"": ""MEM BRANCH B"", ""metadata"": null, ""external_id"": null, ""normal_balance_type"": ""credit""}",active,2026-09-06 15:29:50.379229+00
01a07757-1361-7c41-9478-8112ee8bbe4a,01a07757-1361-7c41-9478-8112ee8bbe4a,"",,credit,f,t,"{""id"": ""01a07757-1361-7c41-9478-8112ee8bbe4a"", ""name"": ""DOUBLE DESC A"", ""metadata"": null, ""external_id"": null, ""normal_balance_type"": ""credit""}",active,2026-09-06 15:29:50.442306+00
01a07757-1397-7291-a0d2-cbf7d1fc3bb7,01a07757-1397-7291-a0d2-cbf7d1fc3bb7,"",,credit,f,t,"{""id"": ""01a07757-1397-7291-a0d2-cbf7d1fc3bb7"", ""name"": ""DOUBLE DESC B"", ""metadata"": null, ""external_id"": null, ""normal_balance_type"": ""credit""}",active,2026-09-06 15:29:50.489159+00
01a07757-13ab-77f2-a04f-c08fb8231aa2,01a07757-13ab-77f2-a04f-c08fb8231aa2,"",,credit,f,t,"{""id"": ""01a07757-13ab-77f2-a04f-c08fb8231aa2"", ""name"": ""DOUBLE DESC D"", ""metadata"": null, ""external_id"": null, ""normal_balance_type"": ""credit""}",active,2026-09-06 15:29:50.50851+00
01a07757-13c7-7052-b7ee-bb3f9ea13133,01a07757-13c7-7052-b7ee-bb3f9ea13133,"",,credit,f,t,"{""id"": ""01a07757-13c7-7052-b7ee-bb3f9ea13133"", ""name"": ""DOUBLE DESC X"", ""metadata"": null, ""external_id"": null, ""normal_balance_type"": ""credit""}",active,2026-09-06 15:29:50.539309+00
01a07757-13ce-7c90-9a79-092a4d747ac0,UGWCqJsE7dc3ENezRJz14jz9rFRsypIE,Test Sender Account UGWCqJsE7dc3ENezRJz14jz9rFRsypIE,,credit,f,f,"{""id"": ""01a07757-13ce-7c90-9a79-092a4d747ac0"", ""name"": ""Test Sender Account UGWCqJsE7dc3ENezRJz14jz9rFRsypIE"", ""metadata"": null, ""external_id"": null, ""normal_balance_type"": ""credit""}",active,2026-09-06 15:29:50.543315+00
01a07757-13ce-7c90-9a79-093af3de4493,JfuGhwAEPXwBrF3HmbS4OAgK3Tb2rk5c,Test Recipient Account JfuGhwAEPXwBrF3HmbS4OAgK3Tb2rk5c,,credit,f,f,"{""id"": ""01a07757-13ce-7c90-9a79-093af3de4493"", ""name"": ""Test Recipient Account JfuGhwAEPXwBrF3HmbS4OAgK3Tb2rk5c"", ""metadata"": null, ""external_id"": null, ""normal_balance_type"": ""credit""}",active,2026-09-06 15:29:50.601975+00
01a07757-14ae-7a12-a427-9e1d105d391e,01a07757-14ae-7a12-a427-9e1d105d391e,"",,credit,f,t,"{""id"": ""01a07757-14ae-7a12-a427-9e1d105d391e"", ""name"": ""DOUBLE OUTSIDE"", ""metadata"": null, ""external_id"": null, ""normal_balance_type"": ""credit""}",active,2026-09-06 15:29:50.770172+00
01a07757-14b8-7ce0-abb3-b1d7ee1d9018,01a07757-14b8-7ce0-abb3-b1d7ee1d9018,"",,credit,f,t,"{""id"": ""01a07757-14b8-7ce0-abb3-b1d7ee1d9018"", ""name"": ""Parent Set"", ""metadata"": null, ""external_id"": null, ""normal_balance_type"": ""credit""}",active,2026-09-06 15:29:50.779132+00
01a07757-14c6-7cb0-86d4-281f3875f473,4QUgdk9wRksTDkrQXFbB4TVxUkr4lphw,Test Sender Account 4QUgdk9wRksTDkrQXFbB4TVxUkr4lphw,,credit,f,f,"{""id"": ""01a07757-14c6-7cb0-86d4-281f3875f473"", ""name"": ""Test Sender Account 4QUgdk9wRksTDkrQXFbB4TVxUkr4lphw"", ""metadata"": null, ""external_id"": null, ""normal_balance_type"": ""credit""}",active,2026-09-06 15:29:50.791969+00
01a07757-14de-7083-b87f-df1420ddb03d,01a07757-14de-7083-b87f-df1420ddb03d,"",,credit,f,t,"{""id"": ""01a07757-14de-7083-b87f-df1420ddb03d"", ""name"": ""depth-set-0"", ""metadata"": null, ""external_id"": null, ""normal_balance_type"": ""credit""}",active,2026-09-06 15:29:50.815269+00
01a07757-151c-7db2-ab63-13145f55ee8f,01a07757-151c-7db2-ab63-13145f55ee8f,"",,credit,f,t,"{""id"": ""01a07757-151c-7db2-ab63-13145f55ee8f"", ""name"": ""depth-set-1"", ""metadata"": null, ""external_id"": null, ""normal_balance_type"": ""credit""}",active,2026-09-06 15:29:50.882293+00
01a07757-1526-7251-97f4-4252323cf9c7,01a07757-1526-7251-97f4-4252323cf9c7,"",,credit,f,t,"{""id"": ""01a07757-1526-7251-97f4-4252323cf9c7"", ""name"": ""SET A"", ""metadata"": null, ""external_id"": null, ""normal_balance_type"": ""credit""}",active,2026-09-06 15:29:50.888285+00
01a07757-1543-73e3-8c68-62b9acbffa5d,01a07757-1543-73e3-8c68-62b9acbffa5d,"",,credit,f,t,"{""id"": ""01a07757-1543-73e3-8c68-62b9acbffa5d"", ""name"": ""depth-set-2"", ""metadata"": null, ""external_id"": null, ""normal_balance_type"": ""credit""}",active,2026-09-06 15:29:50.916289+00
01a07757-1544-7121-8d67-006d226f0453,01a07757-1544-7121-8d67-006d226f0453,"",,credit,f,t,"{""id"": ""01a07757-1544-7121-8d67-006d226f0453"", ""name"": ""SET B"", ""metadata"": null, ""external_id"": null, ""normal_balance_type"": ""credit""}",active,2026-09-06 15:29:50.918224+00
01a07757-1559-7731-99d6-9a8cb94f5f01,01a07757-1559-7731-99d6-9a8cb94f5f01,"",,credit,f,t,"{""id"": ""01a07757-1559-7731-99d6-9a8cb94f5f01"", ""name"": ""SAMEOP FRESH"", ""metadata"": null, ""external_id"": null, ""normal_balance_type"": ""credit""}",active,2026-09-06 15:29:50.937938+00
01a07757-1563-7c13-bfb6-8f5aa4bcd9b3,01a07757-1563-7c13-bfb6-8f5aa4bcd9b3,"",,credit,f,t,"{""id"": ""01a07757-1563-7c13-bfb6-8f5aa4bcd9b3"", ""name"": ""depth-set-3"", ""metadata"": null, ""external_id"": null, ""normal_balance_type"": ""credit""}",active,2026-09-06 15:29:50.950281+00
01a07757-1573-7841-9483-94a16ab47d20,01a07757-1573-7841-9483-94a16ab47d20,"",,credit,f,t,"{""id"": ""01a07757-1573-7841-9483-94a16ab47d20"", ""name"": ""SET C"", ""metadata"": null, ""external_id"": null, ""normal_balance_type"": ""credit""}",active,2026-09-06 15:29:50.966361+00
01a07757-157e-7c10-9d8f-5fe337a998d3,01a07757-157e-7c10-9d8f-5fe337a998d3,"",,credit,f,t,"{""id"": ""01a07757-157e-7c10-9d8f-5fe337a998d3"", ""name"": ""depth-set-4"", ""metadata"": null, ""external_id"": null, ""normal_balance_type"": ""credit""}",active,2026-09-06 15:29:50.977618+00
01a07757-1591-7dc3-94e8-1cb831a0f5df,01a07757-1591-7dc3-94e8-1cb831a0f5df,"",,credit,f,t,"{""id"": ""01a07757-1591-7dc3-94e8-1cb831a0f5df"", ""name"": ""depth-set-5"", ""metadata"": null, ""external_id"": null, ""normal_balance_type"": ""credit""}",active,2026-09-06 15:29:50.99935+00
01a07757-15b6-7ae2-bb0a-4835bea4a861,01a07757-15b6-7ae2-bb0a-4835bea4a861,"",,credit,f,t,"{""id"": ""01a07757-15b6-7ae2-bb0a-4835bea4a861"", ""name"": ""SAMEOP SUB"", ""metadata"": null, ""external_id"": null, ""normal_balance_type"": ""credit""}",active,2026-09-06 15:29:51.032823+00
01a07757-15ba-7033-9652-5b33a17e4d9d,01a07757-15ba-7033-9652-5b33a17e4d9d,"",,credit,f,t,"{""id"": ""01a07757-15ba-7033-9652-5b33a17e4d9d"", ""name"": ""depth-set-6"", ""metadata"": null, ""external_id"": null, ""normal_balance_type"": ""credit""}",active,2026-09-06 15:29:51.035812+00
01a07757-15cc-7a53-bd3d-3c65beab31b3,W5m7NHkC2vRsXzK4ha3VR8uhjnzMg9xy,Test Sender Account W5m7NHkC2vRsXzK4ha3VR8uhjnzMg9xy,,credit,f,f,"{""id"": ""01a07757-15cc-7a53-bd3d-3c65beab31b3"", ""name"": ""Test Sender Account W5m7NHkC2vRsXzK4ha3VR8uhjnzMg9xy"", ""metadata"": null, ""external_id"": null, ""normal_balance_type"": ""credit""}",active,2026-09-06 15:29:51.056344+00
01a07757-15d0-7ca1-a6ac-9dfcf40c1039,01a07757-15d0-7ca1-a6ac-9dfcf40c1039,"",,credit,f,t,"{""id"": ""01a07757-15d0-7ca1-a6ac-9dfcf40c1039"", ""name"": ""depth-set-7"", ""metadata"": null, ""external_id"": null, ""normal_balance_type"": ""credit""}",active,2026-09-06 15:29:51.057085+00
01a07757-15fc-7bd0-97f3-4cac5a0452d8,01a07757-15fc-7bd0-97f3-4cac5a0452d8,"",,credit,f,t,"{""id"": ""01a07757-15fc-7bd0-97f3-4cac5a0452d8"", ""name"": ""depth-set-8"", ""metadata"": null, ""external_id"": null, ""normal_balance_type"": ""credit""}",active,2026-09-06 15:29:51.101625+00
01a07757-1609-7203-884c-3e558dc55ee3,01a07757-1609-7203-884c-3e558dc55ee3,"",,credit,f,t,"{""id"": ""01a07757-1609-7203-884c-3e558dc55ee3"", ""name"": ""depth-set-9"", ""metadata"": null, ""external_id"": null, ""normal_balance_type"": ""credit""}",active,2026-09-06 15:29:51.114064+00
01a07757-1619-7043-ab6e-a1e3a608f381,01a07757-1619-7043-ab6e-a1e3a608f381,"",,credit,f,t,"{""id"": ""01a07757-1619-7043-ab6e-a1e3a608f381"", ""name"": ""depth-set-10"", ""metadata"": null, ""external_id"": null, ""normal_balance_type"": ""credit""}",active,2026-09-06 15:29:51.132283+00
01a07757-1629-7613-b694-c12187687723,01a07757-1629-7613-b694-c12187687723,"",,credit,f,t,"{""id"": ""01a07757-1629-7613-b694-c12187687723"", ""name"": ""depth-set-11"", ""metadata"": null, ""external_id"": null, ""normal_balance_type"": ""credit""}",active,2026-09-06 15:29:51.146747+00
01a07757-1633-7981-97b7-499c2be2761e,01a07757-1633-7981-97b7-499c2be2761e,"",,credit,f,t,"{""id"": ""01a07757-1633-7981-97b7-499c2be2761e"", ""name"": ""depth-set-12"", ""metadata"": null, ""external_id"": null, ""normal_balance_type"": ""credit""}",active,2026-09-06 15:29:51.156004+00
01a07757-163e-7011-9c21-2c436c90ec86,01a07757-163e-7011-9c21-2c436c90ec86,"",,credit,f,t,"{""id"": ""01a07757-163e-7011-9c21-2c436c90ec86"", ""name"": ""depth-set-13"", ""metadata"": null, ""external_id"": null, ""normal_balance_type"": ""credit""}",active,2026-09-06 15:29:51.167011+00
01a07757-1649-7201-91f7-05a475500d83,01a07757-1649-7201-91f7-05a475500d83,"",,credit,f,t,"{""id"": ""01a07757-1649-7201-91f7-05a475500d83"", ""name"": ""depth-set-14"", ""metadata"": null, ""external_id"": null, ""normal_balance_type"": ""credit""}",active,2026-09-06 15:29:51.178546+00
01a07757-1656-7a60-9d7e-8954f4cf48b3,01a07757-1656-7a60-9d7e-8954f4cf48b3,"",,credit,f,t,"{""id"": ""01a07757-1656-7a60-9d7e-8954f4cf48b3"", ""name"": ""depth-set-15"", ""metadata"": null, ""external_id"": null, ""normal_balance_type"": ""credit""}",active,2026-09-06 15:29:51.191078+00
01a07757-1658-7a10-87bc-40d599fb7dcb,DrmeLikz,lQ85kbCb,a-oqb3z3IX,credit,f,f,"{""id"": ""01a07757-1658-7a10-87bc-40d599fb7dcb"", ""name"": ""lQ85kbCb"", ""metadata"": null, ""external_id"": ""a-oqb3z3IX"", ""normal_balance_type"": ""credit""}",active,2026-09-06 15:29:51.193453+00
01a07757-165f-7c73-b12e-fd76a6115742,01a07757-165f-7c73-b12e-fd76a6115742,"",,credit,f,t,"{""id"": ""01a07757-165f-7c73-b12e-fd76a6115742"", ""name"": ""depth-set-16"", ""metadata"": null, ""external_id"": null, ""normal_balance_type"": ""credit""}",active,2026-09-06 15:29:51.200589+00
01a07757-1669-7d90-abfb-ee742e78ff2f,01a07757-1669-7d90-abfb-ee742e78ff2f,"",,credit,f,t,"{""id"": ""01a07757-1669-7d90-abfb-ee742e78ff2f"", ""name"": ""depth-set-17"", ""metadata"": null, ""external_id"": null, ""normal_balance_type"": ""credit""}",active,2026-09-06 15:29:51.210548+00
01a07757-1673-7bc2-bc92-c408f57b2e85,Z4qfgA6X,MvX6GYSK,z-oqb3z3IX,credit,f,f,"{""id"": ""01a07757-1673-7bc2-bc92-c408f57b2e85"", ""name"": ""MvX6GYSK"", ""metadata"": null, ""external_id"": ""z-oqb3z3IX"", ""normal_balance_type"": ""credit""}",active,2026-09-06 15:29:51.220856+00
01a07757-1683-7fd0-8e45-dc150c22c139,01a07757-1683-7fd0-8e45-dc150c22c139,"",,credit,f,t,"{""id"": ""01a07757-1683-7fd0-8e45-dc150c22c139"", ""name"": ""SET D"", ""metadata"": null, ""external_id"": null, ""normal_balance_type"": ""credit""}",active,2026-09-06 15:29:51.236284+00
01a07757-1690-7893-a824-761132900fa7,TycxnNC7,SS6NpiG8,,credit,f,f,"{""id"": ""01a07757-1690-7893-a824-761132900fa7"", ""name"": ""SS6NpiG8"", ""metadata"": null, ""external_id"": null, ""normal_balance_type"": ""credit""}",active,2026-09-06 15:29:51.248924+00
01a07757-16af-7413-a023-42ac3fd03ef1,CGuaaUdYEUpjS9u74Vw2QzWRzQg0vQqY,Test Sender Account CGuaaUdYEUpjS9u74Vw2QzWRzQg0vQqY,,credit,f,f,"{""id"": ""01a07757-16af-7413-a023-42ac3fd03ef1"", ""name"": ""Test Sender Account CGuaaUdYEUpjS9u74Vw2QzWRzQg0vQqY"", ""metadata"": null, ""external_id"": null, ""normal_balance_type"": ""credit""}",active,2026-09-06 15:29:51.284246+00
01a07757-16af-7413-a023-42b4fec197a3,0PzBtiror78cT6fWilvmJp00hDfO8EYC,Test Recipient Account 0PzBtiror78cT6fWilvmJp00hDfO8EYC,,credit,f,f,"{""id"": ""01a07757-16af-7413-a023-42b4fec197a3"", ""name"": ""Test Recipient Account 0PzBtiror78cT6fWilvmJp00hDfO8EYC"", ""metadata"": null, ""external_id"": null, ""normal_balance_type"": ""credit""}",active,2026-09-06 15:29:51.312705+00
01a07757-16ef-7a93-95d6-a1532be61a3e,01a07757-16ef-7a93-95d6-a1532be61a3e,"",,credit,f,t,"{""id"": ""01a07757-16ef-7a93-95d6-a1532be61a3e"", ""name"": ""SET ONE"", ""metadata"": null, ""external_id"": null, ""normal_balance_type"": ""credit""}",active,2026-09-06 15:29:51.344662+00
01a07757-16fd-7962-9927-9f83f0014784,01a07757-16fd-7962-9927-9f83f0014784,"",,credit,f,t,"{""id"": ""01a07757-16fd-7962-9927-9f83f0014784"", ""name"": ""SET TWO"", ""metadata"": null, ""external_id"": null, ""normal_balance_type"": ""credit""}",active,2026-09-06 15:29:51.357824+00
01a07757-1719-78e0-95e7-0139e77f4f79,01a07757-1719-78e0-95e7-0139e77f4f79,"",,credit,f,t,"{""id"": ""01a07757-1719-78e0-95e7-0139e77f4f79"", ""name"": ""parent"", ""metadata"": null, ""external_id"": null, ""normal_balance_type"": ""credit""}",active,2026-09-06 15:29:51.385886+00
01a07757-1887-7ef2-94ee-305dbd98867d,brqaPnxWUiQm2ntRngvPBpzQzEAzEIqO,Test Sender Account brqaPnxWUiQm2ntRngvPBpzQzEAzEIqO,,credit,f,f,"{""id"": ""01a07757-1887-7ef2-94ee-305dbd98867d"", ""name"": ""Test Sender Account brqaPnxWUiQm2ntRngvPBpzQzEAzEIqO"", ""metadata"": null, ""external_id"": null, ""normal_balance_type"": ""credit""}",active,2026-09-06 15:29:51.752363+00
01a07757-1887-7ef2-94ee-306ef54d1b4d,lO8XdsXjhP5QK5MYzQ7vPRBS1B0jogou,Test Recipient Account lO8XdsXjhP5QK5MYzQ7vPRBS1B0jogou,,credit,f,f,"{""id"": ""01a07757-1887-7ef2-94ee-306ef54d1b4d"", ""name"": ""Test Recipient Account lO8XdsXjhP5QK5MYzQ7vPRBS1B0jogou"", ""metadata"": null, ""external_id"": null, ""normal_balance_type"": ""credit""}",active,2026-09-06 15:29:51.758163+00
01a07757-1898-72a3-a398-1b27162c6904,nS5RXlJxgwoj6jSiiwIRRFJvmhofDORK,Test Sender Account nS5RXlJxgwoj6jSiiwIRRFJvmhofDORK,,credit,f,f,"{""id"": ""01a07757-1898-72a3-a398-1b27162c6904"", ""name"": ""Test Sender Account nS5RXlJxgwoj6jSiiwIRRFJvmhofDORK"", ""metadata"": null, ""external_id"": null, ""normal_balance_type"": ""credit""}",active,2026-09-06 15:29:51.769284+00
01a07757-1898-72a3-a398-1b35d11e5a04,hYWE7ckraalU2YKk6aV0LIb7dVJDUcrU,Test Recipient Account hYWE7ckraalU2YKk6aV0LIb7dVJDUcrU,,credit,f,f,"{""id"": ""01a07757-1898-72a3-a398-1b35d11e5a04"", ""name"": ""Test Recipient Account hYWE7ckraalU2YKk6aV0LIb7dVJDUcrU"", ""metadata"": null, ""external_id"": null, ""normal_balance_type"": ""credit""}",active,2026-09-06 15:29:51.787279+00
01a07757-18ad-74a2-8399-44377a6d45a6,BlgJktHRoIZhpUoyqd4KVPYqZBoylDUx,Test Sender Account BlgJktHRoIZhpUoyqd4KVPYqZBoylDUx,,credit,f,f,"{""id"": ""01a07757-18ad-74a2-8399-44377a6d45a6"", ""name"": ""Test Sender Account BlgJktHRoIZhpUoyqd4KVPYqZBoylDUx"", ""metadata"": null, ""external_id"": null, ""normal_balance_type"": ""credit""}",active,2026-09-06 15:29:51.790756+00
01a07757-18ae-7101-8e63-118b265a6ed0,aDVmUjJUUDTytNawOJoOCAy6DVG32FEj,Test Recipient Account aDVmUjJUUDTytNawOJoOCAy6DVG32FEj,,credit,f,f,"{""id"": ""01a07757-18ae-7101-8e63-118b265a6ed0"", ""name"": ""Test Recipient Account aDVmUjJUUDTytNawOJoOCAy6DVG32FEj"", ""metadata"": null, ""external_id"": null, ""normal_balance_type"": ""credit""}",active,2026-09-06 15:29:51.806012+00
01a07757-18c6-71b3-a682-8ce4ff48a5de,01a07757-18c6-71b3-a682-8ce4ff48a5de,"",,credit,f,t,"{""id"": ""01a07757-18c6-71b3-a682-8ce4ff48a5de"", ""name"": ""Target"", ""metadata"": null, ""external_id"": null, ""normal_balance_type"": ""credit""}",active,2026-09-06 15:29:51.814717+00
01a07757-341e-7642-baf5-e55ce7ab13c8,uiTLJh2E6jm2NGvGU3rQeDuMfAA6dkod,Test Sender Account uiTLJh2E6jm2NGvGU3rQeDuMfAA6dkod,,credit,f,f,"{""id"": ""01a07757-341e-7642-baf5-e55ce7ab13c8"", ""name"": ""Test Sender Account uiTLJh2E6jm2NGvGU3rQeDuMfAA6dkod"", ""metadata"": null, ""external_id"": null, ""normal_balance_type"": ""credit""}",active,2026-09-06 15:29:58.815149+00
01a07757-341e-7642-baf5-e569d73c438d,9EHJIlk21ElhrkKsgWKRcL5fVZ8jYrL2,Test Recipient Account 9EHJIlk21ElhrkKsgWKRcL5fVZ8jYrL2,,credit,f,f,"{""id"": ""01a07757-341e-7642-baf5-e569d73c438d"", ""name"": ""Test Recipient Account 9EHJIlk21ElhrkKsgWKRcL5fVZ8jYrL2"", ""metadata"": null, ""external_id"": null, ""normal_balance_type"": ""credit""}",active,2026-09-06 15:29:58.829632+00
01a07757-3420-7f12-b462-e74e7062df50,Uxmg4OVB0Q3jFOJQimeiLGWKyXAhYIBB,Test Sender Account Uxmg4OVB0Q3jFOJQimeiLGWKyXAhYIBB,,credit,f,f,"{""id"": ""01a07757-3420-7f12-b462-e74e7062df50"", ""name"": ""Test Sender Account Uxmg4OVB0Q3jFOJQimeiLGWKyXAhYIBB"", ""metadata"": null, ""external_id"": null, ""normal_balance_type"": ""credit""}",active,2026-09-06 15:29:58.816729+00
01a07757-3420-7f12-b462-e751ac064206,lcTLkGkqogHfCojVmZa6AWHu01VkkMhk,Test Recipient Account lcTLkGkqogHfCojVmZa6AWHu01VkkMhk,,credit,f,f,"{""id"": ""01a07757-3420-7f12-b462-e751ac064206"", ""name"": ""Test Recipient Account lcTLkGkqogHfCojVmZa6AWHu01VkkMhk"", ""metadata"": null, ""external_id"": null, ""normal_balance_type"": ""credit""}",active,2026-09-06 15:29:58.833794+00
01a07757-3549-76c3-b565-2b52114bc176,tmcKwf3fxV8uv9VWw6i7JEGPqhxx7sjG,Test Sender Account tmcKwf3fxV8uv9VWw6i7JEGPqhxx7sjG,,credit,f,f,"{""id"": ""01a07757-3549-76c3-b565-2b52114bc176"", ""name"": ""Test Sender Account tmcKwf3fxV8uv9VWw6i7JEGPqhxx7sjG"", ""metadata"": null, ""external_id"": null, ""normal_balance_type"": ""credit""}",active,2026-09-06 15:29:59.114608+00
01a07757-36e1-7151-ad48-53b5a6bd1a32,q3ZgPRRgwTGoza78lvmLPpPVPdJvVNDL,Test Sender Account q3ZgPRRgwTGoza78lvmLPpPVPdJvVNDL,,credit,f,f,"{""id"": ""01a07757-36e1-7151-ad48-53b5a6bd1a32"", ""name"": ""Test Sender Account q3ZgPRRgwTGoza78lvmLPpPVPdJvVNDL"", ""metadata"": null, ""external_id"": null, ""normal_balance_type"": ""credit""}",active,2026-09-06 15:29:59.522228+00
01a07757-36e1-7151-ad48-53cdddf6fa33,0zhvEcD8B6Qr9B3h4iRXMVlStOmrazRT,Test Recipient Account 0zhvEcD8B6Qr9B3h4iRXMVlStOmrazRT,,credit,f,f,"{""id"": ""01a07757-36e1-7151-ad48-53cdddf6fa33"", ""name"": ""Test Recipient Account 0zhvEcD8B6Qr9B3h4iRXMVlStOmrazRT"", ""metadata"": null, ""external_id"": null, ""normal_balance_type"": ""credit""}",active,2026-09-06 15:29:59.538444+00
01a07757-3700-7172-8434-3dda4289d498,fODFYRRyReNMHrVhyLLdHSV2VUx1neWb,Test Recipient Account fODFYRRyReNMHrVhyLLdHSV2VUx1neWb,,credit,f,f,"{""id"": ""01a07757-3700-7172-8434-3dda4289d498"", ""name"": ""Test Recipient Account fODFYRRyReNMHrVhyLLdHSV2VUx1neWb"", ""metadata"": null, ""external_id"": null, ""normal_balance_type"": ""credit""}",active,2026-09-06 15:29:59.552717+00
01a07757-3712-7a00-9b00-fd2916b3884c,01a07757-3712-7a00-9b00-fd2916b3884c,"",,credit,f,t,"{""id"": ""01a07757-3712-7a00-9b00-fd2916b3884c"", ""name"": ""Recipient Set"", ""metadata"": null, ""external_id"": null, ""normal_balance_type"": ""credit""}",active,2026-09-06 15:29:59.571348+00
01a07757-3ae7-7e61-a355-22ccedf9049d,FfT5UK6glSReF6cRwuw2wbX6iaGjkhRx,Test Sender Account FfT5UK6glSReF6cRwuw2wbX6iaGjkhRx,,credit,f,f,"{""id"": ""01a07757-3ae7-7e61-a355-22ccedf9049d"", ""name"": ""Test Sender Account FfT5UK6glSReF6cRwuw2wbX6iaGjkhRx"", ""metadata"": null, ""external_id"": null, ""normal_balance_type"": ""credit""}",active,2025-01-01 12:00:00+00
01a07757-3ae7-7e61-a355-22d10c31e128,nlyhQwVinYM4YFQ12CCr1QJNKmk88Vgx,Test Recipient Account nlyhQwVinYM4YFQ12CCr1QJNKmk88Vgx,,credit,f,f,"{""id"": ""01a07757-3ae7-7e61-a355-22d10c31e128"", ""name"": ""Test Recipient Account nlyhQwVinYM4YFQ12CCr1QJNKmk88Vgx"", ""metadata"": null, ""external_id"": null, ""normal_balance_type"": ""credit""}",active,2025-01-01 12:00:00+00
01a07757-3af2-7b20-8df1-9c810032d5dd,L8lffF0qGG0opEERB7vF3vAXRvzekv7K,Test Sender Account L8lffF0qGG0opEERB7vF3vAXRvzekv7K,,credit,f,f,"{""id"": ""01a07757-3af2-7b20-8df1-9c810032d5dd"", ""name"": ""Test Sender Account L8lffF0qGG0opEERB7vF3vAXRvzekv7K"", ""metadata"": null, ""external_id"": null, ""normal_balance_type"": ""credit""}",active,2025-09-21 08:15:00+00
01a07757-3af2-7b20-8df1-9c946e32d3ec,h1p7INGzYnpcXIndNchqs71s6L7jbfkt,Test Recipient Account h1p7INGzYnpcXIndNchqs71s6L7jbfkt,,credit,f,f,"{""id"": ""01a07757-3af2-7b20-8df1-9c946e32d3ec"", ""name"": ""Test Recipient Account h1p7INGzYnpcXIndNchqs71s6L7jbfkt"", ""metadata"": null, ""external_id"": null, ""normal_balance_type"": ""credit""}",active,2025-09-21 08:15:00+00
01a07757-3b34-72f0-a3a4-f06eb1d2c8d4,YXhZuthetGkOP4G1hLTctigoVKlLNIBs,Test Sender Account YXhZuthetGkOP4G1hLTctigoVKlLNIBs,,credit,f,f,"{""id"": ""01a07757-3b34-72f0-a3a4-f06eb1d2c8d4"", ""name"": ""Test Sender Account YXhZuthetGkOP4G1hLTctigoVKlLNIBs"", ""metadata"": null, ""external_id"": null, ""normal_balance_type"": ""credit""}",active,2025-06-15 10:30:00+00
01a07757-3b34-72f0-a3a4-f070f45db94f,cRiJrj5rbe4wxNhSdNfenkoLOg5bQKoz,Test Recipient Account cRiJrj5rbe4wxNhSdNfenkoLOg5bQKoz,,credit,f,f,"{""id"": ""01a07757-3b34-72f0-a3a4-f070f45db94f"", ""name"": ""Test Recipient Account cRiJrj5rbe4wxNhSdNfenkoLOg5bQKoz"", ""metadata"": null, ""external_id"": null, ""normal_balance_type"": ""credit""}",active,2025-06-15 10:30:00+00
01a07757-3c79-7a50-857c-3d5803f788a1,9x1yc3RRn6RAyUS9Cpt3Fw05yHr7zoix,Test Sender Account 9x1yc3RRn6RAyUS9Cpt3Fw05yHr7zoix,,credit,f,f,"{""id"": ""01a07757-3c79-7a50-857c-3d5803f788a1"", ""name"": ""Test Sender Account 9x1yc3RRn6RAyUS9Cpt3Fw05yHr7zoix"", ""metadata"": null, ""external_id"": null, ""normal_balance_type"": ""credit""}",active,2025-03-01 09:00:00+00
01a07757-3c79-7a50-857c-3d653e1f2803,2Gf6O96BqsrMLgz3D1ZFELTPaxC8eP23,Test Recipient Account 2Gf6O96BqsrMLgz3D1ZFELTPaxC8eP23,,credit,f,f,"{""id"": ""01a07757-3c79-7a50-857c-3d653e1f2803"", ""name"": ""Test Recipient Account 2Gf6O96BqsrMLgz3D1ZFELTPaxC8eP23"", ""metadata"": null, ""external_id"": null, ""normal_balance_type"": ""credit""}",active,2025-03-01 09:00:00+00
01a07757-6af6-7950-a2c2-5fe5b99ce358,69eiCLnIY5tdxkyr3XF14EMwkJMlGNOU,Test Sender Account 69eiCLnIY5tdxkyr3XF14EMwkJMlGNOU,,credit,f,f,"{""id"": ""01a07757-6af6-7950-a2c2-5fe5b99ce358"", ""name"": ""Test Sender Account 69eiCLnIY5tdxkyr3XF14EMwkJMlGNOU"", ""metadata"": null, ""external_id"": null, ""normal_balance_type"": ""credit""}",active,2026-09-06 15:30:12.857389+00
01a07757-6af6-7950-a2c2-5ff4ff29617a,v9ujbvH7UudYcQzBtlgC4FgcboNXLeWe,Test Recipient Account v9ujbvH7UudYcQzBtlgC4FgcboNXLeWe,,credit,f,f,"{""id"": ""01a07757-6af6-7950-a2c2-5ff4ff29617a"", ""name"": ""Test Recipient Account v9ujbvH7UudYcQzBtlgC4FgcboNXLeWe"", ""metadata"": null, ""external_id"": null, ""normal_balance_type"": ""credit""}",active,2026-09-06 15:30:13.091081+00
01a07757-6b03-7d12-beb9-3d738e9435d4,RFPOP0PI6pVFdSeUKkzR9BXkrnnTDq0I,Test Sender Account RFPOP0PI6pVFdSeUKkzR9BXkrnnTDq0I,,credit,f,f,"{""id"": ""01a07757-6b03-7d12-beb9-3d738e9435d4"", ""name"": ""Test Sender Account RFPOP0PI6pVFdSeUKkzR9BXkrnnTDq0I"", ""metadata"": null, ""external_id"": null, ""normal_balance_type"": ""credit""}",active,2026-09-06 15:30:12.870123+00
01a07757-6b03-7d12-beb9-3d83aeb61d81,f6vXAWvY4rn3rtrAjp0cryAkWfIJx3YX,Test Recipient Account f6vXAWvY4rn3rtrAjp0cryAkWfIJx3YX,,credit,f,f,"{""id"": ""01a07757-6b03-7d12-beb9-3d83aeb61d81"", ""name"": ""Test Recipient Account f6vXAWvY4rn3rtrAjp0cryAkWfIJx3YX"", ""metadata"": null, ""external_id"": null, ""normal_balance_type"": ""credit""}",active,2026-09-06 15:30:13.62717+00
01a07757-6b1a-7e23-8463-5b32b5d62d13,LCmIcMapGPBDJzmhQiZVFvJ97IjqaZg5,Test Sender Account LCmIcMapGPBDJzmhQiZVFvJ97IjqaZg5,,credit,f,f,"{""id"": ""01a07757-6b1a-7e23-8463-5b32b5d62d13"", ""name"": ""Test Sender Account LCmIcMapGPBDJzmhQiZVFvJ97IjqaZg5"", ""metadata"": null, ""external_id"": null, ""normal_balance_type"": ""credit""}",active,2026-09-06 15:30:13.318425+00
01a07757-6bf2-76a0-8d5d-f2a53706ceb5,O9XVm8kRESVHlWqm0MnzWAr1e7bsEYDT,Test Sender Account O9XVm8kRESVHlWqm0MnzWAr1e7bsEYDT,,credit,f,f,"{""id"": ""01a07757-6bf2-76a0-8d5d-f2a53706ceb5"", ""name"": ""Test Sender Account O9XVm8kRESVHlWqm0MnzWAr1e7bsEYDT"", ""metadata"": null, ""external_id"": null, ""normal_balance_type"": ""credit""}",active,2026-09-06 15:30:13.108289+00
01a07757-6bf2-76a0-8d5d-f2bf7c8f045b,ziQFf1B7syHWOYwiPdjDch05aWSOIIbg,Test Recipient Account ziQFf1B7syHWOYwiPdjDch05aWSOIIbg,,credit,f,f,"{""id"": ""01a07757-6bf2-76a0-8d5d-f2bf7c8f045b"", ""name"": ""Test Recipient Account ziQFf1B7syHWOYwiPdjDch05aWSOIIbg"", ""metadata"": null, ""external_id"": null, ""normal_balance_type"": ""credit""}",active,2026-09-06 15:30:13.358641+00
01a07757-6d0e-71c0-90d1-1e538217472b,7ZUstYhPUpqqJR55JPolg6WPMj1vQ4Do,Test Sender Account 7ZUstYhPUpqqJR55JPolg6WPMj1vQ4Do,,credit,f,f,"{""id"": ""01a07757-6d0e-71c0-90d1-1e538217472b"", ""name"": ""Test Sender Account 7ZUstYhPUpqqJR55JPolg6WPMj1vQ4Do"", ""metadata"": null, ""external_id"": null, ""normal_balance_type"": ""credit""}",active,2026-09-06 15:30:13.578985+00
01a07757-6d0e-71c0-90d1-1e60b2d89ee4,EeDCsOYv9ebtKZC9eHpUGA3U6lNgl7rZ,Test Recipient Account EeDCsOYv9ebtKZC9eHpUGA3U6lNgl7rZ,,credit,f,f,"{""id"": ""01a07757-6d0e-71c0-90d1-1e60b2d89ee4"", ""name"": ""Test Recipient Account EeDCsOYv9ebtKZC9eHpUGA3U6lNgl7rZ"", ""metadata"": null, ""external_id"": null, ""normal_balance_type"": ""credit""}",active,2026-09-06 15:30:13.616811+00
01a07757-6d2e-74e3-8d01-b3abfd49acbb,T55bB6BbpOGp3fN6F9l7ewkKz3hOnvPR,Test Sender Account T55bB6BbpOGp3fN6F9l7ewkKz3hOnvPR,,credit,f,f,"{""id"": ""01a07757-6d2e-74e3-8d01-b3abfd49acbb"", ""name"": ""Test Sender Account T55bB6BbpOGp3fN6F9l7ewkKz3hOnvPR"", ""metadata"": null, ""external_id"": null, ""normal_balance_type"": ""credit""}",active,2026-09-06 15:30:14.160895+00
01a07757-6ddb-7ca2-996f-07cbbd547ddf,eeGFVfOHVJ5fWJgF4SInop6srKB89Bqx,Test Recipient Account eeGFVfOHVJ5fWJgF4SInop6srKB89Bqx,,credit,f,f,"{""id"": ""01a07757-6ddb-7ca2-996f-07cbbd547ddf"", ""name"": ""Test Recipient Account eeGFVfOHVJ5fWJgF4SInop6srKB89Bqx"", ""metadata"": null, ""external_id"": null, ""normal_balance_type"": ""credit""}",active,2026-09-06 15:30:13.597294+00
01a07757-6dfd-78c0-9053-0dac3ea65a5b,guLVoKJLb0To9tRAltVwVnLTcLoyu5ZQ,Test Recipient Account guLVoKJLb0To9tRAltVwVnLTcLoyu5ZQ,,credit,f,f,"{""id"": ""01a07757-6dfd-78c0-9053-0dac3ea65a5b"", ""name"": ""Test Recipient Account guLVoKJLb0To9tRAltVwVnLTcLoyu5ZQ"", ""metadata"": null, ""external_id"": null, ""normal_balance_type"": ""credit""}",active,2026-09-06 15:30:13.630514+00
01a07757-6e0c-7311-81a9-77171f28491a,1NgYVWTYa1vEqDuL6yiMg6zODfNB0tQY,Test Sender Account 1NgYVWTYa1vEqDuL6yiMg6zODfNB0tQY,,credit,f,f,"{""id"": ""01a07757-6e0c-7311-81a9-77171f28491a"", ""name"": ""Test Sender Account 1NgYVWTYa1vEqDuL6yiMg6zODfNB0tQY"", ""metadata"": null, ""external_id"": null, ""normal_balance_type"": ""credit""}",active,2026-09-06 15:30:13.646478+00
01a07757-6e0c-7311-81a9-772875f252f4,BfbMNuyDwuvbfLqUTwi9KVwdd5cM1BJ9,Test Recipient Account BfbMNuyDwuvbfLqUTwi9KVwdd5cM1BJ9,,credit,f,f,"{""id"": ""01a07757-6e0c-7311-81a9-772875f252f4"", ""name"": ""Test Recipient Account BfbMNuyDwuvbfLqUTwi9KVwdd5cM1BJ9"", ""metadata"": null, ""external_id"": null, ""normal_balance_type"": ""credit""}",active,2026-09-06 15:30:13.692261+00
01a07757-738a-75c1-8cdf-3134eb86c278,4Gg81s2cjCVB5qN5wxPxJHrJpuN3ClJx,Test Sender Account 4Gg81s2cjCVB5qN5wxPxJHrJpuN3ClJx,,credit,f,f,"{""id"": ""01a07757-738a-75c1-8cdf-3134eb86c278"", ""name"": ""Test Sender Account 4Gg81s2cjCVB5qN5wxPxJHrJpuN3ClJx"", ""metadata"": null, ""external_id"": null, ""normal_balance_type"": ""credit""}",active,2026-09-06 15:30:15.058353+00
01a07757-73b8-7ef1-ac9c-dc2be9c54cf6,cq7Gz63swIsNfJX0QBls8ttVYScdrSrM,Test Sender Account cq7Gz63swIsNfJX0QBls8ttVYScdrSrM,,credit,f,f,"{""id"": ""01a07757-73b8-7ef1-ac9c-dc2be9c54cf6"", ""name"": ""Test Sender Account cq7Gz63swIsNfJX0QBls8ttVYScdrSrM"", ""metadata"": null, ""external_id"": null, ""normal_balance_type"": ""credit""}",active,2026-09-06 15:30:15.097242+00
01a07757-73b8-7ef1-ac9c-dc3e71d26e9c,mlfutqQDyJ7H3z3fTRKgY8HxYAa7UDgl,Test Recipient Account mlfutqQDyJ7H3z3fTRKgY8HxYAa7UDgl,,credit,f,f,"{""id"": ""01a07757-73b8-7ef1-ac9c-dc3e71d26e9c"", ""name"": ""Test Recipient Account mlfutqQDyJ7H3z3fTRKgY8HxYAa7UDgl"", ""metadata"": null, ""external_id"": null, ""normal_balance_type"": ""credit""}",active,2026-09-06 15:30:15.119092+00
01a07757-7430-7003-9ae5-eaf1233d7853,nrZJrA2Mcb1XQSqtNRc2QFnJo09484Ss,Test Recipient Account nrZJrA2Mcb1XQSqtNRc2QFnJo09484Ss,,credit,f,f,"{""id"": ""01a07757-7430-7003-9ae5-eaf1233d7853"", ""name"": ""Test Recipient Account nrZJrA2Mcb1XQSqtNRc2QFnJo09484Ss"", ""metadata"": null, ""external_id"": null, ""normal_balance_type"": ""credit""}",active,2026-09-06 15:30:15.219287+00
01a07757-749c-7ea2-9b45-0d6f5f1401cd,XDaFOvWSmU0sF8WXi9n2pqKjVqt60oUV,Test Recipient Account XDaFOvWSmU0sF8WXi9n2pqKjVqt60oUV,,credit,f,f,"{""id"": ""01a07757-749c-7ea2-9b45-0d6f5f1401cd"", ""name"": ""Test Recipient Account XDaFOvWSmU0sF8WXi9n2pqKjVqt60oUV"", ""metadata"": null, ""external_id"": null, ""normal_balance_type"": ""credit""}",active,2026-09-06 15:30:15.325316+00
01a07757-74ad-7cf2-bdc4-cb8118cbeb9f,oKMPArAWMBjA7FcSZmHD7lWQO4Vqmw2H,Test Sender Account oKMPArAWMBjA7FcSZmHD7lWQO4Vqmw2H,,credit,f,f,"{""id"": ""01a07757-74ad-7cf2-bdc4-cb8118cbeb9f"", ""name"": ""Test Sender Account oKMPArAWMBjA7FcSZmHD7lWQO4Vqmw2H"", ""metadata"": null, ""external_id"": null, ""normal_balance_type"": ""credit""}",active,2026-09-06 15:30:15.342826+00
01a07757-74e2-7953-b37f-cb294f214ff7,A67JqIEfs6gEJoAHRm5XErpvr2IzhbmS,Test Recipient Account A67JqIEfs6gEJoAHRm5XErpvr2IzhbmS,,credit,f,f,"{""id"": ""01a07757-74e2-7953-b37f-cb294f214ff7"", ""name"": ""Test Recipient Account A67JqIEfs6gEJoAHRm5XErpvr2IzhbmS"", ""metadata"": null, ""external_id"": null, ""normal_balance_type"": ""credit""}",active,2026-09-06 15:30:15.395315+00
01a07757-7521-72c1-9cb0-471985fd29f3,IIlwGst0lx08p1STO27gx1aOSUHkhaAv,Test Recipient Account IIlwGst0lx08p1STO27gx1aOSUHkhaAv,,credit,f,f,"{""id"": ""01a07757-7521-72c1-9cb0-471985fd29f3"", ""name"": ""Test Recipient Account IIlwGst0lx08p1STO27gx1aOSUHkhaAv"", ""metadata"": null, ""external_id"": null, ""normal_balance_type"": ""credit""}",active,2026-09-06 15:30:15.458395+00
01a07757-7538-73b1-82d0-b0aa94c9db45,nsTARXloIwllsGcGD2Mr8VyJVpZGzcvk,Test Sender Account nsTARXloIwllsGcGD2Mr8VyJVpZGzcvk,,credit,f,f,"{""id"": ""01a07757-7538-73b1-82d0-b0aa94c9db45"", ""name"": ""Test Sender Account nsTARXloIwllsGcGD2Mr8VyJVpZGzcvk"", ""metadata"": null, ""external_id"": null, ""normal_balance_type"": ""credit""}",active,2026-09-06 15:30:15.481322+00
01a07757-7538-73b1-82d0-b0bb0624b915,60oe9RXhawIHUGdlCQKgPkPdv0mABPcW,Test Recipient Account 60oe9RXhawIHUGdlCQKgPkPdv0mABPcW,,credit,f,f,"{""id"": ""01a07757-7538-73b1-82d0-b0bb0624b915"", ""name"": ""Test Recipient Account 60oe9RXhawIHUGdlCQKgPkPdv0mABPcW"", ""metadata"": null, ""external_id"": null, ""normal_balance_type"": ""credit""}",active,2026-09-06 15:30:15.78581+00
01a07757-755e-7190-b8d1-d7a5879677e3,vlC4AzKTRlOWPSc4lV2kNbsZg2ed8D3D,Test Recipient Account vlC4AzKTRlOWPSc4lV2kNbsZg2ed8D3D,,credit,f,f,"{""id"": ""01a07757-755e-7190-b8d1-d7a5879677e3"", ""name"": ""Test Recipient Account vlC4AzKTRlOWPSc4lV2kNbsZg2ed8D3D"", ""metadata"": null, ""external_id"": null, ""normal_balance_type"": ""credit""}",active,2026-09-06 15:30:15.5211+00
01a07757-75ac-7523-a551-499b8b108581,0qgO2USPe4zubBS8HAWyzckk7M4kd5xS,Test Sender Account 0qgO2USPe4zubBS8HAWyzckk7M4kd5xS,,credit,f,f,"{""id"": ""01a07757-75ac-7523-a551-499b8b108581"", ""name"": ""Test Sender Account 0qgO2USPe4zubBS8HAWyzckk7M4kd5xS"", ""metadata"": null, ""external_id"": null, ""normal_balance_type"": ""credit""}",active,2026-09-06 15:30:15.597322+00
01a07757-75ac-7523-a551-49ab8f98e148,cjfhjS7QCEUos5sLPd9GIX977MjyYmZ1,Test Recipient Account cjfhjS7QCEUos5sLPd9GIX977MjyYmZ1,,credit,f,f,"{""id"": ""01a07757-75ac-7523-a551-49ab8f98e148"", ""name"": ""Test Recipient Account cjfhjS7QCEUos5sLPd9GIX977MjyYmZ1"", ""metadata"": null, ""external_id"": null, ""normal_balance_type"": ""credit""}",active,2026-09-06 15:30:15.615706+00
01a07757-79b7-7031-9d9e-8fa588ffd67f,L9YrMqMhvU04lhlhbseRlAxNZoKVVMEf,Test Sender Account L9YrMqMhvU04lhlhbseRlAxNZoKVVMEf,,credit,f,f,"{""id"": ""01a07757-79b7-7031-9d9e-8fa588ffd67f"", ""name"": ""Test Sender Account L9YrMqMhvU04lhlhbseRlAxNZoKVVMEf"", ""metadata"": null, ""external_id"": null, ""normal_balance_type"": ""credit""}",active,2026-09-06 15:30:16.631852+00
01a07757-79b7-7031-9d9e-8fb9eeb1277b,eTlSligp658OMSNFVG97dGh9tgVw3teY,Test Recipient Account eTlSligp658OMSNFVG97dGh9tgVw3teY,,credit,f,f,"{""id"": ""01a07757-79b7-7031-9d9e-8fb9eeb1277b"", ""name"": ""Test Recipient Account eTlSligp658OMSNFVG97dGh9tgVw3teY"", ""metadata"": null, ""external_id"": null, ""normal_balance_type"": ""credit""}",active,2026-09-06 15:30:16.644031+00
01a07757-7bba-7b42-8be7-f3021154b91a,HLC03zUl23uowpZf8agF9shoXjWn1IUY,Test Sender Account HLC03zUl23uowpZf8agF9shoXjWn1IUY,,credit,f,f,"{""id"": ""01a07757-7bba-7b42-8be7-f3021154b91a"", ""name"": ""Test Sender Account HLC03zUl23uowpZf8agF9shoXjWn1IUY"", ""metadata"": null, ""external_id"": null, ""normal_balance_type"": ""credit""}",locked,2026-09-06 15:30:17.146459+00
01a07757-7bba-7b42-8be7-f31c090fc17f,QuJ7hdxmrlJJCVA38lgqtJJFsp0EjSFp,Test Recipient Account QuJ7hdxmrlJJCVA38lgqtJJFsp0EjSFp,,credit,f,f,"{""id"": ""01a07757-7bba-7b42-8be7-f31c090fc17f"", ""name"": ""Test Recipient Account QuJ7hdxmrlJJCVA38lgqtJJFsp0EjSFp"", ""metadata"": null, ""external_id"": null, ""normal_balance_type"": ""credit""}",active,2026-09-06 15:30:17.157029+00
01a07757-90eb-7660-9327-5f01f2a55338,YjCU6o4lLaqurrhcKfPJcNfKNSsXL5HF,Test Sender Account YjCU6o4lLaqurrhcKfPJcNfKNSsXL5HF,,credit,f,f,"{""id"": ""01a07757-90eb-7660-9327-5f01f2a55338"", ""name"": ""Test Sender Account YjCU6o4lLaqurrhcKfPJcNfKNSsXL5HF"", ""metadata"": null, ""external_id"": null, ""normal_balance_type"": ""credit""}",locked,2026-09-06 15:30:22.573134+00
01a07757-90eb-7660-9327-5f10f507d416,m9CETKtk8d7tVHoe8syZrURJjEODpd9W,Test Recipient Account m9CETKtk8d7tVHoe8syZrURJjEODpd9W,,credit,f,f,"{""id"": ""01a07757-90eb-7660-9327-5f10f507d416"", ""name"": ""Test Recipient Account m9CETKtk8d7tVHoe8syZrURJjEODpd9W"", ""metadata"": null, ""external_id"": null, ""normal_balance_type"": ""credit""}",active,2026-09-06 15:30:22.633285+00
01a07757-9228-71e1-afd2-7aed16b88711,zqvylaS410JYYjQXfK6qrQUkJVQLcZ0s,Test Sender Account zqvylaS410JYYjQXfK6qrQUkJVQLcZ0s,,credit,f,f,"{""id"": ""01a07757-9228-71e1-afd2-7aed16b88711"", ""name"": ""Test Sender Account zqvylaS410JYYjQXfK6qrQUkJVQLcZ0s"", ""metadata"": null, ""external_id"": null, ""normal_balance_type"": ""credit""}",active,2026-09-06 15:30:22.890276+00
01a07757-9228-71e1-afd2-7af87275a6a2,iUIUlAqWdOOfluf0hkAgQDU256KB2bW2,Test Recipient Account iUIUlAqWdOOfluf0hkAgQDU256KB2bW2,,credit,f,f,"{""id"": ""01a07757-9228-71e1-afd2-7af87275a6a2"", ""name"": ""Test Recipient Account iUIUlAqWdOOfluf0hkAgQDU256KB2bW2"", ""metadata"": null, ""external_id"": null, ""normal_balance_type"": ""credit""}",active,2026-09-06 15:30:23.153316+00
01a07757-930c-7ee1-9b1d-dc5c9e2635d6,LOCKCEIL-01a07757930c7ee19b1ddc6dd0a8a2e1-0,lock ceiling 0,,credit,f,f,"{""id"": ""01a07757-930c-7ee1-9b1d-dc5c9e2635d6"", ""name"": ""lock ceiling 0"", ""metadata"": null, ""external_id"": null, ""normal_balance_type"": ""credit""}",active,2026-09-06 15:30:23.414343+00
01a07757-930c-7ee1-9b1d-dc7648956836,LOCKCEIL-01a07757930c7ee19b1ddc8ba4fe2b21-1,lock ceiling 1,,credit,f,f,"{""id"": ""01a07757-930c-7ee1-9b1d-dc7648956836"", ""name"": ""lock ceiling 1"", ""metadata"": null, ""external_id"": null, ""normal_balance_type"": ""credit""}",active,2026-09-06 15:30:23.414343+00
01a07757-930c-7ee1-9b1d-dc993738e3d6,LOCKCEIL-01a07757930c7ee19b1ddca1a5891205-2,lock ceiling 2,,credit,f,f,"{""id"": ""01a07757-930c-7ee1-9b1d-dc993738e3d6"", ""name"": ""lock ceiling 2"", ""metadata"": null, ""external_id"": null, ""normal_balance_type"": ""credit""}",active,2026-09-06 15:30:23.414343+00
01a07757-930c-7ee1-9b1d-dcb6df88bc07,LOCKCEIL-01a07757930c7ee19b1ddcc4bf007596-3,lock ceiling 3,,credit,f,f,"{""id"": ""01a07757-930c-7ee1-9b1d-dcb6df88bc07"", ""name"": ""lock ceiling 3"", ""metadata"": null, ""external_id"": null, ""normal_balance_type"": ""credit""}",active,2026-09-06 15:30:23.414343+00
01a07757-930c-7ee1-9b1d-dcd305dea290,LOCKCEIL-01a07757930c7ee19b1ddceed4400d36-4,lock ceiling 4,,credit,f,f,"{""id"": ""01a07757-930c-7ee1-9b1d-dcd305dea290"", ""name"": ""lock ceiling 4"", ""metadata"": null, ""external_id"": null, ""normal_balance_type"": ""credit""}",active,2026-09-06 15:30:23.414343+00
01a07757-930c-7ee1-9b1d-dcf318b0cccb,LOCKCEIL-01a07757930c7ee19b1ddd0d2f8503e1-5,lock ceiling 5,,credit,f,f,"{""id"": ""01a07757-930c-7ee1-9b1d-dcf318b0cccb"", ""name"": ""lock ceiling 5"", ""metadata"": null, ""external_id"": null, ""normal_balance_type"": ""credit""}",active,2026-09-06 15:30:23.414343+00
01a07757-930c-7ee1-9b1d-dd1973dc08a9,LOCKCEIL-01a07757930c7ee19b1ddd2e67c22452-6,lock ceiling 6,,credit,f,f,"{""id"": ""01a07757-930c-7ee1-9b1d-dd1973dc08a9"", ""name"": ""lock ceiling 6"", ""metadata"": null, ""external_id"": null, ""normal_balance_type"": ""credit""}",active,2026-09-06 15:30:23.414343+00
01a07757-930c-7ee1-9b1d-dd30c3db38b7,LOCKCEIL-01a07757930c7ee19b1ddd4b7102d41f-7,lock ceiling 7,,credit,f,f,"{""id"": ""01a07757-930c-7ee1-9b1d-dd30c3db38b7"", ""name"": ""lock ceiling 7"", ""metadata"": null, ""external_id"": null, ""normal_balance_type"": ""credit""}",active,2026-09-06 15:30:23.414343+00
01a07757-930c-7ee1-9b1d-dd518a0f17e8,LOCKCEIL-01a07757930c7ee19b1ddd6dc52654d4-8,lock ceiling 8,,credit,f,f,"{""id"": ""01a07757-930c-7ee1-9b1d-dd518a0f17e8"", ""name"": ""lock ceiling 8"", ""metadata"": null, ""external_id"": null, ""normal_balance_type"": ""credit""}",active,2026-09-06 15:30:23.414343+00
01a07757-930c-7ee1-9b1d-dd7fd87856c7,LOCKCEIL-01a07757930c7ee19b1ddd8486df17cd-9,lock ceiling 9,,credit,f,f,"{""id"": ""01a07757-930c-7ee1-9b1d-dd7fd87856c7"", ""name"": ""lock ceiling 9"", ""metadata"": null, ""external_id"": null, ""normal_balance_type"": ""credit""}",active,2026-09-06 15:30:23.414343+00
01a07757-930c-7ee1-9b1d-dd93a6bcccd7,LOCKCEIL-01a07757930c7ee19b1ddda301b56f6e-10,lock ceiling 10,,credit,f,f,"{""id"": ""01a07757-930c-7ee1-9b1d-dd93a6bcccd7"", ""name"": ""lock ceiling 10"", ""metadata"": null, ""external_id"": null, ""normal_balance_type"": ""credit""}",active,2026-09-06 15:30:23.414343+00
01a07757-930c-7ee1-9b1d-ddb45322dd77,LOCKCEIL-01a07757930c7ee19b1dddc84a5497e7-11,lock ceiling 11,,credit,f,f,"{""id"": ""01a07757-930c-7ee1-9b1d-ddb45322dd77"", ""name"": ""lock ceiling 11"", ""metadata"": null, ""external_id"": null, ""normal_balance_type"": ""credit""}",active,2026-09-06 15:30:23.414343+00
01a07757-930c-7ee1-9b1d-ddd9bfb76c01,LOCKCEIL-01a07757930c7ee19b1dddedf3eb2ced-12,lock ceiling 12,,credit,f,f,"{""id"": ""01a07757-930c-7ee1-9b1d-ddd9bfb76c01"", ""name"": ""lock ceiling 12"", ""metadata"": null, ""external_id"": null, ""normal_balance_type"": ""credit""}",active,2026-09-06 15:30:23.414343+00
01a07757-930c-7ee1-9b1d-ddf53d744105,LOCKCEIL-01a07757930c7ee19b1dde01d0605704-13,lock ceiling 13,,credit,f,f,"{""id"": ""01a07757-930c-7ee1-9b1d-ddf53d744105"", ""name"": ""lock ceiling 13"", ""metadata"": null, ""external_id"": null, ""normal_balance_type"": ""credit""}",active,2026-09-06 15:30:23.414343+00
01a07757-930c-7ee1-9b1d-de13be9c90ed,LOCKCEIL-01a07757930c7ee19b1dde29201e6a03-14,lock ceiling 14,,credit,f,f,"{""id"": ""01a07757-930c-7ee1-9b1d-de13be9c90ed"", ""name"": ""lock ceiling 14"", ""metadata"": null, ""external_id"": null, ""normal_balance_type"": ""credit""}",active,2026-09-06 15:30:23.414343+00
01a07757-930c-7ee1-9b1d-de3228890c8b,LOCKCEIL-01a07757930c7ee19b1dde4493608c5b-15,lock ceiling 15,,credit,f,f,"{""id"": ""01a07757-930c-7ee1-9b1d-de3228890c8b"", ""name"": ""lock ceiling 15"", ""metadata"": null, ""external_id"": null, ""normal_balance_type"": ""credit""}",active,2026-09-06 15:30:23.414343+00
01a07757-930c-7ee1-9b1d-de522a4cd7b2,LOCKCEIL-01a07757930c7ee19b1dde6d0c7bd415-16,lock ceiling 16,,credit,f,f,"{""id"": ""01a07757-930c-7ee1-9b1d-de522a4cd7b2"", ""name"": ""lock ceiling 16"", ""metadata"": null, ""external_id"": null, ""normal_balance_type"": ""credit""}",active,2026-09-06 15:30:23.414343+00
01a07757-930c-7ee1-9b1d-de7da6ff41c2,LOCKCEIL-01a07757930c7ee19b1dde8c220e67bc-17,lock ceiling 17,,credit,f,f,"{""id"": ""01a07757-930c-7ee1-9b1d-de7da6ff41c2"", ""name"": ""lock ceiling 17"", ""metadata"": null, ""external_id"": null, ""normal_balance_type"": ""credit""}",active,2026-09-06 15:30:23.414343+00
01a07757-930c-7ee1-9b1d-de98841df7ad,LOCKCEIL-01a07757930c7ee19b1ddea22b23e740-18,lock ceiling 18,,credit,f,f,"{""id"": ""01a07757-930c-7ee1-9b1d-de98841df7ad"", ""name"": ""lock ceiling 18"", ""metadata"": null, ""external_id"": null, ""normal_balance_type"": ""credit""}",active,2026-09-06 15:30:23.414343+00
01a07757-930c-7ee1-9b1d-debdd2c346da,LOCKCEIL-01a07757930c7ee19b1ddec189cdd85e-19,lock ceiling 19,,credit,f,f,"{""id"": ""01a07757-930c-7ee1-9b1d-debdd2c346da"", ""name"": ""lock ceiling 19"", ""metadata"": null, ""external_id"": null, ""normal_balance_type"": ""credit""}",active,2026-09-06 15:30:23.414343+00
01a07757-930d-7133-bbb5-8e036e97515d,LOCKCEIL-01a07757930d7133bbb58e1068984ee2-20,lock ceiling 20,,credit,f,f,"{""id"": ""01a07757-930d-7133-bbb5-8e036e97515d"", ""name"": ""lock ceiling 20"", ""metadata"": null, ""external_id"": null, ""normal_balance_type"": ""credit""}",active,2026-09-06 15:30:23.414343+00
01a07757-930d-7133-bbb5-8e297632e54c,LOCKCEIL-01a07757930d7133bbb58e307e2b2f30-21,lock ceiling 21,,credit,f,f,"{""id"": ""01a07757-930d-7133-bbb5-8e297632e54c"", ""name"": ""lock ceiling 21"", ""metadata"": null, ""external_id"": null, ""normal_balance_type"": ""credit""}",active,2026-09-06 15:30:23.414343+00
01a07757-930d-7133-bbb5-8e419c00c9ae,LOCKCEIL-01a07757930d7133bbb58e54c31810ac-22,lock ceiling 22,,credit,f,f,"{""id"": ""01a07757-930d-7133-bbb5-8e419c00c9ae"", ""name"": ""lock ceiling 22"", ""metadata"": null, ""external_id"": null, ""normal_balance_type"": ""credit""}",active,2026-09-06 15:30:23.414343+00
01a07757-930d-7133-bbb5-8e68656b3f7c,LOCKCEIL-01a07757930d7133bbb58e7791149ee2-23,lock ceiling 23,,credit,f,f,"{""id"": ""01a07757-930d-7133-bbb5-8e68656b3f7c"", ""name"": ""lock ceiling 23"", ""metadata"": null, ""external_id"": null, ""normal_balance_type"": ""credit""}",active,2026-09-06 15:30:23.414343+00
01a07757-930d-7133-bbb5-8e813d619cb1,LOCKCEIL-01a07757930d7133bbb58e92ebaf6917-24,lock ceiling 24,,credit,f,f,"{""id"": ""01a07757-930d-7133-bbb5-8e813d619cb1"", ""name"": ""lock ceiling 24"", ""metadata"": null, ""external_id"": null, ""normal_balance_type"": ""credit""}",active,2026-09-06 15:30:23.414343+00
01a07757-930d-7133-bbb5-8ea1aedb3fec,LOCKCEIL-01a07757930d7133bbb58eb7c93a5d62-25,lock ceiling 25,,credit,f,f,"{""id"": ""01a07757-930d-7133-bbb5-8ea1aedb3fec"", ""name"": ""lock ceiling 25"", ""metadata"": null, ""external_id"": null, ""normal_balance_type"": ""credit""}",active,2026-09-06 15:30:23.414343+00
01a07757-930d-7133-bbb5-8ecee6aa7771,LOCKCEIL-01a07757930d7133bbb58ed9f376dedf-26,lock ceiling 26,,credit,f,f,"{""id"": ""01a07757-930d-7133-bbb5-8ecee6aa7771"", ""name"": ""lock ceiling 26"", ""metadata"": null, ""external_id"": null, ""normal_balance_type"": ""credit""}",active,2026-09-06 15:30:23.414343+00
01a07757-930d-7133-bbb5-8eeeee0fcbf2,LOCKCEIL-01a07757930d7133bbb58ef2a648174d-27,lock ceiling 27,,credit,f,f,"{""id"": ""01a07757-930d-7133-bbb5-8eeeee0fcbf2"", ""name"": ""lock ceiling 27"", ""metadata"": null, ""external_id"": null, ""normal_balance_type"": ""credit""}",active,2026-09-06 15:30:23.414343+00
01a07757-930d-7133-bbb5-8f000f9f8a14,LOCKCEIL-01a07757930d7133bbb58f1bccaf6eee-28,lock ceiling 28,,credit,f,f,"{""id"": ""01a07757-930d-7133-bbb5-8f000f9f8a14"", ""name"": ""lock ceiling 28"", ""metadata"": null, ""external_id"": null, ""normal_balance_type"": ""credit""}",active,2026-09-06 15:30:23.414343+00
01a07757-930d-7133-bbb5-8f225609ebc7,LOCKCEIL-01a07757930d7133bbb58f3a2db630ea-29,lock ceiling 29,,credit,f,f,"{""id"": ""01a07757-930d-7133-bbb5-8f225609ebc7"", ""name"": ""lock ceiling 29"", ""metadata"": null, ""external_id"": null, ""normal_balance_type"": ""credit""}",active,2026-09-06 15:30:23.414343+00
01a07757-930d-7133-bbb5-8f40549400d5,LOCKCEIL-01a07757930d7133bbb58f52ba3df20f-30,lock ceiling 30,,credit,f,f,"{""id"": ""01a07757-930d-7133-bbb5-8f40549400d5"", ""name"": ""lock ceiling 30"", ""metadata"": null, ""external_id"": null, ""normal_balance_type"": ""credit""}",active,2026-09-06 15:30:23.414343+00
01a07757-930d-7133-bbb5-8f61e06ede06,LOCKCEIL-01a07757930d7133bbb58f7c26c74b34-31,lock ceiling 31,,credit,f,f,"{""id"": ""01a07757-930d-7133-bbb5-8f61e06ede06"", ""name"": ""lock ceiling 31"", ""metadata"": null, ""external_id"": null, ""normal_balance_type"": ""credit""}",active,2026-09-06 15:30:23.414343+00
01a07757-930d-7133-bbb5-8f87ddf364aa,LOCKCEIL-01a07757930d7133bbb58f91ec42eb83-32,lock ceiling 32,,credit,f,f,"{""id"": ""01a07757-930d-7133-bbb5-8f87ddf364aa"", ""name"": ""lock ceiling 32"", ""metadata"": null, ""external_id"": null, ""normal_balance_type"": ""credit""}",active,2026-09-06 15:30:23.414343+00
01a07757-930d-7133-bbb5-8fa413d8d073,LOCKCEIL-01a07757930d7133bbb58fb4ee1678b9-33,lock ceiling 33,,credit,f,f,"{""id"": ""01a07757-930d-7133-bbb5-8fa413d8d073"", ""name"": ""lock ceiling 33"", ""metadata"": null, ""external_id"": null, ""normal_balance_type"": ""credit""}",active,2026-09-06 15:30:23.414343+00
01a07757-930d-7133-bbb5-8fcfda45c412,LOCKCEIL-01a07757930d7133bbb58fd6ba301eac-34,lock ceiling 34,,credit,f,f,"{""id"": ""01a07757-930d-7133-bbb5-8fcfda45c412"", ""name"": ""lock ceiling 34"", ""metadata"": null, ""external_id"": null, ""normal_balance_type"": ""credit""}",active,2026-09-06 15:30:23.414343+00
01a07757-930d-7133-bbb5-8fef0ffb66fb,LOCKCEIL-01a07757930d7133bbb58ff1bbe0bef7-35,lock ceiling 35,,credit,f,f,"{""id"": ""01a07757-930d-7133-bbb5-8fef0ffb66fb"", ""name"": ""lock ceiling 35"", ""metadata"": null, ""external_id"": null, ""normal_balance_type"": ""credit""}",active,2026-09-06 15:30:23.414343+00
01a07757-930d-7133-bbb5-90078d53ae1a,LOCKCEIL-01a07757930d7133bbb59012c0f91ba6-36,lock ceiling 36,,credit,f,f,"{""id"": ""01a07757-930d-7133-bbb5-90078d53ae1a"", ""name"": ""lock ceiling 36"", ""metadata"": null, ""external_id"": null, ""normal_balance_type"": ""credit""}",active,2026-09-06 15:30:23.414343+00
01a07757-930d-7133-bbb5-902c8c9cbe15,LOCKCEIL-01a07757930d7133bbb590314a3daf68-37,lock ceiling 37,,credit,f,f,"{""id"": ""01a07757-930d-7133-bbb5-902c8c9cbe15"", ""name"": ""lock ceiling 37"", ""metadata"": null, ""external_id"": null, ""normal_balance_type"": ""credit""}",active,2026-09-06 15:30:23.414343+00
01a07757-930d-7133-bbb5-9045c12884ac,LOCKCEIL-01a07757930d7133bbb59056d8114fcb-38,lock ceiling 38,,credit,f,f,"{""id"": ""01a07757-930d-7133-bbb5-9045c12884ac"", ""name"": ""lock ceiling 38"", ""metadata"": null, ""external_id"": null, ""normal_balance_type"": ""credit""}",active,2026-09-06 15:30:23.414343+00
01a07757-930d-7133-bbb5-906513473715,LOCKCEIL-01a07757930d7133bbb5907602477d4a-39,lock ceiling 39,,credit,f,f,"{""id"": ""01a07757-930d-7133-bbb5-906513473715"", ""name"": ""lock ceiling 39"", ""metadata"": null, ""external_id"": null, ""normal_balance_type"": ""credit""}",active,2026-09-06 15:30:23.414343+00
01a07757-930d-7133-bbb5-9086bb88f536,LOCKCEIL-01a07757930d7133bbb5909a8e1e64d6-40,lock ceiling 40,,credit,f,f,"{""id"": ""01a07757-930d-7133-bbb5-9086bb88f536"", ""name"": ""lock ceiling 40"", ""metadata"": null, ""external_id"": null, ""normal_balance_type"": ""credit""}",active,2026-09-06 15:30:23.414343+00
01a07757-930d-7133-bbb5-90a119c28c29,LOCKCEIL-01a07757930d7133bbb590b558816d74-41,lock ceiling 41,,credit,f,f,"{""id"": ""01a07757-930d-7133-bbb5-90a119c28c29"", ""name"": ""lock ceiling 41"", ""metadata"": null, ""external_id"": null, ""normal_balance_type"": ""credit""}",active,2026-09-06 15:30:23.414343+00
01a07757-930d-7133-bbb5-90cfcfdf0bc9,LOCKCEIL-01a07757930d7133bbb590ddd89858b9-42,lock ceiling 42,,credit,f,f,"{""id"": ""01a07757-930d-7133-bbb5-90cfcfdf0bc9"", ""name"": ""lock ceiling 42"", ""metadata"": null, ""external_id"": null, ""normal_balance_type"": ""credit""}",active,2026-09-06 15:30:23.414343+00
01a07757-930d-7133-bbb5-90ef244042df,LOCKCEIL-01a07757930d7133bbb590ff3d8dfb57-43,lock ceiling 43,,credit,f,f,"{""id"": ""01a07757-930d-7133-bbb5-90ef244042df"", ""name"": ""lock ceiling 43"", ""metadata"": null, ""external_id"": null, ""normal_balance_type"": ""credit""}",active,2026-09-06 15:30:23.414343+00
01a07757-930d-7133-bbb5-9104eea4d982,LOCKCEIL-01a07757930d7133bbb59118494f5d2b-44,lock ceiling 44,,credit,f,f,"{""id"": ""01a07757-930d-7133-bbb5-9104eea4d982"", ""name"": ""lock ceiling 44"", ""metadata"": null, ""external_id"": null, ""normal_balance_type"": ""credit""}",active,2026-09-06 15:30:23.414343+00
01a07757-930d-7133-bbb5-91298b975a89,LOCKCEIL-01a07757930d7133bbb59131958f1846-45,lock ceiling 45,,credit,f,f,"{""id"": ""01a07757-930d-7133-bbb5-91298b975a89"", ""name"": ""lock ceiling 45"", ""metadata"": null, ""external_id"": null, ""normal_balance_type"": ""credit""}",active,2026-09-06 15:30:23.414343+00
01a07757-930d-7133-bbb5-914b4f3c9cc7,LOCKCEIL-01a07757930d7133bbb59155476ac695-46,lock ceiling 46,,credit,f,f,"{""id"": ""01a07757-930d-7133-bbb5-914b4f3c9cc7"", ""name"": ""lock ceiling 46"", ""metadata"": null, ""external_id"": null, ""normal_balance_type"": ""credit""}",active,2026-09-06 15:30:23.414343+00
01a07757-930d-7133-bbb5-916bd0bc16dc,LOCKCEIL-01a07757930d7133bbb59172ef2a6280-47,lock ceiling 47,,credit,f,f,"{""id"": ""01a07757-930d-7133-bbb5-916bd0bc16dc"", ""name"": ""lock ceiling 47"", ""metadata"": null, ""external_id"": null, ""normal_balance_type"": ""credit""}",active,2026-09-06 15:30:23.414343+00
01a07757-930d-7133-bbb5-91837ea101b5,LOCKCEIL-01a07757930d7133bbb59192163e3b62-48,lock ceiling 48,,credit,f,f,"{""id"": ""01a07757-930d-7133-bbb5-91837ea101b5"", ""name"": ""lock ceiling 48"", ""metadata"": null, ""external_id"": null, ""normal_balance_type"": ""credit""}",active,2026-09-06 15:30:23.414343+00
01a07757-930d-7133-bbb5-91a867690eed,LOCKCEIL-01a07757930d7133bbb591b5825d9543-49,lock ceiling 49,,credit,f,f,"{""id"": ""01a07757-930d-7133-bbb5-91a867690eed"", ""name"": ""lock ceiling 49"", ""metadata"": null, ""external_id"": null, ""normal_balance_type"": ""credit""}",active,2026-09-06 15:30:23.414343+00
01a07757-930d-7133-bbb5-91cf9d4bdeaa,LOCKCEIL-01a07757930d7133bbb591d49796cf24-50,lock ceiling 50,,credit,f,f,"{""id"": ""01a07757-930d-7133-bbb5-91cf9d4bdeaa"", ""name"": ""lock ceiling 50"", ""metadata"": null, ""external_id"": null, ""normal_balance_type"": ""credit""}",active,2026-09-06 15:30:23.414343+00
01a07757-930d-7133-bbb5-91e2849bf2e4,LOCKCEIL-01a07757930d7133bbb591fd7a86600d-51,lock ceiling 51,,credit,f,f,"{""id"": ""01a07757-930d-7133-bbb5-91e2849bf2e4"", ""name"": ""lock ceiling 51"", ""metadata"": null, ""external_id"": null, ""normal_balance_type"": ""credit""}",active,2026-09-06 15:30:23.414343+00
01a07757-930d-7133-bbb5-920673552d6f,LOCKCEIL-01a07757930d7133bbb592109921921d-52,lock ceiling 52,,credit,f,f,"{""id"": ""01a07757-930d-7133-bbb5-920673552d6f"", ""name"": ""lock ceiling 52"", ""metadata"": null, ""external_id"": null, ""normal_balance_type"": ""credit""}",active,2026-09-06 15:30:23.414343+00
01a07757-930d-7133-bbb5-922daef629c0,LOCKCEIL-01a07757930d7133bbb5923b497e1a49-53,lock ceiling 53,,credit,f,f,"{""id"": ""01a07757-930d-7133-bbb5-922daef629c0"", ""name"": ""lock ceiling 53"", ""metadata"": null, ""external_id"": null, ""normal_balance_type"": ""credit""}",active,2026-09-06 15:30:23.414343+00
01a07757-930d-7133-bbb5-924a25fbe261,LOCKCEIL-01a07757930d7133bbb5925aa83e7c16-54,lock ceiling 54,,credit,f,f,"{""id"": ""01a07757-930d-7133-bbb5-924a25fbe261"", ""name"": ""lock ceiling 54"", ""metadata"": null, ""external_id"": null, ""normal_balance_type"": ""credit""}",active,2026-09-06 15:30:23.414343+00
01a07757-930d-7133-bbb5-92607779cde7,LOCKCEIL-01a07757930d7133bbb59277eaa43e51-55,lock ceiling 55,,credit,f,f,"{""id"": ""01a07757-930d-7133-bbb5-92607779cde7"", ""name"": ""lock ceiling 55"", ""metadata"": null, ""external_id"": null, ""normal_balance_type"": ""credit""}",active,2026-09-06 15:30:23.414343+00
01a07757-930e-7421-8220-1e99267ef5a1,LOCKCEIL-01a07757930e742182201ea625d46d3e-56,lock ceiling 56,,credit,f,f,"{""id"": ""01a07757-930e-7421-8220-1e99267ef5a1"", ""name"": ""lock ceiling 56"", ""metadata"": null, ""external_id"": null, ""normal_balance_type"": ""credit""}",active,2026-09-06 15:30:23.414343+00
01a07757-930e-7421-8220-1eb76123b2a8,LOCKCEIL-01a07757930e742182201ec2265cad86-57,lock ceiling 57,,credit,f,f,"{""id"": ""01a07757-930e-7421-8220-1eb76123b2a8"", ""name"": ""lock ceiling 57"", ""metadata"": null, ""external_id"": null, ""normal_balance_type"": ""credit""}",active,2026-09-06 15:30:23.414343+00
01a07757-930e-7421-8220-1ed54a974c40,LOCKCEIL-01a07757930e742182201ee77e16bcb8-58,lock ceiling 58,,credit,f,f,"{""id"": ""01a07757-930e-7421-8220-1ed54a974c40"", ""name"": ""lock ceiling 58"", ""metadata"": null, ""external_id"": null, ""normal_balance_type"": ""credit""}",active,2026-09-06 15:30:23.414343+00
01a07757-930e-7421-8220-1ef5c64904b5,LOCKCEIL-01a07757930e742182201f00c568b527-59,lock ceiling 59,,credit,f,f,"{""id"": ""01a07757-930e-7421-8220-1ef5c64904b5"", ""name"": ""lock ceiling 59"", ""metadata"": null, ""external_id"": null, ""normal_balance_type"": ""credit""}",active,2026-09-06 15:30:23.414343+00
01a07757-930e-7421-8220-1f13f504c755,LOCKCEIL-01a07757930e742182201f229a89478e-60,lock ceiling 60,,credit,f,f,"{""id"": ""01a07757-930e-7421-8220-1f13f504c755"", ""name"": ""lock ceiling 60"", ""metadata"": null, ""external_id"": null, ""normal_balance_type"": ""credit""}",active,2026-09-06 15:30:23.414343+00
01a07757-930e-7421-8220-1f3fd3f1bb2a,LOCKCEIL-01a07757930e742182201f4ea1e1501d-61,lock ceiling 61,,credit,f,f,"{""id"": ""01a07757-930e-7421-8220-1f3fd3f1bb2a"", ""name"": ""lock ceiling 61"", ""metadata"": null, ""external_id"": null, ""normal_balance_type"": ""credit""}",active,2026-09-06 15:30:23.414343+00
01a07757-930e-7421-8220-1f5a499ad2a1,LOCKCEIL-01a07757930e742182201f61695a99eb-62,lock ceiling 62,,credit,f,f,"{""id"": ""01a07757-930e-7421-8220-1f5a499ad2a1"", ""name"": ""lock ceiling 62"", ""metadata"": null, ""external_id"": null, ""normal_balance_type"": ""credit""}",active,2026-09-06 15:30:23.414343+00
01a07757-930e-7421-8220-1f7af1539309,LOCKCEIL-01a07757930e742182201f85a6f43a57-63,lock ceiling 63,,credit,f,f,"{""id"": ""01a07757-930e-7421-8220-1f7af1539309"", ""name"": ""lock ceiling 63"", ""metadata"": null, ""external_id"": null, ""normal_balance_type"": ""credit""}",active,2026-09-06 15:30:23.414343+00
01a07757-930e-7421-8220-1f9083e8499c,LOCKCEIL-01a07757930e742182201fad2e58fb15-64,lock ceiling 64,,credit,f,f,"{""id"": ""01a07757-930e-7421-8220-1f9083e8499c"", ""name"": ""lock ceiling 64"", ""metadata"": null, ""external_id"": null, ""normal_balance_type"": ""credit""}",active,2026-09-06 15:30:23.414343+00
01a07757-930e-7421-8220-1fb8ba1dc7d2,LOCKCEIL-01a07757930e742182201fc586e8cb9d-65,lock ceiling 65,,credit,f,f,"{""id"": ""01a07757-930e-7421-8220-1fb8ba1dc7d2"", ""name"": ""lock ceiling 65"", ""metadata"": null, ""external_id"": null, ""normal_balance_type"": ""credit""}",active,2026-09-06 15:30:23.414343+00
01a07757-930e-7421-8220-1fd50683038b,LOCKCEIL-01a07757930e742182201fe23ab5a3a7-66,lock ceiling 66,,credit,f,f,"{""id"": ""01a07757-930e-7421-8220-1fd50683038b"", ""name"": ""lock ceiling 66"", ""metadata"": null, ""external_id"": null, ""normal_balance_type"": ""credit""}",active,2026-09-06 15:30:23.414343+00
01a07757-930e-7421-8220-1ff2ce2f83be,LOCKCEIL-01a07757930e742182202004381e3281-67,lock ceiling 67,,credit,f,f,"{""id"": ""01a07757-930e-7421-8220-1ff2ce2f83be"", ""name"": ""lock ceiling 67"", ""metadata"": null, ""external_id"": null, ""normal_balance_type"": ""credit""}",active,2026-09-06 15:30:23.414343+00
01a07757-930e-7421-8220-2018a440246e,LOCKCEIL-01a07757930e74218220202ee1f8ebe4-68,lock ceiling 68,,credit,f,f,"{""id"": ""01a07757-930e-7421-8220-2018a440246e"", ""name"": ""lock ceiling 68"", ""metadata"": null, ""external_id"": null, ""normal_balance_type"": ""credit""}",active,2026-09-06 15:30:23.414343+00
01a07757-930e-7421-8220-203c378ca917,LOCKCEIL-01a07757930e742182202041f9467ee1-69,lock ceiling 69,,credit,f,f,"{""id"": ""01a07757-930e-7421-8220-203c378ca917"", ""name"": ""lock ceiling 69"", ""metadata"": null, ""external_id"": null, ""normal_balance_type"": ""credit""}",active,2026-09-06 15:30:23.414343+00
01a07757-930e-7421-8220-205eebf6c8c6,LOCKCEIL-01a07757930e7421822020625bf5ca8e-70,lock ceiling 70,,credit,f,f,"{""id"": ""01a07757-930e-7421-8220-205eebf6c8c6"", ""name"": ""lock ceiling 70"", ""metadata"": null, ""external_id"": null, ""normal_balance_type"": ""credit""}",active,2026-09-06 15:30:23.414343+00
01a07757-930e-7421-8220-207a49d40a34,LOCKCEIL-01a07757930e74218220208c8ce4bb19-71,lock ceiling 71,,credit,f,f,"{""id"": ""01a07757-930e-7421-8220-207a49d40a34"", ""name"": ""lock ceiling 71"", ""metadata"": null, ""external_id"": null, ""normal_balance_type"": ""credit""}",active,2026-09-06 15:30:23.414343+00
01a07757-930e-7421-8220-20947a226642,LOCKCEIL-01a07757930e7421822020a2f91fbbbc-72,lock ceiling 72,,credit,f,f,"{""id"": ""01a07757-930e-7421-8220-20947a226642"", ""name"": ""lock ceiling 72"", ""metadata"": null, ""external_id"": null, ""normal_balance_type"": ""credit""}",active,2026-09-06 15:30:23.414343+00
01a07757-930e-7421-8220-20b186d35cef,LOCKCEIL-01a07757930e7421822020ccc7b10939-73,lock ceiling 73,,credit,f,f,"{""id"": ""01a07757-930e-7421-8220-20b186d35cef"", ""name"": ""lock ceiling 73"", ""metadata"": null, ""external_id"": null, ""normal_balance_type"": ""credit""}",active,2026-09-06 15:30:23.414343+00
01a07757-930f-7fc0-b97b-62a056454161,LOCKCEIL-01a07757930f7fc0b97b62b472ec2ed9-74,lock ceiling 74,,credit,f,f,"{""id"": ""01a07757-930f-7fc0-b97b-62a056454161"", ""name"": ""lock ceiling 74"", ""metadata"": null, ""external_id"": null, ""normal_balance_type"": ""credit""}",active,2026-09-06 15:30:23.414343+00
01a07757-930f-7fc0-b97b-62c5a41e850d,LOCKCEIL-01a07757930f7fc0b97b62d5c5b9cb14-75,lock ceiling 75,,credit,f,f,"{""id"": ""01a07757-930f-7fc0-b97b-62c5a41e850d"", ""name"": ""lock ceiling 75"", ""metadata"": null, ""external_id"": null, ""normal_balance_type"": ""credit""}",active,2026-09-06 15:30:23.414343+00
01a07757-930f-7fc0-b97b-62e03795188a,LOCKCEIL-01a07757930f7fc0b97b62f32d4f96aa-76,lock ceiling 76,,credit,f,f,"{""id"": ""01a07757-930f-7fc0-b97b-62e03795188a"", ""name"": ""lock ceiling 76"", ""metadata"": null, ""external_id"": null, ""normal_balance_type"": ""credit""}",active,2026-09-06 15:30:23.414343+00
01a07757-930f-7fc0-b97b-6303234b95e8,LOCKCEIL-01a07757930f7fc0b97b631b8fac6a33-77,lock ceiling 77,,credit,f,f,"{""id"": ""01a07757-930f-7fc0-b97b-6303234b95e8"", ""name"": ""lock ceiling 77"", ""metadata"": null, ""external_id"": null, ""normal_balance_type"": ""credit""}",active,2026-09-06 15:30:23.414343+00
01a07757-930f-7fc0-b97b-6320f0417bb6,LOCKCEIL-01a07757930f7fc0b97b633a8cc69d31-78,lock ceiling 78,,credit,f,f,"{""id"": ""01a07757-930f-7fc0-b97b-6320f0417bb6"", ""name"": ""lock ceiling 78"", ""metadata"": null, ""external_id"": null, ""normal_balance_type"": ""credit""}",active,2026-09-06 15:30:23.414343+00
01a07757-930f-7fc0-b97b-634314e52ea8,LOCKCEIL-01a07757930f7fc0b97b6358815396e3-79,lock ceiling 79,,credit,f,f,"{""id"": ""01a07757-930f-7fc0-b97b-634314e52ea8"", ""name"": ""lock ceiling 79"", ""metadata"": null, ""external_id"": null, ""normal_balance_type"": ""credit""}",active,2026-09-06 15:30:23.414343+00
01a07757-930f-7fc0-b97b-63660e758bbe,LOCKCEIL-01a07757930f7fc0b97b6379ef9a2cb9-80,lock ceiling 80,,credit,f,f,"{""id"": ""01a07757-930f-7fc0-b97b-63660e758bbe"", ""name"": ""lock ceiling 80"", ""metadata"": null, ""external_id"": null, ""normal_balance_type"": ""credit""}",active,2026-09-06 15:30:23.414343+00
01a07757-930f-7fc0-b97b-6388858cb3ad,LOCKCEIL-01a07757930f7fc0b97b6397cce44257-81,lock ceiling 81,,credit,f,f,"{""id"": ""01a07757-930f-7fc0-b97b-6388858cb3ad"", ""name"": ""lock ceiling 81"", ""metadata"": null, ""external_id"": null, ""normal_balance_type"": ""credit""}",active,2026-09-06 15:30:23.414343+00
01a07757-930f-7fc0-b97b-63abae623ce8,LOCKCEIL-01a07757930f7fc0b97b63b8ed9a49ed-82,lock ceiling 82,,credit,f,f,"{""id"": ""01a07757-930f-7fc0-b97b-63abae623ce8"", ""name"": ""lock ceiling 82"", ""metadata"": null, ""external_id"": null, ""normal_balance_type"": ""credit""}",active,2026-09-06 15:30:23.414343+00
01a07757-930f-7fc0-b97b-63c9a6365d08,LOCKCEIL-01a07757930f7fc0b97b63ddf01c5e1b-83,lock ceiling 83,,credit,f,f,"{""id"": ""01a07757-930f-7fc0-b97b-63c9a6365d08"", ""name"": ""lock ceiling 83"", ""metadata"": null, ""external_id"": null, ""normal_balance_type"": ""credit""}",active,2026-09-06 15:30:23.414343+00
01a07757-930f-7fc0-b97b-63ea62efbbe4,LOCKCEIL-01a07757930f7fc0b97b63fb95bdcdcd-84,lock ceiling 84,,credit,f,f,"{""id"": ""01a07757-930f-7fc0-b97b-63ea62efbbe4"", ""name"": ""lock ceiling 84"", ""metadata"": null, ""external_id"": null, ""normal_balance_type"": ""credit""}",active,2026-09-06 15:30:23.414343+00
01a07757-930f-7fc0-b97b-64041b788970,LOCKCEIL-01a07757930f7fc0b97b6416109ec35c-85,lock ceiling 85,,credit,f,f,"{""id"": ""01a07757-930f-7fc0-b97b-64041b788970"", ""name"": ""lock ceiling 85"", ""metadata"": null, ""external_id"": null, ""normal_balance_type"": ""credit""}",active,2026-09-06 15:30:23.414343+00
01a07757-930f-7fc0-b97b-64220fa69571,LOCKCEIL-01a07757930f7fc0b97b6434a6ad75a1-86,lock ceiling 86,,credit,f,f,"{""id"": ""01a07757-930f-7fc0-b97b-64220fa69571"", ""name"": ""lock ceiling 86"", ""metadata"": null, ""external_id"": null, ""normal_balance_type"": ""credit""}",active,2026-09-06 15:30:23.414343+00
01a07757-930f-7fc0-b97b-6447b87b23f0,LOCKCEIL-01a07757930f7fc0b97b6457d310db5d-87,lock ceiling 87,,credit,f,f,"{""id"": ""01a07757-930f-7fc0-b97b-6447b87b23f0"", ""name"": ""lock ceiling 87"", ""metadata"": null, ""external_id"": null, ""normal_balance_type"": ""credit""}",active,2026-09-06 15:30:23.414343+00
01a07757-930f-7fc0-b97b-646c8564dd8b,LOCKCEIL-01a07757930f7fc0b97b6473655a22dd-88,lock ceiling 88,,credit,f,f,"{""id"": ""01a07757-930f-7fc0-b97b-646c8564dd8b"", ""name"": ""lock ceiling 88"", ""metadata"": null, ""external_id"": null, ""normal_balance_type"": ""credit""}",active,2026-09-06 15:30:23.414343+00
01a07757-930f-7fc0-b97b-648f3e8bf975,LOCKCEIL-01a07757930f7fc0b97b649724babd9b-89,lock ceiling 89,,credit,f,f,"{""id"": ""01a07757-930f-7fc0-b97b-648f3e8bf975"", ""name"": ""lock ceiling 89"", ""metadata"": null, ""external_id"": null, ""normal_balance_type"": ""credit""}",active,2026-09-06 15:30:23.414343+00
01a07757-930f-7fc0-b97b-64a033f5f329,LOCKCEIL-01a07757930f7fc0b97b64b82ec4cfc5-90,lock ceiling 90,,credit,f,f,"{""id"": ""01a07757-930f-7fc0-b97b-64a033f5f329"", ""name"": ""lock ceiling 90"", ""metadata"": null, ""external_id"": null, ""normal_balance_type"": ""credit""}",active,2026-09-06 15:30:23.414343+00
01a07757-930f-7fc0-b97b-64c0233baa96,LOCKCEIL-01a07757930f7fc0b97b64d42d2b4466-91,lock ceiling 91,,credit,f,f,"{""id"": ""01a07757-930f-7fc0-b97b-64c0233baa96"", ""name"": ""lock ceiling 91"", ""metadata"": null, ""external_id"": null, ""normal_balance_type"": ""credit""}",active,2026-09-06 15:30:23.414343+00
01a07757-930f-7fc0-b97b-64ee6e76487a,LOCKCEIL-01a07757930f7fc0b97b64ff924faa5a-92,lock ceiling 92,,credit,f,f,"{""id"": ""01a07757-930f-7fc0-b97b-64ee6e76487a"", ""name"": ""lock ceiling 92"", ""metadata"": null, ""external_id"": null, ""normal_balance_type"": ""credit""}",active,2026-09-06 15:30:23.414343+00
01a07757-930f-7fc0-b97b-650bce75d05a,LOCKCEIL-01a07757930f7fc0b97b65148fb6ca34-93,lock ceiling 93,,credit,f,f,"{""id"": ""01a07757-930f-7fc0-b97b-650bce75d05a"", ""name"": ""lock ceiling 93"", ""metadata"": null, ""external_id"": null, ""normal_balance_type"": ""credit""}",active,2026-09-06 15:30:23.414343+00
01a07757-930f-7fc0-b97b-652036857714,LOCKCEIL-01a07757930f7fc0b97b653adb7e8727-94,lock ceiling 94,,credit,f,f,"{""id"": ""01a07757-930f-7fc0-b97b-652036857714"", ""name"": ""lock ceiling 94"", ""metadata"": null, ""external_id"": null, ""normal_balance_type"": ""credit""}",active,2026-09-06 15:30:23.414343+00
01a07757-930f-7fc0-b97b-654beca06db8,LOCKCEIL-01a07757930f7fc0b97b655336a157aa-95,lock ceiling 95,,credit,f,f,"{""id"": ""01a07757-930f-7fc0-b97b-654beca06db8"", ""name"": ""lock ceiling 95"", ""metadata"": null, ""external_id"": null, ""normal_balance_type"": ""credit""}",active,2026-09-06 15:30:23.414343+00
01a07757-930f-7fc0-b97b-656afca1804d,LOCKCEIL-01a07757930f7fc0b97b657a2559c441-96,lock ceiling 96,,credit,f,f,"{""id"": ""01a07757-930f-7fc0-b97b-656afca1804d"", ""name"": ""lock ceiling 96"", ""metadata"": null, ""external_id"": null, ""normal_balance_type"": ""credit""}",active,2026-09-06 15:30:23.414343+00
01a07757-930f-7fc0-b97b-65827166d8a8,LOCKCEIL-01a07757930f7fc0b97b659de873e31c-97,lock ceiling 97,,credit,f,f,"{""id"": ""01a07757-930f-7fc0-b97b-65827166d8a8"", ""name"": ""lock ceiling 97"", ""metadata"": null, ""external_id"": null, ""normal_balance_type"": ""credit""}",active,2026-09-06 15:30:23.414343+00
01a07757-930f-7fc0-b97b-65a769623137,LOCKCEIL-01a07757930f7fc0b97b65bac553b3b5-98,lock ceiling 98,,credit,f,f,"{""id"": ""01a07757-930f-7fc0-b97b-65a769623137"", ""name"": ""lock ceiling 98"", ""metadata"": null, ""external_id"": null, ""normal_balance_type"": ""credit""}",active,2026-09-06 15:30:23.414343+00
01a07757-930f-7fc0-b97b-65c4c47b8e76,LOCKCEIL-01a07757930f7fc0b97b65de8b9c9074-99,lock ceiling 99,,credit,f,f,"{""id"": ""01a07757-930f-7fc0-b97b-65c4c47b8e76"", ""name"": ""lock ceiling 99"", ""metadata"": null, ""external_id"": null, ""normal_balance_type"": ""credit""}",active,2026-09-06 15:30:23.414343+00
01a07757-930f-7fc0-b97b-65e8a8d1d802,LOCKCEIL-01a07757930f7fc0b97b65fa0346a2f7-100,lock ceiling 100,,credit,f,f,"{""id"": ""01a07757-930f-7fc0-b97b-65e8a8d1d802"", ""name"": ""lock ceiling 100"", ""metadata"": null, ""external_id"": null, ""normal_balance_type"": ""credit""}",active,2026-09-06 15:30:23.414343+00
01a07757-930f-7fc0-b97b-6601137b7cbb,LOCKCEIL-01a07757930f7fc0b97b6618c41d604a-101,lock ceiling 101,,credit,f,f,"{""id"": ""01a07757-930f-7fc0-b97b-6601137b7cbb"", ""name"": ""lock ceiling 101"", ""metadata"": null, ""external_id"": null, ""normal_balance_type"": ""credit""}",active,2026-09-06 15:30:23.414343+00
01a07757-930f-7fc0-b97b-66293c2fed06,LOCKCEIL-01a07757930f7fc0b97b6632ac85385a-102,lock ceiling 102,,credit,f,f,"{""id"": ""01a07757-930f-7fc0-b97b-66293c2fed06"", ""name"": ""lock ceiling 102"", ""metadata"": null, ""external_id"": null, ""normal_balance_type"": ""credit""}",active,2026-09-06 15:30:23.414343+00
01a07757-930f-7fc0-b97b-664605926228,LOCKCEIL-01a07757930f7fc0b97b665257e389f9-103,lock ceiling 103,,credit,f,f,"{""id"": ""01a07757-930f-7fc0-b97b-664605926228"", ""name"": ""lock ceiling 103"", ""metadata"": null, ""external_id"": null, ""normal_balance_type"": ""credit""}",active,2026-09-06 15:30:23.414343+00
01a07757-930f-7fc0-b97b-6664569a4604,LOCKCEIL-01a07757930f7fc0b97b667a90f0d556-104,lock ceiling 104,,credit,f,f,"{""id"": ""01a07757-930f-7fc0-b97b-6664569a4604"", ""name"": ""lock ceiling 104"", ""metadata"": null, ""external_id"": null, ""normal_balance_type"": ""credit""}",active,2026-09-06 15:30:23.414343+00
01a07757-930f-7fc0-b97b-6681fd156e05,LOCKCEIL-01a07757930f7fc0b97b66908377340c-105,lock ceiling 105,,credit,f,f,"{""id"": ""01a07757-930f-7fc0-b97b-6681fd156e05"", ""name"": ""lock ceiling 105"", ""metadata"": null, ""external_id"": null, ""normal_balance_type"": ""credit""}",active,2026-09-06 15:30:23.414343+00
01a07757-930f-7fc0-b97b-66a971d61035,LOCKCEIL-01a07757930f7fc0b97b66b3e189e9b5-106,lock ceiling 106,,credit,f,f,"{""id"": ""01a07757-930f-7fc0-b97b-66a971d61035"", ""name"": ""lock ceiling 106"", ""metadata"": null, ""external_id"": null, ""normal_balance_type"": ""credit""}",active,2026-09-06 15:30:23.414343+00
01a07757-930f-7fc0-b97b-66c43f9dccc8,LOCKCEIL-01a07757930f7fc0b97b66df3a966448-107,lock ceiling 107,,credit,f,f,"{""id"": ""01a07757-930f-7fc0-b97b-66c43f9dccc8"", ""name"": ""lock ceiling 107"", ""metadata"": null, ""external_id"": null, ""normal_balance_type"": ""credit""}",active,2026-09-06 15:30:23.414343+00
01a07757-930f-7fc0-b97b-66e116f4af6e,LOCKCEIL-01a077579310727293cd3512b535c5b5-108,lock ceiling 108,,credit,f,f,"{""id"": ""01a07757-930f-7fc0-b97b-66e116f4af6e"", ""name"": ""lock ceiling 108"", ""metadata"": null, ""external_id"": null, ""normal_balance_type"": ""credit""}",active,2026-09-06 15:30:23.414343+00
01a07757-9310-7272-93cd-352bf1d47e68,LOCKCEIL-01a077579310727293cd3535da71d557-109,lock ceiling 109,,credit,f,f,"{""id"": ""01a07757-9310-7272-93cd-352bf1d47e68"", ""name"": ""lock ceiling 109"", ""metadata"": null, ""external_id"": null, ""normal_balance_type"": ""credit""}",active,2026-09-06 15:30:23.414343+00
01a07757-9310-7272-93cd-3547905bde62,LOCKCEIL-01a077579310727293cd355ca1b3245b-110,lock ceiling 110,,credit,f,f,"{""id"": ""01a07757-9310-7272-93cd-3547905bde62"", ""name"": ""lock ceiling 110"", ""metadata"": null, ""external_id"": null, ""normal_balance_type"": ""credit""}",active,2026-09-06 15:30:23.414343+00
01a07757-9310-7272-93cd-356d16d777e7,LOCKCEIL-01a077579310727293cd357e6f8efcd1-111,lock ceiling 111,,credit,f,f,"{""id"": ""01a07757-9310-7272-93cd-356d16d777e7"", ""name"": ""lock ceiling 111"", ""metadata"": null, ""external_id"": null, ""normal_balance_type"": ""credit""}",active,2026-09-06 15:30:23.414343+00
01a07757-9310-7272-93cd-358e0cfd802e,LOCKCEIL-01a077579310727293cd359902de4ac8-112,lock ceiling 112,,credit,f,f,"{""id"": ""01a07757-9310-7272-93cd-358e0cfd802e"", ""name"": ""lock ceiling 112"", ""metadata"": null, ""external_id"": null, ""normal_balance_type"": ""credit""}",active,2026-09-06 15:30:23.414343+00
01a07757-9310-7272-93cd-35a788bc3f62,LOCKCEIL-01a077579310727293cd35b840bb36fe-113,lock ceiling 113,,credit,f,f,"{""id"": ""01a07757-9310-7272-93cd-35a788bc3f62"", ""name"": ""lock ceiling 113"", ""metadata"": null, ""external_id"": null, ""normal_balance_type"": ""credit""}",active,2026-09-06 15:30:23.414343+00
01a07757-9310-7272-93cd-35c7b1486fc2,LOCKCEIL-01a077579310727293cd35df42221e3a-114,lock ceiling 114,,credit,f,f,"{""id"": ""01a07757-9310-7272-93cd-35c7b1486fc2"", ""name"": ""lock ceiling 114"", ""metadata"": null, ""external_id"": null, ""normal_balance_type"": ""credit""}",active,2026-09-06 15:30:23.414343+00
01a07757-9310-7272-93cd-35ef2830966b,LOCKCEIL-01a077579310727293cd35fbb101450c-115,lock ceiling 115,,credit,f,f,"{""id"": ""01a07757-9310-7272-93cd-35ef2830966b"", ""name"": ""lock ceiling 115"", ""metadata"": null, ""external_id"": null, ""normal_balance_type"": ""credit""}",active,2026-09-06 15:30:23.414343+00
01a07757-9310-7272-93cd-36065b5313fc,LOCKCEIL-01a077579310727293cd3619e94398da-116,lock ceiling 116,,credit,f,f,"{""id"": ""01a07757-9310-7272-93cd-36065b5313fc"", ""name"": ""lock ceiling 116"", ""metadata"": null, ""external_id"": null, ""normal_balance_type"": ""credit""}",active,2026-09-06 15:30:23.414343+00
01a07757-9310-7272-93cd-3620774d1140,LOCKCEIL-01a077579310727293cd36372c511d1f-117,lock ceiling 117,,credit,f,f,"{""id"": ""01a07757-9310-7272-93cd-3620774d1140"", ""name"": ""lock ceiling 117"", ""metadata"": null, ""external_id"": null, ""normal_balance_type"": ""credit""}",active,2026-09-06 15:30:23.414343+00
01a07757-9310-7272-93cd-3644cd4a9657,LOCKCEIL-01a077579310727293cd3652f4426b92-118,lock ceiling 118,,credit,f,f,"{""id"": ""01a07757-9310-7272-93cd-3644cd4a9657"", ""name"": ""lock ceiling 118"", ""metadata"": null, ""external_id"": null, ""normal_balance_type"": ""credit""}",active,2026-09-06 15:30:23.414343+00
01a07757-9310-7272-93cd-366ff3ae26df,LOCKCEIL-01a077579310727293cd3676a02e639a-119,lock ceiling 119,,credit,f,f,"{""id"": ""01a07757-9310-7272-93cd-366ff3ae26df"", ""name"": ""lock ceiling 119"", ""metadata"": null, ""external_id"": null, ""normal_balance_type"": ""credit""}",active,2026-09-06 15:30:23.414343+00
01a07757-9310-7272-93cd-36882a009ff3,LOCKCEIL-01a077579310727293cd369b2b3d95bb-120,lock ceiling 120,,credit,f,f,"{""id"": ""01a07757-9310-7272-93cd-36882a009ff3"", ""name"": ""lock ceiling 120"", ""metadata"": null, ""external_id"": null, ""normal_balance_type"": ""credit""}",active,2026-09-06 15:30:23.414343+00
01a07757-9310-7272-93cd-36ac85d423c8,LOCKCEIL-01a077579310727293cd36b206b617b4-121,lock ceiling 121,,credit,f,f,"{""id"": ""01a07757-9310-7272-93cd-36ac85d423c8"", ""name"": ""lock ceiling 121"", ""metadata"": null, ""external_id"": null, ""normal_balance_type"": ""credit""}",active,2026-09-06 15:30:23.414343+00
01a07757-9310-7272-93cd-36cdc4cec812,LOCKCEIL-01a077579310727293cd36d58791deb6-122,lock ceiling 122,,credit,f,f,"{""id"": ""01a07757-9310-7272-93cd-36cdc4cec812"", ""name"": ""lock ceiling 122"", ""metadata"": null, ""external_id"": null, ""normal_balance_type"": ""credit""}",active,2026-09-06 15:30:23.414343+00
01a07757-9310-7272-93cd-36ef07741daa,LOCKCEIL-01a077579310727293cd36fee17f4f64-123,lock ceiling 123,,credit,f,f,"{""id"": ""01a07757-9310-7272-93cd-36ef07741daa"", ""name"": ""lock ceiling 123"", ""metadata"": null, ""external_id"": null, ""normal_balance_type"": ""credit""}",active,2026-09-06 15:30:23.414343+00
01a07757-9310-7272-93cd-3704a9bfdb58,LOCKCEIL-01a077579310727293cd371363c63408-124,lock ceiling 124,,credit,f,f,"{""id"": ""01a07757-9310-7272-93cd-3704a9bfdb58"", ""name"": ""lock ceiling 124"", ""metadata"": null, ""external_id"": null, ""normal_balance_type"": ""credit""}",active,2026-09-06 15:30:23.414343+00
01a07757-9310-7272-93cd-372c7f735cd1,LOCKCEIL-01a077579310727293cd37341aaba74a-125,lock ceiling 125,,credit,f,f,"{""id"": ""01a07757-9310-7272-93cd-372c7f735cd1"", ""name"": ""lock ceiling 125"", ""metadata"": null, ""external_id"": null, ""normal_balance_type"": ""credit""}",active,2026-09-06 15:30:23.414343+00
01a07757-9310-7272-93cd-3744ee34b61a,LOCKCEIL-01a077579310727293cd375a27875afb-126,lock ceiling 126,,credit,f,f,"{""id"": ""01a07757-9310-7272-93cd-3744ee34b61a"", ""name"": ""lock ceiling 126"", ""metadata"": null, ""external_id"": null, ""normal_balance_type"": ""credit""}",active,2026-09-06 15:30:23.414343+00
01a07757-9310-7272-93cd-376812a510bf,LOCKCEIL-01a077579310727293cd3774b11dad75-127,lock ceiling 127,,credit,f,f,"{""id"": ""01a07757-9310-7272-93cd-376812a510bf"", ""name"": ""lock ceiling 127"", ""metadata"": null, ""external_id"": null, ""normal_balance_type"": ""credit""}",active,2026-09-06 15:30:23.414343+00
01a07757-9310-7272-93cd-378bfb6bceea,LOCKCEIL-01a077579310727293cd379a2c2ee2e2-128,lock ceiling 128,,credit,f,f,"{""id"": ""01a07757-9310-7272-93cd-378bfb6bceea"", ""name"": ""lock ceiling 128"", ""metadata"": null, ""external_id"": null, ""normal_balance_type"": ""credit""}",active,2026-09-06 15:30:23.414343+00
01a07757-9310-7272-93cd-37aa1d7a201c,LOCKCEIL-01a077579310727293cd37b8bb8dc12d-129,lock ceiling 129,,credit,f,f,"{""id"": ""01a07757-9310-7272-93cd-37aa1d7a201c"", ""name"": ""lock ceiling 129"", ""metadata"": null, ""external_id"": null, ""normal_balance_type"": ""credit""}",active,2026-09-06 15:30:23.414343+00
01a07757-9310-7272-93cd-37ca457c909d,LOCKCEIL-01a077579310727293cd37df6a9f2c1e-130,lock ceiling 130,,credit,f,f,"{""id"": ""01a07757-9310-7272-93cd-37ca457c909d"", ""name"": ""lock ceiling 130"", ""metadata"": null, ""external_id"": null, ""normal_balance_type"": ""credit""}",active,2026-09-06 15:30:23.414343+00
01a07757-9310-7272-93cd-37e0f54fdf9c,LOCKCEIL-01a077579310727293cd37f4a2a88c94-131,lock ceiling 131,,credit,f,f,"{""id"": ""01a07757-9310-7272-93cd-37e0f54fdf9c"", ""name"": ""lock ceiling 131"", ""metadata"": null, ""external_id"": null, ""normal_balance_type"": ""credit""}",active,2026-09-06 15:30:23.414343+00
01a07757-9310-7272-93cd-38058bebd630,LOCKCEIL-01a077579310727293cd3817daedeaa3-132,lock ceiling 132,,credit,f,f,"{""id"": ""01a07757-9310-7272-93cd-38058bebd630"", ""name"": ""lock ceiling 132"", ""metadata"": null, ""external_id"": null, ""normal_balance_type"": ""credit""}",active,2026-09-06 15:30:23.414343+00
01a07757-9310-7272-93cd-382ff7db0cd5,LOCKCEIL-01a077579310727293cd383dad8b1a81-133,lock ceiling 133,,credit,f,f,"{""id"": ""01a07757-9310-7272-93cd-382ff7db0cd5"", ""name"": ""lock ceiling 133"", ""metadata"": null, ""external_id"": null, ""normal_balance_type"": ""credit""}",active,2026-09-06 15:30:23.414343+00
01a07757-9310-7272-93cd-384dab5ed3a3,LOCKCEIL-01a077579310727293cd385081128db6-134,lock ceiling 134,,credit,f,f,"{""id"": ""01a07757-9310-7272-93cd-384dab5ed3a3"", ""name"": ""lock ceiling 134"", ""metadata"": null, ""external_id"": null, ""normal_balance_type"": ""credit""}",active,2026-09-06 15:30:23.414343+00
01a07757-9310-7272-93cd-3863b9492a97,LOCKCEIL-01a077579310727293cd38714c137dde-135,lock ceiling 135,,credit,f,f,"{""id"": ""01a07757-9310-7272-93cd-3863b9492a97"", ""name"": ""lock ceiling 135"", ""metadata"": null, ""external_id"": null, ""normal_balance_type"": ""credit""}",active,2026-09-06 15:30:23.414343+00
01a07757-9310-7272-93cd-3881c526c235,LOCKCEIL-01a077579310727293cd3898a443963c-136,lock ceiling 136,,credit,f,f,"{""id"": ""01a07757-9310-7272-93cd-3881c526c235"", ""name"": ""lock ceiling 136"", ""metadata"": null, ""external_id"": null, ""normal_balance_type"": ""credit""}",active,2026-09-06 15:30:23.414343+00
01a07757-9310-7272-93cd-38abdcdd56d6,LOCKCEIL-01a077579310727293cd38b394048b2a-137,lock ceiling 137,,credit,f,f,"{""id"": ""01a07757-9310-7272-93cd-38abdcdd56d6"", ""name"": ""lock ceiling 137"", ""metadata"": null, ""external_id"": null, ""normal_balance_type"": ""credit""}",active,2026-09-06 15:30:23.414343+00
01a07757-9310-7272-93cd-38c5ea1e1b74,LOCKCEIL-01a077579310727293cd38d711ce9e86-138,lock ceiling 138,,credit,f,f,"{""id"": ""01a07757-9310-7272-93cd-38c5ea1e1b74"", ""name"": ""lock ceiling 138"", ""metadata"": null, ""external_id"": null, ""normal_balance_type"": ""credit""}",active,2026-09-06 15:30:23.414343+00
01a07757-9310-7272-93cd-38e742bd312e,LOCKCEIL-01a077579310727293cd38f3c41b0562-139,lock ceiling 139,,credit,f,f,"{""id"": ""01a07757-9310-7272-93cd-38e742bd312e"", ""name"": ""lock ceiling 139"", ""metadata"": null, ""external_id"": null, ""normal_balance_type"": ""credit""}",active,2026-09-06 15:30:23.414343+00
01a07757-9310-7272-93cd-390982267db3,LOCKCEIL-01a077579310727293cd391cfdcbd09f-140,lock ceiling 140,,credit,f,f,"{""id"": ""01a07757-9310-7272-93cd-390982267db3"", ""name"": ""lock ceiling 140"", ""metadata"": null, ""external_id"": null, ""normal_balance_type"": ""credit""}",active,2026-09-06 15:30:23.414343+00
01a07757-9310-7272-93cd-39224354c047,LOCKCEIL-01a077579310727293cd393f7672c108-141,lock ceiling 141,,credit,f,f,"{""id"": ""01a07757-9310-7272-93cd-39224354c047"", ""name"": ""lock ceiling 141"", ""metadata"": null, ""external_id"": null, ""normal_balance_type"": ""credit""}",active,2026-09-06 15:30:23.414343+00
01a07757-9310-7272-93cd-39448acda20c,LOCKCEIL-01a077579310727293cd395edf07eb0f-142,lock ceiling 142,,credit,f,f,"{""id"": ""01a07757-9310-7272-93cd-39448acda20c"", ""name"": ""lock ceiling 142"", ""metadata"": null, ""external_id"": null, ""normal_balance_type"": ""credit""}",active,2026-09-06 15:30:23.414343+00
01a07757-9310-7272-93cd-396825bf8a76,LOCKCEIL-01a077579310727293cd39751dfc43c5-143,lock ceiling 143,,credit,f,f,"{""id"": ""01a07757-9310-7272-93cd-396825bf8a76"", ""name"": ""lock ceiling 143"", ""metadata"": null, ""external_id"": null, ""normal_balance_type"": ""credit""}",active,2026-09-06 15:30:23.414343+00
01a07757-9310-7272-93cd-3981f2bce33f,LOCKCEIL-01a077579310727293cd399f1d50ddfc-144,lock ceiling 144,,credit,f,f,"{""id"": ""01a07757-9310-7272-93cd-3981f2bce33f"", ""name"": ""lock ceiling 144"", ""metadata"": null, ""external_id"": null, ""normal_balance_type"": ""credit""}",active,2026-09-06 15:30:23.414343+00
01a07757-9310-7272-93cd-39a646174b7f,LOCKCEIL-01a077579310727293cd39b6378ec9d7-145,lock ceiling 145,,credit,f,f,"{""id"": ""01a07757-9310-7272-93cd-39a646174b7f"", ""name"": ""lock ceiling 145"", ""metadata"": null, ""external_id"": null, ""normal_balance_type"": ""credit""}",active,2026-09-06 15:30:23.414343+00
01a07757-9310-7272-93cd-39c8681ec338,LOCKCEIL-01a077579310727293cd39dc21e88196-146,lock ceiling 146,,credit,f,f,"{""id"": ""01a07757-9310-7272-93cd-39c8681ec338"", ""name"": ""lock ceiling 146"", ""metadata"": null, ""external_id"": null, ""normal_balance_type"": ""credit""}",active,2026-09-06 15:30:23.414343+00
01a07757-9310-7272-93cd-39ee259e4e6c,LOCKCEIL-01a077579310727293cd39f6b2d3b178-147,lock ceiling 147,,credit,f,f,"{""id"": ""01a07757-9310-7272-93cd-39ee259e4e6c"", ""name"": ""lock ceiling 147"", ""metadata"": null, ""external_id"": null, ""normal_balance_type"": ""credit""}",active,2026-09-06 15:30:23.414343+00
01a07757-9310-7272-93cd-3a0b18b82846,LOCKCEIL-01a077579310727293cd3a114a7e61de-148,lock ceiling 148,,credit,f,f,"{""id"": ""01a07757-9310-7272-93cd-3a0b18b82846"", ""name"": ""lock ceiling 148"", ""metadata"": null, ""external_id"": null, ""normal_balance_type"": ""credit""}",active,2026-09-06 15:30:23.414343+00
01a07757-9310-7272-93cd-3a22688e8efd,LOCKCEIL-01a077579310727293cd3a30dd4124d3-149,lock ceiling 149,,credit,f,f,"{""id"": ""01a07757-9310-7272-93cd-3a22688e8efd"", ""name"": ""lock ceiling 149"", ""metadata"": null, ""external_id"": null, ""normal_balance_type"": ""credit""}",active,2026-09-06 15:30:23.414343+00
01a07757-9310-7272-93cd-3a40a3266f29,LOCKCEIL-01a077579310727293cd3a5da03b4cb3-150,lock ceiling 150,,credit,f,f,"{""id"": ""01a07757-9310-7272-93cd-3a40a3266f29"", ""name"": ""lock ceiling 150"", ""metadata"": null, ""external_id"": null, ""normal_balance_type"": ""credit""}",active,2026-09-06 15:30:23.414343+00
01a07757-9310-7272-93cd-3a61a268c4a1,LOCKCEIL-01a077579310727293cd3a763f5953a9-151,lock ceiling 151,,credit,f,f,"{""id"": ""01a07757-9310-7272-93cd-3a61a268c4a1"", ""name"": ""lock ceiling 151"", ""metadata"": null, ""external_id"": null, ""normal_balance_type"": ""credit""}",active,2026-09-06 15:30:23.414343+00
01a07757-9310-7272-93cd-3a85b54c98cb,LOCKCEIL-01a077579310727293cd3a9607156d48-152,lock ceiling 152,,credit,f,f,"{""id"": ""01a07757-9310-7272-93cd-3a85b54c98cb"", ""name"": ""lock ceiling 152"", ""metadata"": null, ""external_id"": null, ""normal_balance_type"": ""credit""}",active,2026-09-06 15:30:23.414343+00
01a07757-9310-7272-93cd-3aab25e16b57,LOCKCEIL-01a077579310727293cd3ab2ea8a3aac-153,lock ceiling 153,,credit,f,f,"{""id"": ""01a07757-9310-7272-93cd-3aab25e16b57"", ""name"": ""lock ceiling 153"", ""metadata"": null, ""external_id"": null, ""normal_balance_type"": ""credit""}",active,2026-09-06 15:30:23.414343+00
01a07757-9310-7272-93cd-3ac69bb4037a,LOCKCEIL-01a077579310727293cd3ad41ec87bfa-154,lock ceiling 154,,credit,f,f,"{""id"": ""01a07757-9310-7272-93cd-3ac69bb4037a"", ""name"": ""lock ceiling 154"", ""metadata"": null, ""external_id"": null, ""normal_balance_type"": ""credit""}",active,2026-09-06 15:30:23.414343+00
01a07757-9310-7272-93cd-3ae765fb99a5,LOCKCEIL-01a077579310727293cd3af3b880d29f-155,lock ceiling 155,,credit,f,f,"{""id"": ""01a07757-9310-7272-93cd-3ae765fb99a5"", ""name"": ""lock ceiling 155"", ""metadata"": null, ""external_id"": null, ""normal_balance_type"": ""credit""}",active,2026-09-06 15:30:23.414343+00
01a07757-9310-7272-93cd-3b00cefbd4d0,LOCKCEIL-01a077579310727293cd3b1cca02d516-156,lock ceiling 156,,credit,f,f,"{""id"": ""01a07757-9310-7272-93cd-3b00cefbd4d0"", ""name"": ""lock ceiling 156"", ""metadata"": null, ""external_id"": null, ""normal_balance_type"": ""credit""}",active,2026-09-06 15:30:23.414343+00
01a07757-9310-7272-93cd-3b287ee8c662,LOCKCEIL-01a077579310727293cd3b36bac7d134-157,lock ceiling 157,,credit,f,f,"{""id"": ""01a07757-9310-7272-93cd-3b287ee8c662"", ""name"": ""lock ceiling 157"", ""metadata"": null, ""external_id"": null, ""normal_balance_type"": ""credit""}",active,2026-09-06 15:30:23.414343+00
01a07757-9310-7272-93cd-3b4249db2159,LOCKCEIL-01a077579310727293cd3b51859a337a-158,lock ceiling 158,,credit,f,f,"{""id"": ""01a07757-9310-7272-93cd-3b4249db2159"", ""name"": ""lock ceiling 158"", ""metadata"": null, ""external_id"": null, ""normal_balance_type"": ""credit""}",active,2026-09-06 15:30:23.414343+00
01a07757-9310-7272-93cd-3b66fca8849c,LOCKCEIL-01a077579310727293cd3b7b2561fc1f-159,lock ceiling 159,,credit,f,f,"{""id"": ""01a07757-9310-7272-93cd-3b66fca8849c"", ""name"": ""lock ceiling 159"", ""metadata"": null, ""external_id"": null, ""normal_balance_type"": ""credit""}",active,2026-09-06 15:30:23.414343+00
01a07757-9310-7272-93cd-3b83da4c54f1,LOCKCEIL-01a077579310727293cd3b97c6129629-160,lock ceiling 160,,credit,f,f,"{""id"": ""01a07757-9310-7272-93cd-3b83da4c54f1"", ""name"": ""lock ceiling 160"", ""metadata"": null, ""external_id"": null, ""normal_balance_type"": ""credit""}",active,2026-09-06 15:30:23.414343+00
01a07757-9310-7272-93cd-3bad5d5777f7,LOCKCEIL-01a077579310727293cd3bb3fd2b7f10-161,lock ceiling 161,,credit,f,f,"{""id"": ""01a07757-9310-7272-93cd-3bad5d5777f7"", ""name"": ""lock ceiling 161"", ""metadata"": null, ""external_id"": null, ""normal_balance_type"": ""credit""}",active,2026-09-06 15:30:23.414343+00
01a07757-9310-7272-93cd-3bcc8a4fee76,LOCKCEIL-01a077579310727293cd3bd8ea9ef0ed-162,lock ceiling 162,,credit,f,f,"{""id"": ""01a07757-9310-7272-93cd-3bcc8a4fee76"", ""name"": ""lock ceiling 162"", ""metadata"": null, ""external_id"": null, ""normal_balance_type"": ""credit""}",active,2026-09-06 15:30:23.414343+00
01a07757-9310-7272-93cd-3bea53706328,LOCKCEIL-01a077579310727293cd3bfe4a41385a-163,lock ceiling 163,,credit,f,f,"{""id"": ""01a07757-9310-7272-93cd-3bea53706328"", ""name"": ""lock ceiling 163"", ""metadata"": null, ""external_id"": null, ""normal_balance_type"": ""credit""}",active,2026-09-06 15:30:23.414343+00
01a07757-9310-7272-93cd-3c0bb3a92148,LOCKCEIL-01a077579310727293cd3c1b2c12a31b-164,lock ceiling 164,,credit,f,f,"{""id"": ""01a07757-9310-7272-93cd-3c0bb3a92148"", ""name"": ""lock ceiling 164"", ""metadata"": null, ""external_id"": null, ""normal_balance_type"": ""credit""}",active,2026-09-06 15:30:23.414343+00
01a07757-9310-7272-93cd-3c24c3d43a0d,LOCKCEIL-01a077579310727293cd3c38a6dd743b-165,lock ceiling 165,,credit,f,f,"{""id"": ""01a07757-9310-7272-93cd-3c24c3d43a0d"", ""name"": ""lock ceiling 165"", ""metadata"": null, ""external_id"": null, ""normal_balance_type"": ""credit""}",active,2026-09-06 15:30:23.414343+00
01a07757-9310-7272-93cd-3c4ecbf48531,LOCKCEIL-01a077579310727293cd3c598dd8338f-166,lock ceiling 166,,credit,f,f,"{""id"": ""01a07757-9310-7272-93cd-3c4ecbf48531"", ""name"": ""lock ceiling 166"", ""metadata"": null, ""external_id"": null, ""normal_balance_type"": ""credit""}",active,2026-09-06 15:30:23.414343+00
01a07757-9310-7272-93cd-3c62f15281f9,LOCKCEIL-01a077579310727293cd3c790dec1f78-167,lock ceiling 167,,credit,f,f,"{""id"": ""01a07757-9310-7272-93cd-3c62f15281f9"", ""name"": ""lock ceiling 167"", ""metadata"": null, ""external_id"": null, ""normal_balance_type"": ""credit""}",active,2026-09-06 15:30:23.414343+00
01a07757-9310-7272-93cd-3c83a73f1988,LOCKCEIL-01a077579310727293cd3c9f6f982751-168,lock ceiling 168,,credit,f,f,"{""id"": ""01a07757-9310-7272-93cd-3c83a73f1988"", ""name"": ""lock ceiling 168"", ""metadata"": null, ""external_id"": null, ""normal_balance_type"": ""credit""}",active,2026-09-06 15:30:23.414343+00
01a07757-9310-7272-93cd-3ca1d58195e5,LOCKCEIL-01a077579310727293cd3cb0229ba98f-169,lock ceiling 169,,credit,f,f,"{""id"": ""01a07757-9310-7272-93cd-3ca1d58195e5"", ""name"": ""lock ceiling 169"", ""metadata"": null, ""external_id"": null, ""normal_balance_type"": ""credit""}",active,2026-09-06 15:30:23.414343+00
01a07757-9310-7272-93cd-3cce9604add2,LOCKCEIL-01a077579310727293cd3cd4ea12d583-170,lock ceiling 170,,credit,f,f,"{""id"": ""01a07757-9310-7272-93cd-3cce9604add2"", ""name"": ""lock ceiling 170"", ""metadata"": null, ""external_id"": null, ""normal_balance_type"": ""credit""}",active,2026-09-06 15:30:23.414343+00
01a07757-9310-7272-93cd-3ce6497ccead,LOCKCEIL-01a077579310727293cd3cf0e48b50cf-171,lock ceiling 171,,credit,f,f,"{""id"": ""01a07757-9310-7272-93cd-3ce6497ccead"", ""name"": ""lock ceiling 171"", ""metadata"": null, ""external_id"": null, ""normal_balance_type"": ""credit""}",active,2026-09-06 15:30:23.414343+00
01a07757-9310-7272-93cd-3d0044b8f3c5,LOCKCEIL-01a077579310727293cd3d13b68285e7-172,lock ceiling 172,,credit,f,f,"{""id"": ""01a07757-9310-7272-93cd-3d0044b8f3c5"", ""name"": ""lock ceiling 172"", ""metadata"": null, ""external_id"": null, ""normal_balance_type"": ""credit""}",active,2026-09-06 15:30:23.414343+00
01a07757-9310-7272-93cd-3d2f7c7c7488,LOCKCEIL-01a077579310727293cd3d30e3394e68-173,lock ceiling 173,,credit,f,f,"{""id"": ""01a07757-9310-7272-93cd-3d2f7c7c7488"", ""name"": ""lock ceiling 173"", ""metadata"": null, ""external_id"": null, ""normal_balance_type"": ""credit""}",active,2026-09-06 15:30:23.414343+00
01a07757-9310-7272-93cd-3d4bf78b3967,LOCKCEIL-01a077579310727293cd3d51cb47cc8a-174,lock ceiling 174,,credit,f,f,"{""id"": ""01a07757-9310-7272-93cd-3d4bf78b3967"", ""name"": ""lock ceiling 174"", ""metadata"": null, ""external_id"": null, ""normal_balance_type"": ""credit""}",active,2026-09-06 15:30:23.414343+00
01a07757-9310-7272-93cd-3d635760f889,LOCKCEIL-01a077579310727293cd3d7333d3404b-175,lock ceiling 175,,credit,f,f,"{""id"": ""01a07757-9310-7272-93cd-3d635760f889"", ""name"": ""lock ceiling 175"", ""metadata"": null, ""external_id"": null, ""normal_balance_type"": ""credit""}",active,2026-09-06 15:30:23.414343+00
01a07757-9310-7272-93cd-3d872a0cb25d,LOCKCEIL-01a077579310727293cd3d9f815ee9d6-176,lock ceiling 176,,credit,f,f,"{""id"": ""01a07757-9310-7272-93cd-3d872a0cb25d"", ""name"": ""lock ceiling 176"", ""metadata"": null, ""external_id"": null, ""normal_balance_type"": ""credit""}",active,2026-09-06 15:30:23.414343+00
01a07757-9310-7272-93cd-3da2de359954,LOCKCEIL-01a077579310727293cd3db6f8422c90-177,lock ceiling 177,,credit,f,f,"{""id"": ""01a07757-9310-7272-93cd-3da2de359954"", ""name"": ""lock ceiling 177"", ""metadata"": null, ""external_id"": null, ""normal_balance_type"": ""credit""}",active,2026-09-06 15:30:23.414343+00
01a07757-9310-7272-93cd-3dc0a283ac4c,LOCKCEIL-01a077579310727293cd3dda464737cd-178,lock ceiling 178,,credit,f,f,"{""id"": ""01a07757-9310-7272-93cd-3dc0a283ac4c"", ""name"": ""lock ceiling 178"", ""metadata"": null, ""external_id"": null, ""normal_balance_type"": ""credit""}",active,2026-09-06 15:30:23.414343+00
01a07757-9310-7272-93cd-3de9f18ed2ff,LOCKCEIL-01a077579310727293cd3dfa4097bd77-179,lock ceiling 179,,credit,f,f,"{""id"": ""01a07757-9310-7272-93cd-3de9f18ed2ff"", ""name"": ""lock ceiling 179"", ""metadata"": null, ""external_id"": null, ""normal_balance_type"": ""credit""}",active,2026-09-06 15:30:23.414343+00
01a07757-9310-7272-93cd-3e0d34ee2f3e,LOCKCEIL-01a077579310727293cd3e1be67beaa1-180,lock ceiling 180,,credit,f,f,"{""id"": ""01a07757-9310-7272-93cd-3e0d34ee2f3e"", ""name"": ""lock ceiling 180"", ""metadata"": null, ""external_id"": null, ""normal_balance_type"": ""credit""}",active,2026-09-06 15:30:23.414343+00
01a07757-9310-7272-93cd-3e23b255dafc,LOCKCEIL-01a077579310727293cd3e39ec0b359f-181,lock ceiling 181,,credit,f,f,"{""id"": ""01a07757-9310-7272-93cd-3e23b255dafc"", ""name"": ""lock ceiling 181"", ""metadata"": null, ""external_id"": null, ""normal_balance_type"": ""credit""}",active,2026-09-06 15:30:23.414343+00
01a07757-9310-7272-93cd-3e4dfcc5d2b3,LOCKCEIL-01a077579310727293cd3e5c97df1189-182,lock ceiling 182,,credit,f,f,"{""id"": ""01a07757-9310-7272-93cd-3e4dfcc5d2b3"", ""name"": ""lock ceiling 182"", ""metadata"": null, ""external_id"": null, ""normal_balance_type"": ""credit""}",active,2026-09-06 15:30:23.414343+00
01a07757-9310-7272-93cd-3e62b26334f4,LOCKCEIL-01a077579310727293cd3e710c154d8a-183,lock ceiling 183,,credit,f,f,"{""id"": ""01a07757-9310-7272-93cd-3e62b26334f4"", ""name"": ""lock ceiling 183"", ""metadata"": null, ""external_id"": null, ""normal_balance_type"": ""credit""}",active,2026-09-06 15:30:23.414343+00
01a07757-9310-7272-93cd-3e8f172a8283,LOCKCEIL-01a077579310727293cd3e94725f31d7-184,lock ceiling 184,,credit,f,f,"{""id"": ""01a07757-9310-7272-93cd-3e8f172a8283"", ""name"": ""lock ceiling 184"", ""metadata"": null, ""external_id"": null, ""normal_balance_type"": ""credit""}",active,2026-09-06 15:30:23.414343+00
01a07757-9310-7272-93cd-3ea0fcc01a51,LOCKCEIL-01a077579310727293cd3eb50d08c6e1-185,lock ceiling 185,,credit,f,f,"{""id"": ""01a07757-9310-7272-93cd-3ea0fcc01a51"", ""name"": ""lock ceiling 185"", ""metadata"": null, ""external_id"": null, ""normal_balance_type"": ""credit""}",active,2026-09-06 15:30:23.414343+00
01a07757-9310-7272-93cd-3ecaf4f22ac8,LOCKCEIL-01a077579310727293cd3ede4273912a-186,lock ceiling 186,,credit,f,f,"{""id"": ""01a07757-9310-7272-93cd-3ecaf4f22ac8"", ""name"": ""lock ceiling 186"", ""metadata"": null, ""external_id"": null, ""normal_balance_type"": ""credit""}",active,2026-09-06 15:30:23.414343+00
01a07757-9310-7272-93cd-3eef776ae03c,LOCKCEIL-01a077579310727293cd3ef51bbd9d48-187,lock ceiling 187,,credit,f,f,"{""id"": ""01a07757-9310-7272-93cd-3eef776ae03c"", ""name"": ""lock ceiling 187"", ""metadata"": null, ""external_id"": null, ""normal_balance_type"": ""credit""}",active,2026-09-06 15:30:23.414343+00
01a07757-9310-7272-93cd-3f03562a760c,LOCKCEIL-01a077579310727293cd3f1b43a00401-188,lock ceiling 188,,credit,f,f,"{""id"": ""01a07757-9310-7272-93cd-3f03562a760c"", ""name"": ""lock ceiling 188"", ""metadata"": null, ""external_id"": null, ""normal_balance_type"": ""credit""}",active,2026-09-06 15:30:23.414343+00
01a07757-9310-7272-93cd-3f21b306722a,LOCKCEIL-01a077579310727293cd3f3f9d37df46-189,lock ceiling 189,,credit,f,f,"{""id"": ""01a07757-9310-7272-93cd-3f21b306722a"", ""name"": ""lock ceiling 189"", ""metadata"": null, ""external_id"": null, ""normal_balance_type"": ""credit""}",active,2026-09-06 15:30:23.414343+00
01a07757-9310-7272-93cd-3f46884dab55,LOCKCEIL-01a077579310727293cd3f5b13b6c926-190,lock ceiling 190,,credit,f,f,"{""id"": ""01a07757-9310-7272-93cd-3f46884dab55"", ""name"": ""lock ceiling 190"", ""metadata"": null, ""external_id"": null, ""normal_balance_type"": ""credit""}",active,2026-09-06 15:30:23.414343+00
01a07757-9310-7272-93cd-3f69ffd14cf9,LOCKCEIL-01a077579310727293cd3f70435b2ebc-191,lock ceiling 191,,credit,f,f,"{""id"": ""01a07757-9310-7272-93cd-3f69ffd14cf9"", ""name"": ""lock ceiling 191"", ""metadata"": null, ""external_id"": null, ""normal_balance_type"": ""credit""}",active,2026-09-06 15:30:23.414343+00
01a07757-9310-7272-93cd-3f84428c0e30,LOCKCEIL-01a077579310727293cd3f90aef662bc-192,lock ceiling 192,,credit,f,f,"{""id"": ""01a07757-9310-7272-93cd-3f84428c0e30"", ""name"": ""lock ceiling 192"", ""metadata"": null, ""external_id"": null, ""normal_balance_type"": ""credit""}",active,2026-09-06 15:30:23.414343+00
01a07757-9310-7272-93cd-3fa808df2812,LOCKCEIL-01a077579310727293cd3fbe82c03330-193,lock ceiling 193,,credit,f,f,"{""id"": ""01a07757-9310-7272-93cd-3fa808df2812"", ""name"": ""lock ceiling 193"", ""metadata"": null, ""external_id"": null, ""normal_balance_type"": ""credit""}",active,2026-09-06 15:30:23.414343+00
01a07757-9310-7272-93cd-3fcdc2b07867,LOCKCEIL-01a077579310727293cd3fdea2c0245f-194,lock ceiling 194,,credit,f,f,"{""id"": ""01a07757-9310-7272-93cd-3fcdc2b07867"", ""name"": ""lock ceiling 194"", ""metadata"": null, ""external_id"": null, ""normal_balance_type"": ""credit""}",active,2026-09-06 15:30:23.414343+00
01a07757-9310-7272-93cd-3fe5983e42ad,LOCKCEIL-01a077579310727293cd3ff2de8c54f1-195,lock ceiling 195,,credit,f,f,"{""id"": ""01a07757-9310-7272-93cd-3fe5983e42ad"", ""name"": ""lock ceiling 195"", ""metadata"": null, ""external_id"": null, ""normal_balance_type"": ""credit""}",active,2026-09-06 15:30:23.414343+00
01a07757-9310-7272-93cd-400b232d22fe,LOCKCEIL-01a077579310727293cd4014782ac22b-196,lock ceiling 196,,credit,f,f,"{""id"": ""01a07757-9310-7272-93cd-400b232d22fe"", ""name"": ""lock ceiling 196"", ""metadata"": null, ""external_id"": null, ""normal_balance_type"": ""credit""}",active,2026-09-06 15:30:23.414343+00
01a07757-9310-7272-93cd-4023d0a32cc1,LOCKCEIL-01a077579310727293cd403a26f9b6b4-197,lock ceiling 197,,credit,f,f,"{""id"": ""01a07757-9310-7272-93cd-4023d0a32cc1"", ""name"": ""lock ceiling 197"", ""metadata"": null, ""external_id"": null, ""normal_balance_type"": ""credit""}",active,2026-09-06 15:30:23.414343+00
01a07757-9310-7272-93cd-404db4eb3a77,LOCKCEIL-01a077579310727293cd40542a19a69d-198,lock ceiling 198,,credit,f,f,"{""id"": ""01a07757-9310-7272-93cd-404db4eb3a77"", ""name"": ""lock ceiling 198"", ""metadata"": null, ""external_id"": null, ""normal_balance_type"": ""credit""}",active,2026-09-06 15:30:23.414343+00
01a07757-9310-7272-93cd-4068c920e4b5,LOCKCEIL-01a077579310727293cd407d855f8709-199,lock ceiling 199,,credit,f,f,"{""id"": ""01a07757-9310-7272-93cd-4068c920e4b5"", ""name"": ""lock ceiling 199"", ""metadata"": null, ""external_id"": null, ""normal_balance_type"": ""credit""}",active,2026-09-06 15:30:23.414343+00
01a07757-9310-7272-93cd-4082d4296d4f,LOCKCEIL-01a077579310727293cd409ea6603ab0-200,lock ceiling 200,,credit,f,f,"{""id"": ""01a07757-9310-7272-93cd-4082d4296d4f"", ""name"": ""lock ceiling 200"", ""metadata"": null, ""external_id"": null, ""normal_balance_type"": ""credit""}",active,2026-09-06 15:30:23.414343+00
01a07757-9310-7272-93cd-40a7ae3f1376,LOCKCEIL-01a077579310727293cd40ba50bd6d5c-201,lock ceiling 201,,credit,f,f,"{""id"": ""01a07757-9310-7272-93cd-40a7ae3f1376"", ""name"": ""lock ceiling 201"", ""metadata"": null, ""external_id"": null, ""normal_balance_type"": ""credit""}",active,2026-09-06 15:30:23.414343+00
01a07757-9310-7272-93cd-40cc9dd3eb98,LOCKCEIL-01a077579310727293cd40dcff6c7913-202,lock ceiling 202,,credit,f,f,"{""id"": ""01a07757-9310-7272-93cd-40cc9dd3eb98"", ""name"": ""lock ceiling 202"", ""metadata"": null, ""external_id"": null, ""normal_balance_type"": ""credit""}",active,2026-09-06 15:30:23.414343+00
01a07757-9310-7272-93cd-40e5d36de4cc,LOCKCEIL-01a077579310727293cd40f94a3a6796-203,lock ceiling 203,,credit,f,f,"{""id"": ""01a07757-9310-7272-93cd-40e5d36de4cc"", ""name"": ""lock ceiling 203"", ""metadata"": null, ""external_id"": null, ""normal_balance_type"": ""credit""}",active,2026-09-06 15:30:23.414343+00
01a07757-9310-7272-93cd-4107e11e7140,LOCKCEIL-01a077579310727293cd4115de8d9e6c-204,lock ceiling 204,,credit,f,f,"{""id"": ""01a07757-9310-7272-93cd-4107e11e7140"", ""name"": ""lock ceiling 204"", ""metadata"": null, ""external_id"": null, ""normal_balance_type"": ""credit""}",active,2026-09-06 15:30:23.414343+00
01a07757-9310-7272-93cd-412db5222975,LOCKCEIL-01a0775793117b6292b503b8571d06d4-205,lock ceiling 205,,credit,f,f,"{""id"": ""01a07757-9310-7272-93cd-412db5222975"", ""name"": ""lock ceiling 205"", ""metadata"": null, ""external_id"": null, ""normal_balance_type"": ""credit""}",active,2026-09-06 15:30:23.414343+00
01a07757-9311-7b62-92b5-03c639793bfe,LOCKCEIL-01a0775793117b6292b503d2503433a7-206,lock ceiling 206,,credit,f,f,"{""id"": ""01a07757-9311-7b62-92b5-03c639793bfe"", ""name"": ""lock ceiling 206"", ""metadata"": null, ""external_id"": null, ""normal_balance_type"": ""credit""}",active,2026-09-06 15:30:23.414343+00
01a07757-9311-7b62-92b5-03ec6e044a7e,LOCKCEIL-01a0775793117b6292b503f5bfcff9ee-207,lock ceiling 207,,credit,f,f,"{""id"": ""01a07757-9311-7b62-92b5-03ec6e044a7e"", ""name"": ""lock ceiling 207"", ""metadata"": null, ""external_id"": null, ""normal_balance_type"": ""credit""}",active,2026-09-06 15:30:23.414343+00
01a07757-9311-7b62-92b5-040b10e5e10b,LOCKCEIL-01a0775793117b6292b5041032a28e66-208,lock ceiling 208,,credit,f,f,"{""id"": ""01a07757-9311-7b62-92b5-040b10e5e10b"", ""name"": ""lock ceiling 208"", ""metadata"": null, ""external_id"": null, ""normal_balance_type"": ""credit""}",active,2026-09-06 15:30:23.414343+00
01a07757-9311-7b62-92b5-042e5e38ac3c,LOCKCEIL-01a0775793117b6292b504331b4ccbca-209,lock ceiling 209,,credit,f,f,"{""id"": ""01a07757-9311-7b62-92b5-042e5e38ac3c"", ""name"": ""lock ceiling 209"", ""metadata"": null, ""external_id"": null, ""normal_balance_type"": ""credit""}",active,2026-09-06 15:30:23.414343+00
01a07757-9311-7b62-92b5-044d8f216317,LOCKCEIL-01a0775793117b6292b5045802348f21-210,lock ceiling 210,,credit,f,f,"{""id"": ""01a07757-9311-7b62-92b5-044d8f216317"", ""name"": ""lock ceiling 210"", ""metadata"": null, ""external_id"": null, ""normal_balance_type"": ""credit""}",active,2026-09-06 15:30:23.414343+00
01a07757-9311-7b62-92b5-046f38ed6c96,LOCKCEIL-01a0775793117b6292b50478e3fd7d78-211,lock ceiling 211,,credit,f,f,"{""id"": ""01a07757-9311-7b62-92b5-046f38ed6c96"", ""name"": ""lock ceiling 211"", ""metadata"": null, ""external_id"": null, ""normal_balance_type"": ""credit""}",active,2026-09-06 15:30:23.414343+00
01a07757-9311-7b62-92b5-04817d915353,LOCKCEIL-01a0775793117b6292b5049247633bff-212,lock ceiling 212,,credit,f,f,"{""id"": ""01a07757-9311-7b62-92b5-04817d915353"", ""name"": ""lock ceiling 212"", ""metadata"": null, ""external_id"": null, ""normal_balance_type"": ""credit""}",active,2026-09-06 15:30:23.414343+00
01a07757-9311-7b62-92b5-04a2c2925502,LOCKCEIL-01a0775793117b6292b504b529c52697-213,lock ceiling 213,,credit,f,f,"{""id"": ""01a07757-9311-7b62-92b5-04a2c2925502"", ""name"": ""lock ceiling 213"", ""metadata"": null, ""external_id"": null, ""normal_balance_type"": ""credit""}",active,2026-09-06 15:30:23.414343+00
01a07757-9311-7b62-92b5-04c0fe17c1e0,LOCKCEIL-01a0775793117b6292b504dcacf2aae4-214,lock ceiling 214,,credit,f,f,"{""id"": ""01a07757-9311-7b62-92b5-04c0fe17c1e0"", ""name"": ""lock ceiling 214"", ""metadata"": null, ""external_id"": null, ""normal_balance_type"": ""credit""}",active,2026-09-06 15:30:23.414343+00
01a07757-9311-7b62-92b5-04e6ed555ea2,LOCKCEIL-01a0775793117b6292b504f29a52a99a-215,lock ceiling 215,,credit,f,f,"{""id"": ""01a07757-9311-7b62-92b5-04e6ed555ea2"", ""name"": ""lock ceiling 215"", ""metadata"": null, ""external_id"": null, ""normal_balance_type"": ""credit""}",active,2026-09-06 15:30:23.414343+00
01a07757-9311-7b62-92b5-05083b842cb6,LOCKCEIL-01a0775793117b6292b505188f7542e5-216,lock ceiling 216,,credit,f,f,"{""id"": ""01a07757-9311-7b62-92b5-05083b842cb6"", ""name"": ""lock ceiling 216"", ""metadata"": null, ""external_id"": null, ""normal_balance_type"": ""credit""}",active,2026-09-06 15:30:23.414343+00
01a07757-9311-7b62-92b5-052fbc54c92f,LOCKCEIL-01a0775793117b6292b50533b354ed49-217,lock ceiling 217,,credit,f,f,"{""id"": ""01a07757-9311-7b62-92b5-052fbc54c92f"", ""name"": ""lock ceiling 217"", ""metadata"": null, ""external_id"": null, ""normal_balance_type"": ""credit""}",active,2026-09-06 15:30:23.414343+00
01a07757-9311-7b62-92b5-054e8a80d8b6,LOCKCEIL-01a0775793117b6292b50552cca61b1e-218,lock ceiling 218,,credit,f,f,"{""id"": ""01a07757-9311-7b62-92b5-054e8a80d8b6"", ""name"": ""lock ceiling 218"", ""metadata"": null, ""external_id"": null, ""normal_balance_type"": ""credit""}",active,2026-09-06 15:30:23.414343+00
01a07757-9311-7b62-92b5-0568d70ccb7d,LOCKCEIL-01a0775793117b6292b505733ca021f4-219,lock ceiling 219,,credit,f,f,"{""id"": ""01a07757-9311-7b62-92b5-0568d70ccb7d"", ""name"": ""lock ceiling 219"", ""metadata"": null, ""external_id"": null, ""normal_balance_type"": ""credit""}",active,2026-09-06 15:30:23.414343+00
01a07757-9311-7b62-92b5-05831c462364,LOCKCEIL-01a0775793117b6292b50597e51aff5d-220,lock ceiling 220,,credit,f,f,"{""id"": ""01a07757-9311-7b62-92b5-05831c462364"", ""name"": ""lock ceiling 220"", ""metadata"": null, ""external_id"": null, ""normal_balance_type"": ""credit""}",active,2026-09-06 15:30:23.414343+00
01a07757-9311-7b62-92b5-05ad80165990,LOCKCEIL-01a0775793117b6292b505b20e34b197-221,lock ceiling 221,,credit,f,f,"{""id"": ""01a07757-9311-7b62-92b5-05ad80165990"", ""name"": ""lock ceiling 221"", ""metadata"": null, ""external_id"": null, ""normal_balance_type"": ""credit""}",active,2026-09-06 15:30:23.414343+00
01a07757-9311-7b62-92b5-05cb0c7f4032,LOCKCEIL-01a0775793117b6292b505d174451659-222,lock ceiling 222,,credit,f,f,"{""id"": ""01a07757-9311-7b62-92b5-05cb0c7f4032"", ""name"": ""lock ceiling 222"", ""metadata"": null, ""external_id"": null, ""normal_balance_type"": ""credit""}",active,2026-09-06 15:30:23.414343+00
01a07757-9311-7b62-92b5-05ed6b2ff07c,LOCKCEIL-01a0775793117b6292b505f7b265bebc-223,lock ceiling 223,,credit,f,f,"{""id"": ""01a07757-9311-7b62-92b5-05ed6b2ff07c"", ""name"": ""lock ceiling 223"", ""metadata"": null, ""external_id"": null, ""normal_balance_type"": ""credit""}",active,2026-09-06 15:30:23.414343+00
01a07757-9311-7b62-92b5-060f8ac24581,LOCKCEIL-01a0775793117b6292b50611d8c33666-224,lock ceiling 224,,credit,f,f,"{""id"": ""01a07757-9311-7b62-92b5-060f8ac24581"", ""name"": ""lock ceiling 224"", ""metadata"": null, ""external_id"": null, ""normal_balance_type"": ""credit""}",active,2026-09-06 15:30:23.414343+00
01a07757-9311-7b62-92b5-0622c3a92680,LOCKCEIL-01a0775793117b6292b50634562066a5-225,lock ceiling 225,,credit,f,f,"{""id"": ""01a07757-9311-7b62-92b5-0622c3a92680"", ""name"": ""lock ceiling 225"", ""metadata"": null, ""external_id"": null, ""normal_balance_type"": ""credit""}",active,2026-09-06 15:30:23.414343+00
01a07757-9311-7b62-92b5-0645b92ab325,LOCKCEIL-01a0775793117b6292b506591e0457ad-226,lock ceiling 226,,credit,f,f,"{""id"": ""01a07757-9311-7b62-92b5-0645b92ab325"", ""name"": ""lock ceiling 226"", ""metadata"": null, ""external_id"": null, ""normal_balance_type"": ""credit""}",active,2026-09-06 15:30:23.414343+00
01a07757-9311-7b62-92b5-066e0367f836,LOCKCEIL-01a0775793117b6292b506781480482e-227,lock ceiling 227,,credit,f,f,"{""id"": ""01a07757-9311-7b62-92b5-066e0367f836"", ""name"": ""lock ceiling 227"", ""metadata"": null, ""external_id"": null, ""normal_balance_type"": ""credit""}",active,2026-09-06 15:30:23.414343+00
01a07757-9312-7c83-afc2-1a0d47373ba1,LOCKCEIL-01a0775793127c83afc21a13bb085fda-228,lock ceiling 228,,credit,f,f,"{""id"": ""01a07757-9312-7c83-afc2-1a0d47373ba1"", ""name"": ""lock ceiling 228"", ""metadata"": null, ""external_id"": null, ""normal_balance_type"": ""credit""}",active,2026-09-06 15:30:23.414343+00
01a07757-9312-7c83-afc2-1a28e1846c1d,LOCKCEIL-01a0775793127c83afc21a3dee6d41f9-229,lock ceiling 229,,credit,f,f,"{""id"": ""01a07757-9312-7c83-afc2-1a28e1846c1d"", ""name"": ""lock ceiling 229"", ""metadata"": null, ""external_id"": null, ""normal_balance_type"": ""credit""}",active,2026-09-06 15:30:23.414343+00
01a07757-9312-7c83-afc2-1a46ff1e69f1,LOCKCEIL-01a0775793127c83afc21a5f0f06e370-230,lock ceiling 230,,credit,f,f,"{""id"": ""01a07757-9312-7c83-afc2-1a46ff1e69f1"", ""name"": ""lock ceiling 230"", ""metadata"": null, ""external_id"": null, ""normal_balance_type"": ""credit""}",active,2026-09-06 15:30:23.414343+00
01a07757-9312-7c83-afc2-1a699be7ded9,LOCKCEIL-01a0775793127c83afc21a7c0cabae08-231,lock ceiling 231,,credit,f,f,"{""id"": ""01a07757-9312-7c83-afc2-1a699be7ded9"", ""name"": ""lock ceiling 231"", ""metadata"": null, ""external_id"": null, ""normal_balance_type"": ""credit""}",active,2026-09-06 15:30:23.414343+00
01a07757-9312-7c83-afc2-1a8845663d97,LOCKCEIL-01a0775793127c83afc21a904477eae5-232,lock ceiling 232,,credit,f,f,"{""id"": ""01a07757-9312-7c83-afc2-1a8845663d97"", ""name"": ""lock ceiling 232"", ""metadata"": null, ""external_id"": null, ""normal_balance_type"": ""credit""}",active,2026-09-06 15:30:23.414343+00
01a07757-9312-7c83-afc2-1aa199080214,LOCKCEIL-01a0775793127c83afc21aba73e73c42-233,lock ceiling 233,,credit,f,f,"{""id"": ""01a07757-9312-7c83-afc2-1aa199080214"", ""name"": ""lock ceiling 233"", ""metadata"": null, ""external_id"": null, ""normal_balance_type"": ""credit""}",active,2026-09-06 15:30:23.414343+00
01a07757-9312-7c83-afc2-1ac37d74429d,LOCKCEIL-01a0775793127c83afc21addb640c6c4-234,lock ceiling 234,,credit,f,f,"{""id"": ""01a07757-9312-7c83-afc2-1ac37d74429d"", ""name"": ""lock ceiling 234"", ""metadata"": null, ""external_id"": null, ""normal_balance_type"": ""credit""}",active,2026-09-06 15:30:23.414343+00
01a07757-9312-7c83-afc2-1ae7f83278a2,LOCKCEIL-01a0775793127c83afc21afe64df880b-235,lock ceiling 235,,credit,f,f,"{""id"": ""01a07757-9312-7c83-afc2-1ae7f83278a2"", ""name"": ""lock ceiling 235"", ""metadata"": null, ""external_id"": null, ""normal_balance_type"": ""credit""}",active,2026-09-06 15:30:23.414343+00
01a07757-9312-7c83-afc2-1b04ebc17245,LOCKCEIL-01a0775793127c83afc21b1b08cd49a6-236,lock ceiling 236,,credit,f,f,"{""id"": ""01a07757-9312-7c83-afc2-1b04ebc17245"", ""name"": ""lock ceiling 236"", ""metadata"": null, ""external_id"": null, ""normal_balance_type"": ""credit""}",active,2026-09-06 15:30:23.414343+00
01a07757-9312-7c83-afc2-1b271bdce46f,LOCKCEIL-01a0775793127c83afc21b3d20b4927e-237,lock ceiling 237,,credit,f,f,"{""id"": ""01a07757-9312-7c83-afc2-1b271bdce46f"", ""name"": ""lock ceiling 237"", ""metadata"": null, ""external_id"": null, ""normal_balance_type"": ""credit""}",active,2026-09-06 15:30:23.414343+00
01a07757-9312-7c83-afc2-1b4b6d0ddb21,LOCKCEIL-01a0775793127c83afc21b50584b81e5-238,lock ceiling 238,,credit,f,f,"{""id"": ""01a07757-9312-7c83-afc2-1b4b6d0ddb21"", ""name"": ""lock ceiling 238"", ""metadata"": null, ""external_id"": null, ""normal_balance_type"": ""credit""}",active,2026-09-06 15:30:23.414343+00
01a07757-9312-7c83-afc2-1b6b6413da2e,LOCKCEIL-01a0775793127c83afc21b72f3575476-239,lock ceiling 239,,credit,f,f,"{""id"": ""01a07757-9312-7c83-afc2-1b6b6413da2e"", ""name"": ""lock ceiling 239"", ""metadata"": null, ""external_id"": null, ""normal_balance_type"": ""credit""}",active,2026-09-06 15:30:23.414343+00
01a07757-9312-7c83-afc2-1b87232c567e,LOCKCEIL-01a0775793127c83afc21b94287b5af5-240,lock ceiling 240,,credit,f,f,"{""id"": ""01a07757-9312-7c83-afc2-1b87232c567e"", ""name"": ""lock ceiling 240"", ""metadata"": null, ""external_id"": null, ""normal_balance_type"": ""credit""}",active,2026-09-06 15:30:23.414343+00
01a07757-9312-7c83-afc2-1babac7c8ddc,LOCKCEIL-01a0775793127c83afc21bba1b470805-241,lock ceiling 241,,credit,f,f,"{""id"": ""01a07757-9312-7c83-afc2-1babac7c8ddc"", ""name"": ""lock ceiling 241"", ""metadata"": null, ""external_id"": null, ""normal_balance_type"": ""credit""}",active,2026-09-06 15:30:23.414343+00
01a07757-9312-7c83-afc2-1bcd8462ec75,LOCKCEIL-01a0775793127c83afc21bd7dcca7d2f-242,lock ceiling 242,,credit,f,f,"{""id"": ""01a07757-9312-7c83-afc2-1bcd8462ec75"", ""name"": ""lock ceiling 242"", ""metadata"": null, ""external_id"": null, ""normal_balance_type"": ""credit""}",active,2026-09-06 15:30:23.414343+00
01a07757-9312-7c83-afc2-1bee84a39e34,LOCKCEIL-01a0775793127c83afc21bf62b4ae783-243,lock ceiling 243,,credit,f,f,"{""id"": ""01a07757-9312-7c83-afc2-1bee84a39e34"", ""name"": ""lock ceiling 243"", ""metadata"": null, ""external_id"": null, ""normal_balance_type"": ""credit""}",active,2026-09-06 15:30:23.414343+00
01a07757-9312-7c83-afc2-1c09b72f509c,LOCKCEIL-01a0775793127c83afc21c189371ef1d-244,lock ceiling 244,,credit,f,f,"{""id"": ""01a07757-9312-7c83-afc2-1c09b72f509c"", ""name"": ""lock ceiling 244"", ""metadata"": null, ""external_id"": null, ""normal_balance_type"": ""credit""}",active,2026-09-06 15:30:23.414343+00
01a07757-9312-7c83-afc2-1c2b3937c39d,LOCKCEIL-01a0775793127c83afc21c394bbf4554-245,lock ceiling 245,,credit,f,f,"{""id"": ""01a07757-9312-7c83-afc2-1c2b3937c39d"", ""name"": ""lock ceiling 245"", ""metadata"": null, ""external_id"": null, ""normal_balance_type"": ""credit""}",active,2026-09-06 15:30:23.414343+00
01a07757-9312-7c83-afc2-1c48c32b949f,LOCKCEIL-01a0775793127c83afc21c5e28b0dcb8-246,lock ceiling 246,,credit,f,f,"{""id"": ""01a07757-9312-7c83-afc2-1c48c32b949f"", ""name"": ""lock ceiling 246"", ""metadata"": null, ""external_id"": null, ""normal_balance_type"": ""credit""}",active,2026-09-06 15:30:23.414343+00
01a07757-9312-7c83-afc2-1c61b4de0894,LOCKCEIL-01a0775793127c83afc21c7bdc57b2d8-247,lock ceiling 247,,credit,f,f,"{""id"": ""01a07757-9312-7c83-afc2-1c61b4de0894"", ""name"": ""lock ceiling 247"", ""metadata"": null, ""external_id"": null, ""normal_balance_type"": ""credit""}",active,2026-09-06 15:30:23.414343+00
01a07757-9312-7c83-afc2-1c8ad84ae45f,LOCKCEIL-01a0775793127c83afc21c96fb57d3c5-248,lock ceiling 248,,credit,f,f,"{""id"": ""01a07757-9312-7c83-afc2-1c8ad84ae45f"", ""name"": ""lock ceiling 248"", ""metadata"": null, ""external_id"": null, ""normal_balance_type"": ""credit""}",active,2026-09-06 15:30:23.414343+00
01a07757-9312-7c83-afc2-1caa19fd4606,LOCKCEIL-01a0775793127c83afc21cb98b3a3f73-249,lock ceiling 249,,credit,f,f,"{""id"": ""01a07757-9312-7c83-afc2-1caa19fd4606"", ""name"": ""lock ceiling 249"", ""metadata"": null, ""external_id"": null, ""normal_balance_type"": ""credit""}",active,2026-09-06 15:30:23.414343+00
01a07757-9312-7c83-afc2-1cc457454d78,LOCKCEIL-01a0775793127c83afc21cdcc09a0f9b-250,lock ceiling 250,,credit,f,f,"{""id"": ""01a07757-9312-7c83-afc2-1cc457454d78"", ""name"": ""lock ceiling 250"", ""metadata"": null, ""external_id"": null, ""normal_balance_type"": ""credit""}",active,2026-09-06 15:30:23.414343+00
01a07757-9312-7c83-afc2-1ce8d76a92ae,LOCKCEIL-01a0775793127c83afc21cf36bbd1813-251,lock ceiling 251,,credit,f,f,"{""id"": ""01a07757-9312-7c83-afc2-1ce8d76a92ae"", ""name"": ""lock ceiling 251"", ""metadata"": null, ""external_id"": null, ""normal_balance_type"": ""credit""}",active,2026-09-06 15:30:23.414343+00
01a07757-9312-7c83-afc2-1d07fa14a3e0,LOCKCEIL-01a0775793127c83afc21d173e459349-252,lock ceiling 252,,credit,f,f,"{""id"": ""01a07757-9312-7c83-afc2-1d07fa14a3e0"", ""name"": ""lock ceiling 252"", ""metadata"": null, ""external_id"": null, ""normal_balance_type"": ""credit""}",active,2026-09-06 15:30:23.414343+00
01a07757-9312-7c83-afc2-1d2a9c439641,LOCKCEIL-01a0775793127c83afc21d3c81088a2e-253,lock ceiling 253,,credit,f,f,"{""id"": ""01a07757-9312-7c83-afc2-1d2a9c439641"", ""name"": ""lock ceiling 253"", ""metadata"": null, ""external_id"": null, ""normal_balance_type"": ""credit""}",active,2026-09-06 15:30:23.414343+00
01a07757-9312-7c83-afc2-1d47821442a4,LOCKCEIL-01a0775793127c83afc21d5d5e545e08-254,lock ceiling 254,,credit,f,f,"{""id"": ""01a07757-9312-7c83-afc2-1d47821442a4"", ""name"": ""lock ceiling 254"", ""metadata"": null, ""external_id"": null, ""normal_balance_type"": ""credit""}",active,2026-09-06 15:30:23.414343+00
01a07757-9312-7c83-afc2-1d6323af0e69,LOCKCEIL-01a0775793127c83afc21d7fc631ec54-255,lock ceiling 255,,credit,f,f,"{""id"": ""01a07757-9312-7c83-afc2-1d6323af0e69"", ""name"": ""lock ceiling 255"", ""metadata"": null, ""external_id"": null, ""normal_balance_type"": ""credit""}",active,2026-09-06 15:30:23.414343+00
01a07757-9312-7c83-afc2-1d86759286af,LOCKCEIL-01a0775793127c83afc21d99f099cbb0-256,lock ceiling 256,,credit,f,f,"{""id"": ""01a07757-9312-7c83-afc2-1d86759286af"", ""name"": ""lock ceiling 256"", ""metadata"": null, ""external_id"": null, ""normal_balance_type"": ""credit""}",active,2026-09-06 15:30:23.414343+00
01a07757-9312-7c83-afc2-1da03b7fc3d6,LOCKCEIL-01a0775793127c83afc21db59a8ae0d3-257,lock ceiling 257,,credit,f,f,"{""id"": ""01a07757-9312-7c83-afc2-1da03b7fc3d6"", ""name"": ""lock ceiling 257"", ""metadata"": null, ""external_id"": null, ""normal_balance_type"": ""credit""}",active,2026-09-06 15:30:23.414343+00
01a07757-9312-7c83-afc2-1dcca91a77da,LOCKCEIL-01a0775793127c83afc21dd16db992d8-258,lock ceiling 258,,credit,f,f,"{""id"": ""01a07757-9312-7c83-afc2-1dcca91a77da"", ""name"": ""lock ceiling 258"", ""metadata"": null, ""external_id"": null, ""normal_balance_type"": ""credit""}",active,2026-09-06 15:30:23.414343+00
01a07757-9312-7c83-afc2-1de808fbc2f8,LOCKCEIL-01a0775793127c83afc21df1d2e1ed06-259,lock ceiling 259,,credit,f,f,"{""id"": ""01a07757-9312-7c83-afc2-1de808fbc2f8"", ""name"": ""lock ceiling 259"", ""metadata"": null, ""external_id"": null, ""normal_balance_type"": ""credit""}",active,2026-09-06 15:30:23.414343+00
01a07757-9312-7c83-afc2-1e0d02adc329,LOCKCEIL-01a0775793127c83afc21e16d5910114-260,lock ceiling 260,,credit,f,f,"{""id"": ""01a07757-9312-7c83-afc2-1e0d02adc329"", ""name"": ""lock ceiling 260"", ""metadata"": null, ""external_id"": null, ""normal_balance_type"": ""credit""}",active,2026-09-06 15:30:23.414343+00
01a07757-9312-7c83-afc2-1e2d1c4648ec,LOCKCEIL-01a0775793127c83afc21e3f981b4af9-261,lock ceiling 261,,credit,f,f,"{""id"": ""01a07757-9312-7c83-afc2-1e2d1c4648ec"", ""name"": ""lock ceiling 261"", ""metadata"": null, ""external_id"": null, ""normal_balance_type"": ""credit""}",active,2026-09-06 15:30:23.414343+00
01a07757-9312-7c83-afc2-1e4bc8254723,LOCKCEIL-01a0775793127c83afc21e58891384a9-262,lock ceiling 262,,credit,f,f,"{""id"": ""01a07757-9312-7c83-afc2-1e4bc8254723"", ""name"": ""lock ceiling 262"", ""metadata"": null, ""external_id"": null, ""normal_balance_type"": ""credit""}",active,2026-09-06 15:30:23.414343+00
01a07757-9312-7c83-afc2-1e6fe82976c5,LOCKCEIL-01a0775793127c83afc21e7849c313b3-263,lock ceiling 263,,credit,f,f,"{""id"": ""01a07757-9312-7c83-afc2-1e6fe82976c5"", ""name"": ""lock ceiling 263"", ""metadata"": null, ""external_id"": null, ""normal_balance_type"": ""credit""}",active,2026-09-06 15:30:23.414343+00
01a07757-9312-7c83-afc2-1e87d80ff9f6,LOCKCEIL-01a0775793127c83afc21e9e84a31184-264,lock ceiling 264,,credit,f,f,"{""id"": ""01a07757-9312-7c83-afc2-1e87d80ff9f6"", ""name"": ""lock ceiling 264"", ""metadata"": null, ""external_id"": null, ""normal_balance_type"": ""credit""}",active,2026-09-06 15:30:23.414343+00
01a07757-9312-7c83-afc2-1ea0aca46860,LOCKCEIL-01a0775793127c83afc21eb82228103b-265,lock ceiling 265,,credit,f,f,"{""id"": ""01a07757-9312-7c83-afc2-1ea0aca46860"", ""name"": ""lock ceiling 265"", ""metadata"": null, ""external_id"": null, ""normal_balance_type"": ""credit""}",active,2026-09-06 15:30:23.414343+00
01a07757-9312-7c83-afc2-1ecd931ea70c,LOCKCEIL-01a0775793127c83afc21edb1de676a9-266,lock ceiling 266,,credit,f,f,"{""id"": ""01a07757-9312-7c83-afc2-1ecd931ea70c"", ""name"": ""lock ceiling 266"", ""metadata"": null, ""external_id"": null, ""normal_balance_type"": ""credit""}",active,2026-09-06 15:30:23.414343+00
01a07757-9312-7c83-afc2-1eeae5d51dad,LOCKCEIL-01a0775793127c83afc21ef5c7724a4e-267,lock ceiling 267,,credit,f,f,"{""id"": ""01a07757-9312-7c83-afc2-1eeae5d51dad"", ""name"": ""lock ceiling 267"", ""metadata"": null, ""external_id"": null, ""normal_balance_type"": ""credit""}",active,2026-09-06 15:30:23.414343+00
01a07757-9312-7c83-afc2-1f0ae05c099c,LOCKCEIL-01a0775793127c83afc21f1997b548b9-268,lock ceiling 268,,credit,f,f,"{""id"": ""01a07757-9312-7c83-afc2-1f0ae05c099c"", ""name"": ""lock ceiling 268"", ""metadata"": null, ""external_id"": null, ""normal_balance_type"": ""credit""}",active,2026-09-06 15:30:23.414343+00
01a07757-9312-7c83-afc2-1f20a9d7a6c7,LOCKCEIL-01a0775793127c83afc21f3a52a0d307-269,lock ceiling 269,,credit,f,f,"{""id"": ""01a07757-9312-7c83-afc2-1f20a9d7a6c7"", ""name"": ""lock ceiling 269"", ""metadata"": null, ""external_id"": null, ""normal_balance_type"": ""credit""}",active,2026-09-06 15:30:23.414343+00
01a07757-9312-7c83-afc2-1f4832186617,LOCKCEIL-01a0775793127c83afc21f5046bca49d-270,lock ceiling 270,,credit,f,f,"{""id"": ""01a07757-9312-7c83-afc2-1f4832186617"", ""name"": ""lock ceiling 270"", ""metadata"": null, ""external_id"": null, ""normal_balance_type"": ""credit""}",active,2026-09-06 15:30:23.414343+00
01a07757-9312-7c83-afc2-1f66475ca0b8,LOCKCEIL-01a0775793127c83afc21f7df81b013b-271,lock ceiling 271,,credit,f,f,"{""id"": ""01a07757-9312-7c83-afc2-1f66475ca0b8"", ""name"": ""lock ceiling 271"", ""metadata"": null, ""external_id"": null, ""normal_balance_type"": ""credit""}",active,2026-09-06 15:30:23.414343+00
01a07757-9312-7c83-afc2-1f8cfdb6bebf,LOCKCEIL-01a0775793127c83afc21f9dd28c7008-272,lock ceiling 272,,credit,f,f,"{""id"": ""01a07757-9312-7c83-afc2-1f8cfdb6bebf"", ""name"": ""lock ceiling 272"", ""metadata"": null, ""external_id"": null, ""normal_balance_type"": ""credit""}",active,2026-09-06 15:30:23.414343+00
01a07757-9312-7c83-afc2-1fa8388a9ade,LOCKCEIL-01a0775793127c83afc21fb24c31269b-273,lock ceiling 273,,credit,f,f,"{""id"": ""01a07757-9312-7c83-afc2-1fa8388a9ade"", ""name"": ""lock ceiling 273"", ""metadata"": null, ""external_id"": null, ""normal_balance_type"": ""credit""}",active,2026-09-06 15:30:23.414343+00
01a07757-9312-7c83-afc2-1fca87431e6e,LOCKCEIL-01a0775793127c83afc21fde13184f2b-274,lock ceiling 274,,credit,f,f,"{""id"": ""01a07757-9312-7c83-afc2-1fca87431e6e"", ""name"": ""lock ceiling 274"", ""metadata"": null, ""external_id"": null, ""normal_balance_type"": ""credit""}",active,2026-09-06 15:30:23.414343+00
01a07757-9312-7c83-afc2-1feb8fb7446a,LOCKCEIL-01a0775793127c83afc21ffcb1478162-275,lock ceiling 275,,credit,f,f,"{""id"": ""01a07757-9312-7c83-afc2-1feb8fb7446a"", ""name"": ""lock ceiling 275"", ""metadata"": null, ""external_id"": null, ""normal_balance_type"": ""credit""}",active,2026-09-06 15:30:23.414343+00
01a07757-9312-7c83-afc2-200f9f624a93,LOCKCEIL-01a0775793127c83afc2201b3223d9d9-276,lock ceiling 276,,credit,f,f,"{""id"": ""01a07757-9312-7c83-afc2-200f9f624a93"", ""name"": ""lock ceiling 276"", ""metadata"": null, ""external_id"": null, ""normal_balance_type"": ""credit""}",active,2026-09-06 15:30:23.414343+00
01a07757-9312-7c83-afc2-20253ab21eed,LOCKCEIL-01a0775793127c83afc2203e7630ce4b-277,lock ceiling 277,,credit,f,f,"{""id"": ""01a07757-9312-7c83-afc2-20253ab21eed"", ""name"": ""lock ceiling 277"", ""metadata"": null, ""external_id"": null, ""normal_balance_type"": ""credit""}",active,2026-09-06 15:30:23.414343+00
01a07757-9312-7c83-afc2-20472bd24e23,LOCKCEIL-01a0775793127c83afc220595565b789-278,lock ceiling 278,,credit,f,f,"{""id"": ""01a07757-9312-7c83-afc2-20472bd24e23"", ""name"": ""lock ceiling 278"", ""metadata"": null, ""external_id"": null, ""normal_balance_type"": ""credit""}",active,2026-09-06 15:30:23.414343+00
01a07757-9312-7c83-afc2-206a1782cd1b,LOCKCEIL-01a0775793127c83afc2207479fdbbbc-279,lock ceiling 279,,credit,f,f,"{""id"": ""01a07757-9312-7c83-afc2-206a1782cd1b"", ""name"": ""lock ceiling 279"", ""metadata"": null, ""external_id"": null, ""normal_balance_type"": ""credit""}",active,2026-09-06 15:30:23.414343+00
01a07757-9312-7c83-afc2-2083fd16f217,LOCKCEIL-01a0775793127c83afc2209929b6ce96-280,lock ceiling 280,,credit,f,f,"{""id"": ""01a07757-9312-7c83-afc2-2083fd16f217"", ""name"": ""lock ceiling 280"", ""metadata"": null, ""external_id"": null, ""normal_balance_type"": ""credit""}",active,2026-09-06 15:30:23.414343+00
01a07757-9312-7c83-afc2-20a93c50f077,LOCKCEIL-01a0775793127c83afc220b6482b50b0-281,lock ceiling 281,,credit,f,f,"{""id"": ""01a07757-9312-7c83-afc2-20a93c50f077"", ""name"": ""lock ceiling 281"", ""metadata"": null, ""external_id"": null, ""normal_balance_type"": ""credit""}",active,2026-09-06 15:30:23.414343+00
01a07757-9312-7c83-afc2-20c22255c8c8,LOCKCEIL-01a0775793127c83afc220d2abc61740-282,lock ceiling 282,,credit,f,f,"{""id"": ""01a07757-9312-7c83-afc2-20c22255c8c8"", ""name"": ""lock ceiling 282"", ""metadata"": null, ""external_id"": null, ""normal_balance_type"": ""credit""}",active,2026-09-06 15:30:23.414343+00
01a07757-9312-7c83-afc2-20e2047c2289,LOCKCEIL-01a0775793127c83afc220ff1f76f388-283,lock ceiling 283,,credit,f,f,"{""id"": ""01a07757-9312-7c83-afc2-20e2047c2289"", ""name"": ""lock ceiling 283"", ""metadata"": null, ""external_id"": null, ""normal_balance_type"": ""credit""}",active,2026-09-06 15:30:23.414343+00
01a07757-9312-7c83-afc2-210bc196e068,LOCKCEIL-01a0775793127c83afc2211115eb9284-284,lock ceiling 284,,credit,f,f,"{""id"": ""01a07757-9312-7c83-afc2-210bc196e068"", ""name"": ""lock ceiling 284"", ""metadata"": null, ""external_id"": null, ""normal_balance_type"": ""credit""}",active,2026-09-06 15:30:23.414343+00
01a07757-9312-7c83-afc2-2124cdebd13c,LOCKCEIL-01a0775793127c83afc2213526623e1f-285,lock ceiling 285,,credit,f,f,"{""id"": ""01a07757-9312-7c83-afc2-2124cdebd13c"", ""name"": ""lock ceiling 285"", ""metadata"": null, ""external_id"": null, ""normal_balance_type"": ""credit""}",active,2026-09-06 15:30:23.414343+00
01a07757-9312-7c83-afc2-21494f782822,LOCKCEIL-01a0775793127c83afc22155cd03f46d-286,lock ceiling 286,,credit,f,f,"{""id"": ""01a07757-9312-7c83-afc2-21494f782822"", ""name"": ""lock ceiling 286"", ""metadata"": null, ""external_id"": null, ""normal_balance_type"": ""credit""}",active,2026-09-06 15:30:23.414343+00
01a07757-9312-7c83-afc2-2160217a21de,LOCKCEIL-01a0775793127c83afc2217e13a7c224-287,lock ceiling 287,,credit,f,f,"{""id"": ""01a07757-9312-7c83-afc2-2160217a21de"", ""name"": ""lock ceiling 287"", ""metadata"": null, ""external_id"": null, ""normal_balance_type"": ""credit""}",active,2026-09-06 15:30:23.414343+00
01a07757-9312-7c83-afc2-21820db8fadd,LOCKCEIL-01a0775793127c83afc2219cd04f0bd8-288,lock ceiling 288,,credit,f,f,"{""id"": ""01a07757-9312-7c83-afc2-21820db8fadd"", ""name"": ""lock ceiling 288"", ""metadata"": null, ""external_id"": null, ""normal_balance_type"": ""credit""}",active,2026-09-06 15:30:23.414343+00
01a07757-9312-7c83-afc2-21a58464b68d,LOCKCEIL-01a0775793127c83afc221b8885caa1c-289,lock ceiling 289,,credit,f,f,"{""id"": ""01a07757-9312-7c83-afc2-21a58464b68d"", ""name"": ""lock ceiling 289"", ""metadata"": null, ""external_id"": null, ""normal_balance_type"": ""credit""}",active,2026-09-06 15:30:23.414343+00
01a07757-9312-7c83-afc2-21ca37bb9e3c,LOCKCEIL-01a0775793127c83afc221d29fb96411-290,lock ceiling 290,,credit,f,f,"{""id"": ""01a07757-9312-7c83-afc2-21ca37bb9e3c"", ""name"": ""lock ceiling 290"", ""metadata"": null, ""external_id"": null, ""normal_balance_type"": ""credit""}",active,2026-09-06 15:30:23.414343+00
01a07757-9312-7c83-afc2-21e9491dd839,LOCKCEIL-01a0775793127c83afc221fed8b8a984-291,lock ceiling 291,,credit,f,f,"{""id"": ""01a07757-9312-7c83-afc2-21e9491dd839"", ""name"": ""lock ceiling 291"", ""metadata"": null, ""external_id"": null, ""normal_balance_type"": ""credit""}",active,2026-09-06 15:30:23.414343+00
01a07757-9312-7c83-afc2-220d5bdfc109,LOCKCEIL-01a0775793127c83afc2221fcbdaa935-292,lock ceiling 292,,credit,f,f,"{""id"": ""01a07757-9312-7c83-afc2-220d5bdfc109"", ""name"": ""lock ceiling 292"", ""metadata"": null, ""external_id"": null, ""normal_balance_type"": ""credit""}",active,2026-09-06 15:30:23.414343+00
01a07757-9312-7c83-afc2-22290a6d06f3,LOCKCEIL-01a0775793127c83afc2223ecfdd2f16-293,lock ceiling 293,,credit,f,f,"{""id"": ""01a07757-9312-7c83-afc2-22290a6d06f3"", ""name"": ""lock ceiling 293"", ""metadata"": null, ""external_id"": null, ""normal_balance_type"": ""credit""}",active,2026-09-06 15:30:23.414343+00
01a07757-9312-7c83-afc2-2242b6495b05,LOCKCEIL-01a0775793127c83afc222599534acc6-294,lock ceiling 294,,credit,f,f,"{""id"": ""01a07757-9312-7c83-afc2-2242b6495b05"", ""name"": ""lock ceiling 294"", ""metadata"": null, ""external_id"": null, ""normal_balance_type"": ""credit""}",active,2026-09-06 15:30:23.414343+00
01a07757-9312-7c83-afc2-2269583a3d61,LOCKCEIL-01a0775793127c83afc22274f7cce935-295,lock ceiling 295,,credit,f,f,"{""id"": ""01a07757-9312-7c83-afc2-2269583a3d61"", ""name"": ""lock ceiling 295"", ""metadata"": null, ""external_id"": null, ""normal_balance_type"": ""credit""}",active,2026-09-06 15:30:23.414343+00
01a07757-9312-7c83-afc2-228f677e2b72,LOCKCEIL-01a0775793127c83afc22291325f5cb8-296,lock ceiling 296,,credit,f,f,"{""id"": ""01a07757-9312-7c83-afc2-228f677e2b72"", ""name"": ""lock ceiling 296"", ""metadata"": null, ""external_id"": null, ""normal_balance_type"": ""credit""}",active,2026-09-06 15:30:23.414343+00
01a07757-9312-7c83-afc2-22ae442b175d,LOCKCEIL-01a0775793127c83afc222b13d6c05d9-297,lock ceiling 297,,credit,f,f,"{""id"": ""01a07757-9312-7c83-afc2-22ae442b175d"", ""name"": ""lock ceiling 297"", ""metadata"": null, ""external_id"": null, ""normal_balance_type"": ""credit""}",active,2026-09-06 15:30:23.414343+00
01a07757-9312-7c83-afc2-22cb283098f5,LOCKCEIL-01a0775793127c83afc222d433b4ae4e-298,lock ceiling 298,,credit,f,f,"{""id"": ""01a07757-9312-7c83-afc2-22cb283098f5"", ""name"": ""lock ceiling 298"", ""metadata"": null, ""external_id"": null, ""normal_balance_type"": ""credit""}",active,2026-09-06 15:30:23.414343+00
01a07757-9312-7c83-afc2-22e444cbf132,LOCKCEIL-01a0775793127c83afc222f24c4b5720-299,lock ceiling 299,,credit,f,f,"{""id"": ""01a07757-9312-7c83-afc2-22e444cbf132"", ""name"": ""lock ceiling 299"", ""metadata"": null, ""external_id"": null, ""normal_balance_type"": ""credit""}",active,2026-09-06 15:30:23.414343+00
01a07757-9312-7c83-afc2-230df5f368f7,LOCKCEIL-01a0775793127c83afc22317797dbc5f-300,lock ceiling 300,,credit,f,f,"{""id"": ""01a07757-9312-7c83-afc2-230df5f368f7"", ""name"": ""lock ceiling 300"", ""metadata"": null, ""external_id"": null, ""normal_balance_type"": ""credit""}",active,2026-09-06 15:30:23.414343+00
01a07757-9312-7c83-afc2-23241b3fbad6,LOCKCEIL-01a0775793127c83afc2233b31766d7e-301,lock ceiling 301,,credit,f,f,"{""id"": ""01a07757-9312-7c83-afc2-23241b3fbad6"", ""name"": ""lock ceiling 301"", ""metadata"": null, ""external_id"": null, ""normal_balance_type"": ""credit""}",active,2026-09-06 15:30:23.414343+00
01a07757-9312-7c83-afc2-234d2c125cc3,LOCKCEIL-01a0775793127c83afc2235c7b874a0c-302,lock ceiling 302,,credit,f,f,"{""id"": ""01a07757-9312-7c83-afc2-234d2c125cc3"", ""name"": ""lock ceiling 302"", ""metadata"": null, ""external_id"": null, ""normal_balance_type"": ""credit""}",active,2026-09-06 15:30:23.414343+00
01a07757-9312-7c83-afc2-236b99c875e3,LOCKCEIL-01a0775793127c83afc22376fda606af-303,lock ceiling 303,,credit,f,f,"{""id"": ""01a07757-9312-7c83-afc2-236b99c875e3"", ""name"": ""lock ceiling 303"", ""metadata"": null, ""external_id"": null, ""normal_balance_type"": ""credit""}",active,2026-09-06 15:30:23.414343+00
01a07757-9312-7c83-afc2-238d1c444efe,LOCKCEIL-01a0775793127c83afc2239e4704e3fc-304,lock ceiling 304,,credit,f,f,"{""id"": ""01a07757-9312-7c83-afc2-238d1c444efe"", ""name"": ""lock ceiling 304"", ""metadata"": null, ""external_id"": null, ""normal_balance_type"": ""credit""}",active,2026-09-06 15:30:23.414343+00
01a07757-9312-7c83-afc2-23a36300cccd,LOCKCEIL-01a0775793127c83afc223b35ff490d1-305,lock ceiling 305,,credit,f,f,"{""id"": ""01a07757-9312-7c83-afc2-23a36300cccd"", ""name"": ""lock ceiling 305"", ""metadata"": null, ""external_id"": null, ""normal_balance_type"": ""credit""}",active,2026-09-06 15:30:23.414343+00
01a07757-9312-7c83-afc2-23cfb66f3d0c,LOCKCEIL-01a0775793127c83afc223db00b2b21f-306,lock ceiling 306,,credit,f,f,"{""id"": ""01a07757-9312-7c83-afc2-23cfb66f3d0c"", ""name"": ""lock ceiling 306"", ""metadata"": null, ""external_id"": null, ""normal_balance_type"": ""credit""}",active,2026-09-06 15:30:23.414343+00
01a07757-9312-7c83-afc2-23eea373bf4c,LOCKCEIL-01a0775793127c83afc223f1ac254eb2-307,lock ceiling 307,,credit,f,f,"{""id"": ""01a07757-9312-7c83-afc2-23eea373bf4c"", ""name"": ""lock ceiling 307"", ""metadata"": null, ""external_id"": null, ""normal_balance_type"": ""credit""}",active,2026-09-06 15:30:23.414343+00
01a07757-9312-7c83-afc2-240d997e7df0,LOCKCEIL-01a0775793127c83afc224137feefc71-308,lock ceiling 308,,credit,f,f,"{""id"": ""01a07757-9312-7c83-afc2-240d997e7df0"", ""name"": ""lock ceiling 308"", ""metadata"": null, ""external_id"": null, ""normal_balance_type"": ""credit""}",active,2026-09-06 15:30:23.414343+00
01a07757-9312-7c83-afc2-242d632bef61,LOCKCEIL-01a0775793127c83afc22434d3dda6cc-309,lock ceiling 309,,credit,f,f,"{""id"": ""01a07757-9312-7c83-afc2-242d632bef61"", ""name"": ""lock ceiling 309"", ""metadata"": null, ""external_id"": null, ""normal_balance_type"": ""credit""}",active,2026-09-06 15:30:23.414343+00
01a07757-9312-7c83-afc2-2445566160a8,LOCKCEIL-01a0775793127c83afc2245747efbbbf-310,lock ceiling 310,,credit,f,f,"{""id"": ""01a07757-9312-7c83-afc2-2445566160a8"", ""name"": ""lock ceiling 310"", ""metadata"": null, ""external_id"": null, ""normal_balance_type"": ""credit""}",active,2026-09-06 15:30:23.414343+00
01a07757-9312-7c83-afc2-24617fd157e5,LOCKCEIL-01a0775793127c83afc2247d16266cd9-311,lock ceiling 311,,credit,f,f,"{""id"": ""01a07757-9312-7c83-afc2-24617fd157e5"", ""name"": ""lock ceiling 311"", ""metadata"": null, ""external_id"": null, ""normal_balance_type"": ""credit""}",active,2026-09-06 15:30:23.414343+00
01a07757-9312-7c83-afc2-248311caf94f,LOCKCEIL-01a0775793127c83afc22498836f817b-312,lock ceiling 312,,credit,f,f,"{""id"": ""01a07757-9312-7c83-afc2-248311caf94f"", ""name"": ""lock ceiling 312"", ""metadata"": null, ""external_id"": null, ""normal_balance_type"": ""credit""}",active,2026-09-06 15:30:23.414343+00
01a07757-9312-7c83-afc2-24aae3684888,LOCKCEIL-01a0775793127c83afc224b7c51f3ebf-313,lock ceiling 313,,credit,f,f,"{""id"": ""01a07757-9312-7c83-afc2-24aae3684888"", ""name"": ""lock ceiling 313"", ""metadata"": null, ""external_id"": null, ""normal_balance_type"": ""credit""}",active,2026-09-06 15:30:23.414343+00
01a07757-9312-7c83-afc2-24ce6c992b5c,LOCKCEIL-01a0775793127c83afc224df18e0d154-314,lock ceiling 314,,credit,f,f,"{""id"": ""01a07757-9312-7c83-afc2-24ce6c992b5c"", ""name"": ""lock ceiling 314"", ""metadata"": null, ""external_id"": null, ""normal_balance_type"": ""credit""}",active,2026-09-06 15:30:23.414343+00
01a07757-9312-7c83-afc2-24ef141c7979,LOCKCEIL-01a0775793127c83afc224fc64077966-315,lock ceiling 315,,credit,f,f,"{""id"": ""01a07757-9312-7c83-afc2-24ef141c7979"", ""name"": ""lock ceiling 315"", ""metadata"": null, ""external_id"": null, ""normal_balance_type"": ""credit""}",active,2026-09-06 15:30:23.414343+00
01a07757-9312-7c83-afc2-250e7c4b04bd,LOCKCEIL-01a0775793127c83afc22512987df016-316,lock ceiling 316,,credit,f,f,"{""id"": ""01a07757-9312-7c83-afc2-250e7c4b04bd"", ""name"": ""lock ceiling 316"", ""metadata"": null, ""external_id"": null, ""normal_balance_type"": ""credit""}",active,2026-09-06 15:30:23.414343+00
01a07757-9312-7c83-afc2-2526854fc7ad,LOCKCEIL-01a0775793127c83afc22533a79c6132-317,lock ceiling 317,,credit,f,f,"{""id"": ""01a07757-9312-7c83-afc2-2526854fc7ad"", ""name"": ""lock ceiling 317"", ""metadata"": null, ""external_id"": null, ""normal_balance_type"": ""credit""}",active,2026-09-06 15:30:23.414343+00
01a07757-9312-7c83-afc2-254eab66b097,LOCKCEIL-01a0775793127c83afc22551a64fdc5f-318,lock ceiling 318,,credit,f,f,"{""id"": ""01a07757-9312-7c83-afc2-254eab66b097"", ""name"": ""lock ceiling 318"", ""metadata"": null, ""external_id"": null, ""normal_balance_type"": ""credit""}",active,2026-09-06 15:30:23.414343+00
01a07757-9312-7c83-afc2-2563eb43e521,LOCKCEIL-01a0775793127c83afc225793458ea3c-319,lock ceiling 319,,credit,f,f,"{""id"": ""01a07757-9312-7c83-afc2-2563eb43e521"", ""name"": ""lock ceiling 319"", ""metadata"": null, ""external_id"": null, ""normal_balance_type"": ""credit""}",active,2026-09-06 15:30:23.414343+00
01a07757-9312-7c83-afc2-25892b6b8e29,LOCKCEIL-01a0775793127c83afc22594ea6b5a0b-320,lock ceiling 320,,credit,f,f,"{""id"": ""01a07757-9312-7c83-afc2-25892b6b8e29"", ""name"": ""lock ceiling 320"", ""metadata"": null, ""external_id"": null, ""normal_balance_type"": ""credit""}",active,2026-09-06 15:30:23.414343+00
01a07757-9312-7c83-afc2-25add545ecfc,LOCKCEIL-01a0775793127c83afc225b605159f6f-321,lock ceiling 321,,credit,f,f,"{""id"": ""01a07757-9312-7c83-afc2-25add545ecfc"", ""name"": ""lock ceiling 321"", ""metadata"": null, ""external_id"": null, ""normal_balance_type"": ""credit""}",active,2026-09-06 15:30:23.414343+00
01a07757-9313-7b02-923e-7d75feb40755,LOCKCEIL-01a0775793137b02923e7d8b6337b691-322,lock ceiling 322,,credit,f,f,"{""id"": ""01a07757-9313-7b02-923e-7d75feb40755"", ""name"": ""lock ceiling 322"", ""metadata"": null, ""external_id"": null, ""normal_balance_type"": ""credit""}",active,2026-09-06 15:30:23.414343+00
01a07757-9313-7b02-923e-7d9ec2c3de4c,LOCKCEIL-01a0775793137b02923e7dad68a30c09-323,lock ceiling 323,,credit,f,f,"{""id"": ""01a07757-9313-7b02-923e-7d9ec2c3de4c"", ""name"": ""lock ceiling 323"", ""metadata"": null, ""external_id"": null, ""normal_balance_type"": ""credit""}",active,2026-09-06 15:30:23.414343+00
01a07757-9313-7b02-923e-7dba29a23850,LOCKCEIL-01a0775793137b02923e7dc85d394f5a-324,lock ceiling 324,,credit,f,f,"{""id"": ""01a07757-9313-7b02-923e-7dba29a23850"", ""name"": ""lock ceiling 324"", ""metadata"": null, ""external_id"": null, ""normal_balance_type"": ""credit""}",active,2026-09-06 15:30:23.414343+00
01a07757-9313-7b02-923e-7dd40d604e36,LOCKCEIL-01a0775793137b02923e7dec81be30d5-325,lock ceiling 325,,credit,f,f,"{""id"": ""01a07757-9313-7b02-923e-7dd40d604e36"", ""name"": ""lock ceiling 325"", ""metadata"": null, ""external_id"": null, ""normal_balance_type"": ""credit""}",active,2026-09-06 15:30:23.414343+00
01a07757-9313-7b02-923e-7df959865a35,LOCKCEIL-01a0775793137b02923e7e0994647837-326,lock ceiling 326,,credit,f,f,"{""id"": ""01a07757-9313-7b02-923e-7df959865a35"", ""name"": ""lock ceiling 326"", ""metadata"": null, ""external_id"": null, ""normal_balance_type"": ""credit""}",active,2026-09-06 15:30:23.414343+00
01a07757-9313-7b02-923e-7e1d5bb514cc,LOCKCEIL-01a0775793137b02923e7e2987b7242d-327,lock ceiling 327,,credit,f,f,"{""id"": ""01a07757-9313-7b02-923e-7e1d5bb514cc"", ""name"": ""lock ceiling 327"", ""metadata"": null, ""external_id"": null, ""normal_balance_type"": ""credit""}",active,2026-09-06 15:30:23.414343+00
01a07757-9313-7b02-923e-7e38958ec1ac,LOCKCEIL-01a0775793137b02923e7e4c1552ec81-328,lock ceiling 328,,credit,f,f,"{""id"": ""01a07757-9313-7b02-923e-7e38958ec1ac"", ""name"": ""lock ceiling 328"", ""metadata"": null, ""external_id"": null, ""normal_balance_type"": ""credit""}",active,2026-09-06 15:30:23.414343+00
01a07757-9313-7b02-923e-7e5bbedfb896,LOCKCEIL-01a0775793137b02923e7e62a567da89-329,lock ceiling 329,,credit,f,f,"{""id"": ""01a07757-9313-7b02-923e-7e5bbedfb896"", ""name"": ""lock ceiling 329"", ""metadata"": null, ""external_id"": null, ""normal_balance_type"": ""credit""}",active,2026-09-06 15:30:23.414343+00
01a07757-9313-7b02-923e-7e78d527dedf,LOCKCEIL-01a0775793137b02923e7e8b3371e729-330,lock ceiling 330,,credit,f,f,"{""id"": ""01a07757-9313-7b02-923e-7e78d527dedf"", ""name"": ""lock ceiling 330"", ""metadata"": null, ""external_id"": null, ""normal_balance_type"": ""credit""}",active,2026-09-06 15:30:23.414343+00
01a07757-9313-7b02-923e-7e928a8b5b03,LOCKCEIL-01a0775793137b02923e7ea6df2c6945-331,lock ceiling 331,,credit,f,f,"{""id"": ""01a07757-9313-7b02-923e-7e928a8b5b03"", ""name"": ""lock ceiling 331"", ""metadata"": null, ""external_id"": null, ""normal_balance_type"": ""credit""}",active,2026-09-06 15:30:23.414343+00
01a07757-9313-7b02-923e-7eb866425cba,LOCKCEIL-01a0775793137b02923e7eca59857f51-332,lock ceiling 332,,credit,f,f,"{""id"": ""01a07757-9313-7b02-923e-7eb866425cba"", ""name"": ""lock ceiling 332"", ""metadata"": null, ""external_id"": null, ""normal_balance_type"": ""credit""}",active,2026-09-06 15:30:23.414343+00
01a07757-9313-7b02-923e-7edcb0b7556b,LOCKCEIL-01a0775793137b02923e7ee704a156b7-333,lock ceiling 333,,credit,f,f,"{""id"": ""01a07757-9313-7b02-923e-7edcb0b7556b"", ""name"": ""lock ceiling 333"", ""metadata"": null, ""external_id"": null, ""normal_balance_type"": ""credit""}",active,2026-09-06 15:30:23.414343+00
01a07757-9313-7b02-923e-7ef14d500342,LOCKCEIL-01a0775793137b02923e7f06bfac4177-334,lock ceiling 334,,credit,f,f,"{""id"": ""01a07757-9313-7b02-923e-7ef14d500342"", ""name"": ""lock ceiling 334"", ""metadata"": null, ""external_id"": null, ""normal_balance_type"": ""credit""}",active,2026-09-06 15:30:23.414343+00
01a07757-9313-7b02-923e-7f1f4359bd11,LOCKCEIL-01a0775793137b02923e7f24ddc589c7-335,lock ceiling 335,,credit,f,f,"{""id"": ""01a07757-9313-7b02-923e-7f1f4359bd11"", ""name"": ""lock ceiling 335"", ""metadata"": null, ""external_id"": null, ""normal_balance_type"": ""credit""}",active,2026-09-06 15:30:23.414343+00
01a07757-9313-7b02-923e-7f384c7bc82f,LOCKCEIL-01a0775793137b02923e7f44eb46baf4-336,lock ceiling 336,,credit,f,f,"{""id"": ""01a07757-9313-7b02-923e-7f384c7bc82f"", ""name"": ""lock ceiling 336"", ""metadata"": null, ""external_id"": null, ""normal_balance_type"": ""credit""}",active,2026-09-06 15:30:23.414343+00
01a07757-9313-7b02-923e-7f5413e6ec4c,LOCKCEIL-01a0775793137b02923e7f6183d2a00b-337,lock ceiling 337,,credit,f,f,"{""id"": ""01a07757-9313-7b02-923e-7f5413e6ec4c"", ""name"": ""lock ceiling 337"", ""metadata"": null, ""external_id"": null, ""normal_balance_type"": ""credit""}",active,2026-09-06 15:30:23.414343+00
01a07757-9313-7b02-923e-7f75af5302a5,LOCKCEIL-01a0775793137b02923e7f86636ad2a0-338,lock ceiling 338,,credit,f,f,"{""id"": ""01a07757-9313-7b02-923e-7f75af5302a5"", ""name"": ""lock ceiling 338"", ""metadata"": null, ""external_id"": null, ""normal_balance_type"": ""credit""}",active,2026-09-06 15:30:23.414343+00
01a07757-9313-7b02-923e-7f92203f1f1f,LOCKCEIL-01a0775793137b02923e7fa58a3a4973-339,lock ceiling 339,,credit,f,f,"{""id"": ""01a07757-9313-7b02-923e-7f92203f1f1f"", ""name"": ""lock ceiling 339"", ""metadata"": null, ""external_id"": null, ""normal_balance_type"": ""credit""}",active,2026-09-06 15:30:23.414343+00
01a07757-9313-7b02-923e-7fb3aa0a0ca1,LOCKCEIL-01a0775793137b02923e7fcc0f77713f-340,lock ceiling 340,,credit,f,f,"{""id"": ""01a07757-9313-7b02-923e-7fb3aa0a0ca1"", ""name"": ""lock ceiling 340"", ""metadata"": null, ""external_id"": null, ""normal_balance_type"": ""credit""}",active,2026-09-06 15:30:23.414343+00
01a07757-9313-7b02-923e-7fd1af5515e0,LOCKCEIL-01a0775793137b02923e7fe1fbb9f220-341,lock ceiling 341,,credit,f,f,"{""id"": ""01a07757-9313-7b02-923e-7fd1af5515e0"", ""name"": ""lock ceiling 341"", ""metadata"": null, ""external_id"": null, ""normal_balance_type"": ""credit""}",active,2026-09-06 15:30:23.414343+00
01a07757-9313-7b02-923e-7ffd521bd145,LOCKCEIL-01a0775793137b02923e80015ff791bd-342,lock ceiling 342,,credit,f,f,"{""id"": ""01a07757-9313-7b02-923e-7ffd521bd145"", ""name"": ""lock ceiling 342"", ""metadata"": null, ""external_id"": null, ""normal_balance_type"": ""credit""}",active,2026-09-06 15:30:23.414343+00
01a07757-9313-7b02-923e-80170025ca9b,LOCKCEIL-01a0775793137b02923e80288f3c4536-343,lock ceiling 343,,credit,f,f,"{""id"": ""01a07757-9313-7b02-923e-80170025ca9b"", ""name"": ""lock ceiling 343"", ""metadata"": null, ""external_id"": null, ""normal_balance_type"": ""credit""}",active,2026-09-06 15:30:23.414343+00
01a07757-9313-7b02-923e-803320d1b99e,LOCKCEIL-01a0775793137b02923e80458cf11040-344,lock ceiling 344,,credit,f,f,"{""id"": ""01a07757-9313-7b02-923e-803320d1b99e"", ""name"": ""lock ceiling 344"", ""metadata"": null, ""external_id"": null, ""normal_balance_type"": ""credit""}",active,2026-09-06 15:30:23.414343+00
01a07757-9313-7b02-923e-8052a6a0e205,LOCKCEIL-01a0775793137b02923e8062bb185111-345,lock ceiling 345,,credit,f,f,"{""id"": ""01a07757-9313-7b02-923e-8052a6a0e205"", ""name"": ""lock ceiling 345"", ""metadata"": null, ""external_id"": null, ""normal_balance_type"": ""credit""}",active,2026-09-06 15:30:23.414343+00
01a07757-9313-7b02-923e-807a8a28b4ac,LOCKCEIL-01a0775793137b02923e8081ad9277b7-346,lock ceiling 346,,credit,f,f,"{""id"": ""01a07757-9313-7b02-923e-807a8a28b4ac"", ""name"": ""lock ceiling 346"", ""metadata"": null, ""external_id"": null, ""normal_balance_type"": ""credit""}",active,2026-09-06 15:30:23.414343+00
01a07757-9313-7b02-923e-809384f2fbef,LOCKCEIL-01a0775793137b02923e80a7138b99ae-347,lock ceiling 347,,credit,f,f,"{""id"": ""01a07757-9313-7b02-923e-809384f2fbef"", ""name"": ""lock ceiling 347"", ""metadata"": null, ""external_id"": null, ""normal_balance_type"": ""credit""}",active,2026-09-06 15:30:23.414343+00
01a07757-9313-7b02-923e-80b107581521,LOCKCEIL-01a0775793137b02923e80ca30a55a4f-348,lock ceiling 348,,credit,f,f,"{""id"": ""01a07757-9313-7b02-923e-80b107581521"", ""name"": ""lock ceiling 348"", ""metadata"": null, ""external_id"": null, ""normal_balance_type"": ""credit""}",active,2026-09-06 15:30:23.414343+00
01a07757-9313-7b02-923e-80dbaa31d072,LOCKCEIL-01a0775793137b02923e80ec52b845c0-349,lock ceiling 349,,credit,f,f,"{""id"": ""01a07757-9313-7b02-923e-80dbaa31d072"", ""name"": ""lock ceiling 349"", ""metadata"": null, ""external_id"": null, ""normal_balance_type"": ""credit""}",active,2026-09-06 15:30:23.414343+00
01a07757-9313-7b02-923e-80f595976aaf,LOCKCEIL-01a0775793137b02923e810c0f64a73d-350,lock ceiling 350,,credit,f,f,"{""id"": ""01a07757-9313-7b02-923e-80f595976aaf"", ""name"": ""lock ceiling 350"", ""metadata"": null, ""external_id"": null, ""normal_balance_type"": ""credit""}",active,2026-09-06 15:30:23.414343+00
01a07757-9313-7b02-923e-811b8508e6c1,LOCKCEIL-01a0775793137b02923e8123e0f3e88a-351,lock ceiling 351,,credit,f,f,"{""id"": ""01a07757-9313-7b02-923e-811b8508e6c1"", ""name"": ""lock ceiling 351"", ""metadata"": null, ""external_id"": null, ""normal_balance_type"": ""credit""}",active,2026-09-06 15:30:23.414343+00
01a07757-9313-7b02-923e-81361eaeacbe,LOCKCEIL-01a0775793137b02923e814c7338eefb-352,lock ceiling 352,,credit,f,f,"{""id"": ""01a07757-9313-7b02-923e-81361eaeacbe"", ""name"": ""lock ceiling 352"", ""metadata"": null, ""external_id"": null, ""normal_balance_type"": ""credit""}",active,2026-09-06 15:30:23.414343+00
01a07757-9313-7b02-923e-815acddd1d90,LOCKCEIL-01a0775793137b02923e81621fc8e4d0-353,lock ceiling 353,,credit,f,f,"{""id"": ""01a07757-9313-7b02-923e-815acddd1d90"", ""name"": ""lock ceiling 353"", ""metadata"": null, ""external_id"": null, ""normal_balance_type"": ""credit""}",active,2026-09-06 15:30:23.414343+00
01a07757-9313-7b02-923e-8171255651ab,LOCKCEIL-01a0775793137b02923e818e338a10e9-354,lock ceiling 354,,credit,f,f,"{""id"": ""01a07757-9313-7b02-923e-8171255651ab"", ""name"": ""lock ceiling 354"", ""metadata"": null, ""external_id"": null, ""normal_balance_type"": ""credit""}",active,2026-09-06 15:30:23.414343+00
01a07757-9313-7b02-923e-819c5669e6d6,LOCKCEIL-01a0775793137b02923e81ab3695c691-355,lock ceiling 355,,credit,f,f,"{""id"": ""01a07757-9313-7b02-923e-819c5669e6d6"", ""name"": ""lock ceiling 355"", ""metadata"": null, ""external_id"": null, ""normal_balance_type"": ""credit""}",active,2026-09-06 15:30:23.414343+00
01a07757-9313-7b02-923e-81b75e425159,LOCKCEIL-01a07757931c7ca19d6f30f8a8475fd4-356,lock ceiling 356,,credit,f,f,"{""id"": ""01a07757-9313-7b02-923e-81b75e425159"", ""name"": ""lock ceiling 356"", ""metadata"": null, ""external_id"": null, ""normal_balance_type"": ""credit""}",active,2026-09-06 15:30:23.414343+00
01a07757-931c-7ca1-9d6f-3107abf531b6,LOCKCEIL-01a07757931c7ca19d6f3114c66afd9f-357,lock ceiling 357,,credit,f,f,"{""id"": ""01a07757-931c-7ca1-9d6f-3107abf531b6"", ""name"": ""lock ceiling 357"", ""metadata"": null, ""external_id"": null, ""normal_balance_type"": ""credit""}",active,2026-09-06 15:30:23.414343+00
01a07757-931c-7ca1-9d6f-312706d6944e,LOCKCEIL-01a07757931c7ca19d6f3131157d621a-358,lock ceiling 358,,credit,f,f,"{""id"": ""01a07757-931c-7ca1-9d6f-312706d6944e"", ""name"": ""lock ceiling 358"", ""metadata"": null, ""external_id"": null, ""normal_balance_type"": ""credit""}",active,2026-09-06 15:30:23.414343+00
01a07757-931c-7ca1-9d6f-31416005945b,LOCKCEIL-01a07757931c7ca19d6f31554df6723b-359,lock ceiling 359,,credit,f,f,"{""id"": ""01a07757-931c-7ca1-9d6f-31416005945b"", ""name"": ""lock ceiling 359"", ""metadata"": null, ""external_id"": null, ""normal_balance_type"": ""credit""}",active,2026-09-06 15:30:23.414343+00
01a07757-931c-7ca1-9d6f-316f7c956a91,LOCKCEIL-01a07757931c7ca19d6f317e5af000bd-360,lock ceiling 360,,credit,f,f,"{""id"": ""01a07757-931c-7ca1-9d6f-316f7c956a91"", ""name"": ""lock ceiling 360"", ""metadata"": null, ""external_id"": null, ""normal_balance_type"": ""credit""}",active,2026-09-06 15:30:23.414343+00
01a07757-931c-7ca1-9d6f-318153cc61df,LOCKCEIL-01a07757931c7ca19d6f319c05db2934-361,lock ceiling 361,,credit,f,f,"{""id"": ""01a07757-931c-7ca1-9d6f-318153cc61df"", ""name"": ""lock ceiling 361"", ""metadata"": null, ""external_id"": null, ""normal_balance_type"": ""credit""}",active,2026-09-06 15:30:23.414343+00
01a07757-931c-7ca1-9d6f-31ac88ab00ff,LOCKCEIL-01a07757931c7ca19d6f31bf06743d50-362,lock ceiling 362,,credit,f,f,"{""id"": ""01a07757-931c-7ca1-9d6f-31ac88ab00ff"", ""name"": ""lock ceiling 362"", ""metadata"": null, ""external_id"": null, ""normal_balance_type"": ""credit""}",active,2026-09-06 15:30:23.414343+00
01a07757-931c-7ca1-9d6f-31cc53a5965a,LOCKCEIL-01a07757931c7ca19d6f31d9f9115606-363,lock ceiling 363,,credit,f,f,"{""id"": ""01a07757-931c-7ca1-9d6f-31cc53a5965a"", ""name"": ""lock ceiling 363"", ""metadata"": null, ""external_id"": null, ""normal_balance_type"": ""credit""}",active,2026-09-06 15:30:23.414343+00
01a07757-931c-7ca1-9d6f-31e77acd14f3,LOCKCEIL-01a07757931c7ca19d6f31f284afb864-364,lock ceiling 364,,credit,f,f,"{""id"": ""01a07757-931c-7ca1-9d6f-31e77acd14f3"", ""name"": ""lock ceiling 364"", ""metadata"": null, ""external_id"": null, ""normal_balance_type"": ""credit""}",active,2026-09-06 15:30:23.414343+00
01a07757-931c-7ca1-9d6f-32053e819309,LOCKCEIL-01a07757931c7ca19d6f321c1720a8ef-365,lock ceiling 365,,credit,f,f,"{""id"": ""01a07757-931c-7ca1-9d6f-32053e819309"", ""name"": ""lock ceiling 365"", ""metadata"": null, ""external_id"": null, ""normal_balance_type"": ""credit""}",active,2026-09-06 15:30:23.414343+00
01a07757-931c-7ca1-9d6f-32289ba1fd61,LOCKCEIL-01a07757931c7ca19d6f3237f97152b1-366,lock ceiling 366,,credit,f,f,"{""id"": ""01a07757-931c-7ca1-9d6f-32289ba1fd61"", ""name"": ""lock ceiling 366"", ""metadata"": null, ""external_id"": null, ""normal_balance_type"": ""credit""}",active,2026-09-06 15:30:23.414343+00
01a07757-931c-7ca1-9d6f-32438d20ab8b,LOCKCEIL-01a07757931c7ca19d6f3255a8b4039d-367,lock ceiling 367,,credit,f,f,"{""id"": ""01a07757-931c-7ca1-9d6f-32438d20ab8b"", ""name"": ""lock ceiling 367"", ""metadata"": null, ""external_id"": null, ""normal_balance_type"": ""credit""}",active,2026-09-06 15:30:23.414343+00
01a07757-931c-7ca1-9d6f-3262c517ca0e,LOCKCEIL-01a07757931c7ca19d6f327c0935743c-368,lock ceiling 368,,credit,f,f,"{""id"": ""01a07757-931c-7ca1-9d6f-3262c517ca0e"", ""name"": ""lock ceiling 368"", ""metadata"": null, ""external_id"": null, ""normal_balance_type"": ""credit""}",active,2026-09-06 15:30:23.414343+00
01a07757-931c-7ca1-9d6f-328948314fce,LOCKCEIL-01a07757931c7ca19d6f3296eba4c7d6-369,lock ceiling 369,,credit,f,f,"{""id"": ""01a07757-931c-7ca1-9d6f-328948314fce"", ""name"": ""lock ceiling 369"", ""metadata"": null, ""external_id"": null, ""normal_balance_type"": ""credit""}",active,2026-09-06 15:30:23.414343+00
01a07757-931c-7ca1-9d6f-32a0c0997d1f,LOCKCEIL-01a07757931c7ca19d6f32b6f131b5d3-370,lock ceiling 370,,credit,f,f,"{""id"": ""01a07757-931c-7ca1-9d6f-32a0c0997d1f"", ""name"": ""lock ceiling 370"", ""metadata"": null, ""external_id"": null, ""normal_balance_type"": ""credit""}",active,2026-09-06 15:30:23.414343+00
01a07757-931c-7ca1-9d6f-32cde009c3ec,LOCKCEIL-01a07757931c7ca19d6f32db5481b16b-371,lock ceiling 371,,credit,f,f,"{""id"": ""01a07757-931c-7ca1-9d6f-32cde009c3ec"", ""name"": ""lock ceiling 371"", ""metadata"": null, ""external_id"": null, ""normal_balance_type"": ""credit""}",active,2026-09-06 15:30:23.414343+00
01a07757-931c-7ca1-9d6f-32e2d863eb0f,LOCKCEIL-01a07757931c7ca19d6f32f601c955bc-372,lock ceiling 372,,credit,f,f,"{""id"": ""01a07757-931c-7ca1-9d6f-32e2d863eb0f"", ""name"": ""lock ceiling 372"", ""metadata"": null, ""external_id"": null, ""normal_balance_type"": ""credit""}",active,2026-09-06 15:30:23.414343+00
01a07757-931c-7ca1-9d6f-3303ae5226da,LOCKCEIL-01a07757931c7ca19d6f331c7fd00271-373,lock ceiling 373,,credit,f,f,"{""id"": ""01a07757-931c-7ca1-9d6f-3303ae5226da"", ""name"": ""lock ceiling 373"", ""metadata"": null, ""external_id"": null, ""normal_balance_type"": ""credit""}",active,2026-09-06 15:30:23.414343+00
01a07757-931c-7ca1-9d6f-332bed5d3760,LOCKCEIL-01a07757931c7ca19d6f3333be887eda-374,lock ceiling 374,,credit,f,f,"{""id"": ""01a07757-931c-7ca1-9d6f-332bed5d3760"", ""name"": ""lock ceiling 374"", ""metadata"": null, ""external_id"": null, ""normal_balance_type"": ""credit""}",active,2026-09-06 15:30:23.414343+00
01a07757-931c-7ca1-9d6f-33475ee3beb4,LOCKCEIL-01a07757931c7ca19d6f335e84a0df30-375,lock ceiling 375,,credit,f,f,"{""id"": ""01a07757-931c-7ca1-9d6f-33475ee3beb4"", ""name"": ""lock ceiling 375"", ""metadata"": null, ""external_id"": null, ""normal_balance_type"": ""credit""}",active,2026-09-06 15:30:23.414343+00
01a07757-931c-7ca1-9d6f-336a4f95a06c,LOCKCEIL-01a07757931c7ca19d6f337e912316bf-376,lock ceiling 376,,credit,f,f,"{""id"": ""01a07757-931c-7ca1-9d6f-336a4f95a06c"", ""name"": ""lock ceiling 376"", ""metadata"": null, ""external_id"": null, ""normal_balance_type"": ""credit""}",active,2026-09-06 15:30:23.414343+00
01a07757-931c-7ca1-9d6f-3383db13eb9e,LOCKCEIL-01a07757931c7ca19d6f3396797dda49-377,lock ceiling 377,,credit,f,f,"{""id"": ""01a07757-931c-7ca1-9d6f-3383db13eb9e"", ""name"": ""lock ceiling 377"", ""metadata"": null, ""external_id"": null, ""normal_balance_type"": ""credit""}",active,2026-09-06 15:30:23.414343+00
01a07757-931c-7ca1-9d6f-33a273ff8636,LOCKCEIL-01a07757931c7ca19d6f33b2f77136e5-378,lock ceiling 378,,credit,f,f,"{""id"": ""01a07757-931c-7ca1-9d6f-33a273ff8636"", ""name"": ""lock ceiling 378"", ""metadata"": null, ""external_id"": null, ""normal_balance_type"": ""credit""}",active,2026-09-06 15:30:23.414343+00
01a07757-931c-7ca1-9d6f-33cac9be95e5,LOCKCEIL-01a07757931c7ca19d6f33d1e54ff96c-379,lock ceiling 379,,credit,f,f,"{""id"": ""01a07757-931c-7ca1-9d6f-33cac9be95e5"", ""name"": ""lock ceiling 379"", ""metadata"": null, ""external_id"": null, ""normal_balance_type"": ""credit""}",active,2026-09-06 15:30:23.414343+00
01a07757-931c-7ca1-9d6f-33ef42913064,LOCKCEIL-01a07757931c7ca19d6f33f04ee29e44-380,lock ceiling 380,,credit,f,f,"{""id"": ""01a07757-931c-7ca1-9d6f-33ef42913064"", ""name"": ""lock ceiling 380"", ""metadata"": null, ""external_id"": null, ""normal_balance_type"": ""credit""}",active,2026-09-06 15:30:23.414343+00
01a07757-931c-7ca1-9d6f-340a1f7382c6,LOCKCEIL-01a07757931c7ca19d6f3415bb26c7d4-381,lock ceiling 381,,credit,f,f,"{""id"": ""01a07757-931c-7ca1-9d6f-340a1f7382c6"", ""name"": ""lock ceiling 381"", ""metadata"": null, ""external_id"": null, ""normal_balance_type"": ""credit""}",active,2026-09-06 15:30:23.414343+00
01a07757-931c-7ca1-9d6f-342d8fb1680a,LOCKCEIL-01a07757931c7ca19d6f3434a3d9257f-382,lock ceiling 382,,credit,f,f,"{""id"": ""01a07757-931c-7ca1-9d6f-342d8fb1680a"", ""name"": ""lock ceiling 382"", ""metadata"": null, ""external_id"": null, ""normal_balance_type"": ""credit""}",active,2026-09-06 15:30:23.414343+00
01a07757-931c-7ca1-9d6f-34401a1730e0,LOCKCEIL-01a07757931c7ca19d6f34579560bdf8-383,lock ceiling 383,,credit,f,f,"{""id"": ""01a07757-931c-7ca1-9d6f-34401a1730e0"", ""name"": ""lock ceiling 383"", ""metadata"": null, ""external_id"": null, ""normal_balance_type"": ""credit""}",active,2026-09-06 15:30:23.414343+00
01a07757-931c-7ca1-9d6f-346b4aea6344,LOCKCEIL-01a07757931c7ca19d6f347a6a38b3b6-384,lock ceiling 384,,credit,f,f,"{""id"": ""01a07757-931c-7ca1-9d6f-346b4aea6344"", ""name"": ""lock ceiling 384"", ""metadata"": null, ""external_id"": null, ""normal_balance_type"": ""credit""}",active,2026-09-06 15:30:23.414343+00
01a07757-931c-7ca1-9d6f-348aaf42df06,LOCKCEIL-01a07757931c7ca19d6f34929c371e7e-385,lock ceiling 385,,credit,f,f,"{""id"": ""01a07757-931c-7ca1-9d6f-348aaf42df06"", ""name"": ""lock ceiling 385"", ""metadata"": null, ""external_id"": null, ""normal_balance_type"": ""credit""}",active,2026-09-06 15:30:23.414343+00
01a07757-931c-7ca1-9d6f-34afa100ef83,LOCKCEIL-01a07757931c7ca19d6f34b2de4b36df-386,lock ceiling 386,,credit,f,f,"{""id"": ""01a07757-931c-7ca1-9d6f-34afa100ef83"", ""name"": ""lock ceiling 386"", ""metadata"": null, ""external_id"": null, ""normal_balance_type"": ""credit""}",active,2026-09-06 15:30:23.414343+00
01a07757-931c-7ca1-9d6f-34c85ae94f45,LOCKCEIL-01a07757931c7ca19d6f34dee9a144ad-387,lock ceiling 387,,credit,f,f,"{""id"": ""01a07757-931c-7ca1-9d6f-34c85ae94f45"", ""name"": ""lock ceiling 387"", ""metadata"": null, ""external_id"": null, ""normal_balance_type"": ""credit""}",active,2026-09-06 15:30:23.414343+00
01a07757-931c-7ca1-9d6f-34e4da83fe7e,LOCKCEIL-01a07757931c7ca19d6f34fbeb945a23-388,lock ceiling 388,,credit,f,f,"{""id"": ""01a07757-931c-7ca1-9d6f-34e4da83fe7e"", ""name"": ""lock ceiling 388"", ""metadata"": null, ""external_id"": null, ""normal_balance_type"": ""credit""}",active,2026-09-06 15:30:23.414343+00
01a07757-931c-7ca1-9d6f-3508ccd99dfc,LOCKCEIL-01a07757931c7ca19d6f35108ab66f56-389,lock ceiling 389,,credit,f,f,"{""id"": ""01a07757-931c-7ca1-9d6f-3508ccd99dfc"", ""name"": ""lock ceiling 389"", ""metadata"": null, ""external_id"": null, ""normal_balance_type"": ""credit""}",active,2026-09-06 15:30:23.414343+00
01a07757-931c-7ca1-9d6f-3524b6cd932a,LOCKCEIL-01a07757931c7ca19d6f35356e384156-390,lock ceiling 390,,credit,f,f,"{""id"": ""01a07757-931c-7ca1-9d6f-3524b6cd932a"", ""name"": ""lock ceiling 390"", ""metadata"": null, ""external_id"": null, ""normal_balance_type"": ""credit""}",active,2026-09-06 15:30:23.414343+00
01a07757-931c-7ca1-9d6f-354cd0036933,LOCKCEIL-01a07757931c7ca19d6f35561737bdc0-391,lock ceiling 391,,credit,f,f,"{""id"": ""01a07757-931c-7ca1-9d6f-354cd0036933"", ""name"": ""lock ceiling 391"", ""metadata"": null, ""external_id"": null, ""normal_balance_type"": ""credit""}",active,2026-09-06 15:30:23.414343+00
01a07757-931c-7ca1-9d6f-3566dc546093,LOCKCEIL-01a07757931c7ca19d6f3573bfdf0eb9-392,lock ceiling 392,,credit,f,f,"{""id"": ""01a07757-931c-7ca1-9d6f-3566dc546093"", ""name"": ""lock ceiling 392"", ""metadata"": null, ""external_id"": null, ""normal_balance_type"": ""credit""}",active,2026-09-06 15:30:23.414343+00
01a07757-931c-7ca1-9d6f-358c9f502ce8,LOCKCEIL-01a07757931c7ca19d6f3593665062f6-393,lock ceiling 393,,credit,f,f,"{""id"": ""01a07757-931c-7ca1-9d6f-358c9f502ce8"", ""name"": ""lock ceiling 393"", ""metadata"": null, ""external_id"": null, ""normal_balance_type"": ""credit""}",active,2026-09-06 15:30:23.414343+00
01a07757-931c-7ca1-9d6f-35acdaee2b65,LOCKCEIL-01a07757931c7ca19d6f35bac50488d4-394,lock ceiling 394,,credit,f,f,"{""id"": ""01a07757-931c-7ca1-9d6f-35acdaee2b65"", ""name"": ""lock ceiling 394"", ""metadata"": null, ""external_id"": null, ""normal_balance_type"": ""credit""}",active,2026-09-06 15:30:23.414343+00
01a07757-931c-7ca1-9d6f-35cf23c3583a,LOCKCEIL-01a07757931c7ca19d6f35d7c7cbef93-395,lock ceiling 395,,credit,f,f,"{""id"": ""01a07757-931c-7ca1-9d6f-35cf23c3583a"", ""name"": ""lock ceiling 395"", ""metadata"": null, ""external_id"": null, ""normal_balance_type"": ""credit""}",active,2026-09-06 15:30:23.414343+00
01a07757-931c-7ca1-9d6f-35ee3c7f2e22,LOCKCEIL-01a07757931c7ca19d6f35ffa2226732-396,lock ceiling 396,,credit,f,f,"{""id"": ""01a07757-931c-7ca1-9d6f-35ee3c7f2e22"", ""name"": ""lock ceiling 396"", ""metadata"": null, ""external_id"": null, ""normal_balance_type"": ""credit""}",active,2026-09-06 15:30:23.414343+00
01a07757-931c-7ca1-9d6f-360d48a700e6,LOCKCEIL-01a07757931c7ca19d6f36128ab06d9b-397,lock ceiling 397,,credit,f,f,"{""id"": ""01a07757-931c-7ca1-9d6f-360d48a700e6"", ""name"": ""lock ceiling 397"", ""metadata"": null, ""external_id"": null, ""normal_balance_type"": ""credit""}",active,2026-09-06 15:30:23.414343+00
01a07757-931c-7ca1-9d6f-362126b9bb54,LOCKCEIL-01a07757931c7ca19d6f36307c55b39d-398,lock ceiling 398,,credit,f,f,"{""id"": ""01a07757-931c-7ca1-9d6f-362126b9bb54"", ""name"": ""lock ceiling 398"", ""metadata"": null, ""external_id"": null, ""normal_balance_type"": ""credit""}",active,2026-09-06 15:30:23.414343+00
01a07757-931c-7ca1-9d6f-364ea849709a,LOCKCEIL-01a07757931c7ca19d6f365920f842fa-399,lock ceiling 399,,credit,f,f,"{""id"": ""01a07757-931c-7ca1-9d6f-364ea849709a"", ""name"": ""lock ceiling 399"", ""metadata"": null, ""external_id"": null, ""normal_balance_type"": ""credit""}",active,2026-09-06 15:30:23.414343+00
01a07757-931c-7ca1-9d6f-3660f137bd81,LOCKCEIL-01a07757931c7ca19d6f367eb564df02-400,lock ceiling 400,,credit,f,f,"{""id"": ""01a07757-931c-7ca1-9d6f-3660f137bd81"", ""name"": ""lock ceiling 400"", ""metadata"": null, ""external_id"": null, ""normal_balance_type"": ""credit""}",active,2026-09-06 15:30:23.414343+00
01a07757-931c-7ca1-9d6f-3689bd3e9173,LOCKCEIL-01a07757931c7ca19d6f369eadc6eb36-401,lock ceiling 401,,credit,f,f,"{""id"": ""01a07757-931c-7ca1-9d6f-3689bd3e9173"", ""name"": ""lock ceiling 401"", ""metadata"": null, ""external_id"": null, ""normal_balance_type"": ""credit""}",active,2026-09-06 15:30:23.414343+00
01a07757-931c-7ca1-9d6f-36a76c0c077d,LOCKCEIL-01a07757931c7ca19d6f36bcfc575d0e-402,lock ceiling 402,,credit,f,f,"{""id"": ""01a07757-931c-7ca1-9d6f-36a76c0c077d"", ""name"": ""lock ceiling 402"", ""metadata"": null, ""external_id"": null, ""normal_balance_type"": ""credit""}",active,2026-09-06 15:30:23.414343+00
01a07757-931c-7ca1-9d6f-36c2f732de94,LOCKCEIL-01a07757931c7ca19d6f36d8c12bf374-403,lock ceiling 403,,credit,f,f,"{""id"": ""01a07757-931c-7ca1-9d6f-36c2f732de94"", ""name"": ""lock ceiling 403"", ""metadata"": null, ""external_id"": null, ""normal_balance_type"": ""credit""}",active,2026-09-06 15:30:23.414343+00
01a07757-931c-7ca1-9d6f-36e6927d7e9c,LOCKCEIL-01a07757931c7ca19d6f36fe0177154e-404,lock ceiling 404,,credit,f,f,"{""id"": ""01a07757-931c-7ca1-9d6f-36e6927d7e9c"", ""name"": ""lock ceiling 404"", ""metadata"": null, ""external_id"": null, ""normal_balance_type"": ""credit""}",active,2026-09-06 15:30:23.414343+00
01a07757-931d-7ef2-883f-b152bc6fdbfe,LOCKCEIL-01a07757931d7ef2883fb16829a351a7-405,lock ceiling 405,,credit,f,f,"{""id"": ""01a07757-931d-7ef2-883f-b152bc6fdbfe"", ""name"": ""lock ceiling 405"", ""metadata"": null, ""external_id"": null, ""normal_balance_type"": ""credit""}",active,2026-09-06 15:30:23.414343+00
01a07757-931d-7ef2-883f-b176f268c6af,LOCKCEIL-01a07757931d7ef2883fb181c8722552-406,lock ceiling 406,,credit,f,f,"{""id"": ""01a07757-931d-7ef2-883f-b176f268c6af"", ""name"": ""lock ceiling 406"", ""metadata"": null, ""external_id"": null, ""normal_balance_type"": ""credit""}",active,2026-09-06 15:30:23.414343+00
01a07757-931d-7ef2-883f-b1990f56def2,LOCKCEIL-01a07757931d7ef2883fb1ad70f9b5a1-407,lock ceiling 407,,credit,f,f,"{""id"": ""01a07757-931d-7ef2-883f-b1990f56def2"", ""name"": ""lock ceiling 407"", ""metadata"": null, ""external_id"": null, ""normal_balance_type"": ""credit""}",active,2026-09-06 15:30:23.414343+00
01a07757-931d-7ef2-883f-b1b853b63bbd,LOCKCEIL-01a07757931d7ef2883fb1ca86eda0a4-408,lock ceiling 408,,credit,f,f,"{""id"": ""01a07757-931d-7ef2-883f-b1b853b63bbd"", ""name"": ""lock ceiling 408"", ""metadata"": null, ""external_id"": null, ""normal_balance_type"": ""credit""}",active,2026-09-06 15:30:23.414343+00
01a07757-931d-7ef2-883f-b1dcea44965e,LOCKCEIL-01a07757931d7ef2883fb1eed0c789fc-409,lock ceiling 409,,credit,f,f,"{""id"": ""01a07757-931d-7ef2-883f-b1dcea44965e"", ""name"": ""lock ceiling 409"", ""metadata"": null, ""external_id"": null, ""normal_balance_type"": ""credit""}",active,2026-09-06 15:30:23.414343+00
01a07757-931d-7ef2-883f-b1f0211fc21c,LOCKCEIL-01a07757931d7ef2883fb20f09813107-410,lock ceiling 410,,credit,f,f,"{""id"": ""01a07757-931d-7ef2-883f-b1f0211fc21c"", ""name"": ""lock ceiling 410"", ""metadata"": null, ""external_id"": null, ""normal_balance_type"": ""credit""}",active,2026-09-06 15:30:23.414343+00
01a07757-931d-7ef2-883f-b21f072ab5dd,LOCKCEIL-01a07757931d7ef2883fb22142f964f6-411,lock ceiling 411,,credit,f,f,"{""id"": ""01a07757-931d-7ef2-883f-b21f072ab5dd"", ""name"": ""lock ceiling 411"", ""metadata"": null, ""external_id"": null, ""normal_balance_type"": ""credit""}",active,2026-09-06 15:30:23.414343+00
01a07757-931d-7ef2-883f-b237334f29ca,LOCKCEIL-01a07757931d7ef2883fb2490e154a25-412,lock ceiling 412,,credit,f,f,"{""id"": ""01a07757-931d-7ef2-883f-b237334f29ca"", ""name"": ""lock ceiling 412"", ""metadata"": null, ""external_id"": null, ""normal_balance_type"": ""credit""}",active,2026-09-06 15:30:23.414343+00
01a07757-931d-7ef2-883f-b2579868e177,LOCKCEIL-01a07757931d7ef2883fb260d064f22d-413,lock ceiling 413,,credit,f,f,"{""id"": ""01a07757-931d-7ef2-883f-b2579868e177"", ""name"": ""lock ceiling 413"", ""metadata"": null, ""external_id"": null, ""normal_balance_type"": ""credit""}",active,2026-09-06 15:30:23.414343+00
01a07757-931d-7ef2-883f-b278a4a6751f,LOCKCEIL-01a07757931d7ef2883fb28aacdfe918-414,lock ceiling 414,,credit,f,f,"{""id"": ""01a07757-931d-7ef2-883f-b278a4a6751f"", ""name"": ""lock ceiling 414"", ""metadata"": null, ""external_id"": null, ""normal_balance_type"": ""credit""}",active,2026-09-06 15:30:23.414343+00
01a07757-931d-7ef2-883f-b29356605a70,LOCKCEIL-01a07757931d7ef2883fb2abb7f1ba82-415,lock ceiling 415,,credit,f,f,"{""id"": ""01a07757-931d-7ef2-883f-b29356605a70"", ""name"": ""lock ceiling 415"", ""metadata"": null, ""external_id"": null, ""normal_balance_type"": ""credit""}",active,2026-09-06 15:30:23.414343+00
01a07757-931d-7ef2-883f-b2b0979ae10f,LOCKCEIL-01a07757931d7ef2883fb2c79aaeb81d-416,lock ceiling 416,,credit,f,f,"{""id"": ""01a07757-931d-7ef2-883f-b2b0979ae10f"", ""name"": ""lock ceiling 416"", ""metadata"": null, ""external_id"": null, ""normal_balance_type"": ""credit""}",active,2026-09-06 15:30:23.414343+00
01a07757-931d-7ef2-883f-b2d2df45025b,LOCKCEIL-01a07757931d7ef2883fb2e2c2724313-417,lock ceiling 417,,credit,f,f,"{""id"": ""01a07757-931d-7ef2-883f-b2d2df45025b"", ""name"": ""lock ceiling 417"", ""metadata"": null, ""external_id"": null, ""normal_balance_type"": ""credit""}",active,2026-09-06 15:30:23.414343+00
01a07757-931d-7ef2-883f-b2f07e5231f3,LOCKCEIL-01a07757931d7ef2883fb30603b537ce-418,lock ceiling 418,,credit,f,f,"{""id"": ""01a07757-931d-7ef2-883f-b2f07e5231f3"", ""name"": ""lock ceiling 418"", ""metadata"": null, ""external_id"": null, ""normal_balance_type"": ""credit""}",active,2026-09-06 15:30:23.414343+00
01a07757-931d-7ef2-883f-b314416f980f,LOCKCEIL-01a07757931d7ef2883fb32d16e85006-419,lock ceiling 419,,credit,f,f,"{""id"": ""01a07757-931d-7ef2-883f-b314416f980f"", ""name"": ""lock ceiling 419"", ""metadata"": null, ""external_id"": null, ""normal_balance_type"": ""credit""}",active,2026-09-06 15:30:23.414343+00
01a07757-931d-7ef2-883f-b33857f0f452,LOCKCEIL-01a07757931d7ef2883fb3445f988467-420,lock ceiling 420,,credit,f,f,"{""id"": ""01a07757-931d-7ef2-883f-b33857f0f452"", ""name"": ""lock ceiling 420"", ""metadata"": null, ""external_id"": null, ""normal_balance_type"": ""credit""}",active,2026-09-06 15:30:23.414343+00
01a07757-931d-7ef2-883f-b359fb53434d,LOCKCEIL-01a07757931d7ef2883fb364eb355b0d-421,lock ceiling 421,,credit,f,f,"{""id"": ""01a07757-931d-7ef2-883f-b359fb53434d"", ""name"": ""lock ceiling 421"", ""metadata"": null, ""external_id"": null, ""normal_balance_type"": ""credit""}",active,2026-09-06 15:30:23.414343+00
01a07757-931d-7ef2-883f-b37a51a26db2,LOCKCEIL-01a07757931d7ef2883fb38a42985375-422,lock ceiling 422,,credit,f,f,"{""id"": ""01a07757-931d-7ef2-883f-b37a51a26db2"", ""name"": ""lock ceiling 422"", ""metadata"": null, ""external_id"": null, ""normal_balance_type"": ""credit""}",active,2026-09-06 15:30:23.414343+00
01a07757-931d-7ef2-883f-b39b3a3f9c87,LOCKCEIL-01a07757931d7ef2883fb3a4fadcf79c-423,lock ceiling 423,,credit,f,f,"{""id"": ""01a07757-931d-7ef2-883f-b39b3a3f9c87"", ""name"": ""lock ceiling 423"", ""metadata"": null, ""external_id"": null, ""normal_balance_type"": ""credit""}",active,2026-09-06 15:30:23.414343+00
01a07757-931d-7ef2-883f-b3b0f116e650,LOCKCEIL-01a07757931d7ef2883fb3c008a29c80-424,lock ceiling 424,,credit,f,f,"{""id"": ""01a07757-931d-7ef2-883f-b3b0f116e650"", ""name"": ""lock ceiling 424"", ""metadata"": null, ""external_id"": null, ""normal_balance_type"": ""credit""}",active,2026-09-06 15:30:23.414343+00
01a07757-931d-7ef2-883f-b3dc718378fb,LOCKCEIL-01a07757931d7ef2883fb3eade5eed6f-425,lock ceiling 425,,credit,f,f,"{""id"": ""01a07757-931d-7ef2-883f-b3dc718378fb"", ""name"": ""lock ceiling 425"", ""metadata"": null, ""external_id"": null, ""normal_balance_type"": ""credit""}",active,2026-09-06 15:30:23.414343+00
01a07757-931d-7ef2-883f-b3fbb5bfdb7e,LOCKCEIL-01a07757931d7ef2883fb40336d41859-426,lock ceiling 426,,credit,f,f,"{""id"": ""01a07757-931d-7ef2-883f-b3fbb5bfdb7e"", ""name"": ""lock ceiling 426"", ""metadata"": null, ""external_id"": null, ""normal_balance_type"": ""credit""}",active,2026-09-06 15:30:23.414343+00
01a07757-931d-7ef2-883f-b41478d4173e,LOCKCEIL-01a07757931d7ef2883fb42f57ee1964-427,lock ceiling 427,,credit,f,f,"{""id"": ""01a07757-931d-7ef2-883f-b41478d4173e"", ""name"": ""lock ceiling 427"", ""metadata"": null, ""external_id"": null, ""normal_balance_type"": ""credit""}",active,2026-09-06 15:30:23.414343+00
01a07757-931d-7ef2-883f-b4377b7dfece,LOCKCEIL-01a07757931d7ef2883fb4427fd3cae2-428,lock ceiling 428,,credit,f,f,"{""id"": ""01a07757-931d-7ef2-883f-b4377b7dfece"", ""name"": ""lock ceiling 428"", ""metadata"": null, ""external_id"": null, ""normal_balance_type"": ""credit""}",active,2026-09-06 15:30:23.414343+00
01a07757-931d-7ef2-883f-b45d2fc66489,LOCKCEIL-01a07757931d7ef2883fb46bf99deeaa-429,lock ceiling 429,,credit,f,f,"{""id"": ""01a07757-931d-7ef2-883f-b45d2fc66489"", ""name"": ""lock ceiling 429"", ""metadata"": null, ""external_id"": null, ""normal_balance_type"": ""credit""}",active,2026-09-06 15:30:23.414343+00
01a07757-931d-7ef2-883f-b4791d9530cc,LOCKCEIL-01a07757931d7ef2883fb48a98d5e379-430,lock ceiling 430,,credit,f,f,"{""id"": ""01a07757-931d-7ef2-883f-b4791d9530cc"", ""name"": ""lock ceiling 430"", ""metadata"": null, ""external_id"": null, ""normal_balance_type"": ""credit""}",active,2026-09-06 15:30:23.414343+00
01a07757-931e-7f31-85a6-7a99f807a2ca,LOCKCEIL-01a07757931e7f3185a67aab1ae4a213-431,lock ceiling 431,,credit,f,f,"{""id"": ""01a07757-931e-7f31-85a6-7a99f807a2ca"", ""name"": ""lock ceiling 431"", ""metadata"": null, ""external_id"": null, ""normal_balance_type"": ""credit""}",active,2026-09-06 15:30:23.414343+00
01a07757-931e-7f31-85a6-7ab994ba5d16,LOCKCEIL-01a07757931e7f3185a67acb18c76242-432,lock ceiling 432,,credit,f,f,"{""id"": ""01a07757-931e-7f31-85a6-7ab994ba5d16"", ""name"": ""lock ceiling 432"", ""metadata"": null, ""external_id"": null, ""normal_balance_type"": ""credit""}",active,2026-09-06 15:30:23.414343+00
01a07757-931e-7f31-85a6-7adf4a00a449,LOCKCEIL-01a07757931e7f3185a67ae17206c51e-433,lock ceiling 433,,credit,f,f,"{""id"": ""01a07757-931e-7f31-85a6-7adf4a00a449"", ""name"": ""lock ceiling 433"", ""metadata"": null, ""external_id"": null, ""normal_balance_type"": ""credit""}",active,2026-09-06 15:30:23.414343+00
01a07757-931e-7f31-85a6-7afb880d50ea,LOCKCEIL-01a07757931e7f3185a67b0a4420a6a6-434,lock ceiling 434,,credit,f,f,"{""id"": ""01a07757-931e-7f31-85a6-7afb880d50ea"", ""name"": ""lock ceiling 434"", ""metadata"": null, ""external_id"": null, ""normal_balance_type"": ""credit""}",active,2026-09-06 15:30:23.414343+00
01a07757-931e-7f31-85a6-7b1487ede237,LOCKCEIL-01a07757931e7f3185a67b2312e617f9-435,lock ceiling 435,,credit,f,f,"{""id"": ""01a07757-931e-7f31-85a6-7b1487ede237"", ""name"": ""lock ceiling 435"", ""metadata"": null, ""external_id"": null, ""normal_balance_type"": ""credit""}",active,2026-09-06 15:30:23.414343+00
01a07757-931e-7f31-85a6-7b3a534208f5,LOCKCEIL-01a07757931e7f3185a67b447722b15a-436,lock ceiling 436,,credit,f,f,"{""id"": ""01a07757-931e-7f31-85a6-7b3a534208f5"", ""name"": ""lock ceiling 436"", ""metadata"": null, ""external_id"": null, ""normal_balance_type"": ""credit""}",active,2026-09-06 15:30:23.414343+00
01a07757-931e-7f31-85a6-7b591b1bec36,LOCKCEIL-01a07757931e7f3185a67b66b683143c-437,lock ceiling 437,,credit,f,f,"{""id"": ""01a07757-931e-7f31-85a6-7b591b1bec36"", ""name"": ""lock ceiling 437"", ""metadata"": null, ""external_id"": null, ""normal_balance_type"": ""credit""}",active,2026-09-06 15:30:23.414343+00
01a07757-931e-7f31-85a6-7b7abcd47dc2,LOCKCEIL-01a07757931e7f3185a67b886213e03d-438,lock ceiling 438,,credit,f,f,"{""id"": ""01a07757-931e-7f31-85a6-7b7abcd47dc2"", ""name"": ""lock ceiling 438"", ""metadata"": null, ""external_id"": null, ""normal_balance_type"": ""credit""}",active,2026-09-06 15:30:23.414343+00
01a07757-931e-7f31-85a6-7b9944e0eb2b,LOCKCEIL-01a07757931e7f3185a67baaf1b6b46f-439,lock ceiling 439,,credit,f,f,"{""id"": ""01a07757-931e-7f31-85a6-7b9944e0eb2b"", ""name"": ""lock ceiling 439"", ""metadata"": null, ""external_id"": null, ""normal_balance_type"": ""credit""}",active,2026-09-06 15:30:23.414343+00
01a07757-931e-7f31-85a6-7bb36c055563,LOCKCEIL-01a07757931e7f3185a67bc60cd594e0-440,lock ceiling 440,,credit,f,f,"{""id"": ""01a07757-931e-7f31-85a6-7bb36c055563"", ""name"": ""lock ceiling 440"", ""metadata"": null, ""external_id"": null, ""normal_balance_type"": ""credit""}",active,2026-09-06 15:30:23.414343+00
01a07757-931e-7f31-85a6-7bd411094922,LOCKCEIL-01a07757931e7f3185a67be662d08dd3-441,lock ceiling 441,,credit,f,f,"{""id"": ""01a07757-931e-7f31-85a6-7bd411094922"", ""name"": ""lock ceiling 441"", ""metadata"": null, ""external_id"": null, ""normal_balance_type"": ""credit""}",active,2026-09-06 15:30:23.414343+00
01a07757-931e-7f31-85a6-7bf4dd6cdf19,LOCKCEIL-01a07757931e7f3185a67c0cbf221bd6-442,lock ceiling 442,,credit,f,f,"{""id"": ""01a07757-931e-7f31-85a6-7bf4dd6cdf19"", ""name"": ""lock ceiling 442"", ""metadata"": null, ""external_id"": null, ""normal_balance_type"": ""credit""}",active,2026-09-06 15:30:23.414343+00
01a07757-931e-7f31-85a6-7c1138f53a9d,LOCKCEIL-01a07757931e7f3185a67c22868e0ae1-443,lock ceiling 443,,credit,f,f,"{""id"": ""01a07757-931e-7f31-85a6-7c1138f53a9d"", ""name"": ""lock ceiling 443"", ""metadata"": null, ""external_id"": null, ""normal_balance_type"": ""credit""}",active,2026-09-06 15:30:23.414343+00
01a07757-931e-7f31-85a6-7c3d62a2bc22,LOCKCEIL-01a07757931e7f3185a67c4787e8041b-444,lock ceiling 444,,credit,f,f,"{""id"": ""01a07757-931e-7f31-85a6-7c3d62a2bc22"", ""name"": ""lock ceiling 444"", ""metadata"": null, ""external_id"": null, ""normal_balance_type"": ""credit""}",active,2026-09-06 15:30:23.414343+00
01a07757-931e-7f31-85a6-7c53bd5150a1,LOCKCEIL-01a07757931e7f3185a67c653dffca36-445,lock ceiling 445,,credit,f,f,"{""id"": ""01a07757-931e-7f31-85a6-7c53bd5150a1"", ""name"": ""lock ceiling 445"", ""metadata"": null, ""external_id"": null, ""normal_balance_type"": ""credit""}",active,2026-09-06 15:30:23.414343+00
01a07757-931e-7f31-85a6-7c7241ecef3e,LOCKCEIL-01a07757931e7f3185a67c8eb8b38765-446,lock ceiling 446,,credit,f,f,"{""id"": ""01a07757-931e-7f31-85a6-7c7241ecef3e"", ""name"": ""lock ceiling 446"", ""metadata"": null, ""external_id"": null, ""normal_balance_type"": ""credit""}",active,2026-09-06 15:30:23.414343+00
01a07757-931e-7f31-85a6-7c9b9f23999d,LOCKCEIL-01a07757931e7f3185a67ca9ae221cfe-447,lock ceiling 447,,credit,f,f,"{""id"": ""01a07757-931e-7f31-85a6-7c9b9f23999d"", ""name"": ""lock ceiling 447"", ""metadata"": null, ""external_id"": null, ""normal_balance_type"": ""credit""}",active,2026-09-06 15:30:23.414343+00
01a07757-931e-7f31-85a6-7cbf18a4446b,LOCKCEIL-01a07757931f7852a7a09d89f3debbb1-448,lock ceiling 448,,credit,f,f,"{""id"": ""01a07757-931e-7f31-85a6-7cbf18a4446b"", ""name"": ""lock ceiling 448"", ""metadata"": null, ""external_id"": null, ""normal_balance_type"": ""credit""}",active,2026-09-06 15:30:23.414343+00
01a07757-931f-7852-a7a0-9d973019f77d,LOCKCEIL-01a07757931f7852a7a09dad32960c25-449,lock ceiling 449,,credit,f,f,"{""id"": ""01a07757-931f-7852-a7a0-9d973019f77d"", ""name"": ""lock ceiling 449"", ""metadata"": null, ""external_id"": null, ""normal_balance_type"": ""credit""}",active,2026-09-06 15:30:23.414343+00
01a07757-931f-7852-a7a0-9db0d2ad5083,LOCKCEIL-01a07757931f7852a7a09dc64c15fba8-450,lock ceiling 450,,credit,f,f,"{""id"": ""01a07757-931f-7852-a7a0-9db0d2ad5083"", ""name"": ""lock ceiling 450"", ""metadata"": null, ""external_id"": null, ""normal_balance_type"": ""credit""}",active,2026-09-06 15:30:23.414343+00
01a07757-931f-7852-a7a0-9dddb918cebc,LOCKCEIL-01a07757931f7852a7a09dec23a91ca4-451,lock ceiling 451,,credit,f,f,"{""id"": ""01a07757-931f-7852-a7a0-9dddb918cebc"", ""name"": ""lock ceiling 451"", ""metadata"": null, ""external_id"": null, ""normal_balance_type"": ""credit""}",active,2026-09-06 15:30:23.414343+00
01a07757-931f-7852-a7a0-9df02f8cb0b3,LOCKCEIL-01a07757931f7852a7a09e01bad49755-452,lock ceiling 452,,credit,f,f,"{""id"": ""01a07757-931f-7852-a7a0-9df02f8cb0b3"", ""name"": ""lock ceiling 452"", ""metadata"": null, ""external_id"": null, ""normal_balance_type"": ""credit""}",active,2026-09-06 15:30:23.414343+00
01a07757-931f-7852-a7a0-9e1affdd11f5,LOCKCEIL-01a07757931f7852a7a09e24ad20b555-453,lock ceiling 453,,credit,f,f,"{""id"": ""01a07757-931f-7852-a7a0-9e1affdd11f5"", ""name"": ""lock ceiling 453"", ""metadata"": null, ""external_id"": null, ""normal_balance_type"": ""credit""}",active,2026-09-06 15:30:23.414343+00
01a07757-931f-7852-a7a0-9e3bc7d18722,LOCKCEIL-01a07757931f7852a7a09e456409d090-454,lock ceiling 454,,credit,f,f,"{""id"": ""01a07757-931f-7852-a7a0-9e3bc7d18722"", ""name"": ""lock ceiling 454"", ""metadata"": null, ""external_id"": null, ""normal_balance_type"": ""credit""}",active,2026-09-06 15:30:23.414343+00
01a07757-931f-7852-a7a0-9e55989ea11e,LOCKCEIL-01a07757931f7852a7a09e6431d0c41d-455,lock ceiling 455,,credit,f,f,"{""id"": ""01a07757-931f-7852-a7a0-9e55989ea11e"", ""name"": ""lock ceiling 455"", ""metadata"": null, ""external_id"": null, ""normal_balance_type"": ""credit""}",active,2026-09-06 15:30:23.414343+00
01a07757-931f-7852-a7a0-9e75ac3daead,LOCKCEIL-01a07757931f7852a7a09e8f7256153f-456,lock ceiling 456,,credit,f,f,"{""id"": ""01a07757-931f-7852-a7a0-9e75ac3daead"", ""name"": ""lock ceiling 456"", ""metadata"": null, ""external_id"": null, ""normal_balance_type"": ""credit""}",active,2026-09-06 15:30:23.414343+00
01a07757-931f-7852-a7a0-9e9c01a6c94a,LOCKCEIL-01a07757931f7852a7a09ea49bf15e17-457,lock ceiling 457,,credit,f,f,"{""id"": ""01a07757-931f-7852-a7a0-9e9c01a6c94a"", ""name"": ""lock ceiling 457"", ""metadata"": null, ""external_id"": null, ""normal_balance_type"": ""credit""}",active,2026-09-06 15:30:23.414343+00
01a07757-931f-7852-a7a0-9eb1afa20cba,LOCKCEIL-01a07757931f7852a7a09ecfeaa6d72a-458,lock ceiling 458,,credit,f,f,"{""id"": ""01a07757-931f-7852-a7a0-9eb1afa20cba"", ""name"": ""lock ceiling 458"", ""metadata"": null, ""external_id"": null, ""normal_balance_type"": ""credit""}",active,2026-09-06 15:30:23.414343+00
01a07757-931f-7852-a7a0-9ed924c5374b,LOCKCEIL-01a07757931f7852a7a09eeea78cf1f2-459,lock ceiling 459,,credit,f,f,"{""id"": ""01a07757-931f-7852-a7a0-9ed924c5374b"", ""name"": ""lock ceiling 459"", ""metadata"": null, ""external_id"": null, ""normal_balance_type"": ""credit""}",active,2026-09-06 15:30:23.414343+00
01a07757-931f-7852-a7a0-9efae6528c56,LOCKCEIL-01a07757931f7852a7a09f0ac99ee225-460,lock ceiling 460,,credit,f,f,"{""id"": ""01a07757-931f-7852-a7a0-9efae6528c56"", ""name"": ""lock ceiling 460"", ""metadata"": null, ""external_id"": null, ""normal_balance_type"": ""credit""}",active,2026-09-06 15:30:23.414343+00
01a07757-931f-7852-a7a0-9f10e8eec96c,LOCKCEIL-01a07757931f7852a7a09f2e1474110c-461,lock ceiling 461,,credit,f,f,"{""id"": ""01a07757-931f-7852-a7a0-9f10e8eec96c"", ""name"": ""lock ceiling 461"", ""metadata"": null, ""external_id"": null, ""normal_balance_type"": ""credit""}",active,2026-09-06 15:30:23.414343+00
01a07757-931f-7852-a7a0-9f32165caf12,LOCKCEIL-01a07757931f7852a7a09f4cc8a2d971-462,lock ceiling 462,,credit,f,f,"{""id"": ""01a07757-931f-7852-a7a0-9f32165caf12"", ""name"": ""lock ceiling 462"", ""metadata"": null, ""external_id"": null, ""normal_balance_type"": ""credit""}",active,2026-09-06 15:30:23.414343+00
01a07757-931f-7852-a7a0-9f5c2d9585fa,LOCKCEIL-01a07757931f7852a7a09f63a06766ca-463,lock ceiling 463,,credit,f,f,"{""id"": ""01a07757-931f-7852-a7a0-9f5c2d9585fa"", ""name"": ""lock ceiling 463"", ""metadata"": null, ""external_id"": null, ""normal_balance_type"": ""credit""}",active,2026-09-06 15:30:23.414343+00
01a07757-931f-7852-a7a0-9f779e322c90,LOCKCEIL-01a07757931f7852a7a09f8d490c8139-464,lock ceiling 464,,credit,f,f,"{""id"": ""01a07757-931f-7852-a7a0-9f779e322c90"", ""name"": ""lock ceiling 464"", ""metadata"": null, ""external_id"": null, ""normal_balance_type"": ""credit""}",active,2026-09-06 15:30:23.414343+00
01a07757-931f-7852-a7a0-9f9aba454f81,LOCKCEIL-01a07757931f7852a7a09fa04891e91c-465,lock ceiling 465,,credit,f,f,"{""id"": ""01a07757-931f-7852-a7a0-9f9aba454f81"", ""name"": ""lock ceiling 465"", ""metadata"": null, ""external_id"": null, ""normal_balance_type"": ""credit""}",active,2026-09-06 15:30:23.414343+00
01a07757-931f-7852-a7a0-9fbd9300e37b,LOCKCEIL-01a07757931f7852a7a09fc8497f9d6f-466,lock ceiling 466,,credit,f,f,"{""id"": ""01a07757-931f-7852-a7a0-9fbd9300e37b"", ""name"": ""lock ceiling 466"", ""metadata"": null, ""external_id"": null, ""normal_balance_type"": ""credit""}",active,2026-09-06 15:30:23.414343+00
01a07757-931f-7852-a7a0-9fd59927585d,LOCKCEIL-01a07757931f7852a7a09fe246dc0eeb-467,lock ceiling 467,,credit,f,f,"{""id"": ""01a07757-931f-7852-a7a0-9fd59927585d"", ""name"": ""lock ceiling 467"", ""metadata"": null, ""external_id"": null, ""normal_balance_type"": ""credit""}",active,2026-09-06 15:30:23.414343+00
01a07757-931f-7852-a7a0-9ffc716fed59,LOCKCEIL-01a07757931f7852a7a0a00598adec05-468,lock ceiling 468,,credit,f,f,"{""id"": ""01a07757-931f-7852-a7a0-9ffc716fed59"", ""name"": ""lock ceiling 468"", ""metadata"": null, ""external_id"": null, ""normal_balance_type"": ""credit""}",active,2026-09-06 15:30:23.414343+00
01a07757-931f-7852-a7a0-a011be0d0be7,LOCKCEIL-01a07757931f7852a7a0a025fd2916f1-469,lock ceiling 469,,credit,f,f,"{""id"": ""01a07757-931f-7852-a7a0-a011be0d0be7"", ""name"": ""lock ceiling 469"", ""metadata"": null, ""external_id"": null, ""normal_balance_type"": ""credit""}",active,2026-09-06 15:30:23.414343+00
01a07757-931f-7852-a7a0-a03be359d76d,LOCKCEIL-01a07757931f7852a7a0a042a124dddf-470,lock ceiling 470,,credit,f,f,"{""id"": ""01a07757-931f-7852-a7a0-a03be359d76d"", ""name"": ""lock ceiling 470"", ""metadata"": null, ""external_id"": null, ""normal_balance_type"": ""credit""}",active,2026-09-06 15:30:23.414343+00
01a07757-931f-7852-a7a0-a0515efd6b79,LOCKCEIL-01a07757931f7852a7a0a06c2e7071a7-471,lock ceiling 471,,credit,f,f,"{""id"": ""01a07757-931f-7852-a7a0-a0515efd6b79"", ""name"": ""lock ceiling 471"", ""metadata"": null, ""external_id"": null, ""normal_balance_type"": ""credit""}",active,2026-09-06 15:30:23.414343+00
01a07757-931f-7852-a7a0-a07404373ab6,LOCKCEIL-01a07757931f7852a7a0a089418d3ff6-472,lock ceiling 472,,credit,f,f,"{""id"": ""01a07757-931f-7852-a7a0-a07404373ab6"", ""name"": ""lock ceiling 472"", ""metadata"": null, ""external_id"": null, ""normal_balance_type"": ""credit""}",active,2026-09-06 15:30:23.414343+00
01a07757-931f-7852-a7a0-a0921462e291,LOCKCEIL-01a07757931f7852a7a0a0af21ac41c8-473,lock ceiling 473,,credit,f,f,"{""id"": ""01a07757-931f-7852-a7a0-a0921462e291"", ""name"": ""lock ceiling 473"", ""metadata"": null, ""external_id"": null, ""normal_balance_type"": ""credit""}",active,2026-09-06 15:30:23.414343+00
01a07757-931f-7852-a7a0-a0bd5b1ac043,LOCKCEIL-01a07757931f7852a7a0a0cd8560ee43-474,lock ceiling 474,,credit,f,f,"{""id"": ""01a07757-931f-7852-a7a0-a0bd5b1ac043"", ""name"": ""lock ceiling 474"", ""metadata"": null, ""external_id"": null, ""normal_balance_type"": ""credit""}",active,2026-09-06 15:30:23.414343+00
01a07757-931f-7852-a7a0-a0d7e73f76d9,LOCKCEIL-01a07757931f7852a7a0a0ecfbf56c98-475,lock ceiling 475,,credit,f,f,"{""id"": ""01a07757-931f-7852-a7a0-a0d7e73f76d9"", ""name"": ""lock ceiling 475"", ""metadata"": null, ""external_id"": null, ""normal_balance_type"": ""credit""}",active,2026-09-06 15:30:23.414343+00
01a07757-931f-7852-a7a0-a0f0c39cc2c4,LOCKCEIL-01a07757931f7852a7a0a10c923d1ebd-476,lock ceiling 476,,credit,f,f,"{""id"": ""01a07757-931f-7852-a7a0-a0f0c39cc2c4"", ""name"": ""lock ceiling 476"", ""metadata"": null, ""external_id"": null, ""normal_balance_type"": ""credit""}",active,2026-09-06 15:30:23.414343+00
01a07757-931f-7852-a7a0-a1116b317c0d,LOCKCEIL-01a07757931f7852a7a0a128e8201217-477,lock ceiling 477,,credit,f,f,"{""id"": ""01a07757-931f-7852-a7a0-a1116b317c0d"", ""name"": ""lock ceiling 477"", ""metadata"": null, ""external_id"": null, ""normal_balance_type"": ""credit""}",active,2026-09-06 15:30:23.414343+00
01a07757-931f-7852-a7a0-a132d42d661c,LOCKCEIL-01a07757931f7852a7a0a14665e693e4-478,lock ceiling 478,,credit,f,f,"{""id"": ""01a07757-931f-7852-a7a0-a132d42d661c"", ""name"": ""lock ceiling 478"", ""metadata"": null, ""external_id"": null, ""normal_balance_type"": ""credit""}",active,2026-09-06 15:30:23.414343+00
01a07757-931f-7852-a7a0-a159ce2d4698,LOCKCEIL-01a07757931f7852a7a0a16c316ab54d-479,lock ceiling 479,,credit,f,f,"{""id"": ""01a07757-931f-7852-a7a0-a159ce2d4698"", ""name"": ""lock ceiling 479"", ""metadata"": null, ""external_id"": null, ""normal_balance_type"": ""credit""}",active,2026-09-06 15:30:23.414343+00
01a07757-931f-7852-a7a0-a17d0ef20ed4,LOCKCEIL-01a07757931f7852a7a0a180b6f83523-480,lock ceiling 480,,credit,f,f,"{""id"": ""01a07757-931f-7852-a7a0-a17d0ef20ed4"", ""name"": ""lock ceiling 480"", ""metadata"": null, ""external_id"": null, ""normal_balance_type"": ""credit""}",active,2026-09-06 15:30:23.414343+00
01a07757-931f-7852-a7a0-a1914a238078,LOCKCEIL-01a07757931f7852a7a0a1a16a22766f-481,lock ceiling 481,,credit,f,f,"{""id"": ""01a07757-931f-7852-a7a0-a1914a238078"", ""name"": ""lock ceiling 481"", ""metadata"": null, ""external_id"": null, ""normal_balance_type"": ""credit""}",active,2026-09-06 15:30:23.414343+00
01a07757-931f-7852-a7a0-a1b97fa6c31c,LOCKCEIL-01a07757931f7852a7a0a1c0c006286a-482,lock ceiling 482,,credit,f,f,"{""id"": ""01a07757-931f-7852-a7a0-a1b97fa6c31c"", ""name"": ""lock ceiling 482"", ""metadata"": null, ""external_id"": null, ""normal_balance_type"": ""credit""}",active,2026-09-06 15:30:23.414343+00
01a07757-931f-7852-a7a0-a1d20593b8fd,LOCKCEIL-01a07757931f7852a7a0a1eb47fa99b1-483,lock ceiling 483,,credit,f,f,"{""id"": ""01a07757-931f-7852-a7a0-a1d20593b8fd"", ""name"": ""lock ceiling 483"", ""metadata"": null, ""external_id"": null, ""normal_balance_type"": ""credit""}",active,2026-09-06 15:30:23.414343+00
01a07757-931f-7852-a7a0-a1f3a421f367,LOCKCEIL-01a07757931f7852a7a0a20193d49a1d-484,lock ceiling 484,,credit,f,f,"{""id"": ""01a07757-931f-7852-a7a0-a1f3a421f367"", ""name"": ""lock ceiling 484"", ""metadata"": null, ""external_id"": null, ""normal_balance_type"": ""credit""}",active,2026-09-06 15:30:23.414343+00
01a07757-931f-7852-a7a0-a21286c836a3,LOCKCEIL-01a07757931f7852a7a0a22299af4c9c-485,lock ceiling 485,,credit,f,f,"{""id"": ""01a07757-931f-7852-a7a0-a21286c836a3"", ""name"": ""lock ceiling 485"", ""metadata"": null, ""external_id"": null, ""normal_balance_type"": ""credit""}",active,2026-09-06 15:30:23.414343+00
01a07757-931f-7852-a7a0-a232c9a732de,LOCKCEIL-01a07757931f7852a7a0a246f99d8f04-486,lock ceiling 486,,credit,f,f,"{""id"": ""01a07757-931f-7852-a7a0-a232c9a732de"", ""name"": ""lock ceiling 486"", ""metadata"": null, ""external_id"": null, ""normal_balance_type"": ""credit""}",active,2026-09-06 15:30:23.414343+00
01a07757-931f-7852-a7a0-a252dbb54dd9,LOCKCEIL-01a07757931f7852a7a0a26fc76be1f2-487,lock ceiling 487,,credit,f,f,"{""id"": ""01a07757-931f-7852-a7a0-a252dbb54dd9"", ""name"": ""lock ceiling 487"", ""metadata"": null, ""external_id"": null, ""normal_balance_type"": ""credit""}",active,2026-09-06 15:30:23.414343+00
01a07757-931f-7852-a7a0-a278d49bf95b,LOCKCEIL-01a07757931f7852a7a0a28c1812e47a-488,lock ceiling 488,,credit,f,f,"{""id"": ""01a07757-931f-7852-a7a0-a278d49bf95b"", ""name"": ""lock ceiling 488"", ""metadata"": null, ""external_id"": null, ""normal_balance_type"": ""credit""}",active,2026-09-06 15:30:23.414343+00
01a07757-931f-7852-a7a0-a298c53db29e,LOCKCEIL-01a07757931f7852a7a0a2ad3f788d22-489,lock ceiling 489,,credit,f,f,"{""id"": ""01a07757-931f-7852-a7a0-a298c53db29e"", ""name"": ""lock ceiling 489"", ""metadata"": null, ""external_id"": null, ""normal_balance_type"": ""credit""}",active,2026-09-06 15:30:23.414343+00
01a07757-931f-7852-a7a0-a2b4ec9fb499,LOCKCEIL-01a07757931f7852a7a0a2c75a69e1d7-490,lock ceiling 490,,credit,f,f,"{""id"": ""01a07757-931f-7852-a7a0-a2b4ec9fb499"", ""name"": ""lock ceiling 490"", ""metadata"": null, ""external_id"": null, ""normal_balance_type"": ""credit""}",active,2026-09-06 15:30:23.414343+00
01a07757-931f-7852-a7a0-a2db6441d866,LOCKCEIL-01a07757931f7852a7a0a2e4bcfb94ad-491,lock ceiling 491,,credit,f,f,"{""id"": ""01a07757-931f-7852-a7a0-a2db6441d866"", ""name"": ""lock ceiling 491"", ""metadata"": null, ""external_id"": null, ""normal_balance_type"": ""credit""}",active,2026-09-06 15:30:23.414343+00
01a07757-931f-7852-a7a0-a2f5ef373ed1,LOCKCEIL-01a07757931f7852a7a0a30094f370d8-492,lock ceiling 492,,credit,f,f,"{""id"": ""01a07757-931f-7852-a7a0-a2f5ef373ed1"", ""name"": ""lock ceiling 492"", ""metadata"": null, ""external_id"": null, ""normal_balance_type"": ""credit""}",active,2026-09-06 15:30:23.414343+00
01a07757-931f-7852-a7a0-a31a14bd6975,LOCKCEIL-01a07757931f7852a7a0a32cab310466-493,lock ceiling 493,,credit,f,f,"{""id"": ""01a07757-931f-7852-a7a0-a31a14bd6975"", ""name"": ""lock ceiling 493"", ""metadata"": null, ""external_id"": null, ""normal_balance_type"": ""credit""}",active,2026-09-06 15:30:23.414343+00
01a07757-931f-7852-a7a0-a338a9df493e,LOCKCEIL-01a07757931f7852a7a0a342115ef7e8-494,lock ceiling 494,,credit,f,f,"{""id"": ""01a07757-931f-7852-a7a0-a338a9df493e"", ""name"": ""lock ceiling 494"", ""metadata"": null, ""external_id"": null, ""normal_balance_type"": ""credit""}",active,2026-09-06 15:30:23.414343+00
01a07757-931f-7852-a7a0-a35dc817742d,LOCKCEIL-01a07757931f7852a7a0a364e4675da8-495,lock ceiling 495,,credit,f,f,"{""id"": ""01a07757-931f-7852-a7a0-a35dc817742d"", ""name"": ""lock ceiling 495"", ""metadata"": null, ""external_id"": null, ""normal_balance_type"": ""credit""}",active,2026-09-06 15:30:23.414343+00
01a07757-931f-7852-a7a0-a37cdf9d2319,LOCKCEIL-01a07757931f7852a7a0a38564766a7e-496,lock ceiling 496,,credit,f,f,"{""id"": ""01a07757-931f-7852-a7a0-a37cdf9d2319"", ""name"": ""lock ceiling 496"", ""metadata"": null, ""external_id"": null, ""normal_balance_type"": ""credit""}",active,2026-09-06 15:30:23.414343+00
01a07757-931f-7852-a7a0-a391ab7db53a,LOCKCEIL-01a07757931f7852a7a0a3ab9b58034e-497,lock ceiling 497,,credit,f,f,"{""id"": ""01a07757-931f-7852-a7a0-a391ab7db53a"", ""name"": ""lock ceiling 497"", ""metadata"": null, ""external_id"": null, ""normal_balance_type"": ""credit""}",active,2026-09-06 15:30:23.414343+00
01a07757-931f-7852-a7a0-a3b00271e2ba,LOCKCEIL-01a07757931f7852a7a0a3c46039c907-498,lock ceiling 498,,credit,f,f,"{""id"": ""01a07757-931f-7852-a7a0-a3b00271e2ba"", ""name"": ""lock ceiling 498"", ""metadata"": null, ""external_id"": null, ""normal_balance_type"": ""credit""}",active,2026-09-06 15:30:23.414343+00
01a07757-931f-7852-a7a0-a3d3257ddd4e,LOCKCEIL-01a07757931f7852a7a0a3e49b246702-499,lock ceiling 499,,credit,f,f,"{""id"": ""01a07757-931f-7852-a7a0-a3d3257ddd4e"", ""name"": ""lock ceiling 499"", ""metadata"": null, ""external_id"": null, ""normal_balance_type"": ""credit""}",active,2026-09-06 15:30:23.414343+00
01a07757-931f-7852-a7a0-a3f71d3c3aa9,LOCKCEIL-01a07757931f7852a7a0a40424305f54-500,lock ceiling 500,,credit,f,f,"{""id"": ""01a07757-931f-7852-a7a0-a3f71d3c3aa9"", ""name"": ""lock ceiling 500"", ""metadata"": null, ""external_id"": null, ""normal_balance_type"": ""credit""}",active,2026-09-06 15:30:23.414343+00
01a07757-931f-7852-a7a0-a41a71284e5d,LOCKCEIL-01a07757931f7852a7a0a42cacb3d218-501,lock ceiling 501,,credit,f,f,"{""id"": ""01a07757-931f-7852-a7a0-a41a71284e5d"", ""name"": ""lock ceiling 501"", ""metadata"": null, ""external_id"": null, ""normal_balance_type"": ""credit""}",active,2026-09-06 15:30:23.414343+00
01a07757-931f-7852-a7a0-a43c9916b843,LOCKCEIL-01a07757931f7852a7a0a44b75ee95d3-502,lock ceiling 502,,credit,f,f,"{""id"": ""01a07757-931f-7852-a7a0-a43c9916b843"", ""name"": ""lock ceiling 502"", ""metadata"": null, ""external_id"": null, ""normal_balance_type"": ""credit""}",active,2026-09-06 15:30:23.414343+00
01a07757-931f-7852-a7a0-a4557db13905,LOCKCEIL-01a07757931f7852a7a0a46b6d559333-503,lock ceiling 503,,credit,f,f,"{""id"": ""01a07757-931f-7852-a7a0-a4557db13905"", ""name"": ""lock ceiling 503"", ""metadata"": null, ""external_id"": null, ""normal_balance_type"": ""credit""}",active,2026-09-06 15:30:23.414343+00
01a07757-931f-7852-a7a0-a475526bfff9,LOCKCEIL-01a07757931f7852a7a0a48706016f5d-504,lock ceiling 504,,credit,f,f,"{""id"": ""01a07757-931f-7852-a7a0-a475526bfff9"", ""name"": ""lock ceiling 504"", ""metadata"": null, ""external_id"": null, ""normal_balance_type"": ""credit""}",active,2026-09-06 15:30:23.414343+00
01a07757-931f-7852-a7a0-a494eb43cf9f,LOCKCEIL-01a07757931f7852a7a0a4abf70caab4-505,lock ceiling 505,,credit,f,f,"{""id"": ""01a07757-931f-7852-a7a0-a494eb43cf9f"", ""name"": ""lock ceiling 505"", ""metadata"": null, ""external_id"": null, ""normal_balance_type"": ""credit""}",active,2026-09-06 15:30:23.414343+00
01a07757-931f-7852-a7a0-a4b7a1439fd8,LOCKCEIL-01a07757931f7852a7a0a4c5cc36ad31-506,lock ceiling 506,,credit,f,f,"{""id"": ""01a07757-931f-7852-a7a0-a4b7a1439fd8"", ""name"": ""lock ceiling 506"", ""metadata"": null, ""external_id"": null, ""normal_balance_type"": ""credit""}",active,2026-09-06 15:30:23.414343+00
01a07757-931f-7852-a7a0-a4da11487e65,LOCKCEIL-01a07757931f7852a7a0a4e3c49eb736-507,lock ceiling 507,,credit,f,f,"{""id"": ""01a07757-931f-7852-a7a0-a4da11487e65"", ""name"": ""lock ceiling 507"", ""metadata"": null, ""external_id"": null, ""normal_balance_type"": ""credit""}",active,2026-09-06 15:30:23.414343+00
01a07757-9320-7450-bf66-11d540ffcada,LOCKCEIL-01a0775793207450bf6611e840d732f9-508,lock ceiling 508,,credit,f,f,"{""id"": ""01a07757-9320-7450-bf66-11d540ffcada"", ""name"": ""lock ceiling 508"", ""metadata"": null, ""external_id"": null, ""normal_balance_type"": ""credit""}",active,2026-09-06 15:30:23.414343+00
01a07757-9320-7450-bf66-11f1c61fd431,LOCKCEIL-01a0775793207450bf66120d5e32f019-509,lock ceiling 509,,credit,f,f,"{""id"": ""01a07757-9320-7450-bf66-11f1c61fd431"", ""name"": ""lock ceiling 509"", ""metadata"": null, ""external_id"": null, ""normal_balance_type"": ""credit""}",active,2026-09-06 15:30:23.414343+00
01a07757-9320-7450-bf66-12149c56ffb9,LOCKCEIL-01a0775793207450bf661226143dde51-510,lock ceiling 510,,credit,f,f,"{""id"": ""01a07757-9320-7450-bf66-12149c56ffb9"", ""name"": ""lock ceiling 510"", ""metadata"": null, ""external_id"": null, ""normal_balance_type"": ""credit""}",active,2026-09-06 15:30:23.414343+00
01a07757-9320-7450-bf66-123a2a163750,LOCKCEIL-01a0775793207450bf66124372760c33-511,lock ceiling 511,,credit,f,f,"{""id"": ""01a07757-9320-7450-bf66-123a2a163750"", ""name"": ""lock ceiling 511"", ""metadata"": null, ""external_id"": null, ""normal_balance_type"": ""credit""}",active,2026-09-06 15:30:23.414343+00
01a07757-9320-7450-bf66-1257311ce46b,LOCKCEIL-01a0775793207450bf661263230ae6e7-512,lock ceiling 512,,credit,f,f,"{""id"": ""01a07757-9320-7450-bf66-1257311ce46b"", ""name"": ""lock ceiling 512"", ""metadata"": null, ""external_id"": null, ""normal_balance_type"": ""credit""}",active,2026-09-06 15:30:23.414343+00
01a07757-9320-7450-bf66-12700aec9365,LOCKCEIL-01a0775793207450bf661282e3e1ea46-513,lock ceiling 513,,credit,f,f,"{""id"": ""01a07757-9320-7450-bf66-12700aec9365"", ""name"": ""lock ceiling 513"", ""metadata"": null, ""external_id"": null, ""normal_balance_type"": ""credit""}",active,2026-09-06 15:30:23.414343+00
01a07757-9320-7450-bf66-129356973b04,LOCKCEIL-01a0775793207450bf6612a061493815-514,lock ceiling 514,,credit,f,f,"{""id"": ""01a07757-9320-7450-bf66-129356973b04"", ""name"": ""lock ceiling 514"", ""metadata"": null, ""external_id"": null, ""normal_balance_type"": ""credit""}",active,2026-09-06 15:30:23.414343+00
01a07757-9320-7450-bf66-12b04b5b4ca8,LOCKCEIL-01a0775793207450bf6612c899914921-515,lock ceiling 515,,credit,f,f,"{""id"": ""01a07757-9320-7450-bf66-12b04b5b4ca8"", ""name"": ""lock ceiling 515"", ""metadata"": null, ""external_id"": null, ""normal_balance_type"": ""credit""}",active,2026-09-06 15:30:23.414343+00
01a07757-9320-7450-bf66-12d33b9f40d2,LOCKCEIL-01a0775793207450bf6612ec26fa8aae-516,lock ceiling 516,,credit,f,f,"{""id"": ""01a07757-9320-7450-bf66-12d33b9f40d2"", ""name"": ""lock ceiling 516"", ""metadata"": null, ""external_id"": null, ""normal_balance_type"": ""credit""}",active,2026-09-06 15:30:23.414343+00
01a07757-9320-7450-bf66-12f806ad85f9,LOCKCEIL-01a0775793207450bf661303a891ede7-517,lock ceiling 517,,credit,f,f,"{""id"": ""01a07757-9320-7450-bf66-12f806ad85f9"", ""name"": ""lock ceiling 517"", ""metadata"": null, ""external_id"": null, ""normal_balance_type"": ""credit""}",active,2026-09-06 15:30:23.414343+00
01a07757-9320-7450-bf66-1317aa3cee98,LOCKCEIL-01a0775793207450bf66132a835570c7-518,lock ceiling 518,,credit,f,f,"{""id"": ""01a07757-9320-7450-bf66-1317aa3cee98"", ""name"": ""lock ceiling 518"", ""metadata"": null, ""external_id"": null, ""normal_balance_type"": ""credit""}",active,2026-09-06 15:30:23.414343+00
01a07757-9320-7450-bf66-1338b110de8b,LOCKCEIL-01a0775793207450bf6613479b0ba8ec-519,lock ceiling 519,,credit,f,f,"{""id"": ""01a07757-9320-7450-bf66-1338b110de8b"", ""name"": ""lock ceiling 519"", ""metadata"": null, ""external_id"": null, ""normal_balance_type"": ""credit""}",active,2026-09-06 15:30:23.414343+00
01a07757-9320-7450-bf66-1359484cab4d,LOCKCEIL-01a0775793207450bf66136fa6e83381-520,lock ceiling 520,,credit,f,f,"{""id"": ""01a07757-9320-7450-bf66-1359484cab4d"", ""name"": ""lock ceiling 520"", ""metadata"": null, ""external_id"": null, ""normal_balance_type"": ""credit""}",active,2026-09-06 15:30:23.414343+00
01a07757-9320-7450-bf66-137845580739,LOCKCEIL-01a0775793207450bf6613843647fcef-521,lock ceiling 521,,credit,f,f,"{""id"": ""01a07757-9320-7450-bf66-137845580739"", ""name"": ""lock ceiling 521"", ""metadata"": null, ""external_id"": null, ""normal_balance_type"": ""credit""}",active,2026-09-06 15:30:23.414343+00
01a07757-9320-7450-bf66-139ee7891152,LOCKCEIL-01a0775793207450bf6613a626497afc-522,lock ceiling 522,,credit,f,f,"{""id"": ""01a07757-9320-7450-bf66-139ee7891152"", ""name"": ""lock ceiling 522"", ""metadata"": null, ""external_id"": null, ""normal_balance_type"": ""credit""}",active,2026-09-06 15:30:23.414343+00
01a07757-9320-7450-bf66-13b62bfbab1d,LOCKCEIL-01a0775793217ac38214c624c4814e02-523,lock ceiling 523,,credit,f,f,"{""id"": ""01a07757-9320-7450-bf66-13b62bfbab1d"", ""name"": ""lock ceiling 523"", ""metadata"": null, ""external_id"": null, ""normal_balance_type"": ""credit""}",active,2026-09-06 15:30:23.414343+00
01a07757-9321-7ac3-8214-c6396c1ca056,LOCKCEIL-01a0775793217ac38214c64424d85317-524,lock ceiling 524,,credit,f,f,"{""id"": ""01a07757-9321-7ac3-8214-c6396c1ca056"", ""name"": ""lock ceiling 524"", ""metadata"": null, ""external_id"": null, ""normal_balance_type"": ""credit""}",active,2026-09-06 15:30:23.414343+00
01a07757-9321-7ac3-8214-c6510155c6fd,LOCKCEIL-01a0775793217ac38214c66abe2ef77a-525,lock ceiling 525,,credit,f,f,"{""id"": ""01a07757-9321-7ac3-8214-c6510155c6fd"", ""name"": ""lock ceiling 525"", ""metadata"": null, ""external_id"": null, ""normal_balance_type"": ""credit""}",active,2026-09-06 15:30:23.414343+00
01a07757-9321-7ac3-8214-c67ccf945eb8,LOCKCEIL-01a0775793217ac38214c68ff3133eda-526,lock ceiling 526,,credit,f,f,"{""id"": ""01a07757-9321-7ac3-8214-c67ccf945eb8"", ""name"": ""lock ceiling 526"", ""metadata"": null, ""external_id"": null, ""normal_balance_type"": ""credit""}",active,2026-09-06 15:30:23.414343+00
01a07757-9321-7ac3-8214-c699a0c043a8,LOCKCEIL-01a0775793217ac38214c6a71fcbad8f-527,lock ceiling 527,,credit,f,f,"{""id"": ""01a07757-9321-7ac3-8214-c699a0c043a8"", ""name"": ""lock ceiling 527"", ""metadata"": null, ""external_id"": null, ""normal_balance_type"": ""credit""}",active,2026-09-06 15:30:23.414343+00
01a07757-9321-7ac3-8214-c6ba4fd34dd1,LOCKCEIL-01a0775793217ac38214c6c896f6e47e-528,lock ceiling 528,,credit,f,f,"{""id"": ""01a07757-9321-7ac3-8214-c6ba4fd34dd1"", ""name"": ""lock ceiling 528"", ""metadata"": null, ""external_id"": null, ""normal_balance_type"": ""credit""}",active,2026-09-06 15:30:23.414343+00
01a07757-9321-7ac3-8214-c6d3ee880af6,LOCKCEIL-01a0775793217ac38214c6e0def93233-529,lock ceiling 529,,credit,f,f,"{""id"": ""01a07757-9321-7ac3-8214-c6d3ee880af6"", ""name"": ""lock ceiling 529"", ""metadata"": null, ""external_id"": null, ""normal_balance_type"": ""credit""}",active,2026-09-06 15:30:23.414343+00
01a07757-9321-7ac3-8214-c6f4e798101c,LOCKCEIL-01a0775793217ac38214c70d97f26ca6-530,lock ceiling 530,,credit,f,f,"{""id"": ""01a07757-9321-7ac3-8214-c6f4e798101c"", ""name"": ""lock ceiling 530"", ""metadata"": null, ""external_id"": null, ""normal_balance_type"": ""credit""}",active,2026-09-06 15:30:23.414343+00
01a07757-9321-7ac3-8214-c71d4ec31e27,LOCKCEIL-01a0775793217ac38214c72e61e483f7-531,lock ceiling 531,,credit,f,f,"{""id"": ""01a07757-9321-7ac3-8214-c71d4ec31e27"", ""name"": ""lock ceiling 531"", ""metadata"": null, ""external_id"": null, ""normal_balance_type"": ""credit""}",active,2026-09-06 15:30:23.414343+00
01a07757-9321-7ac3-8214-c73804665465,LOCKCEIL-01a0775793217ac38214c743f5234fa2-532,lock ceiling 532,,credit,f,f,"{""id"": ""01a07757-9321-7ac3-8214-c73804665465"", ""name"": ""lock ceiling 532"", ""metadata"": null, ""external_id"": null, ""normal_balance_type"": ""credit""}",active,2026-09-06 15:30:23.414343+00
01a07757-9321-7ac3-8214-c7528fc7bc56,LOCKCEIL-01a0775793217ac38214c76cede96de8-533,lock ceiling 533,,credit,f,f,"{""id"": ""01a07757-9321-7ac3-8214-c7528fc7bc56"", ""name"": ""lock ceiling 533"", ""metadata"": null, ""external_id"": null, ""normal_balance_type"": ""credit""}",active,2026-09-06 15:30:23.414343+00
01a07757-9322-76d3-9eb1-d4be0e966009,LOCKCEIL-01a07757932276d39eb1d4c71688d0db-534,lock ceiling 534,,credit,f,f,"{""id"": ""01a07757-9322-76d3-9eb1-d4be0e966009"", ""name"": ""lock ceiling 534"", ""metadata"": null, ""external_id"": null, ""normal_balance_type"": ""credit""}",active,2026-09-06 15:30:23.414343+00
01a07757-9322-76d3-9eb1-d4dfbd8ddc98,LOCKCEIL-01a07757932276d39eb1d4e8df88fc09-535,lock ceiling 535,,credit,f,f,"{""id"": ""01a07757-9322-76d3-9eb1-d4dfbd8ddc98"", ""name"": ""lock ceiling 535"", ""metadata"": null, ""external_id"": null, ""normal_balance_type"": ""credit""}",active,2026-09-06 15:30:23.414343+00
01a07757-9322-76d3-9eb1-d4f0a5bf7a1e,LOCKCEIL-01a07757932276d39eb1d501924cafb0-536,lock ceiling 536,,credit,f,f,"{""id"": ""01a07757-9322-76d3-9eb1-d4f0a5bf7a1e"", ""name"": ""lock ceiling 536"", ""metadata"": null, ""external_id"": null, ""normal_balance_type"": ""credit""}",active,2026-09-06 15:30:23.414343+00
01a07757-9322-76d3-9eb1-d51ab3955c39,LOCKCEIL-01a07757932276d39eb1d52d67559f2e-537,lock ceiling 537,,credit,f,f,"{""id"": ""01a07757-9322-76d3-9eb1-d51ab3955c39"", ""name"": ""lock ceiling 537"", ""metadata"": null, ""external_id"": null, ""normal_balance_type"": ""credit""}",active,2026-09-06 15:30:23.414343+00
01a07757-9322-76d3-9eb1-d539a599abc6,LOCKCEIL-01a07757932276d39eb1d541a17e3ac4-538,lock ceiling 538,,credit,f,f,"{""id"": ""01a07757-9322-76d3-9eb1-d539a599abc6"", ""name"": ""lock ceiling 538"", ""metadata"": null, ""external_id"": null, ""normal_balance_type"": ""credit""}",active,2026-09-06 15:30:23.414343+00
01a07757-9322-76d3-9eb1-d55f054f8620,LOCKCEIL-01a07757932276d39eb1d56068c788f7-539,lock ceiling 539,,credit,f,f,"{""id"": ""01a07757-9322-76d3-9eb1-d55f054f8620"", ""name"": ""lock ceiling 539"", ""metadata"": null, ""external_id"": null, ""normal_balance_type"": ""credit""}",active,2026-09-06 15:30:23.414343+00
01a07757-9322-76d3-9eb1-d577bd18c85d,LOCKCEIL-01a07757932276d39eb1d58ed4610919-540,lock ceiling 540,,credit,f,f,"{""id"": ""01a07757-9322-76d3-9eb1-d577bd18c85d"", ""name"": ""lock ceiling 540"", ""metadata"": null, ""external_id"": null, ""normal_balance_type"": ""credit""}",active,2026-09-06 15:30:23.414343+00
01a07757-9322-76d3-9eb1-d5940a891306,LOCKCEIL-01a07757932276d39eb1d5a88e7114de-541,lock ceiling 541,,credit,f,f,"{""id"": ""01a07757-9322-76d3-9eb1-d5940a891306"", ""name"": ""lock ceiling 541"", ""metadata"": null, ""external_id"": null, ""normal_balance_type"": ""credit""}",active,2026-09-06 15:30:23.414343+00
01a07757-9324-7242-8d26-6040bbd3ae50,LOCKCEIL-01a07757932472428d26605b78ce54dd-542,lock ceiling 542,,credit,f,f,"{""id"": ""01a07757-9324-7242-8d26-6040bbd3ae50"", ""name"": ""lock ceiling 542"", ""metadata"": null, ""external_id"": null, ""normal_balance_type"": ""credit""}",active,2026-09-06 15:30:23.414343+00
01a07757-9324-7242-8d26-6069e169fff9,LOCKCEIL-01a07757932472428d2660791b84c3a7-543,lock ceiling 543,,credit,f,f,"{""id"": ""01a07757-9324-7242-8d26-6069e169fff9"", ""name"": ""lock ceiling 543"", ""metadata"": null, ""external_id"": null, ""normal_balance_type"": ""credit""}",active,2026-09-06 15:30:23.414343+00
01a07757-9324-7242-8d26-608027db0451,LOCKCEIL-01a07757932472428d266096ad5e6e6f-544,lock ceiling 544,,credit,f,f,"{""id"": ""01a07757-9324-7242-8d26-608027db0451"", ""name"": ""lock ceiling 544"", ""metadata"": null, ""external_id"": null, ""normal_balance_type"": ""credit""}",active,2026-09-06 15:30:23.414343+00
01a07757-9324-7242-8d26-60a929c9edef,LOCKCEIL-01a07757932472428d2660b589f2bbbc-545,lock ceiling 545,,credit,f,f,"{""id"": ""01a07757-9324-7242-8d26-60a929c9edef"", ""name"": ""lock ceiling 545"", ""metadata"": null, ""external_id"": null, ""normal_balance_type"": ""credit""}",active,2026-09-06 15:30:23.414343+00
01a07757-9324-7242-8d26-60c97d6341d1,LOCKCEIL-01a07757932472428d2660d9955f098b-546,lock ceiling 546,,credit,f,f,"{""id"": ""01a07757-9324-7242-8d26-60c97d6341d1"", ""name"": ""lock ceiling 546"", ""metadata"": null, ""external_id"": null, ""normal_balance_type"": ""credit""}",active,2026-09-06 15:30:23.414343+00
01a07757-9324-7242-8d26-60ef8d63f7f9,LOCKCEIL-01a07757932472428d2660f8fb97b804-547,lock ceiling 547,,credit,f,f,"{""id"": ""01a07757-9324-7242-8d26-60ef8d63f7f9"", ""name"": ""lock ceiling 547"", ""metadata"": null, ""external_id"": null, ""normal_balance_type"": ""credit""}",active,2026-09-06 15:30:23.414343+00
01a07757-9324-7242-8d26-61055b795de2,LOCKCEIL-01a07757932472428d26611e8e948500-548,lock ceiling 548,,credit,f,f,"{""id"": ""01a07757-9324-7242-8d26-61055b795de2"", ""name"": ""lock ceiling 548"", ""metadata"": null, ""external_id"": null, ""normal_balance_type"": ""credit""}",active,2026-09-06 15:30:23.414343+00
01a07757-9324-7242-8d26-6127dc6faac1,LOCKCEIL-01a07757932472428d26613c217ce15b-549,lock ceiling 549,,credit,f,f,"{""id"": ""01a07757-9324-7242-8d26-6127dc6faac1"", ""name"": ""lock ceiling 549"", ""metadata"": null, ""external_id"": null, ""normal_balance_type"": ""credit""}",active,2026-09-06 15:30:23.414343+00
01a07757-9324-7242-8d26-614f31b83a2e,LOCKCEIL-01a07757932472428d26615d06b5a085-550,lock ceiling 550,,credit,f,f,"{""id"": ""01a07757-9324-7242-8d26-614f31b83a2e"", ""name"": ""lock ceiling 550"", ""metadata"": null, ""external_id"": null, ""normal_balance_type"": ""credit""}",active,2026-09-06 15:30:23.414343+00
01a07757-9324-7242-8d26-616104161ee5,LOCKCEIL-01a07757932472428d2661780ab1122a-551,lock ceiling 551,,credit,f,f,"{""id"": ""01a07757-9324-7242-8d26-616104161ee5"", ""name"": ""lock ceiling 551"", ""metadata"": null, ""external_id"": null, ""normal_balance_type"": ""credit""}",active,2026-09-06 15:30:23.414343+00
01a07757-9324-7242-8d26-618ac5a66d70,LOCKCEIL-01a07757932472428d266194bdd47fff-552,lock ceiling 552,,credit,f,f,"{""id"": ""01a07757-9324-7242-8d26-618ac5a66d70"", ""name"": ""lock ceiling 552"", ""metadata"": null, ""external_id"": null, ""normal_balance_type"": ""credit""}",active,2026-09-06 15:30:23.414343+00
01a07757-9324-7242-8d26-61a5fa6019b9,LOCKCEIL-01a07757932472428d2661b641b80c0d-553,lock ceiling 553,,credit,f,f,"{""id"": ""01a07757-9324-7242-8d26-61a5fa6019b9"", ""name"": ""lock ceiling 553"", ""metadata"": null, ""external_id"": null, ""normal_balance_type"": ""credit""}",active,2026-09-06 15:30:23.414343+00
01a07757-9324-7242-8d26-61cce467e8b3,LOCKCEIL-01a07757932472428d2661d4d8cfd470-554,lock ceiling 554,,credit,f,f,"{""id"": ""01a07757-9324-7242-8d26-61cce467e8b3"", ""name"": ""lock ceiling 554"", ""metadata"": null, ""external_id"": null, ""normal_balance_type"": ""credit""}",active,2026-09-06 15:30:23.414343+00
01a07757-9324-7242-8d26-61e9d95963f8,LOCKCEIL-01a07757932472428d2661f2b49d2ae4-555,lock ceiling 555,,credit,f,f,"{""id"": ""01a07757-9324-7242-8d26-61e9d95963f8"", ""name"": ""lock ceiling 555"", ""metadata"": null, ""external_id"": null, ""normal_balance_type"": ""credit""}",active,2026-09-06 15:30:23.414343+00
01a07757-9324-7242-8d26-620efaa4e242,LOCKCEIL-01a07757932472428d2662167c0dae05-556,lock ceiling 556,,credit,f,f,"{""id"": ""01a07757-9324-7242-8d26-620efaa4e242"", ""name"": ""lock ceiling 556"", ""metadata"": null, ""external_id"": null, ""normal_balance_type"": ""credit""}",active,2026-09-06 15:30:23.414343+00
01a07757-9324-7242-8d26-622080e76755,LOCKCEIL-01a07757932472428d2662363fd4f2b5-557,lock ceiling 557,,credit,f,f,"{""id"": ""01a07757-9324-7242-8d26-622080e76755"", ""name"": ""lock ceiling 557"", ""metadata"": null, ""external_id"": null, ""normal_balance_type"": ""credit""}",active,2026-09-06 15:30:23.414343+00
01a07757-9324-7242-8d26-624ba956ccb8,LOCKCEIL-01a07757932472428d26625ba5388a04-558,lock ceiling 558,,credit,f,f,"{""id"": ""01a07757-9324-7242-8d26-624ba956ccb8"", ""name"": ""lock ceiling 558"", ""metadata"": null, ""external_id"": null, ""normal_balance_type"": ""credit""}",active,2026-09-06 15:30:23.414343+00
01a07757-9324-7242-8d26-626d1f771eac,LOCKCEIL-01a07757932472428d26627bae65bf83-559,lock ceiling 559,,credit,f,f,"{""id"": ""01a07757-9324-7242-8d26-626d1f771eac"", ""name"": ""lock ceiling 559"", ""metadata"": null, ""external_id"": null, ""normal_balance_type"": ""credit""}",active,2026-09-06 15:30:23.414343+00
01a07757-9324-7242-8d26-628aedffde86,LOCKCEIL-01a07757932472428d26629a9a8f3a20-560,lock ceiling 560,,credit,f,f,"{""id"": ""01a07757-9324-7242-8d26-628aedffde86"", ""name"": ""lock ceiling 560"", ""metadata"": null, ""external_id"": null, ""normal_balance_type"": ""credit""}",active,2026-09-06 15:30:23.414343+00
01a07757-9324-7242-8d26-62ad78dd678d,LOCKCEIL-01a07757932472428d2662bf6389f627-561,lock ceiling 561,,credit,f,f,"{""id"": ""01a07757-9324-7242-8d26-62ad78dd678d"", ""name"": ""lock ceiling 561"", ""metadata"": null, ""external_id"": null, ""normal_balance_type"": ""credit""}",active,2026-09-06 15:30:23.414343+00
01a07757-9324-7242-8d26-62c9076e00ef,LOCKCEIL-01a07757932472428d2662d682bbaed6-562,lock ceiling 562,,credit,f,f,"{""id"": ""01a07757-9324-7242-8d26-62c9076e00ef"", ""name"": ""lock ceiling 562"", ""metadata"": null, ""external_id"": null, ""normal_balance_type"": ""credit""}",active,2026-09-06 15:30:23.414343+00
01a07757-9324-7242-8d26-62e62f41f7e9,LOCKCEIL-01a07757932472428d2662f9529845b5-563,lock ceiling 563,,credit,f,f,"{""id"": ""01a07757-9324-7242-8d26-62e62f41f7e9"", ""name"": ""lock ceiling 563"", ""metadata"": null, ""external_id"": null, ""normal_balance_type"": ""credit""}",active,2026-09-06 15:30:23.414343+00
01a07757-9324-7242-8d26-6300a1b49729,LOCKCEIL-01a07757932472428d26631944fed391-564,lock ceiling 564,,credit,f,f,"{""id"": ""01a07757-9324-7242-8d26-6300a1b49729"", ""name"": ""lock ceiling 564"", ""metadata"": null, ""external_id"": null, ""normal_balance_type"": ""credit""}",active,2026-09-06 15:30:23.414343+00
01a07757-9324-7242-8d26-632443c376c7,LOCKCEIL-01a07757932472428d266339ffc095cc-565,lock ceiling 565,,credit,f,f,"{""id"": ""01a07757-9324-7242-8d26-632443c376c7"", ""name"": ""lock ceiling 565"", ""metadata"": null, ""external_id"": null, ""normal_balance_type"": ""credit""}",active,2026-09-06 15:30:23.414343+00
01a07757-9324-7242-8d26-63468d8d033e,LOCKCEIL-01a07757932472428d2663541ee0e484-566,lock ceiling 566,,credit,f,f,"{""id"": ""01a07757-9324-7242-8d26-63468d8d033e"", ""name"": ""lock ceiling 566"", ""metadata"": null, ""external_id"": null, ""normal_balance_type"": ""credit""}",active,2026-09-06 15:30:23.414343+00
01a07757-9324-7242-8d26-636532d1bcc4,LOCKCEIL-01a07757932472428d26637077cbc562-567,lock ceiling 567,,credit,f,f,"{""id"": ""01a07757-9324-7242-8d26-636532d1bcc4"", ""name"": ""lock ceiling 567"", ""metadata"": null, ""external_id"": null, ""normal_balance_type"": ""credit""}",active,2026-09-06 15:30:23.414343+00
01a07757-9324-7242-8d26-63856ca0ab90,LOCKCEIL-01a07757932472428d266391f975c324-568,lock ceiling 568,,credit,f,f,"{""id"": ""01a07757-9324-7242-8d26-63856ca0ab90"", ""name"": ""lock ceiling 568"", ""metadata"": null, ""external_id"": null, ""normal_balance_type"": ""credit""}",active,2026-09-06 15:30:23.414343+00
01a07757-9324-7242-8d26-63aa22d36c05,LOCKCEIL-01a07757932472428d2663bd0681db20-569,lock ceiling 569,,credit,f,f,"{""id"": ""01a07757-9324-7242-8d26-63aa22d36c05"", ""name"": ""lock ceiling 569"", ""metadata"": null, ""external_id"": null, ""normal_balance_type"": ""credit""}",active,2026-09-06 15:30:23.414343+00
01a07757-9324-7242-8d26-63ca45541446,LOCKCEIL-01a07757932472428d2663d98fe96837-570,lock ceiling 570,,credit,f,f,"{""id"": ""01a07757-9324-7242-8d26-63ca45541446"", ""name"": ""lock ceiling 570"", ""metadata"": null, ""external_id"": null, ""normal_balance_type"": ""credit""}",active,2026-09-06 15:30:23.414343+00
01a07757-9324-7242-8d26-63e739669bfb,LOCKCEIL-01a07757932671638c8378b52c874549-571,lock ceiling 571,,credit,f,f,"{""id"": ""01a07757-9324-7242-8d26-63e739669bfb"", ""name"": ""lock ceiling 571"", ""metadata"": null, ""external_id"": null, ""normal_balance_type"": ""credit""}",active,2026-09-06 15:30:23.414343+00
01a07757-9326-7163-8c83-78c7ab3393fc,LOCKCEIL-01a07757932671638c8378d1bb83e05b-572,lock ceiling 572,,credit,f,f,"{""id"": ""01a07757-9326-7163-8c83-78c7ab3393fc"", ""name"": ""lock ceiling 572"", ""metadata"": null, ""external_id"": null, ""normal_balance_type"": ""credit""}",active,2026-09-06 15:30:23.414343+00
01a07757-9326-7163-8c83-78e3ca612b93,LOCKCEIL-01a07757932671638c8378f9aca7564f-573,lock ceiling 573,,credit,f,f,"{""id"": ""01a07757-9326-7163-8c83-78e3ca612b93"", ""name"": ""lock ceiling 573"", ""metadata"": null, ""external_id"": null, ""normal_balance_type"": ""credit""}",active,2026-09-06 15:30:23.414343+00
01a07757-9326-7163-8c83-79083c18b69e,LOCKCEIL-01a07757932671638c837916c7743fec-574,lock ceiling 574,,credit,f,f,"{""id"": ""01a07757-9326-7163-8c83-79083c18b69e"", ""name"": ""lock ceiling 574"", ""metadata"": null, ""external_id"": null, ""normal_balance_type"": ""credit""}",active,2026-09-06 15:30:23.414343+00
01a07757-9326-7163-8c83-792957e15b0a,LOCKCEIL-01a07757932671638c837932db40c15e-575,lock ceiling 575,,credit,f,f,"{""id"": ""01a07757-9326-7163-8c83-792957e15b0a"", ""name"": ""lock ceiling 575"", ""metadata"": null, ""external_id"": null, ""normal_balance_type"": ""credit""}",active,2026-09-06 15:30:23.414343+00
01a07757-9326-7163-8c83-794be9076f0b,LOCKCEIL-01a07757932671638c8379500e9b31a6-576,lock ceiling 576,,credit,f,f,"{""id"": ""01a07757-9326-7163-8c83-794be9076f0b"", ""name"": ""lock ceiling 576"", ""metadata"": null, ""external_id"": null, ""normal_balance_type"": ""credit""}",active,2026-09-06 15:30:23.414343+00
01a07757-9326-7163-8c83-79697b3aa196,LOCKCEIL-01a07757932671638c8379784359de75-577,lock ceiling 577,,credit,f,f,"{""id"": ""01a07757-9326-7163-8c83-79697b3aa196"", ""name"": ""lock ceiling 577"", ""metadata"": null, ""external_id"": null, ""normal_balance_type"": ""credit""}",active,2026-09-06 15:30:23.414343+00
01a07757-9326-7163-8c83-798f108fc3d4,LOCKCEIL-01a07757932671638c83799e5545603b-578,lock ceiling 578,,credit,f,f,"{""id"": ""01a07757-9326-7163-8c83-798f108fc3d4"", ""name"": ""lock ceiling 578"", ""metadata"": null, ""external_id"": null, ""normal_balance_type"": ""credit""}",active,2026-09-06 15:30:23.414343+00
01a07757-9326-7163-8c83-79a1b38a8afb,LOCKCEIL-01a07757932671638c8379bcfa563058-579,lock ceiling 579,,credit,f,f,"{""id"": ""01a07757-9326-7163-8c83-79a1b38a8afb"", ""name"": ""lock ceiling 579"", ""metadata"": null, ""external_id"": null, ""normal_balance_type"": ""credit""}",active,2026-09-06 15:30:23.414343+00
01a07757-9326-7163-8c83-79c5cce49165,LOCKCEIL-01a07757932671638c8379d87fd5d06c-580,lock ceiling 580,,credit,f,f,"{""id"": ""01a07757-9326-7163-8c83-79c5cce49165"", ""name"": ""lock ceiling 580"", ""metadata"": null, ""external_id"": null, ""normal_balance_type"": ""credit""}",active,2026-09-06 15:30:23.414343+00
01a07757-9326-7163-8c83-79e657870b00,LOCKCEIL-01a07757932671638c8379f4308a73c2-581,lock ceiling 581,,credit,f,f,"{""id"": ""01a07757-9326-7163-8c83-79e657870b00"", ""name"": ""lock ceiling 581"", ""metadata"": null, ""external_id"": null, ""normal_balance_type"": ""credit""}",active,2026-09-06 15:30:23.414343+00
01a07757-9326-7163-8c83-7a0fb456d49b,LOCKCEIL-01a07757932671638c837a154543c243-582,lock ceiling 582,,credit,f,f,"{""id"": ""01a07757-9326-7163-8c83-7a0fb456d49b"", ""name"": ""lock ceiling 582"", ""metadata"": null, ""external_id"": null, ""normal_balance_type"": ""credit""}",active,2026-09-06 15:30:23.414343+00
01a07757-9326-7163-8c83-7a295a85c903,LOCKCEIL-01a07757932671638c837a39662ebbdb-583,lock ceiling 583,,credit,f,f,"{""id"": ""01a07757-9326-7163-8c83-7a295a85c903"", ""name"": ""lock ceiling 583"", ""metadata"": null, ""external_id"": null, ""normal_balance_type"": ""credit""}",active,2026-09-06 15:30:23.414343+00
01a07757-9326-7163-8c83-7a4b73ac56b7,LOCKCEIL-01a07757932671638c837a549f3e767d-584,lock ceiling 584,,credit,f,f,"{""id"": ""01a07757-9326-7163-8c83-7a4b73ac56b7"", ""name"": ""lock ceiling 584"", ""metadata"": null, ""external_id"": null, ""normal_balance_type"": ""credit""}",active,2026-09-06 15:30:23.414343+00
01a07757-9326-7163-8c83-7a6f1c971bf6,LOCKCEIL-01a07757932671638c837a78c43e7636-585,lock ceiling 585,,credit,f,f,"{""id"": ""01a07757-9326-7163-8c83-7a6f1c971bf6"", ""name"": ""lock ceiling 585"", ""metadata"": null, ""external_id"": null, ""normal_balance_type"": ""credit""}",active,2026-09-06 15:30:23.414343+00
01a07757-9326-7163-8c83-7a8f71398fb3,LOCKCEIL-01a07757932671638c837a9c8d527ac0-586,lock ceiling 586,,credit,f,f,"{""id"": ""01a07757-9326-7163-8c83-7a8f71398fb3"", ""name"": ""lock ceiling 586"", ""metadata"": null, ""external_id"": null, ""normal_balance_type"": ""credit""}",active,2026-09-06 15:30:23.414343+00
01a07757-9326-7163-8c83-7aae987e6807,LOCKCEIL-01a07757932671638c837ab58fdb704d-587,lock ceiling 587,,credit,f,f,"{""id"": ""01a07757-9326-7163-8c83-7aae987e6807"", ""name"": ""lock ceiling 587"", ""metadata"": null, ""external_id"": null, ""normal_balance_type"": ""credit""}",active,2026-09-06 15:30:23.414343+00
01a07757-9326-7163-8c83-7ac6a19f86e2,LOCKCEIL-01a07757932671638c837adca2632a0e-588,lock ceiling 588,,credit,f,f,"{""id"": ""01a07757-9326-7163-8c83-7ac6a19f86e2"", ""name"": ""lock ceiling 588"", ""metadata"": null, ""external_id"": null, ""normal_balance_type"": ""credit""}",active,2026-09-06 15:30:23.414343+00
01a07757-9326-7163-8c83-7aedf7bd794e,LOCKCEIL-01a07757932671638c837af0b8ddc836-589,lock ceiling 589,,credit,f,f,"{""id"": ""01a07757-9326-7163-8c83-7aedf7bd794e"", ""name"": ""lock ceiling 589"", ""metadata"": null, ""external_id"": null, ""normal_balance_type"": ""credit""}",active,2026-09-06 15:30:23.414343+00
01a07757-9326-7163-8c83-7b0d237edb59,LOCKCEIL-01a07757932671638c837b10674c45b4-590,lock ceiling 590,,credit,f,f,"{""id"": ""01a07757-9326-7163-8c83-7b0d237edb59"", ""name"": ""lock ceiling 590"", ""metadata"": null, ""external_id"": null, ""normal_balance_type"": ""credit""}",active,2026-09-06 15:30:23.414343+00
01a07757-9326-7163-8c83-7b21a6e172d5,LOCKCEIL-01a07757932671638c837b3aa86eb1d8-591,lock ceiling 591,,credit,f,f,"{""id"": ""01a07757-9326-7163-8c83-7b21a6e172d5"", ""name"": ""lock ceiling 591"", ""metadata"": null, ""external_id"": null, ""normal_balance_type"": ""credit""}",active,2026-09-06 15:30:23.414343+00
01a07757-9326-7163-8c83-7b4e5f59cee7,LOCKCEIL-01a07757932671638c837b57d8cac456-592,lock ceiling 592,,credit,f,f,"{""id"": ""01a07757-9326-7163-8c83-7b4e5f59cee7"", ""name"": ""lock ceiling 592"", ""metadata"": null, ""external_id"": null, ""normal_balance_type"": ""credit""}",active,2026-09-06 15:30:23.414343+00
01a07757-9326-7163-8c83-7b6e6a71ca3f,LOCKCEIL-01a07757932671638c837b778440a218-593,lock ceiling 593,,credit,f,f,"{""id"": ""01a07757-9326-7163-8c83-7b6e6a71ca3f"", ""name"": ""lock ceiling 593"", ""metadata"": null, ""external_id"": null, ""normal_balance_type"": ""credit""}",active,2026-09-06 15:30:23.414343+00
01a07757-9326-7163-8c83-7b857d26561d,LOCKCEIL-01a07757932671638c837b9544c03382-594,lock ceiling 594,,credit,f,f,"{""id"": ""01a07757-9326-7163-8c83-7b857d26561d"", ""name"": ""lock ceiling 594"", ""metadata"": null, ""external_id"": null, ""normal_balance_type"": ""credit""}",active,2026-09-06 15:30:23.414343+00
01a07757-9326-7163-8c83-7ba6ff285231,LOCKCEIL-01a07757932671638c837bb6be86b703-595,lock ceiling 595,,credit,f,f,"{""id"": ""01a07757-9326-7163-8c83-7ba6ff285231"", ""name"": ""lock ceiling 595"", ""metadata"": null, ""external_id"": null, ""normal_balance_type"": ""credit""}",active,2026-09-06 15:30:23.414343+00
01a07757-9326-7163-8c83-7bc84eb9f3ab,LOCKCEIL-01a07757932671638c837bde7c02ce2e-596,lock ceiling 596,,credit,f,f,"{""id"": ""01a07757-9326-7163-8c83-7bc84eb9f3ab"", ""name"": ""lock ceiling 596"", ""metadata"": null, ""external_id"": null, ""normal_balance_type"": ""credit""}",active,2026-09-06 15:30:23.414343+00
01a07757-9326-7163-8c83-7be866c5eae3,LOCKCEIL-01a07757932671638c837bfa493d94f4-597,lock ceiling 597,,credit,f,f,"{""id"": ""01a07757-9326-7163-8c83-7be866c5eae3"", ""name"": ""lock ceiling 597"", ""metadata"": null, ""external_id"": null, ""normal_balance_type"": ""credit""}",active,2026-09-06 15:30:23.414343+00
01a07757-9326-7163-8c83-7c08e8f85b17,LOCKCEIL-01a07757932671638c837c1a7f97b134-598,lock ceiling 598,,credit,f,f,"{""id"": ""01a07757-9326-7163-8c83-7c08e8f85b17"", ""name"": ""lock ceiling 598"", ""metadata"": null, ""external_id"": null, ""normal_balance_type"": ""credit""}",active,2026-09-06 15:30:23.414343+00
01a07757-9326-7163-8c83-7c23eb26ec4c,LOCKCEIL-01a07757932671638c837c39601f2f71-599,lock ceiling 599,,credit,f,f,"{""id"": ""01a07757-9326-7163-8c83-7c23eb26ec4c"", ""name"": ""lock ceiling 599"", ""metadata"": null, ""external_id"": null, ""normal_balance_type"": ""credit""}",active,2026-09-06 15:30:23.414343+00
01a07757-9326-7163-8c83-7c4f3de883d0,LOCKCEIL-01a07757932671638c837c559729be95-600,lock ceiling 600,,credit,f,f,"{""id"": ""01a07757-9326-7163-8c83-7c4f3de883d0"", ""name"": ""lock ceiling 600"", ""metadata"": null, ""external_id"": null, ""normal_balance_type"": ""credit""}",active,2026-09-06 15:30:23.414343+00
01a07757-9326-7163-8c83-7c6a503c55b9,LOCKCEIL-01a07757932671638c837c75d7c37a76-601,lock ceiling 601,,credit,f,f,"{""id"": ""01a07757-9326-7163-8c83-7c6a503c55b9"", ""name"": ""lock ceiling 601"", ""metadata"": null, ""external_id"": null, ""normal_balance_type"": ""credit""}",active,2026-09-06 15:30:23.414343+00
01a07757-9326-7163-8c83-7c8e2680f9ed,LOCKCEIL-01a07757932671638c837c9e75e8b129-602,lock ceiling 602,,credit,f,f,"{""id"": ""01a07757-9326-7163-8c83-7c8e2680f9ed"", ""name"": ""lock ceiling 602"", ""metadata"": null, ""external_id"": null, ""normal_balance_type"": ""credit""}",active,2026-09-06 15:30:23.414343+00
01a07757-9326-7163-8c83-7cadc04e10ed,LOCKCEIL-01a07757932671638c837cb38f42a0ae-603,lock ceiling 603,,credit,f,f,"{""id"": ""01a07757-9326-7163-8c83-7cadc04e10ed"", ""name"": ""lock ceiling 603"", ""metadata"": null, ""external_id"": null, ""normal_balance_type"": ""credit""}",active,2026-09-06 15:30:23.414343+00
01a07757-9326-7163-8c83-7cc9f0b42f09,LOCKCEIL-01a07757932671638c837cd0afc97d05-604,lock ceiling 604,,credit,f,f,"{""id"": ""01a07757-9326-7163-8c83-7cc9f0b42f09"", ""name"": ""lock ceiling 604"", ""metadata"": null, ""external_id"": null, ""normal_balance_type"": ""credit""}",active,2026-09-06 15:30:23.414343+00
01a07757-9326-7163-8c83-7ce5adfc0a14,LOCKCEIL-01a07757932671638c837cf237559fb9-605,lock ceiling 605,,credit,f,f,"{""id"": ""01a07757-9326-7163-8c83-7ce5adfc0a14"", ""name"": ""lock ceiling 605"", ""metadata"": null, ""external_id"": null, ""normal_balance_type"": ""credit""}",active,2026-09-06 15:30:23.414343+00
01a07757-9326-7163-8c83-7d07b5898789,LOCKCEIL-01a07757932671638c837d172981a1b8-606,lock ceiling 606,,credit,f,f,"{""id"": ""01a07757-9326-7163-8c83-7d07b5898789"", ""name"": ""lock ceiling 606"", ""metadata"": null, ""external_id"": null, ""normal_balance_type"": ""credit""}",active,2026-09-06 15:30:23.414343+00
01a07757-9326-7163-8c83-7d2dd052032c,LOCKCEIL-01a07757932671638c837d38131be02a-607,lock ceiling 607,,credit,f,f,"{""id"": ""01a07757-9326-7163-8c83-7d2dd052032c"", ""name"": ""lock ceiling 607"", ""metadata"": null, ""external_id"": null, ""normal_balance_type"": ""credit""}",active,2026-09-06 15:30:23.414343+00
01a07757-9326-7163-8c83-7d4c6d79f3f4,LOCKCEIL-01a07757932671638c837d5583c9c7d6-608,lock ceiling 608,,credit,f,f,"{""id"": ""01a07757-9326-7163-8c83-7d4c6d79f3f4"", ""name"": ""lock ceiling 608"", ""metadata"": null, ""external_id"": null, ""normal_balance_type"": ""credit""}",active,2026-09-06 15:30:23.414343+00
01a07757-9326-7163-8c83-7d615a649564,LOCKCEIL-01a07757932671638c837d7496cca287-609,lock ceiling 609,,credit,f,f,"{""id"": ""01a07757-9326-7163-8c83-7d615a649564"", ""name"": ""lock ceiling 609"", ""metadata"": null, ""external_id"": null, ""normal_balance_type"": ""credit""}",active,2026-09-06 15:30:23.414343+00
01a07757-9326-7163-8c83-7d8e39fe7daa,LOCKCEIL-01a07757932671638c837d990e32bdf4-610,lock ceiling 610,,credit,f,f,"{""id"": ""01a07757-9326-7163-8c83-7d8e39fe7daa"", ""name"": ""lock ceiling 610"", ""metadata"": null, ""external_id"": null, ""normal_balance_type"": ""credit""}",active,2026-09-06 15:30:23.414343+00
01a07757-9326-7163-8c83-7da98355d62a,LOCKCEIL-01a07757932671638c837dbe1b9ac3f5-611,lock ceiling 611,,credit,f,f,"{""id"": ""01a07757-9326-7163-8c83-7da98355d62a"", ""name"": ""lock ceiling 611"", ""metadata"": null, ""external_id"": null, ""normal_balance_type"": ""credit""}",active,2026-09-06 15:30:23.414343+00
01a07757-9326-7163-8c83-7dc77c15bec7,LOCKCEIL-01a07757932671638c837dd3c9a505a0-612,lock ceiling 612,,credit,f,f,"{""id"": ""01a07757-9326-7163-8c83-7dc77c15bec7"", ""name"": ""lock ceiling 612"", ""metadata"": null, ""external_id"": null, ""normal_balance_type"": ""credit""}",active,2026-09-06 15:30:23.414343+00
01a07757-9326-7163-8c83-7de8b665e03d,LOCKCEIL-01a07757932671638c837df9799cbe41-613,lock ceiling 613,,credit,f,f,"{""id"": ""01a07757-9326-7163-8c83-7de8b665e03d"", ""name"": ""lock ceiling 613"", ""metadata"": null, ""external_id"": null, ""normal_balance_type"": ""credit""}",active,2026-09-06 15:30:23.414343+00
01a07757-9326-7163-8c83-7e0c575d6a6c,LOCKCEIL-01a07757932671638c837e185a9d8cbc-614,lock ceiling 614,,credit,f,f,"{""id"": ""01a07757-9326-7163-8c83-7e0c575d6a6c"", ""name"": ""lock ceiling 614"", ""metadata"": null, ""external_id"": null, ""normal_balance_type"": ""credit""}",active,2026-09-06 15:30:23.414343+00
01a07757-9326-7163-8c83-7e2e979d3896,LOCKCEIL-01a07757932671638c837e3df48e59c0-615,lock ceiling 615,,credit,f,f,"{""id"": ""01a07757-9326-7163-8c83-7e2e979d3896"", ""name"": ""lock ceiling 615"", ""metadata"": null, ""external_id"": null, ""normal_balance_type"": ""credit""}",active,2026-09-06 15:30:23.414343+00
01a07757-9326-7163-8c83-7e4843ef09e9,LOCKCEIL-01a07757932671638c837e55c3fad0ca-616,lock ceiling 616,,credit,f,f,"{""id"": ""01a07757-9326-7163-8c83-7e4843ef09e9"", ""name"": ""lock ceiling 616"", ""metadata"": null, ""external_id"": null, ""normal_balance_type"": ""credit""}",active,2026-09-06 15:30:23.414343+00
01a07757-9326-7163-8c83-7e64d325d3f0,LOCKCEIL-01a07757932671638c837e7fbfd3652a-617,lock ceiling 617,,credit,f,f,"{""id"": ""01a07757-9326-7163-8c83-7e64d325d3f0"", ""name"": ""lock ceiling 617"", ""metadata"": null, ""external_id"": null, ""normal_balance_type"": ""credit""}",active,2026-09-06 15:30:23.414343+00
01a07757-9326-7163-8c83-7e820f388ded,LOCKCEIL-01a07757932671638c837e9dc7e40a55-618,lock ceiling 618,,credit,f,f,"{""id"": ""01a07757-9326-7163-8c83-7e820f388ded"", ""name"": ""lock ceiling 618"", ""metadata"": null, ""external_id"": null, ""normal_balance_type"": ""credit""}",active,2026-09-06 15:30:23.414343+00
01a07757-9326-7163-8c83-7eab4ad09006,LOCKCEIL-01a07757932671638c837ebaa977cc30-619,lock ceiling 619,,credit,f,f,"{""id"": ""01a07757-9326-7163-8c83-7eab4ad09006"", ""name"": ""lock ceiling 619"", ""metadata"": null, ""external_id"": null, ""normal_balance_type"": ""credit""}",active,2026-09-06 15:30:23.414343+00
01a07757-9326-7163-8c83-7ec08b7fbc58,LOCKCEIL-01a07757932671638c837edc1b12a160-620,lock ceiling 620,,credit,f,f,"{""id"": ""01a07757-9326-7163-8c83-7ec08b7fbc58"", ""name"": ""lock ceiling 620"", ""metadata"": null, ""external_id"": null, ""normal_balance_type"": ""credit""}",active,2026-09-06 15:30:23.414343+00
01a07757-9326-7163-8c83-7ee3d2f74b9e,LOCKCEIL-01a07757932671638c837ef594488d11-621,lock ceiling 621,,credit,f,f,"{""id"": ""01a07757-9326-7163-8c83-7ee3d2f74b9e"", ""name"": ""lock ceiling 621"", ""metadata"": null, ""external_id"": null, ""normal_balance_type"": ""credit""}",active,2026-09-06 15:30:23.414343+00
01a07757-9326-7163-8c83-7f0e8d1ee070,LOCKCEIL-01a07757932671638c837f1ce90f2423-622,lock ceiling 622,,credit,f,f,"{""id"": ""01a07757-9326-7163-8c83-7f0e8d1ee070"", ""name"": ""lock ceiling 622"", ""metadata"": null, ""external_id"": null, ""normal_balance_type"": ""credit""}",active,2026-09-06 15:30:23.414343+00
01a07757-9326-7163-8c83-7f2c3bb0446e,LOCKCEIL-01a07757932671638c837f3b88ea5db4-623,lock ceiling 623,,credit,f,f,"{""id"": ""01a07757-9326-7163-8c83-7f2c3bb0446e"", ""name"": ""lock ceiling 623"", ""metadata"": null, ""external_id"": null, ""normal_balance_type"": ""credit""}",active,2026-09-06 15:30:23.414343+00
01a07757-9326-7163-8c83-7f4643768a55,LOCKCEIL-01a07757932671638c837f5c95e83245-624,lock ceiling 624,,credit,f,f,"{""id"": ""01a07757-9326-7163-8c83-7f4643768a55"", ""name"": ""lock ceiling 624"", ""metadata"": null, ""external_id"": null, ""normal_balance_type"": ""credit""}",active,2026-09-06 15:30:23.414343+00
01a07757-9326-7163-8c83-7f6700d41203,LOCKCEIL-01a07757932671638c837f7d14359ccb-625,lock ceiling 625,,credit,f,f,"{""id"": ""01a07757-9326-7163-8c83-7f6700d41203"", ""name"": ""lock ceiling 625"", ""metadata"": null, ""external_id"": null, ""normal_balance_type"": ""credit""}",active,2026-09-06 15:30:23.414343+00
01a07757-9326-7163-8c83-7f8a46c9536b,LOCKCEIL-01a07757932671638c837f9cbf003ba6-626,lock ceiling 626,,credit,f,f,"{""id"": ""01a07757-9326-7163-8c83-7f8a46c9536b"", ""name"": ""lock ceiling 626"", ""metadata"": null, ""external_id"": null, ""normal_balance_type"": ""credit""}",active,2026-09-06 15:30:23.414343+00
01a07757-9326-7163-8c83-7fa1ca5d706c,LOCKCEIL-01a07757932671638c837fb266747026-627,lock ceiling 627,,credit,f,f,"{""id"": ""01a07757-9326-7163-8c83-7fa1ca5d706c"", ""name"": ""lock ceiling 627"", ""metadata"": null, ""external_id"": null, ""normal_balance_type"": ""credit""}",active,2026-09-06 15:30:23.414343+00
01a07757-9326-7163-8c83-7fcba840ac77,LOCKCEIL-01a07757932671638c837fd0a1ffd8ff-628,lock ceiling 628,,credit,f,f,"{""id"": ""01a07757-9326-7163-8c83-7fcba840ac77"", ""name"": ""lock ceiling 628"", ""metadata"": null, ""external_id"": null, ""normal_balance_type"": ""credit""}",active,2026-09-06 15:30:23.414343+00
01a07757-9326-7163-8c83-7fe923a2ba23,LOCKCEIL-01a07757932d7a30ad586cf6b3225567-629,lock ceiling 629,,credit,f,f,"{""id"": ""01a07757-9326-7163-8c83-7fe923a2ba23"", ""name"": ""lock ceiling 629"", ""metadata"": null, ""external_id"": null, ""normal_balance_type"": ""credit""}",active,2026-09-06 15:30:23.414343+00
01a07757-932d-7a30-ad58-6d0815876ea0,LOCKCEIL-01a07757932d7a30ad586d1d9a8560c4-630,lock ceiling 630,,credit,f,f,"{""id"": ""01a07757-932d-7a30-ad58-6d0815876ea0"", ""name"": ""lock ceiling 630"", ""metadata"": null, ""external_id"": null, ""normal_balance_type"": ""credit""}",active,2026-09-06 15:30:23.414343+00
01a07757-932d-7a30-ad58-6d21b0a6b959,LOCKCEIL-01a07757932d7a30ad586d3742def6b9-631,lock ceiling 631,,credit,f,f,"{""id"": ""01a07757-932d-7a30-ad58-6d21b0a6b959"", ""name"": ""lock ceiling 631"", ""metadata"": null, ""external_id"": null, ""normal_balance_type"": ""credit""}",active,2026-09-06 15:30:23.414343+00
01a07757-932d-7a30-ad58-6d4723d2e6f6,LOCKCEIL-01a07757932d7a30ad586d5d4e4941bb-632,lock ceiling 632,,credit,f,f,"{""id"": ""01a07757-932d-7a30-ad58-6d4723d2e6f6"", ""name"": ""lock ceiling 632"", ""metadata"": null, ""external_id"": null, ""normal_balance_type"": ""credit""}",active,2026-09-06 15:30:23.414343+00
01a07757-932d-7a30-ad58-6d605d576093,LOCKCEIL-01a07757932d7a30ad586d7ceeb41b91-633,lock ceiling 633,,credit,f,f,"{""id"": ""01a07757-932d-7a30-ad58-6d605d576093"", ""name"": ""lock ceiling 633"", ""metadata"": null, ""external_id"": null, ""normal_balance_type"": ""credit""}",active,2026-09-06 15:30:23.414343+00
01a07757-932d-7a30-ad58-6d84993b23aa,LOCKCEIL-01a07757932d7a30ad586d925a574f7c-634,lock ceiling 634,,credit,f,f,"{""id"": ""01a07757-932d-7a30-ad58-6d84993b23aa"", ""name"": ""lock ceiling 634"", ""metadata"": null, ""external_id"": null, ""normal_balance_type"": ""credit""}",active,2026-09-06 15:30:23.414343+00
01a07757-932d-7a30-ad58-6da8a34ee3cd,LOCKCEIL-01a07757932d7a30ad586dbd17c06f5f-635,lock ceiling 635,,credit,f,f,"{""id"": ""01a07757-932d-7a30-ad58-6da8a34ee3cd"", ""name"": ""lock ceiling 635"", ""metadata"": null, ""external_id"": null, ""normal_balance_type"": ""credit""}",active,2026-09-06 15:30:23.414343+00
01a07757-932d-7a30-ad58-6dc820330dc4,LOCKCEIL-01a07757932d7a30ad586dd14b9561a5-636,lock ceiling 636,,credit,f,f,"{""id"": ""01a07757-932d-7a30-ad58-6dc820330dc4"", ""name"": ""lock ceiling 636"", ""metadata"": null, ""external_id"": null, ""normal_balance_type"": ""credit""}",active,2026-09-06 15:30:23.414343+00
01a07757-932d-7a30-ad58-6de913a1d005,LOCKCEIL-01a07757932d7a30ad586dfae33b1841-637,lock ceiling 637,,credit,f,f,"{""id"": ""01a07757-932d-7a30-ad58-6de913a1d005"", ""name"": ""lock ceiling 637"", ""metadata"": null, ""external_id"": null, ""normal_balance_type"": ""credit""}",active,2026-09-06 15:30:23.414343+00
01a07757-932d-7a30-ad58-6e0f9d613be6,LOCKCEIL-01a07757932d7a30ad586e1eeb6c9b76-638,lock ceiling 638,,credit,f,f,"{""id"": ""01a07757-932d-7a30-ad58-6e0f9d613be6"", ""name"": ""lock ceiling 638"", ""metadata"": null, ""external_id"": null, ""normal_balance_type"": ""credit""}",active,2026-09-06 15:30:23.414343+00
01a07757-932d-7a30-ad58-6e272b82c40d,LOCKCEIL-01a07757932d7a30ad586e36b02bb73a-639,lock ceiling 639,,credit,f,f,"{""id"": ""01a07757-932d-7a30-ad58-6e272b82c40d"", ""name"": ""lock ceiling 639"", ""metadata"": null, ""external_id"": null, ""normal_balance_type"": ""credit""}",active,2026-09-06 15:30:23.414343+00
01a07757-932d-7a30-ad58-6e4340000120,LOCKCEIL-01a07757932d7a30ad586e51629f1789-640,lock ceiling 640,,credit,f,f,"{""id"": ""01a07757-932d-7a30-ad58-6e4340000120"", ""name"": ""lock ceiling 640"", ""metadata"": null, ""external_id"": null, ""normal_balance_type"": ""credit""}",active,2026-09-06 15:30:23.414343+00
01a07757-932d-7a30-ad58-6e66174ffc1d,LOCKCEIL-01a07757932d7a30ad586e7e0672c877-641,lock ceiling 641,,credit,f,f,"{""id"": ""01a07757-932d-7a30-ad58-6e66174ffc1d"", ""name"": ""lock ceiling 641"", ""metadata"": null, ""external_id"": null, ""normal_balance_type"": ""credit""}",active,2026-09-06 15:30:23.414343+00
01a07757-932d-7a30-ad58-6e87b7008020,LOCKCEIL-01a07757932d7a30ad586e9a022d0753-642,lock ceiling 642,,credit,f,f,"{""id"": ""01a07757-932d-7a30-ad58-6e87b7008020"", ""name"": ""lock ceiling 642"", ""metadata"": null, ""external_id"": null, ""normal_balance_type"": ""credit""}",active,2026-09-06 15:30:23.414343+00
01a07757-932d-7a30-ad58-6ea4032354bb,LOCKCEIL-01a07757932d7a30ad586eb0fcd0cd04-643,lock ceiling 643,,credit,f,f,"{""id"": ""01a07757-932d-7a30-ad58-6ea4032354bb"", ""name"": ""lock ceiling 643"", ""metadata"": null, ""external_id"": null, ""normal_balance_type"": ""credit""}",active,2026-09-06 15:30:23.414343+00
01a07757-932d-7a30-ad58-6ec0dd44cb5a,LOCKCEIL-01a07757932d7a30ad586ed0c3351bd2-644,lock ceiling 644,,credit,f,f,"{""id"": ""01a07757-932d-7a30-ad58-6ec0dd44cb5a"", ""name"": ""lock ceiling 644"", ""metadata"": null, ""external_id"": null, ""normal_balance_type"": ""credit""}",active,2026-09-06 15:30:23.414343+00
01a07757-932d-7a30-ad58-6eef576abccc,LOCKCEIL-01a07757932d7a30ad586ef3a12edfc8-645,lock ceiling 645,,credit,f,f,"{""id"": ""01a07757-932d-7a30-ad58-6eef576abccc"", ""name"": ""lock ceiling 645"", ""metadata"": null, ""external_id"": null, ""normal_balance_type"": ""credit""}",active,2026-09-06 15:30:23.414343+00
01a07757-932d-7a30-ad58-6f0988c793ed,LOCKCEIL-01a07757932d7a30ad586f127a190c6b-646,lock ceiling 646,,credit,f,f,"{""id"": ""01a07757-932d-7a30-ad58-6f0988c793ed"", ""name"": ""lock ceiling 646"", ""metadata"": null, ""external_id"": null, ""normal_balance_type"": ""credit""}",active,2026-09-06 15:30:23.414343+00
01a07757-932d-7a30-ad58-6f2b02ae5059,LOCKCEIL-01a07757932d7a30ad586f3e2571a0d8-647,lock ceiling 647,,credit,f,f,"{""id"": ""01a07757-932d-7a30-ad58-6f2b02ae5059"", ""name"": ""lock ceiling 647"", ""metadata"": null, ""external_id"": null, ""normal_balance_type"": ""credit""}",active,2026-09-06 15:30:23.414343+00
01a07757-932d-7a30-ad58-6f4fa49e6797,LOCKCEIL-01a07757932d7a30ad586f5cd1e0d0a2-648,lock ceiling 648,,credit,f,f,"{""id"": ""01a07757-932d-7a30-ad58-6f4fa49e6797"", ""name"": ""lock ceiling 648"", ""metadata"": null, ""external_id"": null, ""normal_balance_type"": ""credit""}",active,2026-09-06 15:30:23.414343+00
01a07757-932d-7a30-ad58-6f6f7c3cef42,LOCKCEIL-01a07757932d7a30ad586f7a95bd9752-649,lock ceiling 649,,credit,f,f,"{""id"": ""01a07757-932d-7a30-ad58-6f6f7c3cef42"", ""name"": ""lock ceiling 649"", ""metadata"": null, ""external_id"": null, ""normal_balance_type"": ""credit""}",active,2026-09-06 15:30:23.414343+00
01a07757-932d-7a30-ad58-6f87fec7b706,LOCKCEIL-01a07757932d7a30ad586f97a2a1f92a-650,lock ceiling 650,,credit,f,f,"{""id"": ""01a07757-932d-7a30-ad58-6f87fec7b706"", ""name"": ""lock ceiling 650"", ""metadata"": null, ""external_id"": null, ""normal_balance_type"": ""credit""}",active,2026-09-06 15:30:23.414343+00
01a07757-932d-7a30-ad58-6fa7fe5d6451,LOCKCEIL-01a07757932d7a30ad586fb40850b724-651,lock ceiling 651,,credit,f,f,"{""id"": ""01a07757-932d-7a30-ad58-6fa7fe5d6451"", ""name"": ""lock ceiling 651"", ""metadata"": null, ""external_id"": null, ""normal_balance_type"": ""credit""}",active,2026-09-06 15:30:23.414343+00
01a07757-932d-7a30-ad58-6fc18e2a3db3,LOCKCEIL-01a07757932d7a30ad586fde1f11f981-652,lock ceiling 652,,credit,f,f,"{""id"": ""01a07757-932d-7a30-ad58-6fc18e2a3db3"", ""name"": ""lock ceiling 652"", ""metadata"": null, ""external_id"": null, ""normal_balance_type"": ""credit""}",active,2026-09-06 15:30:23.414343+00
01a07757-932d-7a30-ad58-6fe2e767cb37,LOCKCEIL-01a07757932d7a30ad586fffbd644704-653,lock ceiling 653,,credit,f,f,"{""id"": ""01a07757-932d-7a30-ad58-6fe2e767cb37"", ""name"": ""lock ceiling 653"", ""metadata"": null, ""external_id"": null, ""normal_balance_type"": ""credit""}",active,2026-09-06 15:30:23.414343+00
01a07757-932d-7a30-ad58-70064f8da022,LOCKCEIL-01a07757932d7a30ad5870128c2c9c66-654,lock ceiling 654,,credit,f,f,"{""id"": ""01a07757-932d-7a30-ad58-70064f8da022"", ""name"": ""lock ceiling 654"", ""metadata"": null, ""external_id"": null, ""normal_balance_type"": ""credit""}",active,2026-09-06 15:30:23.414343+00
01a07757-932d-7a30-ad58-702a3ef1879e,LOCKCEIL-01a07757932d7a30ad5870389f5e3ce1-655,lock ceiling 655,,credit,f,f,"{""id"": ""01a07757-932d-7a30-ad58-702a3ef1879e"", ""name"": ""lock ceiling 655"", ""metadata"": null, ""external_id"": null, ""normal_balance_type"": ""credit""}",active,2026-09-06 15:30:23.414343+00
01a07757-932d-7a30-ad58-704c31f9ce4c,LOCKCEIL-01a07757932d7a30ad5870519c13409f-656,lock ceiling 656,,credit,f,f,"{""id"": ""01a07757-932d-7a30-ad58-704c31f9ce4c"", ""name"": ""lock ceiling 656"", ""metadata"": null, ""external_id"": null, ""normal_balance_type"": ""credit""}",active,2026-09-06 15:30:23.414343+00
01a07757-932d-7a30-ad58-7060189fb53e,LOCKCEIL-01a07757932d7a30ad5870724e88916c-657,lock ceiling 657,,credit,f,f,"{""id"": ""01a07757-932d-7a30-ad58-7060189fb53e"", ""name"": ""lock ceiling 657"", ""metadata"": null, ""external_id"": null, ""normal_balance_type"": ""credit""}",active,2026-09-06 15:30:23.414343+00
01a07757-932d-7a30-ad58-708ac113247a,LOCKCEIL-01a07757932d7a30ad58709e138c242d-658,lock ceiling 658,,credit,f,f,"{""id"": ""01a07757-932d-7a30-ad58-708ac113247a"", ""name"": ""lock ceiling 658"", ""metadata"": null, ""external_id"": null, ""normal_balance_type"": ""credit""}",active,2026-09-06 15:30:23.414343+00
01a07757-932d-7a30-ad58-70a4e823b933,LOCKCEIL-01a07757932d7a30ad5870b1d94e6e30-659,lock ceiling 659,,credit,f,f,"{""id"": ""01a07757-932d-7a30-ad58-70a4e823b933"", ""name"": ""lock ceiling 659"", ""metadata"": null, ""external_id"": null, ""normal_balance_type"": ""credit""}",active,2026-09-06 15:30:23.414343+00
01a07757-932d-7a30-ad58-70cd2d942f39,LOCKCEIL-01a07757932d7a30ad5870d1d35b8695-660,lock ceiling 660,,credit,f,f,"{""id"": ""01a07757-932d-7a30-ad58-70cd2d942f39"", ""name"": ""lock ceiling 660"", ""metadata"": null, ""external_id"": null, ""normal_balance_type"": ""credit""}",active,2026-09-06 15:30:23.414343+00
01a07757-932d-7a30-ad58-70e3a76c360c,LOCKCEIL-01a07757932d7a30ad5870fbfdab9d39-661,lock ceiling 661,,credit,f,f,"{""id"": ""01a07757-932d-7a30-ad58-70e3a76c360c"", ""name"": ""lock ceiling 661"", ""metadata"": null, ""external_id"": null, ""normal_balance_type"": ""credit""}",active,2026-09-06 15:30:23.414343+00
01a07757-932d-7a30-ad58-7109207bbb75,LOCKCEIL-01a07757932d7a30ad587115cd7ba933-662,lock ceiling 662,,credit,f,f,"{""id"": ""01a07757-932d-7a30-ad58-7109207bbb75"", ""name"": ""lock ceiling 662"", ""metadata"": null, ""external_id"": null, ""normal_balance_type"": ""credit""}",active,2026-09-06 15:30:23.414343+00
01a07757-932d-7a30-ad58-71260c97f3e4,LOCKCEIL-01a07757932d7a30ad58713d8d7367e2-663,lock ceiling 663,,credit,f,f,"{""id"": ""01a07757-932d-7a30-ad58-71260c97f3e4"", ""name"": ""lock ceiling 663"", ""metadata"": null, ""external_id"": null, ""normal_balance_type"": ""credit""}",active,2026-09-06 15:30:23.414343+00
01a07757-932d-7a30-ad58-71471dc1f8fb,LOCKCEIL-01a07757932d7a30ad58715105ebd67d-664,lock ceiling 664,,credit,f,f,"{""id"": ""01a07757-932d-7a30-ad58-71471dc1f8fb"", ""name"": ""lock ceiling 664"", ""metadata"": null, ""external_id"": null, ""normal_balance_type"": ""credit""}",active,2026-09-06 15:30:23.414343+00
01a07757-932d-7a30-ad58-716af7b40a89,LOCKCEIL-01a07757932d7a30ad58717a79712d33-665,lock ceiling 665,,credit,f,f,"{""id"": ""01a07757-932d-7a30-ad58-716af7b40a89"", ""name"": ""lock ceiling 665"", ""metadata"": null, ""external_id"": null, ""normal_balance_type"": ""credit""}",active,2026-09-06 15:30:23.414343+00
01a07757-932d-7a30-ad58-71828cee862b,LOCKCEIL-01a07757932d7a30ad58719ed53e94cb-666,lock ceiling 666,,credit,f,f,"{""id"": ""01a07757-932d-7a30-ad58-71828cee862b"", ""name"": ""lock ceiling 666"", ""metadata"": null, ""external_id"": null, ""normal_balance_type"": ""credit""}",active,2026-09-06 15:30:23.414343+00
01a07757-932d-7a30-ad58-71abe0d95927,LOCKCEIL-01a07757932d7a30ad5871b95f06c104-667,lock ceiling 667,,credit,f,f,"{""id"": ""01a07757-932d-7a30-ad58-71abe0d95927"", ""name"": ""lock ceiling 667"", ""metadata"": null, ""external_id"": null, ""normal_balance_type"": ""credit""}",active,2026-09-06 15:30:23.414343+00
01a07757-932d-7a30-ad58-71c43dc4ab0b,LOCKCEIL-01a07757932d7a30ad5871d5389a1a4b-668,lock ceiling 668,,credit,f,f,"{""id"": ""01a07757-932d-7a30-ad58-71c43dc4ab0b"", ""name"": ""lock ceiling 668"", ""metadata"": null, ""external_id"": null, ""normal_balance_type"": ""credit""}",active,2026-09-06 15:30:23.414343+00
01a07757-932d-7a30-ad58-71eb74f736fe,LOCKCEIL-01a07757932d7a30ad5871f7833d83f7-669,lock ceiling 669,,credit,f,f,"{""id"": ""01a07757-932d-7a30-ad58-71eb74f736fe"", ""name"": ""lock ceiling 669"", ""metadata"": null, ""external_id"": null, ""normal_balance_type"": ""credit""}",active,2026-09-06 15:30:23.414343+00
01a07757-932d-7a30-ad58-720c1a2f1027,LOCKCEIL-01a07757932d7a30ad587219205a9468-670,lock ceiling 670,,credit,f,f,"{""id"": ""01a07757-932d-7a30-ad58-720c1a2f1027"", ""name"": ""lock ceiling 670"", ""metadata"": null, ""external_id"": null, ""normal_balance_type"": ""credit""}",active,2026-09-06 15:30:23.414343+00
01a07757-932d-7a30-ad58-722fff954d01,LOCKCEIL-01a07757932d7a30ad58723012781a06-671,lock ceiling 671,,credit,f,f,"{""id"": ""01a07757-932d-7a30-ad58-722fff954d01"", ""name"": ""lock ceiling 671"", ""metadata"": null, ""external_id"": null, ""normal_balance_type"": ""credit""}",active,2026-09-06 15:30:23.414343+00
01a07757-932d-7a30-ad58-7243a8544e3f,LOCKCEIL-01a07757932d7a30ad5872562d1c9b29-672,lock ceiling 672,,credit,f,f,"{""id"": ""01a07757-932d-7a30-ad58-7243a8544e3f"", ""name"": ""lock ceiling 672"", ""metadata"": null, ""external_id"": null, ""normal_balance_type"": ""credit""}",active,2026-09-06 15:30:23.414343+00
01a07757-932d-7a30-ad58-726b6f345c23,LOCKCEIL-01a07757932d7a30ad5872715c3dca13-673,lock ceiling 673,,credit,f,f,"{""id"": ""01a07757-932d-7a30-ad58-726b6f345c23"", ""name"": ""lock ceiling 673"", ""metadata"": null, ""external_id"": null, ""normal_balance_type"": ""credit""}",active,2026-09-06 15:30:23.414343+00
01a07757-932d-7a30-ad58-728e3381b5e0,LOCKCEIL-01a07757932d7a30ad58729bda783f1d-674,lock ceiling 674,,credit,f,f,"{""id"": ""01a07757-932d-7a30-ad58-728e3381b5e0"", ""name"": ""lock ceiling 674"", ""metadata"": null, ""external_id"": null, ""normal_balance_type"": ""credit""}",active,2026-09-06 15:30:23.414343+00
01a07757-932d-7a30-ad58-72a50783bee6,LOCKCEIL-01a07757932d7a30ad5872b2045bb4b6-675,lock ceiling 675,,credit,f,f,"{""id"": ""01a07757-932d-7a30-ad58-72a50783bee6"", ""name"": ""lock ceiling 675"", ""metadata"": null, ""external_id"": null, ""normal_balance_type"": ""credit""}",active,2026-09-06 15:30:23.414343+00
01a07757-932d-7a30-ad58-72c71f58f127,LOCKCEIL-01a07757932d7a30ad5872d0f09cceb3-676,lock ceiling 676,,credit,f,f,"{""id"": ""01a07757-932d-7a30-ad58-72c71f58f127"", ""name"": ""lock ceiling 676"", ""metadata"": null, ""external_id"": null, ""normal_balance_type"": ""credit""}",active,2026-09-06 15:30:23.414343+00
01a07757-932d-7a30-ad58-72e9ef74578d,LOCKCEIL-01a07757932d7a30ad5872f8e7c93c6e-677,lock ceiling 677,,credit,f,f,"{""id"": ""01a07757-932d-7a30-ad58-72e9ef74578d"", ""name"": ""lock ceiling 677"", ""metadata"": null, ""external_id"": null, ""normal_balance_type"": ""credit""}",active,2026-09-06 15:30:23.414343+00
01a07757-932d-7a30-ad58-73029189717a,LOCKCEIL-01a07757932e71e2a31e2de09e8cdd19-678,lock ceiling 678,,credit,f,f,"{""id"": ""01a07757-932d-7a30-ad58-73029189717a"", ""name"": ""lock ceiling 678"", ""metadata"": null, ""external_id"": null, ""normal_balance_type"": ""credit""}",active,2026-09-06 15:30:23.414343+00
01a07757-932e-71e2-a31e-2df62caad6cd,LOCKCEIL-01a07757932e71e2a31e2e0a831c2981-679,lock ceiling 679,,credit,f,f,"{""id"": ""01a07757-932e-71e2-a31e-2df62caad6cd"", ""name"": ""lock ceiling 679"", ""metadata"": null, ""external_id"": null, ""normal_balance_type"": ""credit""}",active,2026-09-06 15:30:23.414343+00
01a07757-932e-71e2-a31e-2e1c7373ab6b,LOCKCEIL-01a07757932e71e2a31e2e2511ca37f5-680,lock ceiling 680,,credit,f,f,"{""id"": ""01a07757-932e-71e2-a31e-2e1c7373ab6b"", ""name"": ""lock ceiling 680"", ""metadata"": null, ""external_id"": null, ""normal_balance_type"": ""credit""}",active,2026-09-06 15:30:23.414343+00
01a07757-932e-71e2-a31e-2e3a80fb5a7d,LOCKCEIL-01a07757932e71e2a31e2e4bb7fe52f7-681,lock ceiling 681,,credit,f,f,"{""id"": ""01a07757-932e-71e2-a31e-2e3a80fb5a7d"", ""name"": ""lock ceiling 681"", ""metadata"": null, ""external_id"": null, ""normal_balance_type"": ""credit""}",active,2026-09-06 15:30:23.414343+00
01a07757-932e-71e2-a31e-2e5ad8fa96d0,LOCKCEIL-01a07757932e71e2a31e2e6ab7ec5e94-682,lock ceiling 682,,credit,f,f,"{""id"": ""01a07757-932e-71e2-a31e-2e5ad8fa96d0"", ""name"": ""lock ceiling 682"", ""metadata"": null, ""external_id"": null, ""normal_balance_type"": ""credit""}",active,2026-09-06 15:30:23.414343+00
01a07757-932e-71e2-a31e-2e7c69101789,LOCKCEIL-01a07757932e71e2a31e2e817d741d35-683,lock ceiling 683,,credit,f,f,"{""id"": ""01a07757-932e-71e2-a31e-2e7c69101789"", ""name"": ""lock ceiling 683"", ""metadata"": null, ""external_id"": null, ""normal_balance_type"": ""credit""}",active,2026-09-06 15:30:23.414343+00
01a07757-932e-71e2-a31e-2e9c498d50a9,LOCKCEIL-01a07757932e71e2a31e2ea7276cdaaf-684,lock ceiling 684,,credit,f,f,"{""id"": ""01a07757-932e-71e2-a31e-2e9c498d50a9"", ""name"": ""lock ceiling 684"", ""metadata"": null, ""external_id"": null, ""normal_balance_type"": ""credit""}",active,2026-09-06 15:30:23.414343+00
01a07757-932e-71e2-a31e-2ebf17fca133,LOCKCEIL-01a07757932e71e2a31e2ec9bf6ce27e-685,lock ceiling 685,,credit,f,f,"{""id"": ""01a07757-932e-71e2-a31e-2ebf17fca133"", ""name"": ""lock ceiling 685"", ""metadata"": null, ""external_id"": null, ""normal_balance_type"": ""credit""}",active,2026-09-06 15:30:23.414343+00
01a07757-932e-71e2-a31e-2ed89815f09b,LOCKCEIL-01a07757932e71e2a31e2eef2a828dfb-686,lock ceiling 686,,credit,f,f,"{""id"": ""01a07757-932e-71e2-a31e-2ed89815f09b"", ""name"": ""lock ceiling 686"", ""metadata"": null, ""external_id"": null, ""normal_balance_type"": ""credit""}",active,2026-09-06 15:30:23.414343+00
01a07757-932e-71e2-a31e-2ef40ded3c41,LOCKCEIL-01a07757932e71e2a31e2f08b2f23b62-687,lock ceiling 687,,credit,f,f,"{""id"": ""01a07757-932e-71e2-a31e-2ef40ded3c41"", ""name"": ""lock ceiling 687"", ""metadata"": null, ""external_id"": null, ""normal_balance_type"": ""credit""}",active,2026-09-06 15:30:23.414343+00
01a07757-932e-71e2-a31e-2f1dbe114170,LOCKCEIL-01a07757932e71e2a31e2f2ba5f0f13c-688,lock ceiling 688,,credit,f,f,"{""id"": ""01a07757-932e-71e2-a31e-2f1dbe114170"", ""name"": ""lock ceiling 688"", ""metadata"": null, ""external_id"": null, ""normal_balance_type"": ""credit""}",active,2026-09-06 15:30:23.414343+00
01a07757-932e-71e2-a31e-2f347e50786c,LOCKCEIL-01a07757932e71e2a31e2f4a75ab64e2-689,lock ceiling 689,,credit,f,f,"{""id"": ""01a07757-932e-71e2-a31e-2f347e50786c"", ""name"": ""lock ceiling 689"", ""metadata"": null, ""external_id"": null, ""normal_balance_type"": ""credit""}",active,2026-09-06 15:30:23.414343+00
01a07757-932e-71e2-a31e-2f56c44331b4,LOCKCEIL-01a07757932e71e2a31e2f6970f77ca9-690,lock ceiling 690,,credit,f,f,"{""id"": ""01a07757-932e-71e2-a31e-2f56c44331b4"", ""name"": ""lock ceiling 690"", ""metadata"": null, ""external_id"": null, ""normal_balance_type"": ""credit""}",active,2026-09-06 15:30:23.414343+00
01a07757-932e-71e2-a31e-2f7a9cc29db0,LOCKCEIL-01a07757932e71e2a31e2f8d5789460d-691,lock ceiling 691,,credit,f,f,"{""id"": ""01a07757-932e-71e2-a31e-2f7a9cc29db0"", ""name"": ""lock ceiling 691"", ""metadata"": null, ""external_id"": null, ""normal_balance_type"": ""credit""}",active,2026-09-06 15:30:23.414343+00
01a07757-932e-71e2-a31e-2f9f8a919e6a,LOCKCEIL-01a07757932e71e2a31e2fa385a12acd-692,lock ceiling 692,,credit,f,f,"{""id"": ""01a07757-932e-71e2-a31e-2f9f8a919e6a"", ""name"": ""lock ceiling 692"", ""metadata"": null, ""external_id"": null, ""normal_balance_type"": ""credit""}",active,2026-09-06 15:30:23.414343+00
01a07757-932e-71e2-a31e-2fb67027c561,LOCKCEIL-01a07757932e71e2a31e2fc7e209e134-693,lock ceiling 693,,credit,f,f,"{""id"": ""01a07757-932e-71e2-a31e-2fb67027c561"", ""name"": ""lock ceiling 693"", ""metadata"": null, ""external_id"": null, ""normal_balance_type"": ""credit""}",active,2026-09-06 15:30:23.414343+00
01a07757-932e-71e2-a31e-2fd2f7a850b3,LOCKCEIL-01a07757932e71e2a31e2fed0f4da0a8-694,lock ceiling 694,,credit,f,f,"{""id"": ""01a07757-932e-71e2-a31e-2fd2f7a850b3"", ""name"": ""lock ceiling 694"", ""metadata"": null, ""external_id"": null, ""normal_balance_type"": ""credit""}",active,2026-09-06 15:30:23.414343+00
01a07757-932e-71e2-a31e-2ff7561d8286,LOCKCEIL-01a07757932e71e2a31e300f9da16cc8-695,lock ceiling 695,,credit,f,f,"{""id"": ""01a07757-932e-71e2-a31e-2ff7561d8286"", ""name"": ""lock ceiling 695"", ""metadata"": null, ""external_id"": null, ""normal_balance_type"": ""credit""}",active,2026-09-06 15:30:23.414343+00
01a07757-932e-71e2-a31e-30112a5235bf,LOCKCEIL-01a07757932e71e2a31e3027447dfc06-696,lock ceiling 696,,credit,f,f,"{""id"": ""01a07757-932e-71e2-a31e-30112a5235bf"", ""name"": ""lock ceiling 696"", ""metadata"": null, ""external_id"": null, ""normal_balance_type"": ""credit""}",active,2026-09-06 15:30:23.414343+00
01a07757-932e-71e2-a31e-303f14b63a8b,LOCKCEIL-01a07757932e71e2a31e3047016122b1-697,lock ceiling 697,,credit,f,f,"{""id"": ""01a07757-932e-71e2-a31e-303f14b63a8b"", ""name"": ""lock ceiling 697"", ""metadata"": null, ""external_id"": null, ""normal_balance_type"": ""credit""}",active,2026-09-06 15:30:23.414343+00
01a07757-932e-71e2-a31e-305f1c7f67d3,LOCKCEIL-01a07757932e71e2a31e306ae2084c67-698,lock ceiling 698,,credit,f,f,"{""id"": ""01a07757-932e-71e2-a31e-305f1c7f67d3"", ""name"": ""lock ceiling 698"", ""metadata"": null, ""external_id"": null, ""normal_balance_type"": ""credit""}",active,2026-09-06 15:30:23.414343+00
01a07757-932e-71e2-a31e-307b68815349,LOCKCEIL-01a07757932e71e2a31e3081503edc93-699,lock ceiling 699,,credit,f,f,"{""id"": ""01a07757-932e-71e2-a31e-307b68815349"", ""name"": ""lock ceiling 699"", ""metadata"": null, ""external_id"": null, ""normal_balance_type"": ""credit""}",active,2026-09-06 15:30:23.414343+00
01a07757-932e-71e2-a31e-30938be8dee4,LOCKCEIL-01a07757932e71e2a31e30a766439828-700,lock ceiling 700,,credit,f,f,"{""id"": ""01a07757-932e-71e2-a31e-30938be8dee4"", ""name"": ""lock ceiling 700"", ""metadata"": null, ""external_id"": null, ""normal_balance_type"": ""credit""}",active,2026-09-06 15:30:23.414343+00
01a07757-932e-71e2-a31e-30b9f3f89655,LOCKCEIL-01a07757932e71e2a31e30cb18540ca6-701,lock ceiling 701,,credit,f,f,"{""id"": ""01a07757-932e-71e2-a31e-30b9f3f89655"", ""name"": ""lock ceiling 701"", ""metadata"": null, ""external_id"": null, ""normal_balance_type"": ""credit""}",active,2026-09-06 15:30:23.414343+00
01a07757-932e-71e2-a31e-30d666f790a9,LOCKCEIL-01a07757932e71e2a31e30ed5339bcb9-702,lock ceiling 702,,credit,f,f,"{""id"": ""01a07757-932e-71e2-a31e-30d666f790a9"", ""name"": ""lock ceiling 702"", ""metadata"": null, ""external_id"": null, ""normal_balance_type"": ""credit""}",active,2026-09-06 15:30:23.414343+00
01a07757-932e-71e2-a31e-30f2f7516879,LOCKCEIL-01a07757932e71e2a31e31086f6274a8-703,lock ceiling 703,,credit,f,f,"{""id"": ""01a07757-932e-71e2-a31e-30f2f7516879"", ""name"": ""lock ceiling 703"", ""metadata"": null, ""external_id"": null, ""normal_balance_type"": ""credit""}",active,2026-09-06 15:30:23.414343+00
01a07757-932e-71e2-a31e-311f66d4aa57,LOCKCEIL-01a07757932e71e2a31e31257faef610-704,lock ceiling 704,,credit,f,f,"{""id"": ""01a07757-932e-71e2-a31e-311f66d4aa57"", ""name"": ""lock ceiling 704"", ""metadata"": null, ""external_id"": null, ""normal_balance_type"": ""credit""}",active,2026-09-06 15:30:23.414343+00
01a07757-932e-71e2-a31e-3137df446466,LOCKCEIL-01a07757932e71e2a31e3146a2aae06a-705,lock ceiling 705,,credit,f,f,"{""id"": ""01a07757-932e-71e2-a31e-3137df446466"", ""name"": ""lock ceiling 705"", ""metadata"": null, ""external_id"": null, ""normal_balance_type"": ""credit""}",active,2026-09-06 15:30:23.414343+00
01a07757-932e-71e2-a31e-3156d824ec4e,LOCKCEIL-01a07757932e71e2a31e316792d15768-706,lock ceiling 706,,credit,f,f,"{""id"": ""01a07757-932e-71e2-a31e-3156d824ec4e"", ""name"": ""lock ceiling 706"", ""metadata"": null, ""external_id"": null, ""normal_balance_type"": ""credit""}",active,2026-09-06 15:30:23.414343+00
01a07757-932e-71e2-a31e-317dc75c361b,LOCKCEIL-01a07757932e71e2a31e318fe2aedd3c-707,lock ceiling 707,,credit,f,f,"{""id"": ""01a07757-932e-71e2-a31e-317dc75c361b"", ""name"": ""lock ceiling 707"", ""metadata"": null, ""external_id"": null, ""normal_balance_type"": ""credit""}",active,2026-09-06 15:30:23.414343+00
01a07757-932e-71e2-a31e-319a63fe25ee,LOCKCEIL-01a07757932e71e2a31e31ae24c7df16-708,lock ceiling 708,,credit,f,f,"{""id"": ""01a07757-932e-71e2-a31e-319a63fe25ee"", ""name"": ""lock ceiling 708"", ""metadata"": null, ""external_id"": null, ""normal_balance_type"": ""credit""}",active,2026-09-06 15:30:23.414343+00
01a07757-932e-71e2-a31e-31bf375ab728,LOCKCEIL-01a07757932e71e2a31e31c5c860bb11-709,lock ceiling 709,,credit,f,f,"{""id"": ""01a07757-932e-71e2-a31e-31bf375ab728"", ""name"": ""lock ceiling 709"", ""metadata"": null, ""external_id"": null, ""normal_balance_type"": ""credit""}",active,2026-09-06 15:30:23.414343+00
01a07757-932e-71e2-a31e-31df64abe90f,LOCKCEIL-01a07757932e71e2a31e31ed5cadd565-710,lock ceiling 710,,credit,f,f,"{""id"": ""01a07757-932e-71e2-a31e-31df64abe90f"", ""name"": ""lock ceiling 710"", ""metadata"": null, ""external_id"": null, ""normal_balance_type"": ""credit""}",active,2026-09-06 15:30:23.414343+00
01a07757-932e-71e2-a31e-31f5bd8b7eb5,LOCKCEIL-01a07757932e71e2a31e3202e70c3ce1-711,lock ceiling 711,,credit,f,f,"{""id"": ""01a07757-932e-71e2-a31e-31f5bd8b7eb5"", ""name"": ""lock ceiling 711"", ""metadata"": null, ""external_id"": null, ""normal_balance_type"": ""credit""}",active,2026-09-06 15:30:23.414343+00
01a07757-932e-71e2-a31e-32126ed2b9ff,LOCKCEIL-01a07757932e71e2a31e32236f49d036-712,lock ceiling 712,,credit,f,f,"{""id"": ""01a07757-932e-71e2-a31e-32126ed2b9ff"", ""name"": ""lock ceiling 712"", ""metadata"": null, ""external_id"": null, ""normal_balance_type"": ""credit""}",active,2026-09-06 15:30:23.414343+00
01a07757-932e-71e2-a31e-3236544cd1b7,LOCKCEIL-01a07757932e71e2a31e32483b4243f6-713,lock ceiling 713,,credit,f,f,"{""id"": ""01a07757-932e-71e2-a31e-3236544cd1b7"", ""name"": ""lock ceiling 713"", ""metadata"": null, ""external_id"": null, ""normal_balance_type"": ""credit""}",active,2026-09-06 15:30:23.414343+00
01a07757-932e-71e2-a31e-325737d578ed,LOCKCEIL-01a07757932e71e2a31e326b5fadc206-714,lock ceiling 714,,credit,f,f,"{""id"": ""01a07757-932e-71e2-a31e-325737d578ed"", ""name"": ""lock ceiling 714"", ""metadata"": null, ""external_id"": null, ""normal_balance_type"": ""credit""}",active,2026-09-06 15:30:23.414343+00
01a07757-932e-71e2-a31e-327a994e5526,LOCKCEIL-01a07757932e71e2a31e32855d8dcba0-715,lock ceiling 715,,credit,f,f,"{""id"": ""01a07757-932e-71e2-a31e-327a994e5526"", ""name"": ""lock ceiling 715"", ""metadata"": null, ""external_id"": null, ""normal_balance_type"": ""credit""}",active,2026-09-06 15:30:23.414343+00
01a07757-932e-71e2-a31e-32982f8720c1,LOCKCEIL-01a07757932e71e2a31e32ae37fc966e-716,lock ceiling 716,,credit,f,f,"{""id"": ""01a07757-932e-71e2-a31e-32982f8720c1"", ""name"": ""lock ceiling 716"", ""metadata"": null, ""external_id"": null, ""normal_balance_type"": ""credit""}",active,2026-09-06 15:30:23.414343+00
01a07757-932e-71e2-a31e-32b4f5948957,LOCKCEIL-01a07757932e71e2a31e32c510659a4a-717,lock ceiling 717,,credit,f,f,"{""id"": ""01a07757-932e-71e2-a31e-32b4f5948957"", ""name"": ""lock ceiling 717"", ""metadata"": null, ""external_id"": null, ""normal_balance_type"": ""credit""}",active,2026-09-06 15:30:23.414343+00
01a07757-932e-71e2-a31e-32d982bd30ef,LOCKCEIL-01a07757932e71e2a31e32eaeb55624d-718,lock ceiling 718,,credit,f,f,"{""id"": ""01a07757-932e-71e2-a31e-32d982bd30ef"", ""name"": ""lock ceiling 718"", ""metadata"": null, ""external_id"": null, ""normal_balance_type"": ""credit""}",active,2026-09-06 15:30:23.414343+00
01a07757-932e-71e2-a31e-32f11692ac9b,LOCKCEIL-01a07757932e71e2a31e330b78d938dc-719,lock ceiling 719,,credit,f,f,"{""id"": ""01a07757-932e-71e2-a31e-32f11692ac9b"", ""name"": ""lock ceiling 719"", ""metadata"": null, ""external_id"": null, ""normal_balance_type"": ""credit""}",active,2026-09-06 15:30:23.414343+00
01a07757-932e-71e2-a31e-331204c1dcca,LOCKCEIL-01a07757932e71e2a31e3327bb9e2b79-720,lock ceiling 720,,credit,f,f,"{""id"": ""01a07757-932e-71e2-a31e-331204c1dcca"", ""name"": ""lock ceiling 720"", ""metadata"": null, ""external_id"": null, ""normal_balance_type"": ""credit""}",active,2026-09-06 15:30:23.414343+00
01a07757-932e-71e2-a31e-3339b0ef2b93,LOCKCEIL-01a07757932e71e2a31e334fca1ad2ab-721,lock ceiling 721,,credit,f,f,"{""id"": ""01a07757-932e-71e2-a31e-3339b0ef2b93"", ""name"": ""lock ceiling 721"", ""metadata"": null, ""external_id"": null, ""normal_balance_type"": ""credit""}",active,2026-09-06 15:30:23.414343+00
01a07757-932e-71e2-a31e-335eedc6f14c,LOCKCEIL-01a07757932e71e2a31e3361f939ba1a-722,lock ceiling 722,,credit,f,f,"{""id"": ""01a07757-932e-71e2-a31e-335eedc6f14c"", ""name"": ""lock ceiling 722"", ""metadata"": null, ""external_id"": null, ""normal_balance_type"": ""credit""}",active,2026-09-06 15:30:23.414343+00
01a07757-932e-71e2-a31e-3372edb7b643,LOCKCEIL-01a07757932e71e2a31e338d691cee48-723,lock ceiling 723,,credit,f,f,"{""id"": ""01a07757-932e-71e2-a31e-3372edb7b643"", ""name"": ""lock ceiling 723"", ""metadata"": null, ""external_id"": null, ""normal_balance_type"": ""credit""}",active,2026-09-06 15:30:23.414343+00
01a07757-932e-71e2-a31e-339d395504e4,LOCKCEIL-01a07757932e71e2a31e33ae9fafcbe9-724,lock ceiling 724,,credit,f,f,"{""id"": ""01a07757-932e-71e2-a31e-339d395504e4"", ""name"": ""lock ceiling 724"", ""metadata"": null, ""external_id"": null, ""normal_balance_type"": ""credit""}",active,2026-09-06 15:30:23.414343+00
01a07757-932e-71e2-a31e-33bb23b7aa8d,LOCKCEIL-01a07757932e71e2a31e33c967c0d43e-725,lock ceiling 725,,credit,f,f,"{""id"": ""01a07757-932e-71e2-a31e-33bb23b7aa8d"", ""name"": ""lock ceiling 725"", ""metadata"": null, ""external_id"": null, ""normal_balance_type"": ""credit""}",active,2026-09-06 15:30:23.414343+00
01a07757-932e-71e2-a31e-33dbcb7279e8,LOCKCEIL-01a07757932e71e2a31e33e7d3786ebe-726,lock ceiling 726,,credit,f,f,"{""id"": ""01a07757-932e-71e2-a31e-33dbcb7279e8"", ""name"": ""lock ceiling 726"", ""metadata"": null, ""external_id"": null, ""normal_balance_type"": ""credit""}",active,2026-09-06 15:30:23.414343+00
01a07757-932e-71e2-a31e-33fc26650808,LOCKCEIL-01a07757932f7192b2a888f3b8c1e0d6-727,lock ceiling 727,,credit,f,f,"{""id"": ""01a07757-932e-71e2-a31e-33fc26650808"", ""name"": ""lock ceiling 727"", ""metadata"": null, ""external_id"": null, ""normal_balance_type"": ""credit""}",active,2026-09-06 15:30:23.414343+00
01a07757-932f-7192-b2a8-8905d1253fa5,LOCKCEIL-01a07757932f7192b2a8891718637722-728,lock ceiling 728,,credit,f,f,"{""id"": ""01a07757-932f-7192-b2a8-8905d1253fa5"", ""name"": ""lock ceiling 728"", ""metadata"": null, ""external_id"": null, ""normal_balance_type"": ""credit""}",active,2026-09-06 15:30:23.414343+00
01a07757-932f-7192-b2a8-892fcc4e6280,LOCKCEIL-01a07757932f7192b2a8893de767b65f-729,lock ceiling 729,,credit,f,f,"{""id"": ""01a07757-932f-7192-b2a8-892fcc4e6280"", ""name"": ""lock ceiling 729"", ""metadata"": null, ""external_id"": null, ""normal_balance_type"": ""credit""}",active,2026-09-06 15:30:23.414343+00
01a07757-932f-7192-b2a8-894374935043,LOCKCEIL-01a07757932f7192b2a8895ce9c11989-730,lock ceiling 730,,credit,f,f,"{""id"": ""01a07757-932f-7192-b2a8-894374935043"", ""name"": ""lock ceiling 730"", ""metadata"": null, ""external_id"": null, ""normal_balance_type"": ""credit""}",active,2026-09-06 15:30:23.414343+00
01a07757-932f-7192-b2a8-896000e1837e,LOCKCEIL-01a07757932f7192b2a8897f130cb1e3-731,lock ceiling 731,,credit,f,f,"{""id"": ""01a07757-932f-7192-b2a8-896000e1837e"", ""name"": ""lock ceiling 731"", ""metadata"": null, ""external_id"": null, ""normal_balance_type"": ""credit""}",active,2026-09-06 15:30:23.414343+00
01a07757-932f-7192-b2a8-8982b7b846cd,LOCKCEIL-01a07757932f7192b2a8899affb7f5d9-732,lock ceiling 732,,credit,f,f,"{""id"": ""01a07757-932f-7192-b2a8-8982b7b846cd"", ""name"": ""lock ceiling 732"", ""metadata"": null, ""external_id"": null, ""normal_balance_type"": ""credit""}",active,2026-09-06 15:30:23.414343+00
01a07757-932f-7192-b2a8-89a3e3e31607,LOCKCEIL-01a07757932f7192b2a889b00a633cd3-733,lock ceiling 733,,credit,f,f,"{""id"": ""01a07757-932f-7192-b2a8-89a3e3e31607"", ""name"": ""lock ceiling 733"", ""metadata"": null, ""external_id"": null, ""normal_balance_type"": ""credit""}",active,2026-09-06 15:30:23.414343+00
01a07757-932f-7192-b2a8-89cece0ad545,LOCKCEIL-01a07757932f7192b2a889d5bcd993ae-734,lock ceiling 734,,credit,f,f,"{""id"": ""01a07757-932f-7192-b2a8-89cece0ad545"", ""name"": ""lock ceiling 734"", ""metadata"": null, ""external_id"": null, ""normal_balance_type"": ""credit""}",active,2026-09-06 15:30:23.414343+00
01a07757-932f-7192-b2a8-89e5f6e4f88e,LOCKCEIL-01a07757932f7192b2a889fac392b217-735,lock ceiling 735,,credit,f,f,"{""id"": ""01a07757-932f-7192-b2a8-89e5f6e4f88e"", ""name"": ""lock ceiling 735"", ""metadata"": null, ""external_id"": null, ""normal_balance_type"": ""credit""}",active,2026-09-06 15:30:23.414343+00
01a07757-932f-7192-b2a8-8a0c0734add8,LOCKCEIL-01a07757932f7192b2a88a1afe7656ac-736,lock ceiling 736,,credit,f,f,"{""id"": ""01a07757-932f-7192-b2a8-8a0c0734add8"", ""name"": ""lock ceiling 736"", ""metadata"": null, ""external_id"": null, ""normal_balance_type"": ""credit""}",active,2026-09-06 15:30:23.414343+00
01a07757-932f-7192-b2a8-8a29d14ce446,LOCKCEIL-01a07757932f7192b2a88a399398fce6-737,lock ceiling 737,,credit,f,f,"{""id"": ""01a07757-932f-7192-b2a8-8a29d14ce446"", ""name"": ""lock ceiling 737"", ""metadata"": null, ""external_id"": null, ""normal_balance_type"": ""credit""}",active,2026-09-06 15:30:23.414343+00
01a07757-932f-7192-b2a8-8a440b282113,LOCKCEIL-01a07757932f7192b2a88a5480f3ee02-738,lock ceiling 738,,credit,f,f,"{""id"": ""01a07757-932f-7192-b2a8-8a440b282113"", ""name"": ""lock ceiling 738"", ""metadata"": null, ""external_id"": null, ""normal_balance_type"": ""credit""}",active,2026-09-06 15:30:23.414343+00
01a07757-932f-7192-b2a8-8a6202201644,LOCKCEIL-01a07757932f7192b2a88a79a0ab73fc-739,lock ceiling 739,,credit,f,f,"{""id"": ""01a07757-932f-7192-b2a8-8a6202201644"", ""name"": ""lock ceiling 739"", ""metadata"": null, ""external_id"": null, ""normal_balance_type"": ""credit""}",active,2026-09-06 15:30:23.414343+00
01a07757-932f-7192-b2a8-8a8ea07eab54,LOCKCEIL-01a07757932f7192b2a88a9ad6de241c-740,lock ceiling 740,,credit,f,f,"{""id"": ""01a07757-932f-7192-b2a8-8a8ea07eab54"", ""name"": ""lock ceiling 740"", ""metadata"": null, ""external_id"": null, ""normal_balance_type"": ""credit""}",active,2026-09-06 15:30:23.414343+00
01a07757-932f-7192-b2a8-8aa214322b48,LOCKCEIL-01a07757932f7192b2a88ab2f8e5d5d4-741,lock ceiling 741,,credit,f,f,"{""id"": ""01a07757-932f-7192-b2a8-8aa214322b48"", ""name"": ""lock ceiling 741"", ""metadata"": null, ""external_id"": null, ""normal_balance_type"": ""credit""}",active,2026-09-06 15:30:23.414343+00
01a07757-932f-7192-b2a8-8acf4cf3cba7,LOCKCEIL-01a07757932f7192b2a88ad88f5cfb22-742,lock ceiling 742,,credit,f,f,"{""id"": ""01a07757-932f-7192-b2a8-8acf4cf3cba7"", ""name"": ""lock ceiling 742"", ""metadata"": null, ""external_id"": null, ""normal_balance_type"": ""credit""}",active,2026-09-06 15:30:23.414343+00
01a07757-9330-7793-a5c3-a4c7b806b096,LOCKCEIL-01a0775793307793a5c3a4d9395374f4-743,lock ceiling 743,,credit,f,f,"{""id"": ""01a07757-9330-7793-a5c3-a4c7b806b096"", ""name"": ""lock ceiling 743"", ""metadata"": null, ""external_id"": null, ""normal_balance_type"": ""credit""}",active,2026-09-06 15:30:23.414343+00
01a07757-9330-7793-a5c3-a4eab1c00307,LOCKCEIL-01a0775793307793a5c3a4fa760de1f9-744,lock ceiling 744,,credit,f,f,"{""id"": ""01a07757-9330-7793-a5c3-a4eab1c00307"", ""name"": ""lock ceiling 744"", ""metadata"": null, ""external_id"": null, ""normal_balance_type"": ""credit""}",active,2026-09-06 15:30:23.414343+00
01a07757-9330-7793-a5c3-a5082fcf37e4,LOCKCEIL-01a0775793307793a5c3a51ab4aa058e-745,lock ceiling 745,,credit,f,f,"{""id"": ""01a07757-9330-7793-a5c3-a5082fcf37e4"", ""name"": ""lock ceiling 745"", ""metadata"": null, ""external_id"": null, ""normal_balance_type"": ""credit""}",active,2026-09-06 15:30:23.414343+00
01a07757-9330-7793-a5c3-a52f6464b7b2,LOCKCEIL-01a0775793307793a5c3a533b85c21bf-746,lock ceiling 746,,credit,f,f,"{""id"": ""01a07757-9330-7793-a5c3-a52f6464b7b2"", ""name"": ""lock ceiling 746"", ""metadata"": null, ""external_id"": null, ""normal_balance_type"": ""credit""}",active,2026-09-06 15:30:23.414343+00
01a07757-9330-7793-a5c3-a5492e4069b8,LOCKCEIL-01a0775793307793a5c3a55a18ff1b5e-747,lock ceiling 747,,credit,f,f,"{""id"": ""01a07757-9330-7793-a5c3-a5492e4069b8"", ""name"": ""lock ceiling 747"", ""metadata"": null, ""external_id"": null, ""normal_balance_type"": ""credit""}",active,2026-09-06 15:30:23.414343+00
01a07757-9330-7793-a5c3-a56f0f9ba0b6,LOCKCEIL-01a0775793307793a5c3a5753acc147f-748,lock ceiling 748,,credit,f,f,"{""id"": ""01a07757-9330-7793-a5c3-a56f0f9ba0b6"", ""name"": ""lock ceiling 748"", ""metadata"": null, ""external_id"": null, ""normal_balance_type"": ""credit""}",active,2026-09-06 15:30:23.414343+00
01a07757-9330-7793-a5c3-a589a9321d1a,LOCKCEIL-01a0775793307793a5c3a5966ab02190-749,lock ceiling 749,,credit,f,f,"{""id"": ""01a07757-9330-7793-a5c3-a589a9321d1a"", ""name"": ""lock ceiling 749"", ""metadata"": null, ""external_id"": null, ""normal_balance_type"": ""credit""}",active,2026-09-06 15:30:23.414343+00
01a07757-9330-7793-a5c3-a5a4d2371e54,LOCKCEIL-01a0775793307793a5c3a5bb51542d06-750,lock ceiling 750,,credit,f,f,"{""id"": ""01a07757-9330-7793-a5c3-a5a4d2371e54"", ""name"": ""lock ceiling 750"", ""metadata"": null, ""external_id"": null, ""normal_balance_type"": ""credit""}",active,2026-09-06 15:30:23.414343+00
01a07757-9330-7793-a5c3-a5c3957af505,LOCKCEIL-01a0775793307793a5c3a5d9c6b25992-751,lock ceiling 751,,credit,f,f,"{""id"": ""01a07757-9330-7793-a5c3-a5c3957af505"", ""name"": ""lock ceiling 751"", ""metadata"": null, ""external_id"": null, ""normal_balance_type"": ""credit""}",active,2026-09-06 15:30:23.414343+00
01a07757-9330-7793-a5c3-a5e4ea6848c2,LOCKCEIL-01a0775793307793a5c3a5f3d83d9b52-752,lock ceiling 752,,credit,f,f,"{""id"": ""01a07757-9330-7793-a5c3-a5e4ea6848c2"", ""name"": ""lock ceiling 752"", ""metadata"": null, ""external_id"": null, ""normal_balance_type"": ""credit""}",active,2026-09-06 15:30:23.414343+00
01a07757-9330-7793-a5c3-a604e5c43486,LOCKCEIL-01a0775793307793a5c3a61442db8d5b-753,lock ceiling 753,,credit,f,f,"{""id"": ""01a07757-9330-7793-a5c3-a604e5c43486"", ""name"": ""lock ceiling 753"", ""metadata"": null, ""external_id"": null, ""normal_balance_type"": ""credit""}",active,2026-09-06 15:30:23.414343+00
01a07757-9330-7793-a5c3-a624fff55688,LOCKCEIL-01a0775793307793a5c3a63f74de8946-754,lock ceiling 754,,credit,f,f,"{""id"": ""01a07757-9330-7793-a5c3-a624fff55688"", ""name"": ""lock ceiling 754"", ""metadata"": null, ""external_id"": null, ""normal_balance_type"": ""credit""}",active,2026-09-06 15:30:23.414343+00
01a07757-9330-7793-a5c3-a6426f8d4aa5,LOCKCEIL-01a0775793307793a5c3a656ef7fc763-755,lock ceiling 755,,credit,f,f,"{""id"": ""01a07757-9330-7793-a5c3-a6426f8d4aa5"", ""name"": ""lock ceiling 755"", ""metadata"": null, ""external_id"": null, ""normal_balance_type"": ""credit""}",active,2026-09-06 15:30:23.414343+00
01a07757-9330-7793-a5c3-a66ede8f98aa,LOCKCEIL-01a0775793307793a5c3a678a279ee85-756,lock ceiling 756,,credit,f,f,"{""id"": ""01a07757-9330-7793-a5c3-a66ede8f98aa"", ""name"": ""lock ceiling 756"", ""metadata"": null, ""external_id"": null, ""normal_balance_type"": ""credit""}",active,2026-09-06 15:30:23.414343+00
01a07757-9330-7793-a5c3-a68171c00a19,LOCKCEIL-01a0775793307793a5c3a691182f48cb-757,lock ceiling 757,,credit,f,f,"{""id"": ""01a07757-9330-7793-a5c3-a68171c00a19"", ""name"": ""lock ceiling 757"", ""metadata"": null, ""external_id"": null, ""normal_balance_type"": ""credit""}",active,2026-09-06 15:30:23.414343+00
01a07757-9330-7793-a5c3-a6ac5313514f,LOCKCEIL-01a0775793307793a5c3a6bd6f38dfae-758,lock ceiling 758,,credit,f,f,"{""id"": ""01a07757-9330-7793-a5c3-a6ac5313514f"", ""name"": ""lock ceiling 758"", ""metadata"": null, ""external_id"": null, ""normal_balance_type"": ""credit""}",active,2026-09-06 15:30:23.414343+00
01a07757-9330-7793-a5c3-a6c49ead07cb,LOCKCEIL-01a0775793307793a5c3a6dcf943be0c-759,lock ceiling 759,,credit,f,f,"{""id"": ""01a07757-9330-7793-a5c3-a6c49ead07cb"", ""name"": ""lock ceiling 759"", ""metadata"": null, ""external_id"": null, ""normal_balance_type"": ""credit""}",active,2026-09-06 15:30:23.414343+00
01a07757-9330-7793-a5c3-a6e8c6584a22,LOCKCEIL-01a0775793307793a5c3a6fcb19bea54-760,lock ceiling 760,,credit,f,f,"{""id"": ""01a07757-9330-7793-a5c3-a6e8c6584a22"", ""name"": ""lock ceiling 760"", ""metadata"": null, ""external_id"": null, ""normal_balance_type"": ""credit""}",active,2026-09-06 15:30:23.414343+00
01a07757-9330-7793-a5c3-a70aec0a4b5b,LOCKCEIL-01a0775793307793a5c3a7148b03b2d5-761,lock ceiling 761,,credit,f,f,"{""id"": ""01a07757-9330-7793-a5c3-a70aec0a4b5b"", ""name"": ""lock ceiling 761"", ""metadata"": null, ""external_id"": null, ""normal_balance_type"": ""credit""}",active,2026-09-06 15:30:23.414343+00
01a07757-9330-7793-a5c3-a72bfc187047,LOCKCEIL-01a0775793307793a5c3a730cb4576a2-762,lock ceiling 762,,credit,f,f,"{""id"": ""01a07757-9330-7793-a5c3-a72bfc187047"", ""name"": ""lock ceiling 762"", ""metadata"": null, ""external_id"": null, ""normal_balance_type"": ""credit""}",active,2026-09-06 15:30:23.414343+00
01a07757-9330-7793-a5c3-a744d67d32de,LOCKCEIL-01a0775793307793a5c3a75c1e179b74-763,lock ceiling 763,,credit,f,f,"{""id"": ""01a07757-9330-7793-a5c3-a744d67d32de"", ""name"": ""lock ceiling 763"", ""metadata"": null, ""external_id"": null, ""normal_balance_type"": ""credit""}",active,2026-09-06 15:30:23.414343+00
01a07757-9330-7793-a5c3-a76bedc4a230,LOCKCEIL-01a0775793307793a5c3a77cfd1a5502-764,lock ceiling 764,,credit,f,f,"{""id"": ""01a07757-9330-7793-a5c3-a76bedc4a230"", ""name"": ""lock ceiling 764"", ""metadata"": null, ""external_id"": null, ""normal_balance_type"": ""credit""}",active,2026-09-06 15:30:23.414343+00
01a07757-9330-7793-a5c3-a7898eda6540,LOCKCEIL-01a0775793307793a5c3a79db4a03ed8-765,lock ceiling 765,,credit,f,f,"{""id"": ""01a07757-9330-7793-a5c3-a7898eda6540"", ""name"": ""lock ceiling 765"", ""metadata"": null, ""external_id"": null, ""normal_balance_type"": ""credit""}",active,2026-09-06 15:30:23.414343+00
01a07757-9330-7793-a5c3-a7a583f715e1,LOCKCEIL-01a0775793307793a5c3a7b586cec2b4-766,lock ceiling 766,,credit,f,f,"{""id"": ""01a07757-9330-7793-a5c3-a7a583f715e1"", ""name"": ""lock ceiling 766"", ""metadata"": null, ""external_id"": null, ""normal_balance_type"": ""credit""}",active,2026-09-06 15:30:23.414343+00
01a07757-9330-7793-a5c3-a7c2e2d57db6,LOCKCEIL-01a0775793307793a5c3a7d152fcf918-767,lock ceiling 767,,credit,f,f,"{""id"": ""01a07757-9330-7793-a5c3-a7c2e2d57db6"", ""name"": ""lock ceiling 767"", ""metadata"": null, ""external_id"": null, ""normal_balance_type"": ""credit""}",active,2026-09-06 15:30:23.414343+00
01a07757-9330-7793-a5c3-a7ee1e2005ca,LOCKCEIL-01a0775793307793a5c3a7f2f63d299d-768,lock ceiling 768,,credit,f,f,"{""id"": ""01a07757-9330-7793-a5c3-a7ee1e2005ca"", ""name"": ""lock ceiling 768"", ""metadata"": null, ""external_id"": null, ""normal_balance_type"": ""credit""}",active,2026-09-06 15:30:23.414343+00
01a07757-9330-7793-a5c3-a80b9227cfa8,LOCKCEIL-01a0775793307793a5c3a812a39fbd92-769,lock ceiling 769,,credit,f,f,"{""id"": ""01a07757-9330-7793-a5c3-a80b9227cfa8"", ""name"": ""lock ceiling 769"", ""metadata"": null, ""external_id"": null, ""normal_balance_type"": ""credit""}",active,2026-09-06 15:30:23.414343+00
01a07757-9330-7793-a5c3-a82a02887dd9,LOCKCEIL-01a0775793307793a5c3a83628e73c96-770,lock ceiling 770,,credit,f,f,"{""id"": ""01a07757-9330-7793-a5c3-a82a02887dd9"", ""name"": ""lock ceiling 770"", ""metadata"": null, ""external_id"": null, ""normal_balance_type"": ""credit""}",active,2026-09-06 15:30:23.414343+00
01a07757-9330-7793-a5c3-a8419c047308,LOCKCEIL-01a0775793307793a5c3a859ee61ea3f-771,lock ceiling 771,,credit,f,f,"{""id"": ""01a07757-9330-7793-a5c3-a8419c047308"", ""name"": ""lock ceiling 771"", ""metadata"": null, ""external_id"": null, ""normal_balance_type"": ""credit""}",active,2026-09-06 15:30:23.414343+00
01a07757-9330-7793-a5c3-a86a8e2b116c,LOCKCEIL-01a0775793307793a5c3a87a898eb749-772,lock ceiling 772,,credit,f,f,"{""id"": ""01a07757-9330-7793-a5c3-a86a8e2b116c"", ""name"": ""lock ceiling 772"", ""metadata"": null, ""external_id"": null, ""normal_balance_type"": ""credit""}",active,2026-09-06 15:30:23.414343+00
01a07757-9330-7793-a5c3-a88132e5f281,LOCKCEIL-01a0775793307793a5c3a899ec5e13a1-773,lock ceiling 773,,credit,f,f,"{""id"": ""01a07757-9330-7793-a5c3-a88132e5f281"", ""name"": ""lock ceiling 773"", ""metadata"": null, ""external_id"": null, ""normal_balance_type"": ""credit""}",active,2026-09-06 15:30:23.414343+00
01a07757-9330-7793-a5c3-a8a328bb862c,LOCKCEIL-01a0775793307793a5c3a8b4b4156ad4-774,lock ceiling 774,,credit,f,f,"{""id"": ""01a07757-9330-7793-a5c3-a8a328bb862c"", ""name"": ""lock ceiling 774"", ""metadata"": null, ""external_id"": null, ""normal_balance_type"": ""credit""}",active,2026-09-06 15:30:23.414343+00
01a07757-9330-7793-a5c3-a8ca8572a853,LOCKCEIL-01a0775793307793a5c3a8d84c2d34e4-775,lock ceiling 775,,credit,f,f,"{""id"": ""01a07757-9330-7793-a5c3-a8ca8572a853"", ""name"": ""lock ceiling 775"", ""metadata"": null, ""external_id"": null, ""normal_balance_type"": ""credit""}",active,2026-09-06 15:30:23.414343+00
01a07757-9330-7793-a5c3-a8ef5b177551,LOCKCEIL-01a0775793307793a5c3a8f30e702a90-776,lock ceiling 776,,credit,f,f,"{""id"": ""01a07757-9330-7793-a5c3-a8ef5b177551"", ""name"": ""lock ceiling 776"", ""metadata"": null, ""external_id"": null, ""normal_balance_type"": ""credit""}",active,2026-09-06 15:30:23.414343+00
01a07757-9330-7793-a5c3-a901f46bc342,LOCKCEIL-01a0775793307793a5c3a912d453a889-777,lock ceiling 777,,credit,f,f,"{""id"": ""01a07757-9330-7793-a5c3-a901f46bc342"", ""name"": ""lock ceiling 777"", ""metadata"": null, ""external_id"": null, ""normal_balance_type"": ""credit""}",active,2026-09-06 15:30:23.414343+00
01a07757-9330-7793-a5c3-a925a00b627f,LOCKCEIL-01a0775793307793a5c3a93c345378f2-778,lock ceiling 778,,credit,f,f,"{""id"": ""01a07757-9330-7793-a5c3-a925a00b627f"", ""name"": ""lock ceiling 778"", ""metadata"": null, ""external_id"": null, ""normal_balance_type"": ""credit""}",active,2026-09-06 15:30:23.414343+00
01a07757-9330-7793-a5c3-a94814ee9702,LOCKCEIL-01a0775793307793a5c3a9517023679b-779,lock ceiling 779,,credit,f,f,"{""id"": ""01a07757-9330-7793-a5c3-a94814ee9702"", ""name"": ""lock ceiling 779"", ""metadata"": null, ""external_id"": null, ""normal_balance_type"": ""credit""}",active,2026-09-06 15:30:23.414343+00
01a07757-9330-7793-a5c3-a9698ed1e7b6,LOCKCEIL-01a0775793307793a5c3a97c02275193-780,lock ceiling 780,,credit,f,f,"{""id"": ""01a07757-9330-7793-a5c3-a9698ed1e7b6"", ""name"": ""lock ceiling 780"", ""metadata"": null, ""external_id"": null, ""normal_balance_type"": ""credit""}",active,2026-09-06 15:30:23.414343+00
01a07757-9330-7793-a5c3-a987a5790c7f,LOCKCEIL-01a0775793307793a5c3a9904ec066c6-781,lock ceiling 781,,credit,f,f,"{""id"": ""01a07757-9330-7793-a5c3-a987a5790c7f"", ""name"": ""lock ceiling 781"", ""metadata"": null, ""external_id"": null, ""normal_balance_type"": ""credit""}",active,2026-09-06 15:30:23.414343+00
01a07757-9330-7793-a5c3-a9ab547f19c3,LOCKCEIL-01a0775793307793a5c3a9bb9efc67cd-782,lock ceiling 782,,credit,f,f,"{""id"": ""01a07757-9330-7793-a5c3-a9ab547f19c3"", ""name"": ""lock ceiling 782"", ""metadata"": null, ""external_id"": null, ""normal_balance_type"": ""credit""}",active,2026-09-06 15:30:23.414343+00
01a07757-9330-7793-a5c3-a9ca26e87c7b,LOCKCEIL-01a0775793307793a5c3a9d17ff8091c-783,lock ceiling 783,,credit,f,f,"{""id"": ""01a07757-9330-7793-a5c3-a9ca26e87c7b"", ""name"": ""lock ceiling 783"", ""metadata"": null, ""external_id"": null, ""normal_balance_type"": ""credit""}",active,2026-09-06 15:30:23.414343+00
01a07757-9330-7793-a5c3-a9e697d06d2a,LOCKCEIL-01a0775793307793a5c3a9f7bdc09177-784,lock ceiling 784,,credit,f,f,"{""id"": ""01a07757-9330-7793-a5c3-a9e697d06d2a"", ""name"": ""lock ceiling 784"", ""metadata"": null, ""external_id"": null, ""normal_balance_type"": ""credit""}",active,2026-09-06 15:30:23.414343+00
01a07757-9330-7793-a5c3-aa03acad6e89,LOCKCEIL-01a0775793307793a5c3aa154a4ffe30-785,lock ceiling 785,,credit,f,f,"{""id"": ""01a07757-9330-7793-a5c3-aa03acad6e89"", ""name"": ""lock ceiling 785"", ""metadata"": null, ""external_id"": null, ""normal_balance_type"": ""credit""}",active,2026-09-06 15:30:23.414343+00
01a07757-9330-7793-a5c3-aa241587814b,LOCKCEIL-01a0775793307793a5c3aa3b5fdc5bc9-786,lock ceiling 786,,credit,f,f,"{""id"": ""01a07757-9330-7793-a5c3-aa241587814b"", ""name"": ""lock ceiling 786"", ""metadata"": null, ""external_id"": null, ""normal_balance_type"": ""credit""}",active,2026-09-06 15:30:23.414343+00
01a07757-9330-7793-a5c3-aa439256ec62,LOCKCEIL-01a0775793357dd198521f6d01152915-787,lock ceiling 787,,credit,f,f,"{""id"": ""01a07757-9330-7793-a5c3-aa439256ec62"", ""name"": ""lock ceiling 787"", ""metadata"": null, ""external_id"": null, ""normal_balance_type"": ""credit""}",active,2026-09-06 15:30:23.414343+00
01a07757-9335-7dd1-9852-1f7511de441f,LOCKCEIL-01a0775793357dd198521f86080846df-788,lock ceiling 788,,credit,f,f,"{""id"": ""01a07757-9335-7dd1-9852-1f7511de441f"", ""name"": ""lock ceiling 788"", ""metadata"": null, ""external_id"": null, ""normal_balance_type"": ""credit""}",active,2026-09-06 15:30:23.414343+00
01a07757-9335-7dd1-9852-1f9bf8077df7,LOCKCEIL-01a0775793357dd198521fa7f6419723-789,lock ceiling 789,,credit,f,f,"{""id"": ""01a07757-9335-7dd1-9852-1f9bf8077df7"", ""name"": ""lock ceiling 789"", ""metadata"": null, ""external_id"": null, ""normal_balance_type"": ""credit""}",active,2026-09-06 15:30:23.414343+00
01a07757-9335-7dd1-9852-1fb7a4315aa0,LOCKCEIL-01a0775793357dd198521fc57601eda5-790,lock ceiling 790,,credit,f,f,"{""id"": ""01a07757-9335-7dd1-9852-1fb7a4315aa0"", ""name"": ""lock ceiling 790"", ""metadata"": null, ""external_id"": null, ""normal_balance_type"": ""credit""}",active,2026-09-06 15:30:23.414343+00
01a07757-9335-7dd1-9852-1fd48dc6417f,LOCKCEIL-01a0775793357dd198521fe28c379ff3-791,lock ceiling 791,,credit,f,f,"{""id"": ""01a07757-9335-7dd1-9852-1fd48dc6417f"", ""name"": ""lock ceiling 791"", ""metadata"": null, ""external_id"": null, ""normal_balance_type"": ""credit""}",active,2026-09-06 15:30:23.414343+00
01a07757-9335-7dd1-9852-1ff7f3412e66,LOCKCEIL-01a0775793357dd1985220074b850f09-792,lock ceiling 792,,credit,f,f,"{""id"": ""01a07757-9335-7dd1-9852-1ff7f3412e66"", ""name"": ""lock ceiling 792"", ""metadata"": null, ""external_id"": null, ""normal_balance_type"": ""credit""}",active,2026-09-06 15:30:23.414343+00
01a07757-9335-7dd1-9852-201e1bd49ac6,LOCKCEIL-01a0775793357dd19852202e96a24284-793,lock ceiling 793,,credit,f,f,"{""id"": ""01a07757-9335-7dd1-9852-201e1bd49ac6"", ""name"": ""lock ceiling 793"", ""metadata"": null, ""external_id"": null, ""normal_balance_type"": ""credit""}",active,2026-09-06 15:30:23.414343+00
01a07757-9335-7dd1-9852-203c27bda557,LOCKCEIL-01a0775793357dd1985220490872958e-794,lock ceiling 794,,credit,f,f,"{""id"": ""01a07757-9335-7dd1-9852-203c27bda557"", ""name"": ""lock ceiling 794"", ""metadata"": null, ""external_id"": null, ""normal_balance_type"": ""credit""}",active,2026-09-06 15:30:23.414343+00
01a07757-9335-7dd1-9852-2053fc8d200c,LOCKCEIL-01a0775793357dd1985220608b0c2dc1-795,lock ceiling 795,,credit,f,f,"{""id"": ""01a07757-9335-7dd1-9852-2053fc8d200c"", ""name"": ""lock ceiling 795"", ""metadata"": null, ""external_id"": null, ""normal_balance_type"": ""credit""}",active,2026-09-06 15:30:23.414343+00
01a07757-9335-7dd1-9852-207268b4ad2e,LOCKCEIL-01a0775793357dd19852208e1201a12a-796,lock ceiling 796,,credit,f,f,"{""id"": ""01a07757-9335-7dd1-9852-207268b4ad2e"", ""name"": ""lock ceiling 796"", ""metadata"": null, ""external_id"": null, ""normal_balance_type"": ""credit""}",active,2026-09-06 15:30:23.414343+00
01a07757-9335-7dd1-9852-209071baf227,LOCKCEIL-01a0775793357dd1985220a62abd41a3-797,lock ceiling 797,,credit,f,f,"{""id"": ""01a07757-9335-7dd1-9852-209071baf227"", ""name"": ""lock ceiling 797"", ""metadata"": null, ""external_id"": null, ""normal_balance_type"": ""credit""}",active,2026-09-06 15:30:23.414343+00
01a07757-9335-7dd1-9852-20bf62f7e259,LOCKCEIL-01a0775793357dd1985220c470edf37f-798,lock ceiling 798,,credit,f,f,"{""id"": ""01a07757-9335-7dd1-9852-20bf62f7e259"", ""name"": ""lock ceiling 798"", ""metadata"": null, ""external_id"": null, ""normal_balance_type"": ""credit""}",active,2026-09-06 15:30:23.414343+00
01a07757-9335-7dd1-9852-20d06932345c,LOCKCEIL-01a0775793357dd1985220e0e79f853a-799,lock ceiling 799,,credit,f,f,"{""id"": ""01a07757-9335-7dd1-9852-20d06932345c"", ""name"": ""lock ceiling 799"", ""metadata"": null, ""external_id"": null, ""normal_balance_type"": ""credit""}",active,2026-09-06 15:30:23.414343+00
01a07757-9430-76b3-a30a-1ef657dd44bf,g2EkKmUxm6YBh4pYjCkvYoDrvXq5g8Cl,Test Sender Account g2EkKmUxm6YBh4pYjCkvYoDrvXq5g8Cl,,credit,f,f,"{""id"": ""01a07757-9430-76b3-a30a-1ef657dd44bf"", ""name"": ""Test Sender Account g2EkKmUxm6YBh4pYjCkvYoDrvXq5g8Cl"", ""metadata"": null, ""external_id"": null, ""normal_balance_type"": ""credit""}",active,2026-09-06 15:30:23.80196+00
01a07757-9430-76b3-a30a-1f0df2c6e311,DrJNAXHZqAOxYOlHaeVP2VYcErEHVMDo,Test Recipient Account DrJNAXHZqAOxYOlHaeVP2VYcErEHVMDo,,credit,f,f,"{""id"": ""01a07757-9430-76b3-a30a-1f0df2c6e311"", ""name"": ""Test Recipient Account DrJNAXHZqAOxYOlHaeVP2VYcErEHVMDo"", ""metadata"": null, ""external_id"": null, ""normal_balance_type"": ""credit""}",active,2026-09-06 15:30:24.198677+00
01a07757-94cb-7a71-8025-1e6170713cbd,MhDli1r8IUoRIDlc7hi3hqdv1aexqYWW,Test Sender Account MhDli1r8IUoRIDlc7hi3hqdv1aexqYWW,,credit,f,f,"{""id"": ""01a07757-94cb-7a71-8025-1e6170713cbd"", ""name"": ""Test Sender Account MhDli1r8IUoRIDlc7hi3hqdv1aexqYWW"", ""metadata"": null, ""external_id"": null, ""normal_balance_type"": ""credit""}",active,2026-09-06 15:30:23.565359+00
01a07757-94cb-7a71-8025-1e74326e8719,mcI42qyuqMsojrptv8z82B2NUWK9kKDO,Test Recipient Account mcI42qyuqMsojrptv8z82B2NUWK9kKDO,,credit,f,f,"{""id"": ""01a07757-94cb-7a71-8025-1e74326e8719"", ""name"": ""Test Recipient Account mcI42qyuqMsojrptv8z82B2NUWK9kKDO"", ""metadata"": null, ""external_id"": null, ""normal_balance_type"": ""credit""}",active,2026-09-06 15:30:23.598023+00
01a07757-9584-7b31-bacf-c0958de5b894,JqweveTii0mxmT76UKzRFXUD5cT42yHE,Test Sender Account JqweveTii0mxmT76UKzRFXUD5cT42yHE,,credit,f,f,"{""id"": ""01a07757-9584-7b31-bacf-c0958de5b894"", ""name"": ""Test Sender Account JqweveTii0mxmT76UKzRFXUD5cT42yHE"", ""metadata"": null, ""external_id"": null, ""normal_balance_type"": ""credit""}",active,2026-09-06 15:30:23.751347+00
01a07757-9584-7b31-bacf-c0a2245aff4b,n5wzIKSVwyu81GCgKicmdqJDv6B201SC,Test Recipient Account n5wzIKSVwyu81GCgKicmdqJDv6B201SC,,credit,f,f,"{""id"": ""01a07757-9584-7b31-bacf-c0a2245aff4b"", ""name"": ""Test Recipient Account n5wzIKSVwyu81GCgKicmdqJDv6B201SC"", ""metadata"": null, ""external_id"": null, ""normal_balance_type"": ""credit""}",active,2026-09-06 15:30:23.806319+00
01a07757-9633-76f3-8404-0322135d85aa,Qmykq93SDmQuVHWYYZOmharVuR8kWFhe,Test Sender Account Qmykq93SDmQuVHWYYZOmharVuR8kWFhe,,credit,f,f,"{""id"": ""01a07757-9633-76f3-8404-0322135d85aa"", ""name"": ""Test Sender Account Qmykq93SDmQuVHWYYZOmharVuR8kWFhe"", ""metadata"": null, ""external_id"": null, ""normal_balance_type"": ""credit""}",active,2026-09-06 15:30:24.761285+00
01a07757-9633-76f3-8404-033f19608cbc,HYDQJohW2GJrk8WW5HtugbV79crD4eWg,Test Recipient Account HYDQJohW2GJrk8WW5HtugbV79crD4eWg,,credit,f,f,"{""id"": ""01a07757-9633-76f3-8404-033f19608cbc"", ""name"": ""Test Recipient Account HYDQJohW2GJrk8WW5HtugbV79crD4eWg"", ""metadata"": null, ""external_id"": null, ""normal_balance_type"": ""credit""}",active,2026-09-06 15:30:25.039697+00
01a07757-97a2-7842-b767-ad5761d52c3a,01a07757-97a2-7842-b767-ad5761d52c3a,"",,credit,f,t,"{""id"": ""01a07757-97a2-7842-b767-ad5761d52c3a"", ""name"": ""SET A"", ""metadata"": null, ""external_id"": null, ""normal_balance_type"": ""credit""}",active,2026-09-06 15:30:24.293307+00
01a07757-97d9-72f2-ba56-681a89241c8d,01a07757-97d9-72f2-ba56-681a89241c8d,"",,credit,f,t,"{""id"": ""01a07757-97d9-72f2-ba56-681a89241c8d"", ""name"": ""SET B"", ""metadata"": null, ""external_id"": null, ""normal_balance_type"": ""credit""}",active,2026-09-06 15:30:24.347905+00
01a07757-99ed-7ed1-ae3d-118ad6cefe40,Km67aUv0zgvnuXJLnAr1S2x8fiTHSnTu,Test Sender Account Km67aUv0zgvnuXJLnAr1S2x8fiTHSnTu,,credit,f,f,"{""id"": ""01a07757-99ed-7ed1-ae3d-118ad6cefe40"", ""name"": ""Test Sender Account Km67aUv0zgvnuXJLnAr1S2x8fiTHSnTu"", ""metadata"": null, ""external_id"": null, ""normal_balance_type"": ""credit""}",active,2026-09-06 15:30:24.87954+00
01a07757-99ed-7ed1-ae3d-119ff5e3e78e,nLudwOo1wL7g0i5aDDAzF7rBnAVUXA7z,Test Recipient Account nLudwOo1wL7g0i5aDDAzF7rBnAVUXA7z,,credit,f,f,"{""id"": ""01a07757-99ed-7ed1-ae3d-119ff5e3e78e"", ""name"": ""Test Recipient Account nLudwOo1wL7g0i5aDDAzF7rBnAVUXA7z"", ""metadata"": null, ""external_id"": null, ""normal_balance_type"": ""credit""}",active,2026-09-06 15:30:24.948839+00
01a07757-9abb-7a51-835e-7da2372de51e,U8YDOO0BxtxTYqDvkzSRZg2FJLQ81IZV,Test Sender Account U8YDOO0BxtxTYqDvkzSRZg2FJLQ81IZV,,credit,f,f,"{""id"": ""01a07757-9abb-7a51-835e-7da2372de51e"", ""name"": ""Test Sender Account U8YDOO0BxtxTYqDvkzSRZg2FJLQ81IZV"", ""metadata"": null, ""external_id"": null, ""normal_balance_type"": ""credit""}",active,2026-09-06 15:30:25.086755+00
01a07757-9abb-7a51-835e-7dbaef6c4ca3,mxya4oE4IQazZHQkm8J5BpS03DYIylCG,Test Recipient Account mxya4oE4IQazZHQkm8J5BpS03DYIylCG,,credit,f,f,"{""id"": ""01a07757-9abb-7a51-835e-7dbaef6c4ca3"", ""name"": ""Test Recipient Account mxya4oE4IQazZHQkm8J5BpS03DYIylCG"", ""metadata"": null, ""external_id"": null, ""normal_balance_type"": ""credit""}",active,2026-09-06 15:30:25.153626+00
01a07757-9ac5-7420-9095-3f22fe6f4e43,q5al8BBtCR6rvd7HCzNnembyTBQerXYu,Test Sender Account q5al8BBtCR6rvd7HCzNnembyTBQerXYu,,credit,f,f,"{""id"": ""01a07757-9ac5-7420-9095-3f22fe6f4e43"", ""name"": ""Test Sender Account q5al8BBtCR6rvd7HCzNnembyTBQerXYu"", ""metadata"": null, ""external_id"": null, ""normal_balance_type"": ""credit""}",active,2026-09-06 15:30:25.104281+00
01a07757-9ac5-7420-9095-3f583ef823c3,M2LZX0gzwh3o3gvCDPakPySyJeNmoUOh,Test Recipient Account M2LZX0gzwh3o3gvCDPakPySyJeNmoUOh,,credit,f,f,"{""id"": ""01a07757-9ac5-7420-9095-3f583ef823c3"", ""name"": ""Test Recipient Account M2LZX0gzwh3o3gvCDPakPySyJeNmoUOh"", ""metadata"": null, ""external_id"": null, ""normal_balance_type"": ""credit""}",active,2026-09-06 15:30:25.505627+00
01a07757-9d0c-7a21-91f4-6213ed06ddd5,BATCH-DEADLOCK-0-0WkKO9DrbomJbsAfitXQ1B2x,batch deadlock probe 0,,credit,f,f,"{""id"": ""01a07757-9d0c-7a21-91f4-6213ed06ddd5"", ""name"": ""batch deadlock probe 0"", ""metadata"": null, ""external_id"": null, ""normal_balance_type"": ""credit""}",active,2026-09-06 15:30:25.743162+00
01a07757-9d99-75a1-ab8c-1e3d5be60add,BATCH-DEADLOCK-1-IZOAggP9IuthGdvjuz31NWPM,batch deadlock probe 1,,credit,f,f,"{""id"": ""01a07757-9d99-75a1-ab8c-1e3d5be60add"", ""name"": ""batch deadlock probe 1"", ""metadata"": null, ""external_id"": null, ""normal_balance_type"": ""credit""}",active,2026-09-06 15:30:25.818321+00
01a07757-9db2-7eb2-957e-31c7c8a22794,BATCH-DEADLOCK-2-j1TM4CSGZFMutf7jFrcr3aCb,batch deadlock probe 2,,credit,f,f,"{""id"": ""01a07757-9db2-7eb2-957e-31c7c8a22794"", ""name"": ""batch deadlock probe 2"", ""metadata"": null, ""external_id"": null, ""normal_balance_type"": ""credit""}",active,2026-09-06 15:30:25.844048+00
01a07757-9dcb-76e1-8828-1f242afd1d85,BATCH-DEADLOCK-3-TbPinAExT5Le95pjD4Y19Llz,batch deadlock probe 3,,credit,f,f,"{""id"": ""01a07757-9dcb-76e1-8828-1f242afd1d85"", ""name"": ""batch deadlock probe 3"", ""metadata"": null, ""external_id"": null, ""normal_balance_type"": ""credit""}",active,2026-09-06 15:30:25.868876+00
01a07757-9dea-7652-b802-95683ec3887c,BATCH-DEADLOCK-4-AmmmAGLIezBaJTyooqkOTlVm,batch deadlock probe 4,,credit,f,f,"{""id"": ""01a07757-9dea-7652-b802-95683ec3887c"", ""name"": ""batch deadlock probe 4"", ""metadata"": null, ""external_id"": null, ""normal_balance_type"": ""credit""}",active,2026-09-06 15:30:25.898626+00
01a07757-9df2-7483-9d35-d23aae7110aa,BATCH-DEADLOCK-5-QUbJb84tznIVgcZUWmMkCSih,batch deadlock probe 5,,credit,f,f,"{""id"": ""01a07757-9df2-7483-9d35-d23aae7110aa"", ""name"": ""batch deadlock probe 5"", ""metadata"": null, ""external_id"": null, ""normal_balance_type"": ""credit""}",active,2026-09-06 15:30:25.909644+00
01a07757-9ee7-7431-ae4c-4a78289e1cd7,Dblgggn0hZwID3eXNelRGf2mn6CkUBBp,Test Sender Account Dblgggn0hZwID3eXNelRGf2mn6CkUBBp,,credit,f,f,"{""id"": ""01a07757-9ee7-7431-ae4c-4a78289e1cd7"", ""name"": ""Test Sender Account Dblgggn0hZwID3eXNelRGf2mn6CkUBBp"", ""metadata"": null, ""external_id"": null, ""normal_balance_type"": ""credit""}",active,2026-09-06 15:30:26.156749+00
01a07757-9ee7-7431-ae4c-4a8b69d44c16,fclNpe8lw2ZGAOexOO4yc3cii9tQeJOm,Test Recipient Account fclNpe8lw2ZGAOexOO4yc3cii9tQeJOm,,credit,f,f,"{""id"": ""01a07757-9ee7-7431-ae4c-4a8b69d44c16"", ""name"": ""Test Recipient Account fclNpe8lw2ZGAOexOO4yc3cii9tQeJOm"", ""metadata"": null, ""external_id"": null, ""normal_balance_type"": ""credit""}",active,2026-09-06 15:30:26.184292+00
01a07757-9f1c-7f63-a99b-7043eb2e05c2,h8TBiuPEpK0UtjkOrmHFydp7wnl0F44t,Test Sender Account h8TBiuPEpK0UtjkOrmHFydp7wnl0F44t,,credit,f,f,"{""id"": ""01a07757-9f1c-7f63-a99b-7043eb2e05c2"", ""name"": ""Test Sender Account h8TBiuPEpK0UtjkOrmHFydp7wnl0F44t"", ""metadata"": null, ""external_id"": null, ""normal_balance_type"": ""credit""}",active,2026-09-06 15:30:26.205571+00
01a07757-9f1c-7f63-a99b-7056e80381fa,OUAhzNZ4yZX50M1dmKcszv8kF4eq9KdJ,Test Recipient Account OUAhzNZ4yZX50M1dmKcszv8kF4eq9KdJ,,credit,f,f,"{""id"": ""01a07757-9f1c-7f63-a99b-7056e80381fa"", ""name"": ""Test Recipient Account OUAhzNZ4yZX50M1dmKcszv8kF4eq9KdJ"", ""metadata"": null, ""external_id"": null, ""normal_balance_type"": ""credit""}",active,2026-09-06 15:30:26.241597+00
01a07757-a178-7831-a643-043837875841,c8tm9fCH6KUQ39u4wELksugK1RFP6h2Q,Test Sender Account c8tm9fCH6KUQ39u4wELksugK1RFP6h2Q,,credit,f,f,"{""id"": ""01a07757-a178-7831-a643-043837875841"", ""name"": ""Test Sender Account c8tm9fCH6KUQ39u4wELksugK1RFP6h2Q"", ""metadata"": null, ""external_id"": null, ""normal_balance_type"": ""credit""}",active,2026-09-06 15:30:26.810139+00
01a07757-a178-7831-a643-044cace65721,dd54kSa5zbuFIg76mVAK6vLQ9IAqE5Wo,Test Recipient Account dd54kSa5zbuFIg76mVAK6vLQ9IAqE5Wo,,credit,f,f,"{""id"": ""01a07757-a178-7831-a643-044cace65721"", ""name"": ""Test Recipient Account dd54kSa5zbuFIg76mVAK6vLQ9IAqE5Wo"", ""metadata"": null, ""external_id"": null, ""normal_balance_type"": ""credit""}",active,2026-09-06 15:30:26.861603+00
01a07757-a1d2-7513-bd3d-b4cef69775ad,QHWcp7o8vRHcg71qQjpXoC6VSBb2rdoi,Test Sender Account QHWcp7o8vRHcg71qQjpXoC6VSBb2rdoi,,credit,f,f,"{""id"": ""01a07757-a1d2-7513-bd3d-b4cef69775ad"", ""name"": ""Test Sender Account QHWcp7o8vRHcg71qQjpXoC6VSBb2rdoi"", ""metadata"": null, ""external_id"": null, ""normal_balance_type"": ""credit""}",active,2026-09-06 15:30:26.899173+00
01a07757-a1d2-7513-bd3d-b4d9b0bf6124,mocTMBkZbDLFDfgQVVuIT0qehWD3nVBp,Test Recipient Account mocTMBkZbDLFDfgQVVuIT0qehWD3nVBp,,credit,f,f,"{""id"": ""01a07757-a1d2-7513-bd3d-b4d9b0bf6124"", ""name"": ""Test Recipient Account mocTMBkZbDLFDfgQVVuIT0qehWD3nVBp"", ""metadata"": null, ""external_id"": null, ""normal_balance_type"": ""credit""}",active,2026-09-06 15:30:26.917566+00
01a07757-ab6b-7482-802c-077b044f6709,tASXQqRFAQboEXhr9SpJmW2NagmZRB1F,Test Sender Account tASXQqRFAQboEXhr9SpJmW2NagmZRB1F,,credit,f,f,"{""id"": ""01a07757-ab6b-7482-802c-077b044f6709"", ""name"": ""Test Sender Account tASXQqRFAQboEXhr9SpJmW2NagmZRB1F"", ""metadata"": null, ""external_id"": null, ""normal_balance_type"": ""credit""}",active,2026-09-06 15:30:29.356467+00
01a07757-ab6b-7482-802c-0786f35281d2,2X2PR3QpbfT0MPMpnGqqn0ClOB3Ng2Dg,Test Recipient Account 2X2PR3QpbfT0MPMpnGqqn0ClOB3Ng2Dg,,credit,f,f,"{""id"": ""01a07757-ab6b-7482-802c-0786f35281d2"", ""name"": ""Test Recipient Account 2X2PR3QpbfT0MPMpnGqqn0ClOB3Ng2Dg"", ""metadata"": null, ""external_id"": null, ""normal_balance_type"": ""credit""}",active,2026-09-06 15:30:29.371837+00
01a07757-b309-7140-a6cc-05135f5aeeaf,01a07757-b309-7140-a6cc-05135f5aeeaf,"",,credit,f,t,"{""id"": ""01a07757-b309-7140-a6cc-05135f5aeeaf"", ""name"": ""Test Account Set MIdeIffIrR39KDrcOV4m0oREP91z9026"", ""metadata"": {""closed"": true}, ""external_id"": null, ""normal_balance_type"": ""credit""}",active,2026-09-06 15:30:31.307266+00
01a07757-b309-7140-a6cc-052c99f2cbd2,01a07757-b309-7140-a6cc-052c99f2cbd2,"",,credit,f,t,"{""id"": ""01a07757-b309-7140-a6cc-052c99f2cbd2"", ""name"": ""Test Account Set knpM63AsBkKYhdRYTcTXL8coJ9zU6hYc"", ""metadata"": {""closed"": true}, ""external_id"": null, ""normal_balance_type"": ""credit""}",active,2026-09-06 15:30:31.307266+00
01a07757-b358-7343-b1a0-2ec327c37188,y6diTVebqewb3KmrR0AGr0yK9cyafB3g,Test Sender Account y6diTVebqewb3KmrR0AGr0yK9cyafB3g,,credit,f,f,"{""id"": ""01a07757-b358-7343-b1a0-2ec327c37188"", ""name"": ""Test Sender Account y6diTVebqewb3KmrR0AGr0yK9cyafB3g"", ""metadata"": null, ""external_id"": null, ""normal_balance_type"": ""credit""}",active,2026-09-06 15:30:31.391294+00
01a07757-b369-7b70-b2ca-d0f16fd1d1f8,01a07757-b369-7b70-b2ca-d0f16fd1d1f8,"",,credit,f,t,"{""id"": ""01a07757-b369-7b70-b2ca-d0f16fd1d1f8"", ""name"": ""Test Account Set r5IFNT0fFUkYfeaSmDIjqM0f6BWOaYz5"", ""metadata"": {""closed"": true}, ""external_id"": null, ""normal_balance_type"": ""credit""}",active,2026-09-06 15:30:31.403563+00
01a07757-b386-7fb0-a5dc-16eeefc27125,pGN5M4Xdh3Q2RdcLg0epBkhXYkYhI5XG,Test Recipient Account pGN5M4Xdh3Q2RdcLg0epBkhXYkYhI5XG,,credit,f,f,"{""id"": ""01a07757-b386-7fb0-a5dc-16eeefc27125"", ""name"": ""Test Recipient Account pGN5M4Xdh3Q2RdcLg0epBkhXYkYhI5XG"", ""metadata"": null, ""external_id"": null, ""normal_balance_type"": ""credit""}",active,2026-09-06 15:30:31.431287+00
01a07757-b38e-7151-85ae-c45d30c4f341,HBIFiCb9Oqf3ZY89ozlQ3SmSrNJElfmV,Test Sender Account HBIFiCb9Oqf3ZY89ozlQ3SmSrNJElfmV,,credit,f,f,"{""id"": ""01a07757-b38e-7151-85ae-c45d30c4f341"", ""name"": ""Test Sender Account HBIFiCb9Oqf3ZY89ozlQ3SmSrNJElfmV"", ""metadata"": null, ""external_id"": null, ""normal_balance_type"": ""credit""}",active,2026-09-06 15:30:31.440218+00
01a07757-b393-73a3-8652-9076c401b7da,HcJjv9gffE0KowkWvNrF96k5ZGmgkfqp,Test Sender Account HcJjv9gffE0KowkWvNrF96k5ZGmgkfqp,,credit,f,f,"{""id"": ""01a07757-b393-73a3-8652-9076c401b7da"", ""name"": ""Test Sender Account HcJjv9gffE0KowkWvNrF96k5ZGmgkfqp"", ""metadata"": null, ""external_id"": null, ""normal_balance_type"": ""credit""}",active,2026-09-06 15:30:31.444882+00
01a07757-b3b2-7411-8d1d-c813e3a4a2b7,F0Iyfd9Duc8U4uO5fY1vVH7CmU9RmFyT,Test Recipient Account F0Iyfd9Duc8U4uO5fY1vVH7CmU9RmFyT,,credit,f,f,"{""id"": ""01a07757-b3b2-7411-8d1d-c813e3a4a2b7"", ""name"": ""Test Recipient Account F0Iyfd9Duc8U4uO5fY1vVH7CmU9RmFyT"", ""metadata"": null, ""external_id"": null, ""normal_balance_type"": ""credit""}",active,2026-09-06 15:30:31.480941+00
01a07757-b3b9-7920-bc1d-617123534ac6,mWPZ8U6ud3JAkMDN1VuZSSXJYInnG4HJ,Test Sender Account mWPZ8U6ud3JAkMDN1VuZSSXJYInnG4HJ,,credit,f,f,"{""id"": ""01a07757-b3b9-7920-bc1d-617123534ac6"", ""name"": ""Test Sender Account mWPZ8U6ud3JAkMDN1VuZSSXJYInnG4HJ"", ""metadata"": null, ""external_id"": null, ""normal_balance_type"": ""credit""}",active,2026-09-06 15:30:31.484513+00
01a07757-b3ff-78c0-8239-7422dcc7ad06,8bQ46nOV1dSIqmvQBw9qUixeCC3dnlEJ,Test Sender Account 8bQ46nOV1dSIqmvQBw9qUixeCC3dnlEJ,,credit,f,f,"{""id"": ""01a07757-b3ff-78c0-8239-7422dcc7ad06"", ""name"": ""Test Sender Account 8bQ46nOV1dSIqmvQBw9qUixeCC3dnlEJ"", ""metadata"": null, ""external_id"": null, ""normal_balance_type"": ""credit""}",active,2026-09-06 15:30:31.553273+00
01a07757-b463-7bd0-bed9-2da829223d06,jQbnMoRAHOb57UrLy5srLeB0VlASGxm0,Test Sender Account jQbnMoRAHOb57UrLy5srLeB0VlASGxm0,,credit,f,f,"{""id"": ""01a07757-b463-7bd0-bed9-2da829223d06"", ""name"": ""Test Sender Account jQbnMoRAHOb57UrLy5srLeB0VlASGxm0"", ""metadata"": null, ""external_id"": null, ""normal_balance_type"": ""credit""}",active,2026-09-06 15:30:31.654268+00
01a07757-b463-7bd0-bed9-2db0ecedb54c,d57v43XruV6e7loizXEIcV1vNMeMqVku,Test Recipient Account d57v43XruV6e7loizXEIcV1vNMeMqVku,,credit,f,f,"{""id"": ""01a07757-b463-7bd0-bed9-2db0ecedb54c"", ""name"": ""Test Recipient Account d57v43XruV6e7loizXEIcV1vNMeMqVku"", ""metadata"": null, ""external_id"": null, ""normal_balance_type"": ""credit""}",active,2026-09-06 15:30:31.70419+00
01a07757-b4a0-75c2-bff0-7ba33560827f,UPnIv74iEyinhJCd2QkbUnQSuxarDGoI,Test Sender Account UPnIv74iEyinhJCd2QkbUnQSuxarDGoI,,credit,f,f,"{""id"": ""01a07757-b4a0-75c2-bff0-7ba33560827f"", ""name"": ""Test Sender Account UPnIv74iEyinhJCd2QkbUnQSuxarDGoI"", ""metadata"": null, ""external_id"": null, ""normal_balance_type"": ""credit""}",active,2026-09-06 15:30:31.714267+00
01a07757-b4a1-7901-8742-6e44e8ac74d7,ap60fHOsagpsWYKUfot4m1zZy0lVnAgc,Test Sender Account ap60fHOsagpsWYKUfot4m1zZy0lVnAgc,,credit,f,f,"{""id"": ""01a07757-b4a1-7901-8742-6e44e8ac74d7"", ""name"": ""Test Sender Account ap60fHOsagpsWYKUfot4m1zZy0lVnAgc"", ""metadata"": null, ""external_id"": null, ""normal_balance_type"": ""credit""}",active,2026-09-06 15:30:31.719696+00
01a07757-b4a1-7901-8742-6e527b44715c,s5yz15TNEDupDrsRS67fwNz5hHfE7KwR,Test Recipient Account s5yz15TNEDupDrsRS67fwNz5hHfE7KwR,,credit,f,f,"{""id"": ""01a07757-b4a1-7901-8742-6e527b44715c"", ""name"": ""Test Recipient Account s5yz15TNEDupDrsRS67fwNz5hHfE7KwR"", ""metadata"": null, ""external_id"": null, ""normal_balance_type"": ""credit""}",active,2026-09-06 15:30:31.791273+00
01a07757-b4d0-7262-86de-59c8ecfcda09,h5oaOQOLtPOC7GI6m8KYONCA5DC0dKW2,Test Sender Account h5oaOQOLtPOC7GI6m8KYONCA5DC0dKW2,,credit,f,f,"{""id"": ""01a07757-b4d0-7262-86de-59c8ecfcda09"", ""name"": ""Test Sender Account h5oaOQOLtPOC7GI6m8KYONCA5DC0dKW2"", ""metadata"": null, ""external_id"": null, ""normal_balance_type"": ""credit""}",active,2026-09-06 15:30:31.774478+00
01a07757-b4de-7ae1-a441-6e5a9cac06b3,01a07757-b4de-7ae1-a441-6e5a9cac06b3,"",,credit,f,t,"{""id"": ""01a07757-b4de-7ae1-a441-6e5a9cac06b3"", ""name"": ""Test Sender Account Set o2dh9Zxo5VVNxgmjAVnsDbbphtjkIrER"", ""metadata"": null, ""external_id"": null, ""normal_balance_type"": ""credit""}",active,2026-09-06 15:30:31.782299+00
01a07757-b543-7922-934b-5a5e11db248e,u4GW6k5AXeSTMyTO41RhRraMrjj3NLfw,Test Sender Account u4GW6k5AXeSTMyTO41RhRraMrjj3NLfw,,credit,f,f,"{""id"": ""01a07757-b543-7922-934b-5a5e11db248e"", ""name"": ""Test Sender Account u4GW6k5AXeSTMyTO41RhRraMrjj3NLfw"", ""metadata"": null, ""external_id"": null, ""normal_balance_type"": ""credit""}",active,2026-09-06 15:30:31.880773+00
01a07757-b58a-71c1-853e-369d3a18a3da,8ZHBBWhX4hyZxeDzzDyxClgSl3le27qc,Test Sender Account 8ZHBBWhX4hyZxeDzzDyxClgSl3le27qc,,credit,f,f,"{""id"": ""01a07757-b58a-71c1-853e-369d3a18a3da"", ""name"": ""Test Sender Account 8ZHBBWhX4hyZxeDzzDyxClgSl3le27qc"", ""metadata"": null, ""external_id"": null, ""normal_balance_type"": ""credit""}",active,2026-09-06 15:30:31.948067+00
01a07757-b6ed-7dd1-99bf-49afe6e7a5a8,QGAAkJwh5dceU3CCTwcaBYflyqvfrzKV,Test Sender Account QGAAkJwh5dceU3CCTwcaBYflyqvfrzKV,,credit,f,f,"{""id"": ""01a07757-b6ed-7dd1-99bf-49afe6e7a5a8"", ""name"": ""Test Sender Account QGAAkJwh5dceU3CCTwcaBYflyqvfrzKV"", ""metadata"": null, ""external_id"": null, ""normal_balance_type"": ""credit""}",active,2026-09-06 15:30:32.306895+00
01a07757-b736-7b03-b961-3f23f14c7ab2,2bGYvw0lAILrmUSiGvqfeEwlIkYIFj7A,Test Sender Account 2bGYvw0lAILrmUSiGvqfeEwlIkYIFj7A,,credit,f,f,"{""id"": ""01a07757-b736-7b03-b961-3f23f14c7ab2"", ""name"": ""Test Sender Account 2bGYvw0lAILrmUSiGvqfeEwlIkYIFj7A"", ""metadata"": null, ""external_id"": null, ""normal_balance_type"": ""credit""}",active,2026-09-06 15:30:32.377692+00
01a07757-b762-7100-b01b-f6d3b6876652,M7D8I4W2xg38UUshGFTlo7pbAEFg0B9t,Test Sender Account M7D8I4W2xg38UUshGFTlo7pbAEFg0B9t,,credit,f,f,"{""id"": ""01a07757-b762-7100-b01b-f6d3b6876652"", ""name"": ""Test Sender Account M7D8I4W2xg38UUshGFTlo7pbAEFg0B9t"", ""metadata"": null, ""external_id"": null, ""normal_balance_type"": ""credit""}",active,2026-09-06 15:30:32.423209+00
01a07757-b7a7-74c3-a46a-3376dbbea112,Lh9LDI4OTVZBqKWJwDSxBkyAnnYr7PjK,Test Sender Account Lh9LDI4OTVZBqKWJwDSxBkyAnnYr7PjK,,credit,f,f,"{""id"": ""01a07757-b7a7-74c3-a46a-3376dbbea112"", ""name"": ""Test Sender Account Lh9LDI4OTVZBqKWJwDSxBkyAnnYr7PjK"", ""metadata"": null, ""external_id"": null, ""normal_balance_type"": ""credit""}",active,2026-09-06 15:30:32.490291+00
01a07757-b906-7403-809b-8429509edb34,01a07757-b906-7403-809b-8429509edb34,"",,credit,f,t,"{""id"": ""01a07757-b906-7403-809b-8429509edb34"", ""name"": ""Test Account Set St2l5Bt3nGRZjxSwFCBJz1PpXxKgnml4"", ""metadata"": {""closed"": true}, ""external_id"": null, ""normal_balance_type"": ""credit""}",active,2026-09-06 15:30:32.839561+00
01a07757-b923-7891-991e-6d40ded07f17,aIMfCEAMqnwPG9m7tSfP2F1ZTwxLAiND,Test Recipient Account aIMfCEAMqnwPG9m7tSfP2F1ZTwxLAiND,,credit,f,f,"{""id"": ""01a07757-b923-7891-991e-6d40ded07f17"", ""name"": ""Test Recipient Account aIMfCEAMqnwPG9m7tSfP2F1ZTwxLAiND"", ""metadata"": null, ""external_id"": null, ""normal_balance_type"": ""credit""}",active,2026-09-06 15:30:32.867962+00
01a07757-b928-7f51-ac03-5c50fe250f67,DPnw43vLDqnNbNQcRvOVq9jTh22Zlvag,Test Sender Account DPnw43vLDqnNbNQcRvOVq9jTh22Zlvag,,credit,f,f,"{""id"": ""01a07757-b928-7f51-ac03-5c50fe250f67"", ""name"": ""Test Sender Account DPnw43vLDqnNbNQcRvOVq9jTh22Zlvag"", ""metadata"": null, ""external_id"": null, ""normal_balance_type"": ""credit""}",active,2026-09-06 15:30:32.87335+00
01a07757-b95c-7e11-a639-bd18d02cbb8a,01a07757-b95c-7e11-a639-bd18d02cbb8a,"",,credit,f,t,"{""id"": ""01a07757-b95c-7e11-a639-bd18d02cbb8a"", ""name"": ""Test Parent Account Set a3wjfhlP0mOwuwQKGyNVFrKOQBsoctJV"", ""metadata"": {""closedAsOf"": ""2025-01-31""}, ""external_id"": null, ""normal_balance_type"": ""credit""}",active,2026-09-06 15:30:32.925505+00
01a07757-b97b-7df3-bd44-1d2ab49f3b66,01a07757-b97b-7df3-bd44-1d2ab49f3b66,"",,credit,f,t,"{""id"": ""01a07757-b97b-7df3-bd44-1d2ab49f3b66"", ""name"": ""Test Child Account Set i9RlhgrWiXTbJSV4NLmPkE3Ylto0X747"", ""metadata"": null, ""external_id"": null, ""normal_balance_type"": ""credit""}",active,2026-09-06 15:30:32.955535+00
01a07757-b9b2-7d92-bd6e-59aa3c9e5790,xh6ARxZVWT3EZLtNVw2Cb0uYkFTEOasW,Test Sender Account xh6ARxZVWT3EZLtNVw2Cb0uYkFTEOasW,,credit,f,f,"{""id"": ""01a07757-b9b2-7d92-bd6e-59aa3c9e5790"", ""name"": ""Test Sender Account xh6ARxZVWT3EZLtNVw2Cb0uYkFTEOasW"", ""metadata"": null, ""external_id"": null, ""normal_balance_type"": ""credit""}",active,2026-09-06 15:30:33.01107+00
01a07757-b9d8-7372-b165-ad183581b35b,V4Qyki21rMpYEZLXjFqHt5O1edDz3FJB,Test Sender Account V4Qyki21rMpYEZLXjFqHt5O1edDz3FJB,,credit,f,f,"{""id"": ""01a07757-b9d8-7372-b165-ad183581b35b"", ""name"": ""Test Sender Account V4Qyki21rMpYEZLXjFqHt5O1edDz3FJB"", ""metadata"": null, ""external_id"": null, ""normal_balance_type"": ""credit""}",active,2026-09-06 15:30:33.049403+00
01a07757-b9f6-7a23-ba6d-230bc9854e5a,P8dSJeTjtmelPo8ur3wLlVKF4BlC2f6g,Test Recipient Account P8dSJeTjtmelPo8ur3wLlVKF4BlC2f6g,,credit,f,f,"{""id"": ""01a07757-b9f6-7a23-ba6d-230bc9854e5a"", ""name"": ""Test Recipient Account P8dSJeTjtmelPo8ur3wLlVKF4BlC2f6g"", ""metadata"": null, ""external_id"": null, ""normal_balance_type"": ""credit""}",active,2026-09-06 15:30:33.078654+00
01a07757-de96-7cb2-b62b-73c5d13fd5c7,Sender-01a07757-de96-7cb2-b62b-73c5d13fd5c7,Sender-01a07757-de96-7cb2-b62b-73c5d13fd5c7,,credit,f,f,"{""id"": ""01a07757-de96-7cb2-b62b-73c5d13fd5c7"", ""name"": ""Sender-01a07757-de96-7cb2-b62b-73c5d13fd5c7"", ""metadata"": null, ""external_id"": null, ""normal_balance_type"": ""credit""}",active,2026-09-06 15:30:42.518133+00
