id,journal_id,account_id,transaction_id,account_is_account_set,created_at
01a07756-feef-7e63-8f22-68177276211a,01a07756-fde8-77c2-85e0-e4094b6c94c7,01a07756-fe06-7bc1-a12f-a5d7e53c712b,01a07756-fee3-7710-a2b5-5a0f151caeab,f,2026-09-06 15:29:45.191124+00
01a07756-fef0-7de0-aca5-8bc97659a484,01a07756-fde8-77c2-85e0-e4094b6c94c7,01a07756-fe06-7bc1-a12f-a5e31f818282,01a07756-fee3-7710-a2b5-5a0f151caeab,f,2026-09-06 15:29:45.191124+00
01a07756-fef0-7de0-aca5-8bdb786ee9e6,01a07756-fde8-77c2-85e0-e4094b6c94c7,01a07756-fe06-7bc1-a12f-a5d7e53c712b,01a07756-fee3-7710-a2b5-5a0f151caeab,f,2026-09-06 15:29:45.191124+00
01a07756-fef0-7de0-aca5-8bed3122e6a7,01a07756-fde8-77c2-85e0-e4094b6c94c7,01a07756-fe06-7bc1-a12f-a5e31f818282,01a07756-fee3-7710-a2b5-5a0f151caeab,f,2026-09-06 15:29:45.191124+00
01a07756-fef1-7fe1-8694-eb09c61cecf1,01a07756-fde8-77c2-85e0-e4094b6c94c7,01a07756-fe06-7bc1-a12f-a5d7e53c712b,01a07756-fee3-7710-a2b5-5a0f151caeab,f,2026-09-06 15:29:45.191124+00
01a07756-fef1-7fe1-8694-eb18acdeacc1,01a07756-fde8-77c2-85e0-e4094b6c94c7,01a07756-fe06-7bc1-a12f-a5e31f818282,01a07756-fee3-7710-a2b5-5a0f151caeab,f,2026-09-06 15:29:45.191124+00
01a07757-0d05-7800-8867-ac930d86bcd1,01a07757-074f-7882-bc35-1710e26d5cc9,01a07757-076a-7012-8b97-bb680895f24f,01a07757-0cfb-7e12-ac82-34b46b927c1f,f,2026-09-06 15:29:48.795824+00
01a07757-0d09-7d51-bac0-769540dbdf05,01a07757-074f-7882-bc35-1710e26d5cc9,01a07757-076a-7012-8b97-bb77c1312dcd,01a07757-0cfb-7e12-ac82-34b46b927c1f,f,2026-09-06 15:29:48.795824+00
01a07757-0d09-7d51-bac0-76a747a9625e,01a07757-074f-7882-bc35-1710e26d5cc9,01a07757-076a-7012-8b97-bb680895f24f,01a07757-0cfb-7e12-ac82-34b46b927c1f,f,2026-09-06 15:29:48.795824+00
01a07757-0d0d-7ed3-9709-f9dee857237d,01a07757-074f-7882-bc35-1710e26d5cc9,01a07757-076a-7012-8b97-bb77c1312dcd,01a07757-0cfb-7e12-ac82-34b46b927c1f,f,2026-09-06 15:29:48.795824+00
01a07757-0d0d-7ed3-9709-f9eb2ece737b,01a07757-074f-7882-bc35-1710e26d5cc9,01a07757-076a-7012-8b97-bb680895f24f,01a07757-0cfb-7e12-ac82-34b46b927c1f,f,2026-09-06 15:29:48.795824+00
01a07757-0d0e-7830-a3a6-2a7ecfae31de,01a07757-074f-7882-bc35-1710e26d5cc9,01a07757-076a-7012-8b97-bb77c1312dcd,01a07757-0cfb-7e12-ac82-34b46b927c1f,f,2026-09-06 15:29:48.795824+00
01a07757-0e3f-7103-a612-358d4109000f,01a07757-0a09-79f2-9f43-57f9f2a2b525,01a07757-0b28-7eb3-891b-3f582d58865e,01a07757-0e13-7770-ae51-5c5cfba49b4a,f,2026-09-06 15:29:49.081534+00
01a07757-0e40-7940-be26-e6e1087e25b8,01a07757-0a09-79f2-9f43-57f9f2a2b525,01a07757-0b28-7eb3-891b-3f7572093948,01a07757-0e13-7770-ae51-5c5cfba49b4a,f,2026-09-06 15:29:49.081534+00
01a07757-0e43-7351-a7a0-0f09e5669a44,01a07757-0a09-79f2-9f43-57f9f2a2b525,01a07757-0b28-7eb3-891b-3f582d58865e,01a07757-0e13-7770-ae51-5c5cfba49b4a,f,2026-09-06 15:29:49.081534+00
01a07757-0e43-7351-a7a0-0f17c7fa31d1,01a07757-0a09-79f2-9f43-57f9f2a2b525,01a07757-0b28-7eb3-891b-3f7572093948,01a07757-0e13-7770-ae51-5c5cfba49b4a,f,2026-09-06 15:29:49.081534+00
01a07757-0e43-7351-a7a0-0f2ae2772c37,01a07757-0a09-79f2-9f43-57f9f2a2b525,01a07757-0b28-7eb3-891b-3f582d58865e,01a07757-0e13-7770-ae51-5c5cfba49b4a,f,2026-09-06 15:29:49.081534+00
01a07757-0e44-7071-a70c-6dbb6c26fe16,01a07757-0a09-79f2-9f43-57f9f2a2b525,01a07757-0b28-7eb3-891b-3f7572093948,01a07757-0e13-7770-ae51-5c5cfba49b4a,f,2026-09-06 15:29:49.081534+00
01a07757-0f8c-7353-bd2a-70065730d354,01a07757-09ef-7c23-96ec-b5ba0ca88215,01a07757-0b03-75c2-bffa-22e7c4c57acf,01a07757-0f7f-7682-80a8-3e8f60688389,f,2026-09-06 15:29:49.440454+00
01a07757-0f8c-7353-bd2a-701d06d34d61,01a07757-09ef-7c23-96ec-b5ba0ca88215,01a07757-0b03-75c2-bffa-22fc48247820,01a07757-0f7f-7682-80a8-3e8f60688389,f,2026-09-06 15:29:49.440454+00
01a07757-0f8d-74b1-bbbb-247c3d45fce1,01a07757-09ef-7c23-96ec-b5ba0ca88215,01a07757-0b03-75c2-bffa-22e7c4c57acf,01a07757-0f7f-7682-80a8-3e8f60688389,f,2026-09-06 15:29:49.440454+00
01a07757-0f8d-74b1-bbbb-2481ded72d77,01a07757-09ef-7c23-96ec-b5ba0ca88215,01a07757-0b03-75c2-bffa-22fc48247820,01a07757-0f7f-7682-80a8-3e8f60688389,f,2026-09-06 15:29:49.440454+00
01a07757-0f8d-74b1-bbbb-2494924b8215,01a07757-09ef-7c23-96ec-b5ba0ca88215,01a07757-0b03-75c2-bffa-22e7c4c57acf,01a07757-0f7f-7682-80a8-3e8f60688389,f,2026-09-06 15:29:49.440454+00
01a07757-0f91-7a53-9f13-1aa8ea385cd2,01a07757-09ef-7c23-96ec-b5ba0ca88215,01a07757-0b03-75c2-bffa-22fc48247820,01a07757-0f7f-7682-80a8-3e8f60688389,f,2026-09-06 15:29:49.440454+00
01a07757-18fc-7f52-99ba-e8231e9c68b0,01a07757-188b-7803-b9a9-ee97969e21e1,01a07757-1898-72a3-a398-1b27162c6904,01a07757-18f6-7e71-8aab-68f8b0fabff6,f,2026-09-06 15:29:51.863331+00
01a07757-18fd-7be0-9dec-3c60a68f7e8f,01a07757-188b-7803-b9a9-ee97969e21e1,01a07757-1898-72a3-a398-1b35d11e5a04,01a07757-18f6-7e71-8aab-68f8b0fabff6,f,2026-09-06 15:29:51.863331+00
01a07757-18fd-7be0-9dec-3c78e3e054bf,01a07757-188b-7803-b9a9-ee97969e21e1,01a07757-1898-72a3-a398-1b27162c6904,01a07757-18f6-7e71-8aab-68f8b0fabff6,f,2026-09-06 15:29:51.863331+00
01a07757-18fd-7be0-9dec-3c8665dfdf43,01a07757-188b-7803-b9a9-ee97969e21e1,01a07757-1898-72a3-a398-1b35d11e5a04,01a07757-18f6-7e71-8aab-68f8b0fabff6,f,2026-09-06 15:29:51.863331+00
01a07757-18fd-7be0-9dec-3c9eddc6275a,01a07757-188b-7803-b9a9-ee97969e21e1,01a07757-1898-72a3-a398-1b27162c6904,01a07757-18f6-7e71-8aab-68f8b0fabff6,f,2026-09-06 15:29:51.863331+00
01a07757-18fd-7be0-9dec-3ca5529d27ad,01a07757-188b-7803-b9a9-ee97969e21e1,01a07757-1898-72a3-a398-1b35d11e5a04,01a07757-18f6-7e71-8aab-68f8b0fabff6,f,2026-09-06 15:29:51.863331+00
01a07757-3515-71f1-8ce5-cbee1a2ad5b3,01a07757-3415-71b1-8a31-162540732dc7,01a07757-341e-7642-baf5-e55ce7ab13c8,01a07757-350d-7be1-8d29-a9ff64feea2a,f,2026-09-06 15:29:59.053967+00
01a07757-3516-7c01-a862-b58d7d76d40b,01a07757-3415-71b1-8a31-162540732dc7,01a07757-341e-7642-baf5-e569d73c438d,01a07757-350d-7be1-8d29-a9ff64feea2a,f,2026-09-06 15:29:59.053967+00
01a07757-3516-7c01-a862-b5972451f009,01a07757-3415-71b1-8a31-162540732dc7,01a07757-341e-7642-baf5-e55ce7ab13c8,01a07757-350d-7be1-8d29-a9ff64feea2a,f,2026-09-06 15:29:59.053967+00
01a07757-3516-7c01-a862-b5a37d719cc7,01a07757-3415-71b1-8a31-162540732dc7,01a07757-341e-7642-baf5-e569d73c438d,01a07757-350d-7be1-8d29-a9ff64feea2a,f,2026-09-06 15:29:59.053967+00
01a07757-3517-7342-8e9e-c13ef40694fd,01a07757-3415-71b1-8a31-162540732dc7,01a07757-341e-7642-baf5-e55ce7ab13c8,01a07757-350d-7be1-8d29-a9ff64feea2a,f,2026-09-06 15:29:59.053967+00
01a07757-3517-7342-8e9e-c14705d14888,01a07757-3415-71b1-8a31-162540732dc7,01a07757-341e-7642-baf5-e569d73c438d,01a07757-350d-7be1-8d29-a9ff64feea2a,f,2026-09-06 15:29:59.053967+00
01a07757-35e5-7d93-bff6-c4ea8a84e274,01a07757-3417-7df3-8b4f-15889efd2142,01a07757-3420-7f12-b462-e74e7062df50,01a07757-35db-7f92-81aa-dfdf30585845,f,2026-09-06 15:29:59.260646+00
01a07757-35e5-7d93-bff6-c4f1cae181f1,01a07757-3417-7df3-8b4f-15889efd2142,01a07757-3420-7f12-b462-e751ac064206,01a07757-35db-7f92-81aa-dfdf30585845,f,2026-09-06 15:29:59.260646+00
01a07757-35e6-7600-9be9-51fe53cb0473,01a07757-3417-7df3-8b4f-15889efd2142,01a07757-3420-7f12-b462-e74e7062df50,01a07757-35db-7f92-81aa-dfdf30585845,f,2026-09-06 15:29:59.260646+00
01a07757-35e6-7600-9be9-520bc682d2b3,01a07757-3417-7df3-8b4f-15889efd2142,01a07757-3420-7f12-b462-e751ac064206,01a07757-35db-7f92-81aa-dfdf30585845,f,2026-09-06 15:29:59.260646+00
01a07757-35e6-7600-9be9-5219c8e4ece8,01a07757-3417-7df3-8b4f-15889efd2142,01a07757-3420-7f12-b462-e74e7062df50,01a07757-35db-7f92-81aa-dfdf30585845,f,2026-09-06 15:29:59.260646+00
01a07757-35e6-7600-9be9-52212f5e90e1,01a07757-3417-7df3-8b4f-15889efd2142,01a07757-3420-7f12-b462-e751ac064206,01a07757-35db-7f92-81aa-dfdf30585845,f,2026-09-06 15:29:59.260646+00
01a07757-376a-7ad2-ac31-658585399bad,01a07757-36d2-74a1-b38b-f19ee7674061,01a07757-36e1-7151-ad48-53b5a6bd1a32,01a07757-3763-77d0-b523-7ba87840a38f,f,2026-09-06 15:29:59.652113+00
01a07757-376a-7ad2-ac31-659a9ba5a191,01a07757-36d2-74a1-b38b-f19ee7674061,01a07757-36e1-7151-ad48-53cdddf6fa33,01a07757-3763-77d0-b523-7ba87840a38f,f,2026-09-06 15:29:59.652113+00
01a07757-376b-7c72-9006-5556c1e98791,01a07757-36d2-74a1-b38b-f19ee7674061,01a07757-36e1-7151-ad48-53b5a6bd1a32,01a07757-3763-77d0-b523-7ba87840a38f,f,2026-09-06 15:29:59.652113+00
01a07757-376b-7c72-9006-5564572055db,01a07757-36d2-74a1-b38b-f19ee7674061,01a07757-36e1-7151-ad48-53cdddf6fa33,01a07757-3763-77d0-b523-7ba87840a38f,f,2026-09-06 15:29:59.652113+00
01a07757-376b-7c72-9006-557b3d5a3949,01a07757-36d2-74a1-b38b-f19ee7674061,01a07757-36e1-7151-ad48-53b5a6bd1a32,01a07757-3763-77d0-b523-7ba87840a38f,f,2026-09-06 15:29:59.652113+00
01a07757-376b-7c72-9006-55864017d138,01a07757-36d2-74a1-b38b-f19ee7674061,01a07757-36e1-7151-ad48-53cdddf6fa33,01a07757-3763-77d0-b523-7ba87840a38f,f,2026-09-06 15:29:59.652113+00
01a07757-3791-7d20-b23d-43b89464ef58,01a07757-36d2-74a1-b38b-f19ee7674061,01a07757-36e1-7151-ad48-53b5a6bd1a32,01a07757-378f-7603-ad5b-3676bf947f44,f,2026-09-06 15:29:59.696662+00
01a07757-3791-7d20-b23d-43c5a5593689,01a07757-36d2-74a1-b38b-f19ee7674061,01a07757-3700-7172-8434-3dda4289d498,01a07757-378f-7603-ad5b-3676bf947f44,f,2026-09-06 15:29:59.696662+00
01a07757-3792-7ab2-8de8-ecd516e2e8f6,01a07757-36d2-74a1-b38b-f19ee7674061,01a07757-36e1-7151-ad48-53b5a6bd1a32,01a07757-378f-7603-ad5b-3676bf947f44,f,2026-09-06 15:29:59.696662+00
01a07757-3792-7ab2-8de8-ece378bb747c,01a07757-36d2-74a1-b38b-f19ee7674061,01a07757-3700-7172-8434-3dda4289d498,01a07757-378f-7603-ad5b-3676bf947f44,f,2026-09-06 15:29:59.696662+00
01a07757-3792-7ab2-8de8-ecf94e14869b,01a07757-36d2-74a1-b38b-f19ee7674061,01a07757-36e1-7151-ad48-53b5a6bd1a32,01a07757-378f-7603-ad5b-3676bf947f44,f,2026-09-06 15:29:59.696662+00
01a07757-3793-72f3-861b-bfaf6aa4947e,01a07757-36d2-74a1-b38b-f19ee7674061,01a07757-3700-7172-8434-3dda4289d498,01a07757-378f-7603-ad5b-3676bf947f44,f,2026-09-06 15:29:59.696662+00
01a07757-3b68-74f3-9130-dc4584d330dd,01a07757-3b27-7851-90f4-9925c833b007,01a07757-3b34-72f0-a3a4-f06eb1d2c8d4,01a07757-3b63-7972-a026-7760f96394d3,f,2025-06-15 10:30:00+00
01a07757-3b69-7e83-8ba5-699ab14acc0a,01a07757-3b27-7851-90f4-9925c833b007,01a07757-3b34-72f0-a3a4-f070f45db94f,01a07757-3b63-7972-a026-7760f96394d3,f,2025-06-15 10:30:00+00
01a07757-3c62-7dc0-8aa0-4912f8ef4ca4,01a07757-3ae8-7cb0-a046-09c1ef040890,01a07757-3af2-7b20-8df1-9c810032d5dd,01a07757-3c5d-7671-84dc-d4959a51338b,f,2025-09-21 08:15:00+00
01a07757-3c63-70c2-aa26-32e7d2233a19,01a07757-3ae8-7cb0-a046-09c1ef040890,01a07757-3af2-7b20-8df1-9c946e32d3ec,01a07757-3c5d-7671-84dc-d4959a51338b,f,2025-09-21 08:15:00+00
01a07757-3ca8-7152-82ad-744987ca0358,01a07757-3bb6-7260-8642-37791ed35604,01a07757-3c79-7a50-857c-3d5803f788a1,01a07757-3ca2-7811-81a6-d17b7b0f887d,f,2025-03-01 09:00:00+00
01a07757-3ca8-7152-82ad-745843f9d6f6,01a07757-3bb6-7260-8642-37791ed35604,01a07757-3c79-7a50-857c-3d653e1f2803,01a07757-3ca2-7811-81a6-d17b7b0f887d,f,2025-03-01 09:00:00+00
01a07757-3cbf-7711-94bc-0ab034047e7c,01a07757-3add-7432-9975-8ba6425c01b7,01a07757-3ae7-7e61-a355-22ccedf9049d,01a07757-3cb4-79d0-86f6-60f96bca5918,f,2025-01-01 12:00:00+00
01a07757-3cbf-7711-94bc-0ac0eaf5519b,01a07757-3add-7432-9975-8ba6425c01b7,01a07757-3ae7-7e61-a355-22d10c31e128,01a07757-3cb4-79d0-86f6-60f96bca5918,f,2025-01-01 12:00:00+00
01a07757-3cc1-7770-8749-192705f449ca,01a07757-3bb6-7260-8642-37791ed35604,01a07757-3c79-7a50-857c-3d5803f788a1,01a07757-3cbf-7711-94bc-0ad64b148f80,f,2025-03-15 16:30:00+00
01a07757-3cc1-7770-8749-193eebf8eacd,01a07757-3bb6-7260-8642-37791ed35604,01a07757-3c79-7a50-857c-3d653e1f2803,01a07757-3cbf-7711-94bc-0ad64b148f80,f,2025-03-15 16:30:00+00
01a07757-3cd5-76e3-bc4b-e382212a7008,01a07757-3add-7432-9975-8ba6425c01b7,01a07757-3ae7-7e61-a355-22ccedf9049d,01a07757-3cd4-7120-8c10-ba154a2df7bb,f,2025-12-25 14:00:00+00
01a07757-3cd5-76e3-bc4b-e39a3da10306,01a07757-3add-7432-9975-8ba6425c01b7,01a07757-3ae7-7e61-a355-22d10c31e128,01a07757-3cd4-7120-8c10-ba154a2df7bb,f,2025-12-25 14:00:00+00
01a07757-6c9e-7fe1-9566-262c0f0581a3,01a07757-6ae8-7753-a09e-e8bccbc3b14a,01a07757-6af6-7950-a2c2-5fe5b99ce358,01a07757-6c88-7f42-8839-f396ba4fcbdd,f,2026-09-06 15:30:13.258614+00
01a07757-6ca2-71f1-85fa-9df1ecf5421b,01a07757-6ae8-7753-a09e-e8bccbc3b14a,01a07757-6af6-7950-a2c2-5ff4ff29617a,01a07757-6c88-7f42-8839-f396ba4fcbdd,f,2026-09-06 15:30:13.258614+00
01a07757-6ca2-71f1-85fa-9e07abbf65d4,01a07757-6ae8-7753-a09e-e8bccbc3b14a,01a07757-6af6-7950-a2c2-5fe5b99ce358,01a07757-6c88-7f42-8839-f396ba4fcbdd,f,2026-09-06 15:30:13.258614+00
01a07757-6ca2-71f1-85fa-9e1f7c8678c7,01a07757-6ae8-7753-a09e-e8bccbc3b14a,01a07757-6af6-7950-a2c2-5ff4ff29617a,01a07757-6c88-7f42-8839-f396ba4fcbdd,f,2026-09-06 15:30:13.258614+00
01a07757-6ca3-7f13-8ee7-5080e4e0b7b5,01a07757-6ae8-7753-a09e-e8bccbc3b14a,01a07757-6af6-7950-a2c2-5fe5b99ce358,01a07757-6c88-7f42-8839-f396ba4fcbdd,f,2026-09-06 15:30:13.258614+00
01a07757-6ca3-7f13-8ee7-509e6a1481f6,01a07757-6ae8-7753-a09e-e8bccbc3b14a,01a07757-6af6-7950-a2c2-5ff4ff29617a,01a07757-6c88-7f42-8839-f396ba4fcbdd,f,2026-09-06 15:30:13.258614+00
01a07757-6e37-7262-8ea1-a85fb6da98e7,01a07757-6b08-7150-a534-2b0b7828eef8,01a07757-6b1a-7e23-8463-5b32b5d62d13,01a07757-6e28-76d2-9314-eb93e8054763,f,2026-09-06 15:30:13.67864+00
01a07757-6e38-7e72-b205-233b08c57526,01a07757-6b08-7150-a534-2b0b7828eef8,01a07757-6ddb-7ca2-996f-07cbbd547ddf,01a07757-6e28-76d2-9314-eb93e8054763,f,2026-09-06 15:30:13.67864+00
01a07757-6e38-7e72-b205-23454b3f480c,01a07757-6b08-7150-a534-2b0b7828eef8,01a07757-6b1a-7e23-8463-5b32b5d62d13,01a07757-6e28-76d2-9314-eb93e8054763,f,2026-09-06 15:30:13.67864+00
01a07757-6e38-7e72-b205-2354fd5d219f,01a07757-6b08-7150-a534-2b0b7828eef8,01a07757-6ddb-7ca2-996f-07cbbd547ddf,01a07757-6e28-76d2-9314-eb93e8054763,f,2026-09-06 15:30:13.67864+00
01a07757-6e38-7e72-b205-236ccbe4a718,01a07757-6b08-7150-a534-2b0b7828eef8,01a07757-6b1a-7e23-8463-5b32b5d62d13,01a07757-6e28-76d2-9314-eb93e8054763,f,2026-09-06 15:30:13.67864+00
01a07757-6e39-7242-bcc5-7905ed53b327,01a07757-6b08-7150-a534-2b0b7828eef8,01a07757-6ddb-7ca2-996f-07cbbd547ddf,01a07757-6e28-76d2-9314-eb93e8054763,f,2026-09-06 15:30:13.67864+00
01a07757-6e70-7f73-8a0e-2e102cd596da,01a07757-6af1-7963-9fe2-4daee4acb105,01a07757-6b03-7d12-beb9-3d738e9435d4,01a07757-6e50-74a0-b84c-090caea094f3,f,2026-09-06 15:30:13.717793+00
01a07757-6e70-7f73-8a0e-2e21e2648770,01a07757-6af1-7963-9fe2-4daee4acb105,01a07757-6b03-7d12-beb9-3d83aeb61d81,01a07757-6e50-74a0-b84c-090caea094f3,f,2026-09-06 15:30:13.717793+00
01a07757-6e71-77a1-bbdb-65e85a3e33f7,01a07757-6af1-7963-9fe2-4daee4acb105,01a07757-6b03-7d12-beb9-3d738e9435d4,01a07757-6e50-74a0-b84c-090caea094f3,f,2026-09-06 15:30:13.717793+00
01a07757-6e72-7ca0-ae48-4b2c2c951d38,01a07757-6af1-7963-9fe2-4daee4acb105,01a07757-6b03-7d12-beb9-3d83aeb61d81,01a07757-6e50-74a0-b84c-090caea094f3,f,2026-09-06 15:30:13.717793+00
01a07757-6e72-7ca0-ae48-4b336df7aead,01a07757-6af1-7963-9fe2-4daee4acb105,01a07757-6b03-7d12-beb9-3d738e9435d4,01a07757-6e50-74a0-b84c-090caea094f3,f,2026-09-06 15:30:13.717793+00
01a07757-6e72-7ca0-ae48-4b44c20e7da7,01a07757-6af1-7963-9fe2-4daee4acb105,01a07757-6b03-7d12-beb9-3d83aeb61d81,01a07757-6e50-74a0-b84c-090caea094f3,f,2026-09-06 15:30:13.717793+00
01a07757-6e89-7700-b0c9-698c66de2ccf,01a07757-6c0e-7733-b6e0-6d081b11755d,01a07757-6e0c-7311-81a9-77171f28491a,01a07757-6e7e-7430-90e0-e6bb70a4db99,f,2026-09-06 15:30:13.758673+00
01a07757-6e89-7700-b0c9-6992ab0bc261,01a07757-6c0e-7733-b6e0-6d081b11755d,01a07757-6e0c-7311-81a9-772875f252f4,01a07757-6e7e-7430-90e0-e6bb70a4db99,f,2026-09-06 15:30:13.758673+00
01a07757-6e8a-7a30-ac9e-737da5a7e3c5,01a07757-6c0e-7733-b6e0-6d081b11755d,01a07757-6e0c-7311-81a9-77171f28491a,01a07757-6e7e-7430-90e0-e6bb70a4db99,f,2026-09-06 15:30:13.758673+00
01a07757-6e8a-7a30-ac9e-7381aa922948,01a07757-6c0e-7733-b6e0-6d081b11755d,01a07757-6e0c-7311-81a9-772875f252f4,01a07757-6e7e-7430-90e0-e6bb70a4db99,f,2026-09-06 15:30:13.758673+00
01a07757-6e8a-7a30-ac9e-73942947bc51,01a07757-6c0e-7733-b6e0-6d081b11755d,01a07757-6e0c-7311-81a9-77171f28491a,01a07757-6e7e-7430-90e0-e6bb70a4db99,f,2026-09-06 15:30:13.758673+00
01a07757-6e8b-7e73-a24a-c8307d3a7203,01a07757-6c0e-7733-b6e0-6d081b11755d,01a07757-6e0c-7311-81a9-772875f252f4,01a07757-6e7e-7430-90e0-e6bb70a4db99,f,2026-09-06 15:30:13.758673+00
01a07757-6eab-7ee0-9743-96c6645b0752,01a07757-6cec-7a72-8dff-cbf874ec6d80,01a07757-6d0e-71c0-90d1-1e538217472b,01a07757-6ea1-7162-8ec4-4b38925419cd,f,2026-09-06 15:30:13.795713+00
01a07757-6eab-7ee0-9743-96d9fd42778c,01a07757-6cec-7a72-8dff-cbf874ec6d80,01a07757-6d0e-71c0-90d1-1e60b2d89ee4,01a07757-6ea1-7162-8ec4-4b38925419cd,f,2026-09-06 15:30:13.795713+00
01a07757-6eac-7b31-ace4-e6e5172c2896,01a07757-6cec-7a72-8dff-cbf874ec6d80,01a07757-6d0e-71c0-90d1-1e538217472b,01a07757-6ea1-7162-8ec4-4b38925419cd,f,2026-09-06 15:30:13.795713+00
01a07757-6eac-7b31-ace4-e6f12d31d3b9,01a07757-6cec-7a72-8dff-cbf874ec6d80,01a07757-6d0e-71c0-90d1-1e60b2d89ee4,01a07757-6ea1-7162-8ec4-4b38925419cd,f,2026-09-06 15:30:13.795713+00
01a07757-6eac-7b31-ace4-e701c7436d4c,01a07757-6cec-7a72-8dff-cbf874ec6d80,01a07757-6d0e-71c0-90d1-1e538217472b,01a07757-6ea1-7162-8ec4-4b38925419cd,f,2026-09-06 15:30:13.795713+00
01a07757-6eac-7b31-ace4-e71695288303,01a07757-6cec-7a72-8dff-cbf874ec6d80,01a07757-6d0e-71c0-90d1-1e60b2d89ee4,01a07757-6ea1-7162-8ec4-4b38925419cd,f,2026-09-06 15:30:13.795713+00
01a07757-6ee3-70c0-99cb-98f8a3a7c329,01a07757-6b08-7150-a534-2b0b7828eef8,01a07757-6b1a-7e23-8463-5b32b5d62d13,01a07757-6ee1-7810-a605-a418136eedcc,f,2026-09-06 15:30:13.858764+00
01a07757-6ee4-7a00-83fe-931aeb0597b6,01a07757-6b08-7150-a534-2b0b7828eef8,01a07757-6dfd-78c0-9053-0dac3ea65a5b,01a07757-6ee1-7810-a605-a418136eedcc,f,2026-09-06 15:30:13.858764+00
01a07757-6ee4-7a00-83fe-93281798dcc1,01a07757-6b08-7150-a534-2b0b7828eef8,01a07757-6b1a-7e23-8463-5b32b5d62d13,01a07757-6ee1-7810-a605-a418136eedcc,f,2026-09-06 15:30:13.858764+00
01a07757-6ee5-79d0-b63d-c5f66cc19b24,01a07757-6b08-7150-a534-2b0b7828eef8,01a07757-6dfd-78c0-9053-0dac3ea65a5b,01a07757-6ee1-7810-a605-a418136eedcc,f,2026-09-06 15:30:13.858764+00
01a07757-6ee5-79d0-b63d-c60664cee4d9,01a07757-6b08-7150-a534-2b0b7828eef8,01a07757-6b1a-7e23-8463-5b32b5d62d13,01a07757-6ee1-7810-a605-a418136eedcc,f,2026-09-06 15:30:13.858764+00
01a07757-6ee5-79d0-b63d-c6145f54a786,01a07757-6b08-7150-a534-2b0b7828eef8,01a07757-6dfd-78c0-9053-0dac3ea65a5b,01a07757-6ee1-7810-a605-a418136eedcc,f,2026-09-06 15:30:13.858764+00
01a07757-6eea-7232-a39e-09e7f8e5bdc8,01a07757-6cec-7a72-8dff-cbf874ec6d80,01a07757-6d0e-71c0-90d1-1e538217472b,01a07757-6ee5-79d0-b63d-c6231d166210,f,2026-09-06 15:30:13.8633+00
01a07757-6eea-7232-a39e-09f1811d76fb,01a07757-6cec-7a72-8dff-cbf874ec6d80,01a07757-6d0e-71c0-90d1-1e60b2d89ee4,01a07757-6ee5-79d0-b63d-c6231d166210,f,2026-09-06 15:30:13.8633+00
01a07757-6eeb-7df3-99f1-2f897f85712d,01a07757-6cec-7a72-8dff-cbf874ec6d80,01a07757-6d0e-71c0-90d1-1e538217472b,01a07757-6ee5-79d0-b63d-c6231d166210,f,2026-09-06 15:30:13.8633+00
01a07757-6eeb-7df3-99f1-2f9e9ba4dde8,01a07757-6cec-7a72-8dff-cbf874ec6d80,01a07757-6d0e-71c0-90d1-1e60b2d89ee4,01a07757-6ee5-79d0-b63d-c6231d166210,f,2026-09-06 15:30:13.8633+00
01a07757-6eeb-7df3-99f1-2fa4d635fa30,01a07757-6cec-7a72-8dff-cbf874ec6d80,01a07757-6d0e-71c0-90d1-1e538217472b,01a07757-6ee5-79d0-b63d-c6231d166210,f,2026-09-06 15:30:13.8633+00
01a07757-6eeb-7df3-99f1-2fb73472d029,01a07757-6cec-7a72-8dff-cbf874ec6d80,01a07757-6d0e-71c0-90d1-1e60b2d89ee4,01a07757-6ee5-79d0-b63d-c6231d166210,f,2026-09-06 15:30:13.8633+00
01a07757-6f40-75c1-8c60-a052dac26d5b,01a07757-6c0e-7733-b6e0-6d081b11755d,01a07757-6e0c-7311-81a9-77171f28491a,01a07757-6f36-76c1-93eb-161c4905bddd,f,2026-09-06 15:30:13.949365+00
01a07757-6f40-75c1-8c60-a06f03501dc9,01a07757-6c0e-7733-b6e0-6d081b11755d,01a07757-6e0c-7311-81a9-772875f252f4,01a07757-6f36-76c1-93eb-161c4905bddd,f,2026-09-06 15:30:13.949365+00
01a07757-6f41-7dd2-aaf4-4e9528d5f43f,01a07757-6c0e-7733-b6e0-6d081b11755d,01a07757-6e0c-7311-81a9-77171f28491a,01a07757-6f36-76c1-93eb-161c4905bddd,f,2026-09-06 15:30:13.949365+00
01a07757-6f41-7dd2-aaf4-4eaddbd8f928,01a07757-6c0e-7733-b6e0-6d081b11755d,01a07757-6e0c-7311-81a9-772875f252f4,01a07757-6f36-76c1-93eb-161c4905bddd,f,2026-09-06 15:30:13.949365+00
01a07757-6f42-7662-9bca-bfe7b616daae,01a07757-6c0e-7733-b6e0-6d081b11755d,01a07757-6e0c-7311-81a9-77171f28491a,01a07757-6f36-76c1-93eb-161c4905bddd,f,2026-09-06 15:30:13.949365+00
01a07757-6f43-72c0-a0f1-cd984646556e,01a07757-6c0e-7733-b6e0-6d081b11755d,01a07757-6e0c-7311-81a9-772875f252f4,01a07757-6f36-76c1-93eb-161c4905bddd,f,2026-09-06 15:30:13.949365+00
01a07757-6f57-7813-9097-7d442148c6d2,01a07757-6cec-7a72-8dff-cbf874ec6d80,01a07757-6d0e-71c0-90d1-1e538217472b,01a07757-6f52-78b3-bc4f-e27fa5a79ee8,f,2026-09-06 15:30:13.972785+00
01a07757-6f58-7551-99e9-d823e329013b,01a07757-6cec-7a72-8dff-cbf874ec6d80,01a07757-6d0e-71c0-90d1-1e60b2d89ee4,01a07757-6f52-78b3-bc4f-e27fa5a79ee8,f,2026-09-06 15:30:13.972785+00
01a07757-6f58-7551-99e9-d83c363b609d,01a07757-6cec-7a72-8dff-cbf874ec6d80,01a07757-6d0e-71c0-90d1-1e538217472b,01a07757-6f52-78b3-bc4f-e27fa5a79ee8,f,2026-09-06 15:30:13.972785+00
01a07757-6f58-7551-99e9-d847e90812ab,01a07757-6cec-7a72-8dff-cbf874ec6d80,01a07757-6d0e-71c0-90d1-1e60b2d89ee4,01a07757-6f52-78b3-bc4f-e27fa5a79ee8,f,2026-09-06 15:30:13.972785+00
01a07757-6f58-7551-99e9-d85d7ef6ceb9,01a07757-6cec-7a72-8dff-cbf874ec6d80,01a07757-6d0e-71c0-90d1-1e538217472b,01a07757-6f52-78b3-bc4f-e27fa5a79ee8,f,2026-09-06 15:30:13.972785+00
01a07757-6f59-72c1-9813-3077045859b0,01a07757-6cec-7a72-8dff-cbf874ec6d80,01a07757-6d0e-71c0-90d1-1e60b2d89ee4,01a07757-6f52-78b3-bc4f-e27fa5a79ee8,f,2026-09-06 15:30:13.972785+00
01a07757-6fef-7173-81ff-ef3fd2b03d68,01a07757-6b0e-73b3-8af0-a4bbdc35ed0e,01a07757-6bf2-76a0-8d5d-f2a53706ceb5,01a07757-6e54-7c00-ba8e-6bc784c64bea,f,2026-09-06 15:30:13.719185+00
01a07757-6fef-7173-81ff-ef4dcede8682,01a07757-6b0e-73b3-8af0-a4bbdc35ed0e,01a07757-6bf2-76a0-8d5d-f2bf7c8f045b,01a07757-6e54-7c00-ba8e-6bc784c64bea,f,2026-09-06 15:30:13.719185+00
01a07757-6fef-7173-81ff-ef594b0fc987,01a07757-6b0e-73b3-8af0-a4bbdc35ed0e,01a07757-6bf2-76a0-8d5d-f2a53706ceb5,01a07757-6e54-7c00-ba8e-6bc784c64bea,f,2026-09-06 15:30:13.719185+00
01a07757-6ff0-7c83-a857-86949352be1a,01a07757-6b0e-73b3-8af0-a4bbdc35ed0e,01a07757-6bf2-76a0-8d5d-f2bf7c8f045b,01a07757-6e54-7c00-ba8e-6bc784c64bea,f,2026-09-06 15:30:13.719185+00
01a07757-6ff0-7c83-a857-86a74a1ad823,01a07757-6b0e-73b3-8af0-a4bbdc35ed0e,01a07757-6bf2-76a0-8d5d-f2a53706ceb5,01a07757-6e54-7c00-ba8e-6bc784c64bea,f,2026-09-06 15:30:13.719185+00
01a07757-6ff0-7c83-a857-86b3ae2f99cc,01a07757-6b0e-73b3-8af0-a4bbdc35ed0e,01a07757-6bf2-76a0-8d5d-f2bf7c8f045b,01a07757-6e54-7c00-ba8e-6bc784c64bea,f,2026-09-06 15:30:13.719185+00
01a07757-706d-7c22-add2-b0c43cbd0f94,01a07757-6b0e-73b3-8af0-a4bbdc35ed0e,01a07757-6bf2-76a0-8d5d-f2a53706ceb5,01a07757-7065-7af3-8541-8c4f0974e266,f,2026-09-06 15:30:14.252094+00
01a07757-706e-7920-b1cf-7a183a133822,01a07757-6b0e-73b3-8af0-a4bbdc35ed0e,01a07757-6bf2-76a0-8d5d-f2bf7c8f045b,01a07757-7065-7af3-8541-8c4f0974e266,f,2026-09-06 15:30:14.252094+00
01a07757-706e-7920-b1cf-7a28ddd0ff55,01a07757-6b0e-73b3-8af0-a4bbdc35ed0e,01a07757-6bf2-76a0-8d5d-f2a53706ceb5,01a07757-7065-7af3-8541-8c4f0974e266,f,2026-09-06 15:30:14.252094+00
01a07757-706e-7920-b1cf-7a31774b1b99,01a07757-6b0e-73b3-8af0-a4bbdc35ed0e,01a07757-6bf2-76a0-8d5d-f2bf7c8f045b,01a07757-7065-7af3-8541-8c4f0974e266,f,2026-09-06 15:30:14.252094+00
01a07757-706e-7920-b1cf-7a4e71fb136a,01a07757-6b0e-73b3-8af0-a4bbdc35ed0e,01a07757-6bf2-76a0-8d5d-f2a53706ceb5,01a07757-7065-7af3-8541-8c4f0974e266,f,2026-09-06 15:30:14.252094+00
01a07757-706f-7c02-96b5-72fa024bef5b,01a07757-6b0e-73b3-8af0-a4bbdc35ed0e,01a07757-6bf2-76a0-8d5d-f2bf7c8f045b,01a07757-7065-7af3-8541-8c4f0974e266,f,2026-09-06 15:30:14.252094+00
01a07757-70cd-76d2-9b96-5f8e81442316,01a07757-6b0e-73b3-8af0-a4bbdc35ed0e,01a07757-6bf2-76a0-8d5d-f2a53706ceb5,01a07757-70c7-7081-ba15-49490f97e5dd,f,2026-09-06 15:30:14.347284+00
01a07757-70d3-7412-8b9d-70147a3d7032,01a07757-6b0e-73b3-8af0-a4bbdc35ed0e,01a07757-6bf2-76a0-8d5d-f2bf7c8f045b,01a07757-70c7-7081-ba15-49490f97e5dd,f,2026-09-06 15:30:14.347284+00
01a07757-70d7-7c83-b575-020e3f46929b,01a07757-6b0e-73b3-8af0-a4bbdc35ed0e,01a07757-6bf2-76a0-8d5d-f2a53706ceb5,01a07757-70c7-7081-ba15-49490f97e5dd,f,2026-09-06 15:30:14.347284+00
01a07757-70d7-7c83-b575-02164e8c58f8,01a07757-6b0e-73b3-8af0-a4bbdc35ed0e,01a07757-6bf2-76a0-8d5d-f2bf7c8f045b,01a07757-70c7-7081-ba15-49490f97e5dd,f,2026-09-06 15:30:14.347284+00
01a07757-70d7-7c83-b575-0223e1be39f4,01a07757-6b0e-73b3-8af0-a4bbdc35ed0e,01a07757-6bf2-76a0-8d5d-f2a53706ceb5,01a07757-70c7-7081-ba15-49490f97e5dd,f,2026-09-06 15:30:14.347284+00
01a07757-70d8-7b61-b795-4fdf2524a98a,01a07757-6b0e-73b3-8af0-a4bbdc35ed0e,01a07757-6bf2-76a0-8d5d-f2bf7c8f045b,01a07757-70c7-7081-ba15-49490f97e5dd,f,2026-09-06 15:30:14.347284+00
01a07757-713a-75b1-bca9-0f857c17965d,01a07757-6b0e-73b3-8af0-a4bbdc35ed0e,01a07757-6bf2-76a0-8d5d-f2a53706ceb5,01a07757-7135-7402-9ff6-f045e3dc10cf,f,2026-09-06 15:30:14.45518+00
01a07757-713c-7762-9aa5-67383152fc25,01a07757-6b0e-73b3-8af0-a4bbdc35ed0e,01a07757-6bf2-76a0-8d5d-f2bf7c8f045b,01a07757-7135-7402-9ff6-f045e3dc10cf,f,2026-09-06 15:30:14.45518+00
01a07757-713c-7762-9aa5-674e8c8b916a,01a07757-6b0e-73b3-8af0-a4bbdc35ed0e,01a07757-6bf2-76a0-8d5d-f2a53706ceb5,01a07757-7135-7402-9ff6-f045e3dc10cf,f,2026-09-06 15:30:14.45518+00
01a07757-713c-7762-9aa5-675707ab6f95,01a07757-6b0e-73b3-8af0-a4bbdc35ed0e,01a07757-6bf2-76a0-8d5d-f2bf7c8f045b,01a07757-7135-7402-9ff6-f045e3dc10cf,f,2026-09-06 15:30:14.45518+00
01a07757-713d-75c1-8515-63b368f5fc87,01a07757-6b0e-73b3-8af0-a4bbdc35ed0e,01a07757-6bf2-76a0-8d5d-f2a53706ceb5,01a07757-7135-7402-9ff6-f045e3dc10cf,f,2026-09-06 15:30:14.45518+00
01a07757-713d-75c1-8515-63c37e04d736,01a07757-6b0e-73b3-8af0-a4bbdc35ed0e,01a07757-6bf2-76a0-8d5d-f2bf7c8f045b,01a07757-7135-7402-9ff6-f045e3dc10cf,f,2026-09-06 15:30:14.45518+00
01a07757-7206-77b3-b21f-6a6a419c57f8,01a07757-6b0e-73b3-8af0-a4bbdc35ed0e,01a07757-6bf2-76a0-8d5d-f2a53706ceb5,01a07757-7204-7970-87f3-7d0fe0b15092,f,2026-09-06 15:30:14.661472+00
01a07757-7206-77b3-b21f-6a7ef7398930,01a07757-6b0e-73b3-8af0-a4bbdc35ed0e,01a07757-6bf2-76a0-8d5d-f2bf7c8f045b,01a07757-7204-7970-87f3-7d0fe0b15092,f,2026-09-06 15:30:14.661472+00
01a07757-7206-77b3-b21f-6a8562e35e3a,01a07757-6b0e-73b3-8af0-a4bbdc35ed0e,01a07757-6bf2-76a0-8d5d-f2a53706ceb5,01a07757-7204-7970-87f3-7d0fe0b15092,f,2026-09-06 15:30:14.661472+00
01a07757-7207-72b3-b0cb-87471594df3c,01a07757-6b0e-73b3-8af0-a4bbdc35ed0e,01a07757-6bf2-76a0-8d5d-f2bf7c8f045b,01a07757-7204-7970-87f3-7d0fe0b15092,f,2026-09-06 15:30:14.661472+00
01a07757-7207-72b3-b0cb-875d29616836,01a07757-6b0e-73b3-8af0-a4bbdc35ed0e,01a07757-6bf2-76a0-8d5d-f2a53706ceb5,01a07757-7204-7970-87f3-7d0fe0b15092,f,2026-09-06 15:30:14.661472+00
01a07757-7207-72b3-b0cb-876d45134818,01a07757-6b0e-73b3-8af0-a4bbdc35ed0e,01a07757-6bf2-76a0-8d5d-f2bf7c8f045b,01a07757-7204-7970-87f3-7d0fe0b15092,f,2026-09-06 15:30:14.661472+00
01a07757-73fe-72f3-ba97-24bc41bd3580,01a07757-72ec-71e0-bd1e-7d939dab7faa,01a07757-73b8-7ef1-ac9c-dc2be9c54cf6,01a07757-73f5-7162-810b-04c169cb26be,f,2026-09-06 15:30:15.158466+00
01a07757-73ff-7bb2-a626-4f4dce3a6cf7,01a07757-72ec-71e0-bd1e-7d939dab7faa,01a07757-73b8-7ef1-ac9c-dc3e71d26e9c,01a07757-73f5-7162-810b-04c169cb26be,f,2026-09-06 15:30:15.158466+00
01a07757-73ff-7bb2-a626-4f552ea78b15,01a07757-72ec-71e0-bd1e-7d939dab7faa,01a07757-73b8-7ef1-ac9c-dc2be9c54cf6,01a07757-73f5-7162-810b-04c169cb26be,f,2026-09-06 15:30:15.158466+00
01a07757-7402-79d3-8341-5dc32fb28fa3,01a07757-72ec-71e0-bd1e-7d939dab7faa,01a07757-73b8-7ef1-ac9c-dc3e71d26e9c,01a07757-73f5-7162-810b-04c169cb26be,f,2026-09-06 15:30:15.158466+00
01a07757-7403-7b31-8f31-96665ea5829e,01a07757-72ec-71e0-bd1e-7d939dab7faa,01a07757-73b8-7ef1-ac9c-dc2be9c54cf6,01a07757-73f5-7162-810b-04c169cb26be,f,2026-09-06 15:30:15.158466+00
01a07757-7403-7b31-8f31-9677c439dc3a,01a07757-72ec-71e0-bd1e-7d939dab7faa,01a07757-73b8-7ef1-ac9c-dc3e71d26e9c,01a07757-73f5-7162-810b-04c169cb26be,f,2026-09-06 15:30:15.158466+00
01a07757-743c-7052-9450-031dde4ca195,01a07757-72ec-71e0-bd1e-7d939dab7faa,01a07757-73b8-7ef1-ac9c-dc2be9c54cf6,01a07757-743a-7d72-827c-59c5d3a3bdf1,f,2026-09-06 15:30:15.228143+00
01a07757-743d-75f0-8732-1de878470d6a,01a07757-72ec-71e0-bd1e-7d939dab7faa,01a07757-73b8-7ef1-ac9c-dc3e71d26e9c,01a07757-743a-7d72-827c-59c5d3a3bdf1,f,2026-09-06 15:30:15.228143+00
01a07757-743d-75f0-8732-1df48b16612f,01a07757-72ec-71e0-bd1e-7d939dab7faa,01a07757-73b8-7ef1-ac9c-dc2be9c54cf6,01a07757-743a-7d72-827c-59c5d3a3bdf1,f,2026-09-06 15:30:15.228143+00
01a07757-743e-7f10-bf90-6c9c1cd35836,01a07757-72ec-71e0-bd1e-7d939dab7faa,01a07757-73b8-7ef1-ac9c-dc3e71d26e9c,01a07757-743a-7d72-827c-59c5d3a3bdf1,f,2026-09-06 15:30:15.228143+00
01a07757-743e-7f10-bf90-6ca29a64d42e,01a07757-72ec-71e0-bd1e-7d939dab7faa,01a07757-73b8-7ef1-ac9c-dc2be9c54cf6,01a07757-743a-7d72-827c-59c5d3a3bdf1,f,2026-09-06 15:30:15.228143+00
01a07757-743e-7f10-bf90-6cbed1f90856,01a07757-72ec-71e0-bd1e-7d939dab7faa,01a07757-73b8-7ef1-ac9c-dc3e71d26e9c,01a07757-743a-7d72-827c-59c5d3a3bdf1,f,2026-09-06 15:30:15.228143+00
01a07757-744b-7e01-9e76-894d7b0a5ed7,01a07757-72a0-7a51-8e2f-c392653aa1c6,01a07757-738a-75c1-8cdf-3134eb86c278,01a07757-743d-75f0-8732-1dd72e0e1cf9,f,2026-09-06 15:30:15.230388+00
01a07757-744b-7e01-9e76-895e29fb848f,01a07757-72a0-7a51-8e2f-c392653aa1c6,01a07757-7430-7003-9ae5-eaf1233d7853,01a07757-743d-75f0-8732-1dd72e0e1cf9,f,2026-09-06 15:30:15.230388+00
01a07757-744c-7471-babb-471e07c3ddf6,01a07757-72a0-7a51-8e2f-c392653aa1c6,01a07757-738a-75c1-8cdf-3134eb86c278,01a07757-743d-75f0-8732-1dd72e0e1cf9,f,2026-09-06 15:30:15.230388+00
01a07757-744c-7471-babb-4721a6fdceaf,01a07757-72a0-7a51-8e2f-c392653aa1c6,01a07757-7430-7003-9ae5-eaf1233d7853,01a07757-743d-75f0-8732-1dd72e0e1cf9,f,2026-09-06 15:30:15.230388+00
01a07757-744c-7471-babb-473c1a96652b,01a07757-72a0-7a51-8e2f-c392653aa1c6,01a07757-738a-75c1-8cdf-3134eb86c278,01a07757-743d-75f0-8732-1dd72e0e1cf9,f,2026-09-06 15:30:15.230388+00
01a07757-744c-7471-babb-474b1db8b172,01a07757-72a0-7a51-8e2f-c392653aa1c6,01a07757-7430-7003-9ae5-eaf1233d7853,01a07757-743d-75f0-8732-1dd72e0e1cf9,f,2026-09-06 15:30:15.230388+00
01a07757-74b9-72a1-a678-289725b27f9d,01a07757-72a0-7a51-8e2f-c392653aa1c6,01a07757-738a-75c1-8cdf-3134eb86c278,01a07757-74b6-7920-889f-5f160df73a18,f,2026-09-06 15:30:15.352948+00
01a07757-74ba-7261-96c2-0492f7a0aca6,01a07757-72a0-7a51-8e2f-c392653aa1c6,01a07757-749c-7ea2-9b45-0d6f5f1401cd,01a07757-74b6-7920-889f-5f160df73a18,f,2026-09-06 15:30:15.352948+00
01a07757-74bb-75a2-b108-5757f336bbf1,01a07757-72a0-7a51-8e2f-c392653aa1c6,01a07757-738a-75c1-8cdf-3134eb86c278,01a07757-74b6-7920-889f-5f160df73a18,f,2026-09-06 15:30:15.352948+00
01a07757-74bb-75a2-b108-576082dcfcd1,01a07757-72a0-7a51-8e2f-c392653aa1c6,01a07757-749c-7ea2-9b45-0d6f5f1401cd,01a07757-74b6-7920-889f-5f160df73a18,f,2026-09-06 15:30:15.352948+00
01a07757-74bb-75a2-b108-57708702be0d,01a07757-72a0-7a51-8e2f-c392653aa1c6,01a07757-738a-75c1-8cdf-3134eb86c278,01a07757-74b6-7920-889f-5f160df73a18,f,2026-09-06 15:30:15.352948+00
01a07757-74bb-75a2-b108-578b183529d9,01a07757-72a0-7a51-8e2f-c392653aa1c6,01a07757-749c-7ea2-9b45-0d6f5f1401cd,01a07757-74b6-7920-889f-5f160df73a18,f,2026-09-06 15:30:15.352948+00
01a07757-74ed-77e0-88ad-cbae98049221,01a07757-72a0-7a51-8e2f-c392653aa1c6,01a07757-738a-75c1-8cdf-3134eb86c278,01a07757-74ea-7ce3-babe-7188508e89f0,f,2026-09-06 15:30:15.404301+00
01a07757-74ed-77e0-88ad-cbb70d07687c,01a07757-72a0-7a51-8e2f-c392653aa1c6,01a07757-74e2-7953-b37f-cb294f214ff7,01a07757-74ea-7ce3-babe-7188508e89f0,f,2026-09-06 15:30:15.404301+00
01a07757-74ed-77e0-88ad-cbcd96adb22b,01a07757-72a0-7a51-8e2f-c392653aa1c6,01a07757-738a-75c1-8cdf-3134eb86c278,01a07757-74ea-7ce3-babe-7188508e89f0,f,2026-09-06 15:30:15.404301+00
01a07757-74ee-7041-80c5-72c4620ea1b8,01a07757-72a0-7a51-8e2f-c392653aa1c6,01a07757-74e2-7953-b37f-cb294f214ff7,01a07757-74ea-7ce3-babe-7188508e89f0,f,2026-09-06 15:30:15.404301+00
01a07757-74ee-7041-80c5-72d5ab891b6f,01a07757-72a0-7a51-8e2f-c392653aa1c6,01a07757-738a-75c1-8cdf-3134eb86c278,01a07757-74ea-7ce3-babe-7188508e89f0,f,2026-09-06 15:30:15.404301+00
01a07757-74ee-7041-80c5-72e5bef813ae,01a07757-72a0-7a51-8e2f-c392653aa1c6,01a07757-74e2-7953-b37f-cb294f214ff7,01a07757-74ea-7ce3-babe-7188508e89f0,f,2026-09-06 15:30:15.404301+00
01a07757-7533-7631-ae22-6fec0fdef92a,01a07757-72a0-7a51-8e2f-c392653aa1c6,01a07757-738a-75c1-8cdf-3134eb86c278,01a07757-7531-7873-a4df-6877cf9244d2,f,2026-09-06 15:30:15.474412+00
01a07757-7533-7631-ae22-6ff5b83db13b,01a07757-72a0-7a51-8e2f-c392653aa1c6,01a07757-7521-72c1-9cb0-471985fd29f3,01a07757-7531-7873-a4df-6877cf9244d2,f,2026-09-06 15:30:15.474412+00
01a07757-7533-7631-ae22-70051d42d607,01a07757-72a0-7a51-8e2f-c392653aa1c6,01a07757-738a-75c1-8cdf-3134eb86c278,01a07757-7531-7873-a4df-6877cf9244d2,f,2026-09-06 15:30:15.474412+00
01a07757-7534-7ba1-b8a1-44aeef887a2f,01a07757-72a0-7a51-8e2f-c392653aa1c6,01a07757-7521-72c1-9cb0-471985fd29f3,01a07757-7531-7873-a4df-6877cf9244d2,f,2026-09-06 15:30:15.474412+00
01a07757-7534-7ba1-b8a1-44b0c9262062,01a07757-72a0-7a51-8e2f-c392653aa1c6,01a07757-738a-75c1-8cdf-3134eb86c278,01a07757-7531-7873-a4df-6877cf9244d2,f,2026-09-06 15:30:15.474412+00
01a07757-7534-7ba1-b8a1-44cfe9b14bb0,01a07757-72a0-7a51-8e2f-c392653aa1c6,01a07757-7521-72c1-9cb0-471985fd29f3,01a07757-7531-7873-a4df-6877cf9244d2,f,2026-09-06 15:30:15.474412+00
01a07757-7567-7522-9874-1ec134dd9a04,01a07757-72a0-7a51-8e2f-c392653aa1c6,01a07757-738a-75c1-8cdf-3134eb86c278,01a07757-7566-79a0-a120-f6622ea2b703,f,2026-09-06 15:30:15.527016+00
01a07757-7567-7522-9874-1ed3ddd68a29,01a07757-72a0-7a51-8e2f-c392653aa1c6,01a07757-755e-7190-b8d1-d7a5879677e3,01a07757-7566-79a0-a120-f6622ea2b703,f,2026-09-06 15:30:15.527016+00
01a07757-7568-7c40-822c-4b60d22f6f8f,01a07757-72a0-7a51-8e2f-c392653aa1c6,01a07757-738a-75c1-8cdf-3134eb86c278,01a07757-7566-79a0-a120-f6622ea2b703,f,2026-09-06 15:30:15.527016+00
01a07757-7568-7c40-822c-4b76225ff251,01a07757-72a0-7a51-8e2f-c392653aa1c6,01a07757-755e-7190-b8d1-d7a5879677e3,01a07757-7566-79a0-a120-f6622ea2b703,f,2026-09-06 15:30:15.527016+00
01a07757-7568-7c40-822c-4b8c642c011c,01a07757-72a0-7a51-8e2f-c392653aa1c6,01a07757-738a-75c1-8cdf-3134eb86c278,01a07757-7566-79a0-a120-f6622ea2b703,f,2026-09-06 15:30:15.527016+00
01a07757-7568-7c40-822c-4b9bd2891f65,01a07757-72a0-7a51-8e2f-c392653aa1c6,01a07757-755e-7190-b8d1-d7a5879677e3,01a07757-7566-79a0-a120-f6622ea2b703,f,2026-09-06 15:30:15.527016+00
01a07757-75e0-7d21-8bf1-96895b399383,01a07757-759c-79b2-9f0a-1354e366fb56,01a07757-75ac-7523-a551-499b8b108581,01a07757-75da-7ee3-9504-24bbbeb5158f,f,2026-09-06 15:30:15.642911+00
01a07757-75e1-79d2-9af9-ffe75f0a16e6,01a07757-759c-79b2-9f0a-1354e366fb56,01a07757-75ac-7523-a551-49ab8f98e148,01a07757-75da-7ee3-9504-24bbbeb5158f,f,2026-09-06 15:30:15.642911+00
01a07757-75e1-79d2-9af9-fff742435ea1,01a07757-759c-79b2-9f0a-1354e366fb56,01a07757-75ac-7523-a551-499b8b108581,01a07757-75da-7ee3-9504-24bbbeb5158f,f,2026-09-06 15:30:15.642911+00
01a07757-75e1-79d2-9afa-000665ef2a18,01a07757-759c-79b2-9f0a-1354e366fb56,01a07757-75ac-7523-a551-49ab8f98e148,01a07757-75da-7ee3-9504-24bbbeb5158f,f,2026-09-06 15:30:15.642911+00
01a07757-75e1-79d2-9afa-001eb08ba372,01a07757-759c-79b2-9f0a-1354e366fb56,01a07757-75ac-7523-a551-499b8b108581,01a07757-75da-7ee3-9504-24bbbeb5158f,f,2026-09-06 15:30:15.642911+00
01a07757-75e2-79b2-8f35-07702c95e87e,01a07757-759c-79b2-9f0a-1354e366fb56,01a07757-75ac-7523-a551-49ab8f98e148,01a07757-75da-7ee3-9504-24bbbeb5158f,f,2026-09-06 15:30:15.642911+00
01a07757-7609-7af3-af99-5ea8145349b2,01a07757-759c-79b2-9f0a-1354e366fb56,01a07757-75ac-7523-a551-499b8b108581,01a07757-7608-7bb2-90ef-89c9a97b7279,f,2026-09-06 15:30:15.689468+00
01a07757-760a-7361-9c0e-db03fdc3a8be,01a07757-759c-79b2-9f0a-1354e366fb56,01a07757-75ac-7523-a551-49ab8f98e148,01a07757-7608-7bb2-90ef-89c9a97b7279,f,2026-09-06 15:30:15.689468+00
01a07757-760a-7361-9c0e-db1f726a26ec,01a07757-759c-79b2-9f0a-1354e366fb56,01a07757-75ac-7523-a551-499b8b108581,01a07757-7608-7bb2-90ef-89c9a97b7279,f,2026-09-06 15:30:15.689468+00
01a07757-760a-7361-9c0e-db26bc6c8f2c,01a07757-759c-79b2-9f0a-1354e366fb56,01a07757-75ac-7523-a551-49ab8f98e148,01a07757-7608-7bb2-90ef-89c9a97b7279,f,2026-09-06 15:30:15.689468+00
01a07757-760b-75e0-8373-57efb06c8848,01a07757-759c-79b2-9f0a-1354e366fb56,01a07757-75ac-7523-a551-499b8b108581,01a07757-7608-7bb2-90ef-89c9a97b7279,f,2026-09-06 15:30:15.689468+00
01a07757-760b-75e0-8373-57fd8b7495ae,01a07757-759c-79b2-9f0a-1354e366fb56,01a07757-75ac-7523-a551-49ab8f98e148,01a07757-7608-7bb2-90ef-89c9a97b7279,f,2026-09-06 15:30:15.689468+00
01a07757-7687-7e83-810c-d78270bef301,01a07757-746c-7be0-b86d-fc88561cb42c,01a07757-7538-73b1-82d0-b0aa94c9db45,01a07757-7680-7eb3-9fb2-7155731961e9,f,2026-09-06 15:30:15.809455+00
01a07757-7687-7e83-810c-d7999fb3a965,01a07757-746c-7be0-b86d-fc88561cb42c,01a07757-7538-73b1-82d0-b0bb0624b915,01a07757-7680-7eb3-9fb2-7155731961e9,f,2026-09-06 15:30:15.809455+00
01a07757-7687-7e83-810c-d7a191c49a0c,01a07757-746c-7be0-b86d-fc88561cb42c,01a07757-7538-73b1-82d0-b0aa94c9db45,01a07757-7680-7eb3-9fb2-7155731961e9,f,2026-09-06 15:30:15.809455+00
01a07757-7688-7923-97bb-4728cfc706bb,01a07757-746c-7be0-b86d-fc88561cb42c,01a07757-7538-73b1-82d0-b0bb0624b915,01a07757-7680-7eb3-9fb2-7155731961e9,f,2026-09-06 15:30:15.809455+00
01a07757-7688-7923-97bb-473b6dc5f7ca,01a07757-746c-7be0-b86d-fc88561cb42c,01a07757-7538-73b1-82d0-b0aa94c9db45,01a07757-7680-7eb3-9fb2-7155731961e9,f,2026-09-06 15:30:15.809455+00
01a07757-7688-7923-97bb-474332fe2cad,01a07757-746c-7be0-b86d-fc88561cb42c,01a07757-7538-73b1-82d0-b0bb0624b915,01a07757-7680-7eb3-9fb2-7155731961e9,f,2026-09-06 15:30:15.809455+00
01a07757-76b4-75d1-9182-eada3375038f,01a07757-746c-7be0-b86d-fc88561cb42c,01a07757-7538-73b1-82d0-b0aa94c9db45,01a07757-76b3-7120-a245-ffb54a76b93f,f,2026-09-06 15:30:15.859744+00
01a07757-76b4-75d1-9182-eae76519f554,01a07757-746c-7be0-b86d-fc88561cb42c,01a07757-7538-73b1-82d0-b0bb0624b915,01a07757-76b3-7120-a245-ffb54a76b93f,f,2026-09-06 15:30:15.859744+00
01a07757-76b4-75d1-9182-eaf38a32e046,01a07757-746c-7be0-b86d-fc88561cb42c,01a07757-7538-73b1-82d0-b0aa94c9db45,01a07757-76b3-7120-a245-ffb54a76b93f,f,2026-09-06 15:30:15.859744+00
01a07757-76b4-75d1-9182-eb07cac6eb84,01a07757-746c-7be0-b86d-fc88561cb42c,01a07757-7538-73b1-82d0-b0bb0624b915,01a07757-76b3-7120-a245-ffb54a76b93f,f,2026-09-06 15:30:15.859744+00
01a07757-76b4-75d1-9182-eb19e2439a56,01a07757-746c-7be0-b86d-fc88561cb42c,01a07757-7538-73b1-82d0-b0aa94c9db45,01a07757-76b3-7120-a245-ffb54a76b93f,f,2026-09-06 15:30:15.859744+00
01a07757-76b5-7ba1-a86f-7b399b8923c0,01a07757-746c-7be0-b86d-fc88561cb42c,01a07757-7538-73b1-82d0-b0bb0624b915,01a07757-76b3-7120-a245-ffb54a76b93f,f,2026-09-06 15:30:15.859744+00
01a07757-7a43-7b22-ad32-77402d23ef60,01a07757-79b1-7fa1-a073-017d68bb6824,01a07757-79b7-7031-9d9e-8fa588ffd67f,01a07757-7a3f-77f0-bb7b-c480a1a9bb50,f,2026-09-06 15:30:16.768087+00
01a07757-7a43-7b22-ad32-77558b20b2ca,01a07757-79b1-7fa1-a073-017d68bb6824,01a07757-79b7-7031-9d9e-8fb9eeb1277b,01a07757-7a3f-77f0-bb7b-c480a1a9bb50,f,2026-09-06 15:30:16.768087+00
01a07757-7a44-7d20-8410-ec4a3f6ee81d,01a07757-79b1-7fa1-a073-017d68bb6824,01a07757-79b7-7031-9d9e-8fa588ffd67f,01a07757-7a3f-77f0-bb7b-c480a1a9bb50,f,2026-09-06 15:30:16.768087+00
01a07757-7a44-7d20-8410-ec553c893b65,01a07757-79b1-7fa1-a073-017d68bb6824,01a07757-79b7-7031-9d9e-8fb9eeb1277b,01a07757-7a3f-77f0-bb7b-c480a1a9bb50,f,2026-09-06 15:30:16.768087+00
01a07757-7a44-7d20-8410-ec6dc1f9720c,01a07757-79b1-7fa1-a073-017d68bb6824,01a07757-79b7-7031-9d9e-8fa588ffd67f,01a07757-7a3f-77f0-bb7b-c480a1a9bb50,f,2026-09-06 15:30:16.768087+00
01a07757-7a44-7d20-8410-ec706e4c0f79,01a07757-79b1-7fa1-a073-017d68bb6824,01a07757-79b7-7031-9d9e-8fb9eeb1277b,01a07757-7a3f-77f0-bb7b-c480a1a9bb50,f,2026-09-06 15:30:16.768087+00
01a07757-7a54-7da1-9738-a2a17d42c17f,01a07757-79b1-7fa1-a073-017d68bb6824,01a07757-79b7-7031-9d9e-8fa588ffd67f,01a07757-7a53-7680-b9f0-e1636db00d54,f,2026-09-06 15:30:16.788244+00
01a07757-7a54-7da1-9738-a2b7d735d24f,01a07757-79b1-7fa1-a073-017d68bb6824,01a07757-79b7-7031-9d9e-8fb9eeb1277b,01a07757-7a53-7680-b9f0-e1636db00d54,f,2026-09-06 15:30:16.788244+00
01a07757-7a55-7221-8af0-8fdd7f12a8bf,01a07757-79b1-7fa1-a073-017d68bb6824,01a07757-79b7-7031-9d9e-8fa588ffd67f,01a07757-7a53-7680-b9f0-e1636db00d54,f,2026-09-06 15:30:16.788244+00
01a07757-7a55-7221-8af0-8fe406a3647f,01a07757-79b1-7fa1-a073-017d68bb6824,01a07757-79b7-7031-9d9e-8fb9eeb1277b,01a07757-7a53-7680-b9f0-e1636db00d54,f,2026-09-06 15:30:16.788244+00
01a07757-7a55-7221-8af0-8ff4884fb537,01a07757-79b1-7fa1-a073-017d68bb6824,01a07757-79b7-7031-9d9e-8fa588ffd67f,01a07757-7a53-7680-b9f0-e1636db00d54,f,2026-09-06 15:30:16.788244+00
01a07757-7a55-7221-8af0-900a98adb471,01a07757-79b1-7fa1-a073-017d68bb6824,01a07757-79b7-7031-9d9e-8fb9eeb1277b,01a07757-7a53-7680-b9f0-e1636db00d54,f,2026-09-06 15:30:16.788244+00
01a07757-93ab-7191-8402-a4932a4eff64,01a07757-90ea-7170-97d6-dd28ca359de0,01a07757-9228-71e1-afd2-7aed16b88711,01a07757-9382-7691-9dee-a560cbba6059,f,2026-09-06 15:30:23.237357+00
01a07757-93ab-7191-8402-a4a7fe23c9c1,01a07757-90ea-7170-97d6-dd28ca359de0,01a07757-9228-71e1-afd2-7af87275a6a2,01a07757-9382-7691-9dee-a560cbba6059,f,2026-09-06 15:30:23.237357+00
01a07757-93ae-7a22-a40c-62716b347991,01a07757-90ea-7170-97d6-dd28ca359de0,01a07757-9228-71e1-afd2-7aed16b88711,01a07757-9382-7691-9dee-a560cbba6059,f,2026-09-06 15:30:23.237357+00
01a07757-93af-77a3-b83c-60997a026113,01a07757-90ea-7170-97d6-dd28ca359de0,01a07757-9228-71e1-afd2-7af87275a6a2,01a07757-9382-7691-9dee-a560cbba6059,f,2026-09-06 15:30:23.237357+00
01a07757-93af-77a3-b83c-60a216db4510,01a07757-90ea-7170-97d6-dd28ca359de0,01a07757-9228-71e1-afd2-7aed16b88711,01a07757-9382-7691-9dee-a560cbba6059,f,2026-09-06 15:30:23.237357+00
01a07757-93af-77a3-b83c-60b528b8f23b,01a07757-90ea-7170-97d6-dd28ca359de0,01a07757-9228-71e1-afd2-7af87275a6a2,01a07757-9382-7691-9dee-a560cbba6059,f,2026-09-06 15:30:23.237357+00
01a07757-944a-7c51-a632-67e8b02a531e,01a07757-90ea-7170-97d6-dd28ca359de0,01a07757-9228-71e1-afd2-7aed16b88711,01a07757-9422-7691-9b83-3ac4b9fafaa1,f,2026-09-06 15:30:23.396121+00
01a07757-944a-7c51-a632-67f7f3951161,01a07757-90ea-7170-97d6-dd28ca359de0,01a07757-9228-71e1-afd2-7af87275a6a2,01a07757-9422-7691-9b83-3ac4b9fafaa1,f,2026-09-06 15:30:23.396121+00
01a07757-944a-7c51-a632-6807d62e47dd,01a07757-90ea-7170-97d6-dd28ca359de0,01a07757-9228-71e1-afd2-7aed16b88711,01a07757-9422-7691-9b83-3ac4b9fafaa1,f,2026-09-06 15:30:23.396121+00
01a07757-944b-7360-adcd-e11776851e70,01a07757-90ea-7170-97d6-dd28ca359de0,01a07757-9228-71e1-afd2-7af87275a6a2,01a07757-9422-7691-9b83-3ac4b9fafaa1,f,2026-09-06 15:30:23.396121+00
01a07757-944b-7360-adcd-e129b13a32d5,01a07757-90ea-7170-97d6-dd28ca359de0,01a07757-9228-71e1-afd2-7aed16b88711,01a07757-9422-7691-9b83-3ac4b9fafaa1,f,2026-09-06 15:30:23.396121+00
01a07757-944b-7360-adcd-e1308ca811bb,01a07757-90ea-7170-97d6-dd28ca359de0,01a07757-9228-71e1-afd2-7af87275a6a2,01a07757-9422-7691-9b83-3ac4b9fafaa1,f,2026-09-06 15:30:23.396121+00
01a07757-954d-7513-8359-c0ee131a97c3,01a07757-94a6-7810-ab43-bb6bfd1baf20,01a07757-94cb-7a71-8025-1e6170713cbd,01a07757-9538-7530-a770-041931ac383b,f,2026-09-06 15:30:23.675704+00
01a07757-954d-7513-8359-c0fe662513d5,01a07757-94a6-7810-ab43-bb6bfd1baf20,01a07757-94cb-7a71-8025-1e74326e8719,01a07757-9538-7530-a770-041931ac383b,f,2026-09-06 15:30:23.675704+00
01a07757-9555-78d3-94e9-8840f2ae0eae,01a07757-94a6-7810-ab43-bb6bfd1baf20,01a07757-94cb-7a71-8025-1e6170713cbd,01a07757-9538-7530-a770-041931ac383b,f,2026-09-06 15:30:23.675704+00
01a07757-9558-7d32-bd2a-437ac790104e,01a07757-94a6-7810-ab43-bb6bfd1baf20,01a07757-94cb-7a71-8025-1e74326e8719,01a07757-9538-7530-a770-041931ac383b,f,2026-09-06 15:30:23.675704+00
01a07757-9558-7d32-bd2a-43885414fc75,01a07757-94a6-7810-ab43-bb6bfd1baf20,01a07757-94cb-7a71-8025-1e6170713cbd,01a07757-9538-7530-a770-041931ac383b,f,2026-09-06 15:30:23.675704+00
01a07757-9559-7e31-9b4c-a527628ae5de,01a07757-94a6-7810-ab43-bb6bfd1baf20,01a07757-94cb-7a71-8025-1e74326e8719,01a07757-9538-7530-a770-041931ac383b,f,2026-09-06 15:30:23.675704+00
01a07757-955a-7683-a2ba-e7415af2bb56,01a07757-94a6-7810-ab43-bb6bfd1baf20,01a07757-94cb-7a71-8025-1e6170713cbd,01a07757-9538-7530-a770-042f209cdc4d,f,2026-09-06 15:30:23.675704+00
01a07757-955d-7532-96eb-4cc546129860,01a07757-94a6-7810-ab43-bb6bfd1baf20,01a07757-94cb-7a71-8025-1e74326e8719,01a07757-9538-7530-a770-042f209cdc4d,f,2026-09-06 15:30:23.675704+00
01a07757-955d-7532-96eb-4cdf74100ddb,01a07757-94a6-7810-ab43-bb6bfd1baf20,01a07757-94cb-7a71-8025-1e6170713cbd,01a07757-9538-7530-a770-042f209cdc4d,f,2026-09-06 15:30:23.675704+00
01a07757-955e-73a1-a1b1-f5eb202d2263,01a07757-94a6-7810-ab43-bb6bfd1baf20,01a07757-94cb-7a71-8025-1e74326e8719,01a07757-9538-7530-a770-042f209cdc4d,f,2026-09-06 15:30:23.675704+00
01a07757-955e-73a1-a1b1-f5f0d6a0e502,01a07757-94a6-7810-ab43-bb6bfd1baf20,01a07757-94cb-7a71-8025-1e6170713cbd,01a07757-9538-7530-a770-042f209cdc4d,f,2026-09-06 15:30:23.675704+00
01a07757-955e-73a1-a1b1-f6078072fc78,01a07757-94a6-7810-ab43-bb6bfd1baf20,01a07757-94cb-7a71-8025-1e74326e8719,01a07757-9538-7530-a770-042f209cdc4d,f,2026-09-06 15:30:23.675704+00
01a07757-955f-7930-a7d5-2ef2000e2a49,01a07757-94a6-7810-ab43-bb6bfd1baf20,01a07757-94cb-7a71-8025-1e6170713cbd,01a07757-9538-7530-a770-04386d2e78a5,f,2026-09-06 15:30:23.675704+00
01a07757-9560-76d1-9ab3-72e816a48091,01a07757-94a6-7810-ab43-bb6bfd1baf20,01a07757-94cb-7a71-8025-1e74326e8719,01a07757-9538-7530-a770-04386d2e78a5,f,2026-09-06 15:30:23.675704+00
01a07757-9560-76d1-9ab3-72f741871176,01a07757-94a6-7810-ab43-bb6bfd1baf20,01a07757-94cb-7a71-8025-1e6170713cbd,01a07757-9538-7530-a770-04386d2e78a5,f,2026-09-06 15:30:23.675704+00
01a07757-9560-76d1-9ab3-730be9f70868,01a07757-94a6-7810-ab43-bb6bfd1baf20,01a07757-94cb-7a71-8025-1e74326e8719,01a07757-9538-7530-a770-04386d2e78a5,f,2026-09-06 15:30:23.675704+00
01a07757-9561-7b13-b21c-f1e81eb2a1e2,01a07757-94a6-7810-ab43-bb6bfd1baf20,01a07757-94cb-7a71-8025-1e6170713cbd,01a07757-9538-7530-a770-04386d2e78a5,f,2026-09-06 15:30:23.675704+00
01a07757-9561-7b13-b21c-f1f81d438a22,01a07757-94a6-7810-ab43-bb6bfd1baf20,01a07757-94cb-7a71-8025-1e74326e8719,01a07757-9538-7530-a770-04386d2e78a5,f,2026-09-06 15:30:23.675704+00
01a07757-9562-7a31-9704-84a23ffd9aaf,01a07757-94a6-7810-ab43-bb6bfd1baf20,01a07757-94cb-7a71-8025-1e6170713cbd,01a07757-9538-7530-a770-0440c5e8737c,f,2026-09-06 15:30:23.675704+00
01a07757-9562-7a31-9704-84bdaee158f2,01a07757-94a6-7810-ab43-bb6bfd1baf20,01a07757-94cb-7a71-8025-1e74326e8719,01a07757-9538-7530-a770-0440c5e8737c,f,2026-09-06 15:30:23.675704+00
01a07757-9563-73e0-ab44-307eacdca90c,01a07757-94a6-7810-ab43-bb6bfd1baf20,01a07757-94cb-7a71-8025-1e6170713cbd,01a07757-9538-7530-a770-0440c5e8737c,f,2026-09-06 15:30:23.675704+00
01a07757-9563-73e0-ab44-308d41e61007,01a07757-94a6-7810-ab43-bb6bfd1baf20,01a07757-94cb-7a71-8025-1e74326e8719,01a07757-9538-7530-a770-0440c5e8737c,f,2026-09-06 15:30:23.675704+00
01a07757-9564-74c1-9d5b-b470e815e628,01a07757-94a6-7810-ab43-bb6bfd1baf20,01a07757-94cb-7a71-8025-1e6170713cbd,01a07757-9538-7530-a770-0440c5e8737c,f,2026-09-06 15:30:23.675704+00
01a07757-9564-74c1-9d5b-b485eb3fbab3,01a07757-94a6-7810-ab43-bb6bfd1baf20,01a07757-94cb-7a71-8025-1e74326e8719,01a07757-9538-7530-a770-0440c5e8737c,f,2026-09-06 15:30:23.675704+00
01a07757-9565-71d3-b071-12cc0a7f8368,01a07757-94a6-7810-ab43-bb6bfd1baf20,01a07757-94cb-7a71-8025-1e6170713cbd,01a07757-9538-7530-a770-045e375f1cbd,f,2026-09-06 15:30:23.675704+00
01a07757-9565-71d3-b071-12d394b882db,01a07757-94a6-7810-ab43-bb6bfd1baf20,01a07757-94cb-7a71-8025-1e74326e8719,01a07757-9538-7530-a770-045e375f1cbd,f,2026-09-06 15:30:23.675704+00
01a07757-9566-7141-80e1-d322dcd82a5b,01a07757-94a6-7810-ab43-bb6bfd1baf20,01a07757-94cb-7a71-8025-1e6170713cbd,01a07757-9538-7530-a770-045e375f1cbd,f,2026-09-06 15:30:23.675704+00
01a07757-9566-7141-80e1-d33914f1ef9a,01a07757-94a6-7810-ab43-bb6bfd1baf20,01a07757-94cb-7a71-8025-1e74326e8719,01a07757-9538-7530-a770-045e375f1cbd,f,2026-09-06 15:30:23.675704+00
01a07757-9567-7043-b0ad-a888732dd73a,01a07757-94a6-7810-ab43-bb6bfd1baf20,01a07757-94cb-7a71-8025-1e6170713cbd,01a07757-9538-7530-a770-045e375f1cbd,f,2026-09-06 15:30:23.675704+00
01a07757-9567-7043-b0ad-a89731e3809c,01a07757-94a6-7810-ab43-bb6bfd1baf20,01a07757-94cb-7a71-8025-1e74326e8719,01a07757-9538-7530-a770-045e375f1cbd,f,2026-09-06 15:30:23.675704+00
01a07757-995c-7873-83e1-d6777b836766,01a07757-9102-7c80-b07f-9cfe7b06dc0a,01a07757-9430-76b3-a30a-1ef657dd44bf,01a07757-994b-7191-b9e9-103fc3b56f5c,f,2026-09-06 15:30:24.719276+00
01a07757-995c-7873-83e1-d68d108c9bc2,01a07757-9102-7c80-b07f-9cfe7b06dc0a,01a07757-9430-76b3-a30a-1f0df2c6e311,01a07757-994b-7191-b9e9-103fc3b56f5c,f,2026-09-06 15:30:24.719276+00
01a07757-995d-7c90-aad3-1616b4b2ade3,01a07757-9102-7c80-b07f-9cfe7b06dc0a,01a07757-9430-76b3-a30a-1ef657dd44bf,01a07757-994b-7191-b9e9-103fc3b56f5c,f,2026-09-06 15:30:24.719276+00
01a07757-995f-7563-882e-13d867aaa23e,01a07757-9102-7c80-b07f-9cfe7b06dc0a,01a07757-9430-76b3-a30a-1f0df2c6e311,01a07757-994b-7191-b9e9-103fc3b56f5c,f,2026-09-06 15:30:24.719276+00
01a07757-995f-7563-882e-13e1c4403e58,01a07757-9102-7c80-b07f-9cfe7b06dc0a,01a07757-9430-76b3-a30a-1ef657dd44bf,01a07757-994b-7191-b9e9-103fc3b56f5c,f,2026-09-06 15:30:24.719276+00
01a07757-995f-7563-882e-13f6b2175eea,01a07757-9102-7c80-b07f-9cfe7b06dc0a,01a07757-9430-76b3-a30a-1f0df2c6e311,01a07757-994b-7191-b9e9-103fc3b56f5c,f,2026-09-06 15:30:24.719276+00
01a07757-9962-7e30-9767-1ac48ce8d48d,01a07757-92e2-72f2-93f2-9c1020301029,01a07757-9430-76b3-a30a-1ef657dd44bf,01a07757-994c-7b23-b4fb-e2785ac033e0,f,2026-09-06 15:30:24.719276+00
01a07757-9963-7692-8c72-12717635750e,01a07757-92e2-72f2-93f2-9c1020301029,01a07757-9430-76b3-a30a-1f0df2c6e311,01a07757-994c-7b23-b4fb-e2785ac033e0,f,2026-09-06 15:30:24.719276+00
01a07757-9963-7692-8c72-129769a348f9,01a07757-92e2-72f2-93f2-9c1020301029,01a07757-9430-76b3-a30a-1ef657dd44bf,01a07757-994c-7b23-b4fb-e2785ac033e0,f,2026-09-06 15:30:24.719276+00
01a07757-9963-7692-8c72-12b8676a8b19,01a07757-92e2-72f2-93f2-9c1020301029,01a07757-9430-76b3-a30a-1f0df2c6e311,01a07757-994c-7b23-b4fb-e2785ac033e0,f,2026-09-06 15:30:24.719276+00
01a07757-9963-7692-8c72-12d4d1874aeb,01a07757-92e2-72f2-93f2-9c1020301029,01a07757-9430-76b3-a30a-1ef657dd44bf,01a07757-994c-7b23-b4fb-e2785ac033e0,f,2026-09-06 15:30:24.719276+00
01a07757-9967-7d41-9ca2-c787b5e05146,01a07757-92e2-72f2-93f2-9c1020301029,01a07757-9430-76b3-a30a-1f0df2c6e311,01a07757-994c-7b23-b4fb-e2785ac033e0,f,2026-09-06 15:30:24.719276+00
01a07757-9a77-7e60-ad97-8573d9e66a02,01a07757-984c-75b0-ae88-ac75c0c27c9f,01a07757-99ed-7ed1-ae3d-118ad6cefe40,01a07757-9a5b-7253-a167-e1534d06b3ae,f,2026-09-06 15:30:24.992634+00
01a07757-9a78-7ee3-b8c2-55a13dc2754a,01a07757-984c-75b0-ae88-ac75c0c27c9f,01a07757-99ed-7ed1-ae3d-119ff5e3e78e,01a07757-9a5b-7253-a167-e1534d06b3ae,f,2026-09-06 15:30:24.992634+00
01a07757-9a7b-72c1-8c8d-aec056da12e3,01a07757-984c-75b0-ae88-ac75c0c27c9f,01a07757-99ed-7ed1-ae3d-118ad6cefe40,01a07757-9a5b-7253-a167-e1534d06b3ae,f,2026-09-06 15:30:24.992634+00
01a07757-9a7b-72c1-8c8d-aed084c62450,01a07757-984c-75b0-ae88-ac75c0c27c9f,01a07757-99ed-7ed1-ae3d-119ff5e3e78e,01a07757-9a5b-7253-a167-e1534d06b3ae,f,2026-09-06 15:30:24.992634+00
01a07757-9a7b-72c1-8c8d-aefa42f12f6c,01a07757-984c-75b0-ae88-ac75c0c27c9f,01a07757-99ed-7ed1-ae3d-118ad6cefe40,01a07757-9a5b-7253-a167-e1534d06b3ae,f,2026-09-06 15:30:24.992634+00
01a07757-9a7c-7070-b80f-27baddddcc04,01a07757-984c-75b0-ae88-ac75c0c27c9f,01a07757-99ed-7ed1-ae3d-119ff5e3e78e,01a07757-9a5b-7253-a167-e1534d06b3ae,f,2026-09-06 15:30:24.992634+00
01a07757-9a7d-74e0-a5ef-5fce9f41ad19,01a07757-998c-76c2-a8a9-4397148323cd,01a07757-99ed-7ed1-ae3d-118ad6cefe40,01a07757-9a5b-7253-a167-e166a13c1108,f,2026-09-06 15:30:24.992634+00
01a07757-9a7d-74e0-a5ef-5feed61d29d7,01a07757-998c-76c2-a8a9-4397148323cd,01a07757-99ed-7ed1-ae3d-119ff5e3e78e,01a07757-9a5b-7253-a167-e166a13c1108,f,2026-09-06 15:30:24.992634+00
01a07757-9a81-7cd1-ac0c-0e20d73adfed,01a07757-998c-76c2-a8a9-4397148323cd,01a07757-99ed-7ed1-ae3d-118ad6cefe40,01a07757-9a5b-7253-a167-e166a13c1108,f,2026-09-06 15:30:24.992634+00
01a07757-9a81-7cd1-ac0c-0e483e2561e5,01a07757-998c-76c2-a8a9-4397148323cd,01a07757-99ed-7ed1-ae3d-119ff5e3e78e,01a07757-9a5b-7253-a167-e166a13c1108,f,2026-09-06 15:30:24.992634+00
01a07757-9a81-7cd1-ac0c-0e63f8cc2a02,01a07757-998c-76c2-a8a9-4397148323cd,01a07757-99ed-7ed1-ae3d-118ad6cefe40,01a07757-9a5b-7253-a167-e166a13c1108,f,2026-09-06 15:30:24.992634+00
01a07757-9a83-7f52-b939-12daa7020c87,01a07757-998c-76c2-a8a9-4397148323cd,01a07757-99ed-7ed1-ae3d-119ff5e3e78e,01a07757-9a5b-7253-a167-e166a13c1108,f,2026-09-06 15:30:24.992634+00
01a07757-9a84-7703-9fd5-5fc5f9e85fd9,01a07757-984c-75b0-ae88-ac75c0c27c9f,01a07757-99ed-7ed1-ae3d-118ad6cefe40,01a07757-9a5b-7253-a167-e175316088c7,f,2026-09-06 15:30:24.992634+00
01a07757-9a86-7972-969d-1bdc56de46e3,01a07757-984c-75b0-ae88-ac75c0c27c9f,01a07757-99ed-7ed1-ae3d-119ff5e3e78e,01a07757-9a5b-7253-a167-e175316088c7,f,2026-09-06 15:30:24.992634+00
01a07757-9a87-7322-8a83-3a5e2111e25b,01a07757-984c-75b0-ae88-ac75c0c27c9f,01a07757-99ed-7ed1-ae3d-118ad6cefe40,01a07757-9a5b-7253-a167-e175316088c7,f,2026-09-06 15:30:24.992634+00
01a07757-9a87-7322-8a83-3a79e528ca44,01a07757-984c-75b0-ae88-ac75c0c27c9f,01a07757-99ed-7ed1-ae3d-119ff5e3e78e,01a07757-9a5b-7253-a167-e175316088c7,f,2026-09-06 15:30:24.992634+00
01a07757-9a87-7322-8a83-3a9e705fbea9,01a07757-984c-75b0-ae88-ac75c0c27c9f,01a07757-99ed-7ed1-ae3d-118ad6cefe40,01a07757-9a5b-7253-a167-e175316088c7,f,2026-09-06 15:30:24.992634+00
01a07757-9a87-7322-8a83-3aba11f02bf1,01a07757-984c-75b0-ae88-ac75c0c27c9f,01a07757-99ed-7ed1-ae3d-119ff5e3e78e,01a07757-9a5b-7253-a167-e175316088c7,f,2026-09-06 15:30:24.992634+00
01a07757-9b4e-7d11-a353-4c5fcf76245c,01a07757-9506-7103-9ec6-09cbefd8da74,01a07757-9633-76f3-8404-0322135d85aa,01a07757-9b3a-7760-8acc-4c7bc0299f04,f,2026-09-06 15:30:25.215767+00
01a07757-9b4e-7d11-a353-4c71c437e912,01a07757-9506-7103-9ec6-09cbefd8da74,01a07757-9633-76f3-8404-033f19608cbc,01a07757-9b3a-7760-8acc-4c7bc0299f04,f,2026-09-06 15:30:25.215767+00
01a07757-9b4e-7d11-a353-4c823dcf5015,01a07757-9506-7103-9ec6-09cbefd8da74,01a07757-9633-76f3-8404-0322135d85aa,01a07757-9b3a-7760-8acc-4c7bc0299f04,f,2026-09-06 15:30:25.215767+00
01a07757-9b4f-7863-81aa-a8dd89812999,01a07757-9506-7103-9ec6-09cbefd8da74,01a07757-9633-76f3-8404-033f19608cbc,01a07757-9b3a-7760-8acc-4c7bc0299f04,f,2026-09-06 15:30:25.215767+00
01a07757-9b52-7941-b4c6-4644e7a6e775,01a07757-9506-7103-9ec6-09cbefd8da74,01a07757-9633-76f3-8404-0322135d85aa,01a07757-9b3a-7760-8acc-4c7bc0299f04,f,2026-09-06 15:30:25.215767+00
01a07757-9b52-7941-b4c6-4663a351ccd2,01a07757-9506-7103-9ec6-09cbefd8da74,01a07757-9633-76f3-8404-033f19608cbc,01a07757-9b3a-7760-8acc-4c7bc0299f04,f,2026-09-06 15:30:25.215767+00
01a07757-9b53-78e0-b842-05f8b36a106c,01a07757-9506-7103-9ec6-09cbefd8da74,01a07757-9633-76f3-8404-0322135d85aa,01a07757-9b3a-7760-8acc-4c89cf03172f,f,2026-09-06 15:30:25.215767+00
01a07757-9b53-78e0-b842-061ad34c7b5e,01a07757-9506-7103-9ec6-09cbefd8da74,01a07757-9633-76f3-8404-033f19608cbc,01a07757-9b3a-7760-8acc-4c89cf03172f,f,2026-09-06 15:30:25.215767+00
01a07757-9b54-78a2-97c9-9f3f8f6462d0,01a07757-9506-7103-9ec6-09cbefd8da74,01a07757-9633-76f3-8404-0322135d85aa,01a07757-9b3a-7760-8acc-4c89cf03172f,f,2026-09-06 15:30:25.215767+00
01a07757-9b56-7053-943c-6e49a857e818,01a07757-9506-7103-9ec6-09cbefd8da74,01a07757-9633-76f3-8404-033f19608cbc,01a07757-9b3a-7760-8acc-4c89cf03172f,f,2026-09-06 15:30:25.215767+00
01a07757-9b56-7053-943c-6e513e2db5df,01a07757-9506-7103-9ec6-09cbefd8da74,01a07757-9633-76f3-8404-0322135d85aa,01a07757-9b3a-7760-8acc-4c89cf03172f,f,2026-09-06 15:30:25.215767+00
01a07757-9b58-7370-81ea-54cc09e72871,01a07757-9506-7103-9ec6-09cbefd8da74,01a07757-9633-76f3-8404-033f19608cbc,01a07757-9b3a-7760-8acc-4c89cf03172f,f,2026-09-06 15:30:25.215767+00
01a07757-9b5a-7ec1-9f83-5492d1a8a616,01a07757-9506-7103-9ec6-09cbefd8da74,01a07757-9633-76f3-8404-0322135d85aa,01a07757-9b3a-7760-8acc-4c93419a81b7,f,2026-09-06 15:30:25.215767+00
01a07757-9b5d-73a3-ab5e-b5106bf923fb,01a07757-9506-7103-9ec6-09cbefd8da74,01a07757-9633-76f3-8404-033f19608cbc,01a07757-9b3a-7760-8acc-4c93419a81b7,f,2026-09-06 15:30:25.215767+00
01a07757-9b5d-73a3-ab5e-b526816828e2,01a07757-9506-7103-9ec6-09cbefd8da74,01a07757-9633-76f3-8404-0322135d85aa,01a07757-9b3a-7760-8acc-4c93419a81b7,f,2026-09-06 15:30:25.215767+00
01a07757-9b5e-7701-b4a5-ce6583bec233,01a07757-9506-7103-9ec6-09cbefd8da74,01a07757-9633-76f3-8404-033f19608cbc,01a07757-9b3a-7760-8acc-4c93419a81b7,f,2026-09-06 15:30:25.215767+00
01a07757-9b5e-7701-b4a5-ce7b26db729a,01a07757-9506-7103-9ec6-09cbefd8da74,01a07757-9633-76f3-8404-0322135d85aa,01a07757-9b3a-7760-8acc-4c93419a81b7,f,2026-09-06 15:30:25.215767+00
01a07757-9b5e-7701-b4a5-ce85230dfd98,01a07757-9506-7103-9ec6-09cbefd8da74,01a07757-9633-76f3-8404-033f19608cbc,01a07757-9b3a-7760-8acc-4c93419a81b7,f,2026-09-06 15:30:25.215767+00
01a07757-9b5f-7780-8532-be2bb5048928,01a07757-9506-7103-9ec6-09cbefd8da74,01a07757-9633-76f3-8404-0322135d85aa,01a07757-9b3a-7760-8acc-4ca602e329f2,f,2026-09-06 15:30:25.215767+00
01a07757-9b60-7bb1-892e-19ee6b946b1b,01a07757-9506-7103-9ec6-09cbefd8da74,01a07757-9633-76f3-8404-033f19608cbc,01a07757-9b3a-7760-8acc-4ca602e329f2,f,2026-09-06 15:30:25.215767+00
01a07757-9b61-7123-8503-8fe4b19d5ec4,01a07757-9506-7103-9ec6-09cbefd8da74,01a07757-9633-76f3-8404-0322135d85aa,01a07757-9b3a-7760-8acc-4ca602e329f2,f,2026-09-06 15:30:25.215767+00
01a07757-9b62-7342-9dbb-b33f0df72bbd,01a07757-9506-7103-9ec6-09cbefd8da74,01a07757-9633-76f3-8404-033f19608cbc,01a07757-9b3a-7760-8acc-4ca602e329f2,f,2026-09-06 15:30:25.215767+00
01a07757-9b62-7342-9dbb-b34a1d038f42,01a07757-9506-7103-9ec6-09cbefd8da74,01a07757-9633-76f3-8404-0322135d85aa,01a07757-9b3a-7760-8acc-4ca602e329f2,f,2026-09-06 15:30:25.215767+00
01a07757-9b62-7342-9dbb-b367b8a32c9b,01a07757-9506-7103-9ec6-09cbefd8da74,01a07757-9633-76f3-8404-033f19608cbc,01a07757-9b3a-7760-8acc-4ca602e329f2,f,2026-09-06 15:30:25.215767+00
01a07757-9bc7-7540-b775-5e5cf2f587ac,01a07757-9506-7103-9ec6-09cbefd8da74,01a07757-9abb-7a51-835e-7da2372de51e,01a07757-9bc1-71d3-83df-7e2b4fb75ce6,f,2026-09-06 15:30:25.349284+00
01a07757-9bc7-7540-b775-5e7b392e01d5,01a07757-9506-7103-9ec6-09cbefd8da74,01a07757-9abb-7a51-835e-7dbaef6c4ca3,01a07757-9bc1-71d3-83df-7e2b4fb75ce6,f,2026-09-06 15:30:25.349284+00
01a07757-9bc7-7540-b775-5e8b42cba7c6,01a07757-9506-7103-9ec6-09cbefd8da74,01a07757-9abb-7a51-835e-7da2372de51e,01a07757-9bc1-71d3-83df-7e2b4fb75ce6,f,2026-09-06 15:30:25.349284+00
01a07757-9bc8-7220-a73e-8ef9330b3e00,01a07757-9506-7103-9ec6-09cbefd8da74,01a07757-9abb-7a51-835e-7dbaef6c4ca3,01a07757-9bc1-71d3-83df-7e2b4fb75ce6,f,2026-09-06 15:30:25.349284+00
01a07757-9bc8-7220-a73e-8f18e4f355d9,01a07757-9506-7103-9ec6-09cbefd8da74,01a07757-9abb-7a51-835e-7da2372de51e,01a07757-9bc1-71d3-83df-7e2b4fb75ce6,f,2026-09-06 15:30:25.349284+00
01a07757-9bc8-7220-a73e-8f43d7a82660,01a07757-9506-7103-9ec6-09cbefd8da74,01a07757-9abb-7a51-835e-7dbaef6c4ca3,01a07757-9bc1-71d3-83df-7e2b4fb75ce6,f,2026-09-06 15:30:25.349284+00
01a07757-9c1b-7ea0-a654-2e8b3b63fe67,01a07757-9506-7103-9ec6-09cbefd8da74,01a07757-9abb-7a51-835e-7da2372de51e,01a07757-9c16-7053-ac2a-14ebeaef77dc,f,2026-09-06 15:30:25.43329+00
01a07757-9c1b-7ea0-a654-2ea43a5c1cc1,01a07757-9506-7103-9ec6-09cbefd8da74,01a07757-9abb-7a51-835e-7dbaef6c4ca3,01a07757-9c16-7053-ac2a-14ebeaef77dc,f,2026-09-06 15:30:25.43329+00
01a07757-9c1b-7ea0-a654-2ec6f02a5654,01a07757-9506-7103-9ec6-09cbefd8da74,01a07757-9abb-7a51-835e-7da2372de51e,01a07757-9c16-7053-ac2a-14ebeaef77dc,f,2026-09-06 15:30:25.43329+00
01a07757-9c1d-7130-93d9-928f0ec2277c,01a07757-9506-7103-9ec6-09cbefd8da74,01a07757-9abb-7a51-835e-7dbaef6c4ca3,01a07757-9c16-7053-ac2a-14ebeaef77dc,f,2026-09-06 15:30:25.43329+00
01a07757-9c1e-7fb0-aaaa-dcca871d3c5b,01a07757-9506-7103-9ec6-09cbefd8da74,01a07757-9abb-7a51-835e-7da2372de51e,01a07757-9c16-7053-ac2a-14ebeaef77dc,f,2026-09-06 15:30:25.43329+00
01a07757-9c1e-7fb0-aaaa-dcedbd7c2ab4,01a07757-9506-7103-9ec6-09cbefd8da74,01a07757-9abb-7a51-835e-7dbaef6c4ca3,01a07757-9c16-7053-ac2a-14ebeaef77dc,f,2026-09-06 15:30:25.43329+00
01a07757-9c87-7b01-a7d4-de778f2fce45,01a07757-9506-7103-9ec6-09cbefd8da74,01a07757-9abb-7a51-835e-7da2372de51e,01a07757-9c84-76f2-ade1-272512a46d92,f,2026-09-06 15:30:25.542209+00
01a07757-9c89-75e1-93e8-3942975be8a0,01a07757-9506-7103-9ec6-09cbefd8da74,01a07757-9abb-7a51-835e-7dbaef6c4ca3,01a07757-9c84-76f2-ade1-272512a46d92,f,2026-09-06 15:30:25.542209+00
01a07757-9c8a-74b3-aadf-aaa0abecc0d2,01a07757-9506-7103-9ec6-09cbefd8da74,01a07757-9abb-7a51-835e-7da2372de51e,01a07757-9c84-76f2-ade1-272512a46d92,f,2026-09-06 15:30:25.542209+00
01a07757-9c8b-7f42-b8ad-13e772c18409,01a07757-9506-7103-9ec6-09cbefd8da74,01a07757-9abb-7a51-835e-7dbaef6c4ca3,01a07757-9c84-76f2-ade1-272512a46d92,f,2026-09-06 15:30:25.542209+00
01a07757-9c8c-71d1-a3d7-9dbd44917449,01a07757-9506-7103-9ec6-09cbefd8da74,01a07757-9abb-7a51-835e-7da2372de51e,01a07757-9c84-76f2-ade1-272512a46d92,f,2026-09-06 15:30:25.542209+00
01a07757-9c93-7c32-891f-1973a197390e,01a07757-9506-7103-9ec6-09cbefd8da74,01a07757-9abb-7a51-835e-7dbaef6c4ca3,01a07757-9c84-76f2-ade1-272512a46d92,f,2026-09-06 15:30:25.542209+00
01a07757-9cc4-7380-9e52-e8a1f08ba3f6,01a07757-9506-7103-9ec6-09cbefd8da74,01a07757-9abb-7a51-835e-7da2372de51e,01a07757-9cbd-71d2-a95b-014bc87da0b1,f,2026-09-06 15:30:25.602606+00
01a07757-9cc5-7a53-92e6-06408f1147c8,01a07757-9506-7103-9ec6-09cbefd8da74,01a07757-9abb-7a51-835e-7dbaef6c4ca3,01a07757-9cbd-71d2-a95b-014bc87da0b1,f,2026-09-06 15:30:25.602606+00
01a07757-9cc5-7a53-92e6-06505cf1ef74,01a07757-9506-7103-9ec6-09cbefd8da74,01a07757-9abb-7a51-835e-7da2372de51e,01a07757-9cbd-71d2-a95b-014bc87da0b1,f,2026-09-06 15:30:25.602606+00
01a07757-9cc6-7790-a897-0f4bffad7206,01a07757-9506-7103-9ec6-09cbefd8da74,01a07757-9abb-7a51-835e-7dbaef6c4ca3,01a07757-9cbd-71d2-a95b-014bc87da0b1,f,2026-09-06 15:30:25.602606+00
01a07757-9cc6-7790-a897-0f57e13b02ba,01a07757-9506-7103-9ec6-09cbefd8da74,01a07757-9abb-7a51-835e-7da2372de51e,01a07757-9cbd-71d2-a95b-014bc87da0b1,f,2026-09-06 15:30:25.602606+00
01a07757-9cc6-7790-a897-0f7a4c44ae01,01a07757-9506-7103-9ec6-09cbefd8da74,01a07757-9abb-7a51-835e-7dbaef6c4ca3,01a07757-9cbd-71d2-a95b-014bc87da0b1,f,2026-09-06 15:30:25.602606+00
01a07757-9e18-7403-854e-c0cbc949ef8a,01a07757-99b6-7ff0-bf13-83dd6ad07a1e,01a07757-9dcb-76e1-8828-1f242afd1d85,01a07757-9e02-7ee2-bfb8-d7fce9fb5c3f,f,2026-09-06 15:30:25.924398+00
01a07757-9e18-7403-854e-c0dbe2090aa4,01a07757-99b6-7ff0-bf13-83dd6ad07a1e,01a07757-9d99-75a1-ab8c-1e3d5be60add,01a07757-9e02-7ee2-bfb8-d7fce9fb5c3f,f,2026-09-06 15:30:25.924398+00
01a07757-9e1c-72b1-9181-3408a8a30724,01a07757-90f6-7ca2-9931-c03ede6acaf9,01a07757-930c-7ee1-9b1d-dc5c9e2635d6,01a07757-9e1a-7242-a0e7-6412dae4d0ca,f,2026-09-06 15:30:25.94797+00
01a07757-9e1d-7091-bbba-644dee3d0fa0,01a07757-90f6-7ca2-9931-c03ede6acaf9,01a07757-930c-7ee1-9b1d-dc7648956836,01a07757-9e1a-7242-a0e7-6412dae4d0ca,f,2026-09-06 15:30:25.94797+00
01a07757-9e1d-7091-bbba-64575f4f1c57,01a07757-90f6-7ca2-9931-c03ede6acaf9,01a07757-930c-7ee1-9b1d-dc5c9e2635d6,01a07757-9e1a-7242-a0e7-6412dae4d0ca,f,2026-09-06 15:30:25.94797+00
01a07757-9e1e-7732-862f-27a42dcbc093,01a07757-90f6-7ca2-9931-c03ede6acaf9,01a07757-930c-7ee1-9b1d-dc7648956836,01a07757-9e1a-7242-a0e7-6412dae4d0ca,f,2026-09-06 15:30:25.94797+00
01a07757-9e1e-7732-862f-27b6aec855cf,01a07757-99b6-7ff0-bf13-83dd6ad07a1e,01a07757-9dcb-76e1-8828-1f242afd1d85,01a07757-9e02-7ee2-bfb8-d7fce9fb5c3f,f,2026-09-06 15:30:25.924398+00
01a07757-9e1e-7732-862f-27c92d9371d3,01a07757-90f6-7ca2-9931-c03ede6acaf9,01a07757-930c-7ee1-9b1d-dc5c9e2635d6,01a07757-9e1a-7242-a0e7-6412dae4d0ca,f,2026-09-06 15:30:25.94797+00
01a07757-9e1e-7732-862f-27da9cf58b64,01a07757-90f6-7ca2-9931-c03ede6acaf9,01a07757-930c-7ee1-9b1d-dc7648956836,01a07757-9e1a-7242-a0e7-6412dae4d0ca,f,2026-09-06 15:30:25.94797+00
01a07757-9e1f-7330-bb0d-51a341e7768b,01a07757-99b6-7ff0-bf13-83dd6ad07a1e,01a07757-9d99-75a1-ab8c-1e3d5be60add,01a07757-9e02-7ee2-bfb8-d7fce9fb5c3f,f,2026-09-06 15:30:25.924398+00
01a07757-9e1f-7330-bb0d-51b22d2d82ad,01a07757-90f6-7ca2-9931-c03ede6acaf9,01a07757-930c-7ee1-9b1d-dc993738e3d6,01a07757-9e1a-7242-a0e7-642373a97570,f,2026-09-06 15:30:25.94797+00
01a07757-9e1f-7330-bb0d-51c84b5c4ee0,01a07757-99b6-7ff0-bf13-83dd6ad07a1e,01a07757-9dcb-76e1-8828-1f242afd1d85,01a07757-9e02-7ee2-bfb8-d7fce9fb5c3f,f,2026-09-06 15:30:25.924398+00
01a07757-9e1f-7330-bb0d-51d199a8709b,01a07757-90f6-7ca2-9931-c03ede6acaf9,01a07757-930c-7ee1-9b1d-dcb6df88bc07,01a07757-9e1a-7242-a0e7-642373a97570,f,2026-09-06 15:30:25.94797+00
01a07757-9e1f-7330-bb0d-51ecf4e7bba6,01a07757-99b6-7ff0-bf13-83dd6ad07a1e,01a07757-9d99-75a1-ab8c-1e3d5be60add,01a07757-9e02-7ee2-bfb8-d7fce9fb5c3f,f,2026-09-06 15:30:25.924398+00
01a07757-9e1f-7330-bb0d-51f46d6cd96f,01a07757-90f6-7ca2-9931-c03ede6acaf9,01a07757-930c-7ee1-9b1d-dc993738e3d6,01a07757-9e1a-7242-a0e7-642373a97570,f,2026-09-06 15:30:25.94797+00
01a07757-9e20-7d81-b5b0-7ef5d90d4671,01a07757-90f6-7ca2-9931-c03ede6acaf9,01a07757-930c-7ee1-9b1d-dcb6df88bc07,01a07757-9e1a-7242-a0e7-642373a97570,f,2026-09-06 15:30:25.94797+00
01a07757-9e20-7d81-b5b0-7f0dac37f2cc,01a07757-90f6-7ca2-9931-c03ede6acaf9,01a07757-930c-7ee1-9b1d-dc993738e3d6,01a07757-9e1a-7242-a0e7-642373a97570,f,2026-09-06 15:30:25.94797+00
01a07757-9e20-7d81-b5b0-7f1533ef4dee,01a07757-90f6-7ca2-9931-c03ede6acaf9,01a07757-930c-7ee1-9b1d-dcb6df88bc07,01a07757-9e1a-7242-a0e7-642373a97570,f,2026-09-06 15:30:25.94797+00
01a07757-9e20-7d81-b5b0-7f218f4d5a7f,01a07757-99b6-7ff0-bf13-83dd6ad07a1e,01a07757-9dea-7652-b802-95683ec3887c,01a07757-9e02-7ee2-bfb8-d8095f168ea0,f,2026-09-06 15:30:25.924398+00
01a07757-9e21-73b2-9aa0-c49df3500380,01a07757-99b6-7ff0-bf13-83dd6ad07a1e,01a07757-9db2-7eb2-957e-31c7c8a22794,01a07757-9e02-7ee2-bfb8-d8095f168ea0,f,2026-09-06 15:30:25.924398+00
01a07757-9e21-73b2-9aa0-c4a943573684,01a07757-99b6-7ff0-bf13-83dd6ad07a1e,01a07757-9dea-7652-b802-95683ec3887c,01a07757-9e02-7ee2-bfb8-d8095f168ea0,f,2026-09-06 15:30:25.924398+00
01a07757-9e21-73b2-9aa0-c4b6c206f2b6,01a07757-90f6-7ca2-9931-c03ede6acaf9,01a07757-930c-7ee1-9b1d-dcd305dea290,01a07757-9e1a-7242-a0e7-643425e987ce,f,2026-09-06 15:30:25.94797+00
01a07757-9e21-73b2-9aa0-c4cd8fcd2087,01a07757-99b6-7ff0-bf13-83dd6ad07a1e,01a07757-9db2-7eb2-957e-31c7c8a22794,01a07757-9e02-7ee2-bfb8-d8095f168ea0,f,2026-09-06 15:30:25.924398+00
01a07757-9e21-73b2-9aa0-c4d6c2234878,01a07757-90f6-7ca2-9931-c03ede6acaf9,01a07757-930c-7ee1-9b1d-dcf318b0cccb,01a07757-9e1a-7242-a0e7-643425e987ce,f,2026-09-06 15:30:25.94797+00
01a07757-9e21-73b2-9aa0-c4e48f606f11,01a07757-99b6-7ff0-bf13-83dd6ad07a1e,01a07757-9dea-7652-b802-95683ec3887c,01a07757-9e02-7ee2-bfb8-d8095f168ea0,f,2026-09-06 15:30:25.924398+00
01a07757-9e22-7dc1-b69c-696c6714e508,01a07757-90f6-7ca2-9931-c03ede6acaf9,01a07757-930c-7ee1-9b1d-dcd305dea290,01a07757-9e1a-7242-a0e7-643425e987ce,f,2026-09-06 15:30:25.94797+00
01a07757-9e22-7dc1-b69c-69785fd60ef5,01a07757-99b6-7ff0-bf13-83dd6ad07a1e,01a07757-9db2-7eb2-957e-31c7c8a22794,01a07757-9e02-7ee2-bfb8-d8095f168ea0,f,2026-09-06 15:30:25.924398+00
01a07757-9e22-7dc1-b69c-6986e63fcc40,01a07757-90f6-7ca2-9931-c03ede6acaf9,01a07757-930c-7ee1-9b1d-dcf318b0cccb,01a07757-9e1a-7242-a0e7-643425e987ce,f,2026-09-06 15:30:25.94797+00
01a07757-9e22-7dc1-b69c-6994e92c58cf,01a07757-90f6-7ca2-9931-c03ede6acaf9,01a07757-930c-7ee1-9b1d-dcd305dea290,01a07757-9e1a-7242-a0e7-643425e987ce,f,2026-09-06 15:30:25.94797+00
01a07757-9e22-7dc1-b69c-69a3c95b4335,01a07757-90f6-7ca2-9931-c03ede6acaf9,01a07757-930c-7ee1-9b1d-dcf318b0cccb,01a07757-9e1a-7242-a0e7-643425e987ce,f,2026-09-06 15:30:25.94797+00
01a07757-9e23-7291-8435-0684f66db03d,01a07757-99b6-7ff0-bf13-83dd6ad07a1e,01a07757-9df2-7483-9d35-d23aae7110aa,01a07757-9e02-7ee2-bfb8-d81cb55c1f59,f,2026-09-06 15:30:25.924398+00
01a07757-9e23-7291-8435-069bfea9c159,01a07757-99b6-7ff0-bf13-83dd6ad07a1e,01a07757-9dcb-76e1-8828-1f242afd1d85,01a07757-9e02-7ee2-bfb8-d81cb55c1f59,f,2026-09-06 15:30:25.924398+00
01a07757-9e23-7291-8435-06a816a6113b,01a07757-99b6-7ff0-bf13-83dd6ad07a1e,01a07757-9df2-7483-9d35-d23aae7110aa,01a07757-9e02-7ee2-bfb8-d81cb55c1f59,f,2026-09-06 15:30:25.924398+00
01a07757-9e23-7291-8435-06b00f02ec2e,01a07757-90f6-7ca2-9931-c03ede6acaf9,01a07757-930c-7ee1-9b1d-dd1973dc08a9,01a07757-9e1a-7242-a0e7-644f6d996f09,f,2026-09-06 15:30:25.94797+00
01a07757-9e23-7291-8435-06c00c00dd4e,01a07757-99b6-7ff0-bf13-83dd6ad07a1e,01a07757-9dcb-76e1-8828-1f242afd1d85,01a07757-9e02-7ee2-bfb8-d81cb55c1f59,f,2026-09-06 15:30:25.924398+00
01a07757-9e24-7b00-8a08-f0bd60ddb781,01a07757-90f6-7ca2-9931-c03ede6acaf9,01a07757-930c-7ee1-9b1d-dd30c3db38b7,01a07757-9e1a-7242-a0e7-644f6d996f09,f,2026-09-06 15:30:25.94797+00
01a07757-9e24-7b00-8a08-f0c08b9216e1,01a07757-99b6-7ff0-bf13-83dd6ad07a1e,01a07757-9df2-7483-9d35-d23aae7110aa,01a07757-9e02-7ee2-bfb8-d81cb55c1f59,f,2026-09-06 15:30:25.924398+00
01a07757-9e24-7b00-8a08-f0dc9bf82d50,01a07757-90f6-7ca2-9931-c03ede6acaf9,01a07757-930c-7ee1-9b1d-dd1973dc08a9,01a07757-9e1a-7242-a0e7-644f6d996f09,f,2026-09-06 15:30:25.94797+00
01a07757-9e24-7b00-8a08-f0e18e91ff95,01a07757-99b6-7ff0-bf13-83dd6ad07a1e,01a07757-9dcb-76e1-8828-1f242afd1d85,01a07757-9e02-7ee2-bfb8-d81cb55c1f59,f,2026-09-06 15:30:25.924398+00
01a07757-9e24-7b00-8a08-f0f8621a600a,01a07757-90f6-7ca2-9931-c03ede6acaf9,01a07757-930c-7ee1-9b1d-dd30c3db38b7,01a07757-9e1a-7242-a0e7-644f6d996f09,f,2026-09-06 15:30:25.94797+00
01a07757-9e24-7b00-8a08-f10697e13711,01a07757-90f6-7ca2-9931-c03ede6acaf9,01a07757-930c-7ee1-9b1d-dd1973dc08a9,01a07757-9e1a-7242-a0e7-644f6d996f09,f,2026-09-06 15:30:25.94797+00
01a07757-9e25-7781-a061-222b12956200,01a07757-90f6-7ca2-9931-c03ede6acaf9,01a07757-930c-7ee1-9b1d-dd30c3db38b7,01a07757-9e1a-7242-a0e7-644f6d996f09,f,2026-09-06 15:30:25.94797+00
01a07757-9e25-7781-a061-2235eea76e27,01a07757-90f6-7ca2-9931-c03ede6acaf9,01a07757-930c-7ee1-9b1d-dd518a0f17e8,01a07757-9e1a-7242-a0e7-645a32f79858,f,2026-09-06 15:30:25.94797+00
01a07757-9e26-7b03-bc42-cee22fc14aeb,01a07757-90f6-7ca2-9931-c03ede6acaf9,01a07757-930c-7ee1-9b1d-dd7fd87856c7,01a07757-9e1a-7242-a0e7-645a32f79858,f,2026-09-06 15:30:25.94797+00
01a07757-9e26-7b03-bc42-cefdecd1f801,01a07757-90f6-7ca2-9931-c03ede6acaf9,01a07757-930c-7ee1-9b1d-dd518a0f17e8,01a07757-9e1a-7242-a0e7-645a32f79858,f,2026-09-06 15:30:25.94797+00
01a07757-9e26-7b03-bc42-cf0638e68ff1,01a07757-90f6-7ca2-9931-c03ede6acaf9,01a07757-930c-7ee1-9b1d-dd7fd87856c7,01a07757-9e1a-7242-a0e7-645a32f79858,f,2026-09-06 15:30:25.94797+00
01a07757-9e27-76a1-bc1e-c94a9ae31bf1,01a07757-90f6-7ca2-9931-c03ede6acaf9,01a07757-930c-7ee1-9b1d-dd518a0f17e8,01a07757-9e1a-7242-a0e7-645a32f79858,f,2026-09-06 15:30:25.94797+00
01a07757-9e27-76a1-bc1e-c953117ddd54,01a07757-90f6-7ca2-9931-c03ede6acaf9,01a07757-930c-7ee1-9b1d-dd7fd87856c7,01a07757-9e1a-7242-a0e7-645a32f79858,f,2026-09-06 15:30:25.94797+00
01a07757-9e28-7201-b800-a7387f0c67af,01a07757-90f6-7ca2-9931-c03ede6acaf9,01a07757-930c-7ee1-9b1d-dd93a6bcccd7,01a07757-9e1a-7242-a0e7-646aa48348bb,f,2026-09-06 15:30:25.94797+00
01a07757-9e28-7201-b800-a7423b13d821,01a07757-90f6-7ca2-9931-c03ede6acaf9,01a07757-930c-7ee1-9b1d-ddb45322dd77,01a07757-9e1a-7242-a0e7-646aa48348bb,f,2026-09-06 15:30:25.94797+00
01a07757-9e29-79c1-ac43-46e0325b5c38,01a07757-90f6-7ca2-9931-c03ede6acaf9,01a07757-930c-7ee1-9b1d-dd93a6bcccd7,01a07757-9e1a-7242-a0e7-646aa48348bb,f,2026-09-06 15:30:25.94797+00
01a07757-9e29-79c1-ac43-46fd1e76e8d0,01a07757-90f6-7ca2-9931-c03ede6acaf9,01a07757-930c-7ee1-9b1d-ddb45322dd77,01a07757-9e1a-7242-a0e7-646aa48348bb,f,2026-09-06 15:30:25.94797+00
01a07757-9e29-79c1-ac43-470d566361e8,01a07757-90f6-7ca2-9931-c03ede6acaf9,01a07757-930c-7ee1-9b1d-dd93a6bcccd7,01a07757-9e1a-7242-a0e7-646aa48348bb,f,2026-09-06 15:30:25.94797+00
01a07757-9e2a-7623-989a-17cb632d63f4,01a07757-90f6-7ca2-9931-c03ede6acaf9,01a07757-930c-7ee1-9b1d-ddb45322dd77,01a07757-9e1a-7242-a0e7-646aa48348bb,f,2026-09-06 15:30:25.94797+00
01a07757-9e2b-77b0-b783-bb47c5a0ef2a,01a07757-90f6-7ca2-9931-c03ede6acaf9,01a07757-930c-7ee1-9b1d-ddd9bfb76c01,01a07757-9e1a-7242-a0e7-647a4adb2905,f,2026-09-06 15:30:25.94797+00
01a07757-9e2b-77b0-b783-bb54088e800b,01a07757-90f6-7ca2-9931-c03ede6acaf9,01a07757-930c-7ee1-9b1d-ddf53d744105,01a07757-9e1a-7242-a0e7-647a4adb2905,f,2026-09-06 15:30:25.94797+00
01a07757-9e2b-77b0-b783-bb694d0f025e,01a07757-90f6-7ca2-9931-c03ede6acaf9,01a07757-930c-7ee1-9b1d-ddd9bfb76c01,01a07757-9e1a-7242-a0e7-647a4adb2905,f,2026-09-06 15:30:25.94797+00
01a07757-9e2c-7d60-a395-69baea7b68ce,01a07757-90f6-7ca2-9931-c03ede6acaf9,01a07757-930c-7ee1-9b1d-ddf53d744105,01a07757-9e1a-7242-a0e7-647a4adb2905,f,2026-09-06 15:30:25.94797+00
01a07757-9e2c-7d60-a395-69c6b177687e,01a07757-90f6-7ca2-9931-c03ede6acaf9,01a07757-930c-7ee1-9b1d-ddd9bfb76c01,01a07757-9e1a-7242-a0e7-647a4adb2905,f,2026-09-06 15:30:25.94797+00
01a07757-9e2c-7d60-a395-69d59a3f3f92,01a07757-90f6-7ca2-9931-c03ede6acaf9,01a07757-930c-7ee1-9b1d-ddf53d744105,01a07757-9e1a-7242-a0e7-647a4adb2905,f,2026-09-06 15:30:25.94797+00
01a07757-9e2d-7fc1-8b59-22a60d2fc437,01a07757-90f6-7ca2-9931-c03ede6acaf9,01a07757-930c-7ee1-9b1d-de13be9c90ed,01a07757-9e1a-7242-a0e7-648195855c10,f,2026-09-06 15:30:25.94797+00
01a07757-9e2e-7720-a843-dff8e5b34f8b,01a07757-90f6-7ca2-9931-c03ede6acaf9,01a07757-930c-7ee1-9b1d-de3228890c8b,01a07757-9e1a-7242-a0e7-648195855c10,f,2026-09-06 15:30:25.94797+00
01a07757-9e2e-7720-a843-e004482d5a47,01a07757-90f6-7ca2-9931-c03ede6acaf9,01a07757-930c-7ee1-9b1d-de13be9c90ed,01a07757-9e1a-7242-a0e7-648195855c10,f,2026-09-06 15:30:25.94797+00
01a07757-9e2e-7720-a843-e019dd54679c,01a07757-90f6-7ca2-9931-c03ede6acaf9,01a07757-930c-7ee1-9b1d-de3228890c8b,01a07757-9e1a-7242-a0e7-648195855c10,f,2026-09-06 15:30:25.94797+00
01a07757-9e2e-7720-a843-e020419ce020,01a07757-90f6-7ca2-9931-c03ede6acaf9,01a07757-930c-7ee1-9b1d-de13be9c90ed,01a07757-9e1a-7242-a0e7-648195855c10,f,2026-09-06 15:30:25.94797+00
01a07757-9e2f-7d71-8c31-e870a72766cf,01a07757-90f6-7ca2-9931-c03ede6acaf9,01a07757-930c-7ee1-9b1d-de3228890c8b,01a07757-9e1a-7242-a0e7-648195855c10,f,2026-09-06 15:30:25.94797+00
01a07757-9e30-7693-a1b1-5c7f7401a713,01a07757-90f6-7ca2-9931-c03ede6acaf9,01a07757-930c-7ee1-9b1d-de522a4cd7b2,01a07757-9e1a-7242-a0e7-6495e8110c1c,f,2026-09-06 15:30:25.94797+00
01a07757-9e30-7693-a1b1-5c88d254d4dc,01a07757-90f6-7ca2-9931-c03ede6acaf9,01a07757-930c-7ee1-9b1d-de7da6ff41c2,01a07757-9e1a-7242-a0e7-6495e8110c1c,f,2026-09-06 15:30:25.94797+00
01a07757-9e30-7693-a1b1-5c9d2015e3ea,01a07757-90f6-7ca2-9931-c03ede6acaf9,01a07757-930c-7ee1-9b1d-de522a4cd7b2,01a07757-9e1a-7242-a0e7-6495e8110c1c,f,2026-09-06 15:30:25.94797+00
01a07757-9e30-7693-a1b1-5ca24f83ccbb,01a07757-90f6-7ca2-9931-c03ede6acaf9,01a07757-930c-7ee1-9b1d-de7da6ff41c2,01a07757-9e1a-7242-a0e7-6495e8110c1c,f,2026-09-06 15:30:25.94797+00
01a07757-9e31-70b0-9d55-c4fe80b0c146,01a07757-90f6-7ca2-9931-c03ede6acaf9,01a07757-930c-7ee1-9b1d-de522a4cd7b2,01a07757-9e1a-7242-a0e7-6495e8110c1c,f,2026-09-06 15:30:25.94797+00
01a07757-9e31-70b0-9d55-c50213f0a6ea,01a07757-90f6-7ca2-9931-c03ede6acaf9,01a07757-930c-7ee1-9b1d-de7da6ff41c2,01a07757-9e1a-7242-a0e7-6495e8110c1c,f,2026-09-06 15:30:25.94797+00
01a07757-9e32-71f3-bae1-b343672b90fe,01a07757-90f6-7ca2-9931-c03ede6acaf9,01a07757-930c-7ee1-9b1d-de98841df7ad,01a07757-9e1a-7242-a0e7-64ab86096c3d,f,2026-09-06 15:30:25.94797+00
01a07757-9e32-71f3-bae1-b35e7a04ee59,01a07757-90f6-7ca2-9931-c03ede6acaf9,01a07757-930c-7ee1-9b1d-debdd2c346da,01a07757-9e1a-7242-a0e7-64ab86096c3d,f,2026-09-06 15:30:25.94797+00
01a07757-9e33-76c3-bb93-d1ec6f757205,01a07757-90f6-7ca2-9931-c03ede6acaf9,01a07757-930c-7ee1-9b1d-de98841df7ad,01a07757-9e1a-7242-a0e7-64ab86096c3d,f,2026-09-06 15:30:25.94797+00
01a07757-9e33-76c3-bb93-d1fca05dfb2f,01a07757-90f6-7ca2-9931-c03ede6acaf9,01a07757-930c-7ee1-9b1d-debdd2c346da,01a07757-9e1a-7242-a0e7-64ab86096c3d,f,2026-09-06 15:30:25.94797+00
01a07757-9e34-7911-8ba7-9f92f9a8d646,01a07757-90f6-7ca2-9931-c03ede6acaf9,01a07757-930c-7ee1-9b1d-de98841df7ad,01a07757-9e1a-7242-a0e7-64ab86096c3d,f,2026-09-06 15:30:25.94797+00
01a07757-9e34-7911-8ba7-9fa03e749a07,01a07757-90f6-7ca2-9931-c03ede6acaf9,01a07757-930c-7ee1-9b1d-debdd2c346da,01a07757-9e1a-7242-a0e7-64ab86096c3d,f,2026-09-06 15:30:25.94797+00
01a07757-9e35-7ab0-aadd-c865d69fd004,01a07757-90f6-7ca2-9931-c03ede6acaf9,01a07757-930d-7133-bbb5-8e036e97515d,01a07757-9e1a-7242-a0e7-64b0c5f9920c,f,2026-09-06 15:30:25.94797+00
01a07757-9e36-7481-8d2a-2b97cd563917,01a07757-90f6-7ca2-9931-c03ede6acaf9,01a07757-930d-7133-bbb5-8e297632e54c,01a07757-9e1a-7242-a0e7-64b0c5f9920c,f,2026-09-06 15:30:25.94797+00
01a07757-9e36-7481-8d2a-2ba8640a2cde,01a07757-90f6-7ca2-9931-c03ede6acaf9,01a07757-930d-7133-bbb5-8e036e97515d,01a07757-9e1a-7242-a0e7-64b0c5f9920c,f,2026-09-06 15:30:25.94797+00
01a07757-9e36-7481-8d2a-2bbe37608e31,01a07757-90f6-7ca2-9931-c03ede6acaf9,01a07757-930d-7133-bbb5-8e297632e54c,01a07757-9e1a-7242-a0e7-64b0c5f9920c,f,2026-09-06 15:30:25.94797+00
01a07757-9e37-7150-bd8d-e7e1de5e5148,01a07757-90f6-7ca2-9931-c03ede6acaf9,01a07757-930d-7133-bbb5-8e036e97515d,01a07757-9e1a-7242-a0e7-64b0c5f9920c,f,2026-09-06 15:30:25.94797+00
01a07757-9e37-7150-bd8d-e7f5d1db56ed,01a07757-90f6-7ca2-9931-c03ede6acaf9,01a07757-930d-7133-bbb5-8e297632e54c,01a07757-9e1a-7242-a0e7-64b0c5f9920c,f,2026-09-06 15:30:25.94797+00
01a07757-9e38-74f3-96d9-b2da962a45a3,01a07757-90f6-7ca2-9931-c03ede6acaf9,01a07757-930d-7133-bbb5-8e419c00c9ae,01a07757-9e1a-7242-a0e7-64cc5644894a,f,2026-09-06 15:30:25.94797+00
01a07757-9e38-74f3-96d9-b2e4f36cb9fb,01a07757-90f6-7ca2-9931-c03ede6acaf9,01a07757-930d-7133-bbb5-8e68656b3f7c,01a07757-9e1a-7242-a0e7-64cc5644894a,f,2026-09-06 15:30:25.94797+00
01a07757-9e39-7d03-8022-ada033cd3b50,01a07757-90f6-7ca2-9931-c03ede6acaf9,01a07757-930d-7133-bbb5-8e419c00c9ae,01a07757-9e1a-7242-a0e7-64cc5644894a,f,2026-09-06 15:30:25.94797+00
01a07757-9e39-7d03-8022-adb81685c993,01a07757-90f6-7ca2-9931-c03ede6acaf9,01a07757-930d-7133-bbb5-8e68656b3f7c,01a07757-9e1a-7242-a0e7-64cc5644894a,f,2026-09-06 15:30:25.94797+00
01a07757-9e39-7d03-8022-adcd4ad09fd6,01a07757-90f6-7ca2-9931-c03ede6acaf9,01a07757-930d-7133-bbb5-8e419c00c9ae,01a07757-9e1a-7242-a0e7-64cc5644894a,f,2026-09-06 15:30:25.94797+00
01a07757-9e39-7d03-8022-addb9d8e387d,01a07757-90f6-7ca2-9931-c03ede6acaf9,01a07757-930d-7133-bbb5-8e68656b3f7c,01a07757-9e1a-7242-a0e7-64cc5644894a,f,2026-09-06 15:30:25.94797+00
01a07757-9e3a-77a2-9a17-4e29b28fb38d,01a07757-90f6-7ca2-9931-c03ede6acaf9,01a07757-930d-7133-bbb5-8e813d619cb1,01a07757-9e1a-7242-a0e7-64d9a08ee26c,f,2026-09-06 15:30:25.94797+00
01a07757-9e3a-77a2-9a17-4e3ad2416d22,01a07757-90f6-7ca2-9931-c03ede6acaf9,01a07757-930d-7133-bbb5-8ea1aedb3fec,01a07757-9e1a-7242-a0e7-64d9a08ee26c,f,2026-09-06 15:30:25.94797+00
01a07757-9e3b-7530-8a5d-34637eedecd5,01a07757-90f6-7ca2-9931-c03ede6acaf9,01a07757-930d-7133-bbb5-8e813d619cb1,01a07757-9e1a-7242-a0e7-64d9a08ee26c,f,2026-09-06 15:30:25.94797+00
01a07757-9e3b-7530-8a5d-347e2b124146,01a07757-90f6-7ca2-9931-c03ede6acaf9,01a07757-930d-7133-bbb5-8ea1aedb3fec,01a07757-9e1a-7242-a0e7-64d9a08ee26c,f,2026-09-06 15:30:25.94797+00
01a07757-9e3b-7530-8a5d-348384737c2e,01a07757-90f6-7ca2-9931-c03ede6acaf9,01a07757-930d-7133-bbb5-8e813d619cb1,01a07757-9e1a-7242-a0e7-64d9a08ee26c,f,2026-09-06 15:30:25.94797+00
01a07757-9e3b-7530-8a5d-349d78f222d4,01a07757-90f6-7ca2-9931-c03ede6acaf9,01a07757-930d-7133-bbb5-8ea1aedb3fec,01a07757-9e1a-7242-a0e7-64d9a08ee26c,f,2026-09-06 15:30:25.94797+00
01a07757-9e3c-7431-a585-5be858649c7e,01a07757-90f6-7ca2-9931-c03ede6acaf9,01a07757-930d-7133-bbb5-8ecee6aa7771,01a07757-9e1a-7242-a0e7-64e8f3a8f043,f,2026-09-06 15:30:25.94797+00
01a07757-9e3c-7431-a585-5bfe33008b19,01a07757-90f6-7ca2-9931-c03ede6acaf9,01a07757-930d-7133-bbb5-8eeeee0fcbf2,01a07757-9e1a-7242-a0e7-64e8f3a8f043,f,2026-09-06 15:30:25.94797+00
01a07757-9e3c-7431-a585-5c0b47a653d2,01a07757-90f6-7ca2-9931-c03ede6acaf9,01a07757-930d-7133-bbb5-8ecee6aa7771,01a07757-9e1a-7242-a0e7-64e8f3a8f043,f,2026-09-06 15:30:25.94797+00
01a07757-9e3c-7431-a585-5c134a5b53b9,01a07757-90f6-7ca2-9931-c03ede6acaf9,01a07757-930d-7133-bbb5-8eeeee0fcbf2,01a07757-9e1a-7242-a0e7-64e8f3a8f043,f,2026-09-06 15:30:25.94797+00
01a07757-9e3d-7b90-bf74-107cbebf638b,01a07757-90f6-7ca2-9931-c03ede6acaf9,01a07757-930d-7133-bbb5-8ecee6aa7771,01a07757-9e1a-7242-a0e7-64e8f3a8f043,f,2026-09-06 15:30:25.94797+00
01a07757-9e3d-7b90-bf74-1093243211cf,01a07757-90f6-7ca2-9931-c03ede6acaf9,01a07757-930d-7133-bbb5-8eeeee0fcbf2,01a07757-9e1a-7242-a0e7-64e8f3a8f043,f,2026-09-06 15:30:25.94797+00
01a07757-9e3e-7312-8ca9-5749cc872483,01a07757-90f6-7ca2-9931-c03ede6acaf9,01a07757-930d-7133-bbb5-8f000f9f8a14,01a07757-9e1a-7242-a0e7-64f3738334a2,f,2026-09-06 15:30:25.94797+00
01a07757-9e3e-7312-8ca9-575651252e3e,01a07757-90f6-7ca2-9931-c03ede6acaf9,01a07757-930d-7133-bbb5-8f225609ebc7,01a07757-9e1a-7242-a0e7-64f3738334a2,f,2026-09-06 15:30:25.94797+00
01a07757-9e3e-7312-8ca9-5761a78381f2,01a07757-90f6-7ca2-9931-c03ede6acaf9,01a07757-930d-7133-bbb5-8f000f9f8a14,01a07757-9e1a-7242-a0e7-64f3738334a2,f,2026-09-06 15:30:25.94797+00
01a07757-9e3e-7312-8ca9-577473a3b9b0,01a07757-90f6-7ca2-9931-c03ede6acaf9,01a07757-930d-7133-bbb5-8f225609ebc7,01a07757-9e1a-7242-a0e7-64f3738334a2,f,2026-09-06 15:30:25.94797+00
01a07757-9e3f-7d21-a674-ed9cb852ed68,01a07757-90f6-7ca2-9931-c03ede6acaf9,01a07757-930d-7133-bbb5-8f000f9f8a14,01a07757-9e1a-7242-a0e7-64f3738334a2,f,2026-09-06 15:30:25.94797+00
01a07757-9e3f-7d21-a674-eda2498a7edb,01a07757-90f6-7ca2-9931-c03ede6acaf9,01a07757-930d-7133-bbb5-8f225609ebc7,01a07757-9e1a-7242-a0e7-64f3738334a2,f,2026-09-06 15:30:25.94797+00
01a07757-9e3f-7d21-a674-edb365b2c983,01a07757-90f6-7ca2-9931-c03ede6acaf9,01a07757-930d-7133-bbb5-8f40549400d5,01a07757-9e1a-7242-a0e7-6504efbc849f,f,2026-09-06 15:30:25.94797+00
01a07757-9e40-7652-ae34-4b7f5fa46683,01a07757-90f6-7ca2-9931-c03ede6acaf9,01a07757-930d-7133-bbb5-8f61e06ede06,01a07757-9e1a-7242-a0e7-6504efbc849f,f,2026-09-06 15:30:25.94797+00
01a07757-9e40-7652-ae34-4b8d058acb91,01a07757-90f6-7ca2-9931-c03ede6acaf9,01a07757-930d-7133-bbb5-8f40549400d5,01a07757-9e1a-7242-a0e7-6504efbc849f,f,2026-09-06 15:30:25.94797+00
01a07757-9e40-7652-ae34-4b9ec10908c0,01a07757-90f6-7ca2-9931-c03ede6acaf9,01a07757-930d-7133-bbb5-8f61e06ede06,01a07757-9e1a-7242-a0e7-6504efbc849f,f,2026-09-06 15:30:25.94797+00
01a07757-9e40-7652-ae34-4ba7ce3f74f7,01a07757-90f6-7ca2-9931-c03ede6acaf9,01a07757-930d-7133-bbb5-8f40549400d5,01a07757-9e1a-7242-a0e7-6504efbc849f,f,2026-09-06 15:30:25.94797+00
01a07757-9e41-7402-9ea3-5606dfaa1d90,01a07757-90f6-7ca2-9931-c03ede6acaf9,01a07757-930d-7133-bbb5-8f61e06ede06,01a07757-9e1a-7242-a0e7-6504efbc849f,f,2026-09-06 15:30:25.94797+00
01a07757-9e41-7402-9ea3-5610ccf44e15,01a07757-90f6-7ca2-9931-c03ede6acaf9,01a07757-930d-7133-bbb5-8f87ddf364aa,01a07757-9e1a-7242-a0e7-65128cb5872d,f,2026-09-06 15:30:25.94797+00
01a07757-9e42-7860-bb68-27522bae0d41,01a07757-90f6-7ca2-9931-c03ede6acaf9,01a07757-930d-7133-bbb5-8fa413d8d073,01a07757-9e1a-7242-a0e7-65128cb5872d,f,2026-09-06 15:30:25.94797+00
01a07757-9e42-7860-bb68-276cc040b33a,01a07757-90f6-7ca2-9931-c03ede6acaf9,01a07757-930d-7133-bbb5-8f87ddf364aa,01a07757-9e1a-7242-a0e7-65128cb5872d,f,2026-09-06 15:30:25.94797+00
01a07757-9e42-7860-bb68-2773c64f11b8,01a07757-90f6-7ca2-9931-c03ede6acaf9,01a07757-930d-7133-bbb5-8fa413d8d073,01a07757-9e1a-7242-a0e7-65128cb5872d,f,2026-09-06 15:30:25.94797+00
01a07757-9e42-7860-bb68-2781a4a108d2,01a07757-90f6-7ca2-9931-c03ede6acaf9,01a07757-930d-7133-bbb5-8f87ddf364aa,01a07757-9e1a-7242-a0e7-65128cb5872d,f,2026-09-06 15:30:25.94797+00
01a07757-9e42-7860-bb68-279147f5d39b,01a07757-90f6-7ca2-9931-c03ede6acaf9,01a07757-930d-7133-bbb5-8fa413d8d073,01a07757-9e1a-7242-a0e7-65128cb5872d,f,2026-09-06 15:30:25.94797+00
01a07757-9e43-7412-a805-b884a4e19287,01a07757-90f6-7ca2-9931-c03ede6acaf9,01a07757-930d-7133-bbb5-8fcfda45c412,01a07757-9e1a-7242-a0e7-652ea652ee7f,f,2026-09-06 15:30:25.94797+00
01a07757-9e43-7412-a805-b89a46f8cfb9,01a07757-90f6-7ca2-9931-c03ede6acaf9,01a07757-930d-7133-bbb5-8fef0ffb66fb,01a07757-9e1a-7242-a0e7-652ea652ee7f,f,2026-09-06 15:30:25.94797+00
01a07757-9e43-7412-a805-b8ad34e5967c,01a07757-90f6-7ca2-9931-c03ede6acaf9,01a07757-930d-7133-bbb5-8fcfda45c412,01a07757-9e1a-7242-a0e7-652ea652ee7f,f,2026-09-06 15:30:25.94797+00
01a07757-9e44-7293-96f3-6fa48ac38118,01a07757-90f6-7ca2-9931-c03ede6acaf9,01a07757-930d-7133-bbb5-8fef0ffb66fb,01a07757-9e1a-7242-a0e7-652ea652ee7f,f,2026-09-06 15:30:25.94797+00
01a07757-9e44-7293-96f3-6fb7f070330b,01a07757-90f6-7ca2-9931-c03ede6acaf9,01a07757-930d-7133-bbb5-8fcfda45c412,01a07757-9e1a-7242-a0e7-652ea652ee7f,f,2026-09-06 15:30:25.94797+00
01a07757-9e44-7293-96f3-6fc3b91987f8,01a07757-90f6-7ca2-9931-c03ede6acaf9,01a07757-930d-7133-bbb5-8fef0ffb66fb,01a07757-9e1a-7242-a0e7-652ea652ee7f,f,2026-09-06 15:30:25.94797+00
01a07757-9e44-7293-96f3-6fd06785d9f5,01a07757-99b6-7ff0-bf13-83dd6ad07a1e,01a07757-9d0c-7a21-91f4-6213ed06ddd5,01a07757-9e01-79d3-8314-b24a14b1b281,f,2026-09-06 15:30:25.935057+00
01a07757-9e44-7293-96f3-6fed56703350,01a07757-90f6-7ca2-9931-c03ede6acaf9,01a07757-930d-7133-bbb5-90078d53ae1a,01a07757-9e1a-7242-a0e7-653c204244e6,f,2026-09-06 15:30:25.94797+00
01a07757-9e45-7db0-ae0b-a91d14bbc07a,01a07757-90f6-7ca2-9931-c03ede6acaf9,01a07757-930d-7133-bbb5-902c8c9cbe15,01a07757-9e1a-7242-a0e7-653c204244e6,f,2026-09-06 15:30:25.94797+00
01a07757-9e45-7db0-ae0b-a9266f366fee,01a07757-99b6-7ff0-bf13-83dd6ad07a1e,01a07757-9d99-75a1-ab8c-1e3d5be60add,01a07757-9e01-79d3-8314-b24a14b1b281,f,2026-09-06 15:30:25.935057+00
01a07757-9e45-7db0-ae0b-a93eff66bc78,01a07757-90f6-7ca2-9931-c03ede6acaf9,01a07757-930d-7133-bbb5-90078d53ae1a,01a07757-9e1a-7242-a0e7-653c204244e6,f,2026-09-06 15:30:25.94797+00
01a07757-9e45-7db0-ae0b-a94f7a5958c5,01a07757-99b6-7ff0-bf13-83dd6ad07a1e,01a07757-9d0c-7a21-91f4-6213ed06ddd5,01a07757-9e01-79d3-8314-b24a14b1b281,f,2026-09-06 15:30:25.935057+00
01a07757-9e45-7db0-ae0b-a95c464cdedb,01a07757-90f6-7ca2-9931-c03ede6acaf9,01a07757-930d-7133-bbb5-902c8c9cbe15,01a07757-9e1a-7242-a0e7-653c204244e6,f,2026-09-06 15:30:25.94797+00
01a07757-9e45-7db0-ae0b-a96961c3f133,01a07757-90f6-7ca2-9931-c03ede6acaf9,01a07757-930d-7133-bbb5-90078d53ae1a,01a07757-9e1a-7242-a0e7-653c204244e6,f,2026-09-06 15:30:25.94797+00
01a07757-9e45-7db0-ae0b-a97af4aa1d36,01a07757-90f6-7ca2-9931-c03ede6acaf9,01a07757-930d-7133-bbb5-902c8c9cbe15,01a07757-9e1a-7242-a0e7-653c204244e6,f,2026-09-06 15:30:25.94797+00
01a07757-9e46-7442-b465-ac51387dde7e,01a07757-90f6-7ca2-9931-c03ede6acaf9,01a07757-930d-7133-bbb5-9045c12884ac,01a07757-9e1a-7242-a0e7-654a53b6385a,f,2026-09-06 15:30:25.94797+00
01a07757-9e47-7603-8387-06c830611d2c,01a07757-90f6-7ca2-9931-c03ede6acaf9,01a07757-930d-7133-bbb5-906513473715,01a07757-9e1a-7242-a0e7-654a53b6385a,f,2026-09-06 15:30:25.94797+00
01a07757-9e47-7603-8387-06d6e06392d3,01a07757-90f6-7ca2-9931-c03ede6acaf9,01a07757-930d-7133-bbb5-9045c12884ac,01a07757-9e1a-7242-a0e7-654a53b6385a,f,2026-09-06 15:30:25.94797+00
01a07757-9e47-7603-8387-06e9d211e79b,01a07757-90f6-7ca2-9931-c03ede6acaf9,01a07757-930d-7133-bbb5-906513473715,01a07757-9e1a-7242-a0e7-654a53b6385a,f,2026-09-06 15:30:25.94797+00
01a07757-9e47-7603-8387-06f4e1d2e9b1,01a07757-90f6-7ca2-9931-c03ede6acaf9,01a07757-930d-7133-bbb5-9045c12884ac,01a07757-9e1a-7242-a0e7-654a53b6385a,f,2026-09-06 15:30:25.94797+00
01a07757-9e48-7810-8a77-20f67eb3ba8c,01a07757-90f6-7ca2-9931-c03ede6acaf9,01a07757-930d-7133-bbb5-906513473715,01a07757-9e1a-7242-a0e7-654a53b6385a,f,2026-09-06 15:30:25.94797+00
01a07757-9e49-7b70-a57c-d2e0a9739689,01a07757-90f6-7ca2-9931-c03ede6acaf9,01a07757-930d-7133-bbb5-9086bb88f536,01a07757-9e1a-7242-a0e7-655763d2586d,f,2026-09-06 15:30:25.94797+00
01a07757-9e49-7b70-a57c-d2fdeaeaeec4,01a07757-99b6-7ff0-bf13-83dd6ad07a1e,01a07757-9d99-75a1-ab8c-1e3d5be60add,01a07757-9e01-79d3-8314-b24a14b1b281,f,2026-09-06 15:30:25.935057+00
01a07757-9e49-7b70-a57c-d30bebf8ffcd,01a07757-90f6-7ca2-9931-c03ede6acaf9,01a07757-930d-7133-bbb5-90a119c28c29,01a07757-9e1a-7242-a0e7-655763d2586d,f,2026-09-06 15:30:25.94797+00
01a07757-9e49-7b70-a57c-d31160c863f3,01a07757-99b6-7ff0-bf13-83dd6ad07a1e,01a07757-9d0c-7a21-91f4-6213ed06ddd5,01a07757-9e01-79d3-8314-b24a14b1b281,f,2026-09-06 15:30:25.935057+00
01a07757-9e49-7b70-a57c-d328aa3258f0,01a07757-90f6-7ca2-9931-c03ede6acaf9,01a07757-930d-7133-bbb5-9086bb88f536,01a07757-9e1a-7242-a0e7-655763d2586d,f,2026-09-06 15:30:25.94797+00
01a07757-9e4a-7e23-8d04-3d87466f6ac6,01a07757-99b6-7ff0-bf13-83dd6ad07a1e,01a07757-9d99-75a1-ab8c-1e3d5be60add,01a07757-9e01-79d3-8314-b24a14b1b281,f,2026-09-06 15:30:25.935057+00
01a07757-9e4a-7e23-8d04-3d989c703bee,01a07757-90f6-7ca2-9931-c03ede6acaf9,01a07757-930d-7133-bbb5-90a119c28c29,01a07757-9e1a-7242-a0e7-655763d2586d,f,2026-09-06 15:30:25.94797+00
01a07757-9e4a-7e23-8d04-3dad54c355cf,01a07757-90f6-7ca2-9931-c03ede6acaf9,01a07757-930d-7133-bbb5-9086bb88f536,01a07757-9e1a-7242-a0e7-655763d2586d,f,2026-09-06 15:30:25.94797+00
01a07757-9e4a-7e23-8d04-3db9e19b4b7c,01a07757-90f6-7ca2-9931-c03ede6acaf9,01a07757-930d-7133-bbb5-90a119c28c29,01a07757-9e1a-7242-a0e7-655763d2586d,f,2026-09-06 15:30:25.94797+00
01a07757-9e4b-7562-8243-816c5d1d1ebc,01a07757-99b6-7ff0-bf13-83dd6ad07a1e,01a07757-9d99-75a1-ab8c-1e3d5be60add,01a07757-9e01-79d3-8314-b25043a461fe,f,2026-09-06 15:30:25.935057+00
01a07757-9e4b-7562-8243-817edf916a88,01a07757-90f6-7ca2-9931-c03ede6acaf9,01a07757-930d-7133-bbb5-90cfcfdf0bc9,01a07757-9e1a-7242-a0e7-656ba6238ac2,f,2026-09-06 15:30:25.94797+00
01a07757-9e4b-7562-8243-8182284fca41,01a07757-90f6-7ca2-9931-c03ede6acaf9,01a07757-930d-7133-bbb5-90ef244042df,01a07757-9e1a-7242-a0e7-656ba6238ac2,f,2026-09-06 15:30:25.94797+00
01a07757-9e4c-7923-8f5d-c6646753b631,01a07757-99b6-7ff0-bf13-83dd6ad07a1e,01a07757-9db2-7eb2-957e-31c7c8a22794,01a07757-9e01-79d3-8314-b25043a461fe,f,2026-09-06 15:30:25.935057+00
01a07757-9e4c-7923-8f5d-c67d8e567bf6,01a07757-90f6-7ca2-9931-c03ede6acaf9,01a07757-930d-7133-bbb5-90cfcfdf0bc9,01a07757-9e1a-7242-a0e7-656ba6238ac2,f,2026-09-06 15:30:25.94797+00
01a07757-9e4c-7923-8f5d-c684d259db5a,01a07757-99b6-7ff0-bf13-83dd6ad07a1e,01a07757-9d99-75a1-ab8c-1e3d5be60add,01a07757-9e01-79d3-8314-b25043a461fe,f,2026-09-06 15:30:25.935057+00
01a07757-9e4c-7923-8f5d-c690db549381,01a07757-90f6-7ca2-9931-c03ede6acaf9,01a07757-930d-7133-bbb5-90ef244042df,01a07757-9e1a-7242-a0e7-656ba6238ac2,f,2026-09-06 15:30:25.94797+00
01a07757-9e4c-7923-8f5d-c6adb338688b,01a07757-90f6-7ca2-9931-c03ede6acaf9,01a07757-930d-7133-bbb5-90cfcfdf0bc9,01a07757-9e1a-7242-a0e7-656ba6238ac2,f,2026-09-06 15:30:25.94797+00
01a07757-9e4d-7170-8456-e4b0c04357ec,01a07757-90f6-7ca2-9931-c03ede6acaf9,01a07757-930d-7133-bbb5-90ef244042df,01a07757-9e1a-7242-a0e7-656ba6238ac2,f,2026-09-06 15:30:25.94797+00
01a07757-9e4e-7801-8877-7e3d093078e9,01a07757-90f6-7ca2-9931-c03ede6acaf9,01a07757-930d-7133-bbb5-9104eea4d982,01a07757-9e1a-7242-a0e7-6578b9dd7131,f,2026-09-06 15:30:25.94797+00
01a07757-9e4e-7801-8877-7e4fe7525268,01a07757-90f6-7ca2-9931-c03ede6acaf9,01a07757-930d-7133-bbb5-91298b975a89,01a07757-9e1a-7242-a0e7-6578b9dd7131,f,2026-09-06 15:30:25.94797+00
01a07757-9e4e-7801-8877-7e5adf435490,01a07757-90f6-7ca2-9931-c03ede6acaf9,01a07757-930d-7133-bbb5-9104eea4d982,01a07757-9e1a-7242-a0e7-6578b9dd7131,f,2026-09-06 15:30:25.94797+00
01a07757-9e4e-7801-8877-7e610e27c811,01a07757-90f6-7ca2-9931-c03ede6acaf9,01a07757-930d-7133-bbb5-91298b975a89,01a07757-9e1a-7242-a0e7-6578b9dd7131,f,2026-09-06 15:30:25.94797+00
01a07757-9e4f-7af3-b052-37e5449e4eac,01a07757-90f6-7ca2-9931-c03ede6acaf9,01a07757-930d-7133-bbb5-9104eea4d982,01a07757-9e1a-7242-a0e7-6578b9dd7131,f,2026-09-06 15:30:25.94797+00
01a07757-9e4f-7af3-b052-37fb36987862,01a07757-99b6-7ff0-bf13-83dd6ad07a1e,01a07757-9db2-7eb2-957e-31c7c8a22794,01a07757-9e01-79d3-8314-b25043a461fe,f,2026-09-06 15:30:25.935057+00
01a07757-9e4f-7af3-b052-380447a30f9a,01a07757-90f6-7ca2-9931-c03ede6acaf9,01a07757-930d-7133-bbb5-91298b975a89,01a07757-9e1a-7242-a0e7-6578b9dd7131,f,2026-09-06 15:30:25.94797+00
01a07757-9e50-7991-9c41-dd83aab0341f,01a07757-99b6-7ff0-bf13-83dd6ad07a1e,01a07757-9d99-75a1-ab8c-1e3d5be60add,01a07757-9e01-79d3-8314-b25043a461fe,f,2026-09-06 15:30:25.935057+00
01a07757-9e50-7991-9c41-dd9f8cb33b21,01a07757-90f6-7ca2-9931-c03ede6acaf9,01a07757-930d-7133-bbb5-914b4f3c9cc7,01a07757-9e1a-7242-a0e7-658547cc32f6,f,2026-09-06 15:30:25.94797+00
01a07757-9e50-7991-9c41-dda959e6195e,01a07757-99b6-7ff0-bf13-83dd6ad07a1e,01a07757-9db2-7eb2-957e-31c7c8a22794,01a07757-9e01-79d3-8314-b25043a461fe,f,2026-09-06 15:30:25.935057+00
01a07757-9e50-7991-9c41-ddb01cc3696c,01a07757-90f6-7ca2-9931-c03ede6acaf9,01a07757-930d-7133-bbb5-916bd0bc16dc,01a07757-9e1a-7242-a0e7-658547cc32f6,f,2026-09-06 15:30:25.94797+00
01a07757-9e51-7a92-ba62-8360fb76f9ed,01a07757-90f6-7ca2-9931-c03ede6acaf9,01a07757-930d-7133-bbb5-914b4f3c9cc7,01a07757-9e1a-7242-a0e7-658547cc32f6,f,2026-09-06 15:30:25.94797+00
01a07757-9e51-7a92-ba62-837a6aea6c8a,01a07757-90f6-7ca2-9931-c03ede6acaf9,01a07757-930d-7133-bbb5-916bd0bc16dc,01a07757-9e1a-7242-a0e7-658547cc32f6,f,2026-09-06 15:30:25.94797+00
01a07757-9e51-7a92-ba62-838c0b0ab6e8,01a07757-90f6-7ca2-9931-c03ede6acaf9,01a07757-930d-7133-bbb5-914b4f3c9cc7,01a07757-9e1a-7242-a0e7-658547cc32f6,f,2026-09-06 15:30:25.94797+00
01a07757-9e51-7a92-ba62-83969ba04ace,01a07757-99b6-7ff0-bf13-83dd6ad07a1e,01a07757-9db2-7eb2-957e-31c7c8a22794,01a07757-9e01-79d3-8314-b264d842c3ac,f,2026-09-06 15:30:25.935057+00
01a07757-9e51-7a92-ba62-83a86ff65a8f,01a07757-90f6-7ca2-9931-c03ede6acaf9,01a07757-930d-7133-bbb5-916bd0bc16dc,01a07757-9e1a-7242-a0e7-658547cc32f6,f,2026-09-06 15:30:25.94797+00
01a07757-9e52-78f3-bca4-32422aafaed3,01a07757-99b6-7ff0-bf13-83dd6ad07a1e,01a07757-9dcb-76e1-8828-1f242afd1d85,01a07757-9e01-79d3-8314-b264d842c3ac,f,2026-09-06 15:30:25.935057+00
01a07757-9e52-78f3-bca4-3251415a2bdf,01a07757-90f6-7ca2-9931-c03ede6acaf9,01a07757-930d-7133-bbb5-91837ea101b5,01a07757-9e1a-7242-a0e7-6599babcaaa7,f,2026-09-06 15:30:25.94797+00
01a07757-9e52-78f3-bca4-326082fa070a,01a07757-99b6-7ff0-bf13-83dd6ad07a1e,01a07757-9db2-7eb2-957e-31c7c8a22794,01a07757-9e01-79d3-8314-b264d842c3ac,f,2026-09-06 15:30:25.935057+00
01a07757-9e52-78f3-bca4-327b30ad8ef4,01a07757-90f6-7ca2-9931-c03ede6acaf9,01a07757-930d-7133-bbb5-91a867690eed,01a07757-9e1a-7242-a0e7-6599babcaaa7,f,2026-09-06 15:30:25.94797+00
01a07757-9e53-7342-89ec-8daed5452eec,01a07757-99b6-7ff0-bf13-83dd6ad07a1e,01a07757-9dcb-76e1-8828-1f242afd1d85,01a07757-9e01-79d3-8314-b264d842c3ac,f,2026-09-06 15:30:25.935057+00
01a07757-9e53-7342-89ec-8db6fbbc0dfb,01a07757-90f6-7ca2-9931-c03ede6acaf9,01a07757-930d-7133-bbb5-91837ea101b5,01a07757-9e1a-7242-a0e7-6599babcaaa7,f,2026-09-06 15:30:25.94797+00
01a07757-9e53-7342-89ec-8dcd69b6d78f,01a07757-99b6-7ff0-bf13-83dd6ad07a1e,01a07757-9db2-7eb2-957e-31c7c8a22794,01a07757-9e01-79d3-8314-b264d842c3ac,f,2026-09-06 15:30:25.935057+00
01a07757-9e53-7342-89ec-8dd105ef96b1,01a07757-90f6-7ca2-9931-c03ede6acaf9,01a07757-930d-7133-bbb5-91a867690eed,01a07757-9e1a-7242-a0e7-6599babcaaa7,f,2026-09-06 15:30:25.94797+00
01a07757-9e53-7342-89ec-8de89f6b50a1,01a07757-99b6-7ff0-bf13-83dd6ad07a1e,01a07757-9dcb-76e1-8828-1f242afd1d85,01a07757-9e01-79d3-8314-b264d842c3ac,f,2026-09-06 15:30:25.935057+00
01a07757-9e53-7342-89ec-8df52e210922,01a07757-90f6-7ca2-9931-c03ede6acaf9,01a07757-930d-7133-bbb5-91837ea101b5,01a07757-9e1a-7242-a0e7-6599babcaaa7,f,2026-09-06 15:30:25.94797+00
01a07757-9e53-7342-89ec-8e005d5561d8,01a07757-90f6-7ca2-9931-c03ede6acaf9,01a07757-930d-7133-bbb5-91a867690eed,01a07757-9e1a-7242-a0e7-6599babcaaa7,f,2026-09-06 15:30:25.94797+00
01a07757-9e54-7181-b8be-5e1d8c0e42c3,01a07757-90f6-7ca2-9931-c03ede6acaf9,01a07757-930d-7133-bbb5-91cf9d4bdeaa,01a07757-9e1a-7242-a0e7-65aaca1ae6f5,f,2026-09-06 15:30:25.94797+00
01a07757-9e55-7c50-a7c8-7a44e232a80b,01a07757-90f6-7ca2-9931-c03ede6acaf9,01a07757-930d-7133-bbb5-91e2849bf2e4,01a07757-9e1a-7242-a0e7-65aaca1ae6f5,f,2026-09-06 15:30:25.94797+00
01a07757-9e55-7c50-a7c8-7a5d450ed6d1,01a07757-90f6-7ca2-9931-c03ede6acaf9,01a07757-930d-7133-bbb5-91cf9d4bdeaa,01a07757-9e1a-7242-a0e7-65aaca1ae6f5,f,2026-09-06 15:30:25.94797+00
01a07757-9e55-7c50-a7c8-7a6f1d8a5ab6,01a07757-90f6-7ca2-9931-c03ede6acaf9,01a07757-930d-7133-bbb5-91e2849bf2e4,01a07757-9e1a-7242-a0e7-65aaca1ae6f5,f,2026-09-06 15:30:25.94797+00
01a07757-9e55-7c50-a7c8-7a71f34ebea6,01a07757-90f6-7ca2-9931-c03ede6acaf9,01a07757-930d-7133-bbb5-91cf9d4bdeaa,01a07757-9e1a-7242-a0e7-65aaca1ae6f5,f,2026-09-06 15:30:25.94797+00
01a07757-9e55-7c50-a7c8-7a8ade872561,01a07757-90f6-7ca2-9931-c03ede6acaf9,01a07757-930d-7133-bbb5-91e2849bf2e4,01a07757-9e1a-7242-a0e7-65aaca1ae6f5,f,2026-09-06 15:30:25.94797+00
01a07757-9e55-7c50-a7c8-7a9dac3e6115,01a07757-99b6-7ff0-bf13-83dd6ad07a1e,01a07757-9d99-75a1-ab8c-1e3d5be60add,01a07757-9e02-7ee2-bfb8-d780e0b88589,f,2026-09-06 15:30:25.930416+00
01a07757-9e56-7312-8529-a15d9764fa84,01a07757-99b6-7ff0-bf13-83dd6ad07a1e,01a07757-9dcb-76e1-8828-1f242afd1d85,01a07757-9e02-7ee2-bfb8-d780e0b88589,f,2026-09-06 15:30:25.930416+00
01a07757-9e56-7312-8529-a16821a49af5,01a07757-90f6-7ca2-9931-c03ede6acaf9,01a07757-930d-7133-bbb5-920673552d6f,01a07757-9e1a-7242-a0e7-65b16830db04,f,2026-09-06 15:30:25.94797+00
01a07757-9e56-7312-8529-a17f24ee5f5c,01a07757-99b6-7ff0-bf13-83dd6ad07a1e,01a07757-9d99-75a1-ab8c-1e3d5be60add,01a07757-9e02-7ee2-bfb8-d780e0b88589,f,2026-09-06 15:30:25.930416+00
01a07757-9e56-7312-8529-a18f8a41780e,01a07757-90f6-7ca2-9931-c03ede6acaf9,01a07757-930d-7133-bbb5-922daef629c0,01a07757-9e1a-7242-a0e7-65b16830db04,f,2026-09-06 15:30:25.94797+00
01a07757-9e56-7312-8529-a19ddb2993e3,01a07757-99b6-7ff0-bf13-83dd6ad07a1e,01a07757-9dcb-76e1-8828-1f242afd1d85,01a07757-9e02-7ee2-bfb8-d780e0b88589,f,2026-09-06 15:30:25.930416+00
01a07757-9e56-7312-8529-a1ad31df35f0,01a07757-90f6-7ca2-9931-c03ede6acaf9,01a07757-930d-7133-bbb5-920673552d6f,01a07757-9e1a-7242-a0e7-65b16830db04,f,2026-09-06 15:30:25.94797+00
01a07757-9e56-7312-8529-a1bc66fd04ee,01a07757-99b6-7ff0-bf13-83dd6ad07a1e,01a07757-9d99-75a1-ab8c-1e3d5be60add,01a07757-9e02-7ee2-bfb8-d780e0b88589,f,2026-09-06 15:30:25.930416+00
01a07757-9e57-7d53-b104-6e4278368f82,01a07757-90f6-7ca2-9931-c03ede6acaf9,01a07757-930d-7133-bbb5-922daef629c0,01a07757-9e1a-7242-a0e7-65b16830db04,f,2026-09-06 15:30:25.94797+00
01a07757-9e57-7d53-b104-6e5c37aa6a76,01a07757-90f6-7ca2-9931-c03ede6acaf9,01a07757-930d-7133-bbb5-920673552d6f,01a07757-9e1a-7242-a0e7-65b16830db04,f,2026-09-06 15:30:25.94797+00
01a07757-9e57-7d53-b104-6e6a33edfbf2,01a07757-90f6-7ca2-9931-c03ede6acaf9,01a07757-930d-7133-bbb5-922daef629c0,01a07757-9e1a-7242-a0e7-65b16830db04,f,2026-09-06 15:30:25.94797+00
01a07757-9e58-75a2-8ff1-16f865802c8c,01a07757-99b6-7ff0-bf13-83dd6ad07a1e,01a07757-9dcb-76e1-8828-1f242afd1d85,01a07757-9e02-7ee2-bfb8-d780e0b88589,f,2026-09-06 15:30:25.930416+00
01a07757-9e58-75a2-8ff1-17045b2049ba,01a07757-90f6-7ca2-9931-c03ede6acaf9,01a07757-930d-7133-bbb5-924a25fbe261,01a07757-9e1a-7242-a0e7-65c62f4a7d6b,f,2026-09-06 15:30:25.94797+00
01a07757-9e58-75a2-8ff1-171a6c401b0a,01a07757-90f6-7ca2-9931-c03ede6acaf9,01a07757-930d-7133-bbb5-92607779cde7,01a07757-9e1a-7242-a0e7-65c62f4a7d6b,f,2026-09-06 15:30:25.94797+00
01a07757-9e58-75a2-8ff1-1724f571c611,01a07757-90f6-7ca2-9931-c03ede6acaf9,01a07757-930d-7133-bbb5-924a25fbe261,01a07757-9e1a-7242-a0e7-65c62f4a7d6b,f,2026-09-06 15:30:25.94797+00
01a07757-9e58-75a2-8ff1-17324fc26259,01a07757-90f6-7ca2-9931-c03ede6acaf9,01a07757-930d-7133-bbb5-92607779cde7,01a07757-9e1a-7242-a0e7-65c62f4a7d6b,f,2026-09-06 15:30:25.94797+00
01a07757-9e59-7b01-9c63-1d758cbf8cf6,01a07757-99b6-7ff0-bf13-83dd6ad07a1e,01a07757-9db2-7eb2-957e-31c7c8a22794,01a07757-9e02-7ee2-bfb8-d79205a7ed01,f,2026-09-06 15:30:25.930416+00
01a07757-9e59-7b01-9c63-1d8164b4db3c,01a07757-90f6-7ca2-9931-c03ede6acaf9,01a07757-930d-7133-bbb5-924a25fbe261,01a07757-9e1a-7242-a0e7-65c62f4a7d6b,f,2026-09-06 15:30:25.94797+00
01a07757-9e59-7b01-9c63-1d9342048e3f,01a07757-90f6-7ca2-9931-c03ede6acaf9,01a07757-930d-7133-bbb5-92607779cde7,01a07757-9e1a-7242-a0e7-65c62f4a7d6b,f,2026-09-06 15:30:25.94797+00
01a07757-9e59-7b01-9c63-1da421a0b4a1,01a07757-99b6-7ff0-bf13-83dd6ad07a1e,01a07757-9dea-7652-b802-95683ec3887c,01a07757-9e02-7ee2-bfb8-d79205a7ed01,f,2026-09-06 15:30:25.930416+00
01a07757-9e59-7b01-9c63-1db26d9e4406,01a07757-99b6-7ff0-bf13-83dd6ad07a1e,01a07757-9db2-7eb2-957e-31c7c8a22794,01a07757-9e02-7ee2-bfb8-d79205a7ed01,f,2026-09-06 15:30:25.930416+00
01a07757-9e59-7b01-9c63-1dc5d4f2523d,01a07757-99b6-7ff0-bf13-83dd6ad07a1e,01a07757-9dea-7652-b802-95683ec3887c,01a07757-9e02-7ee2-bfb8-d79205a7ed01,f,2026-09-06 15:30:25.930416+00
01a07757-9e59-7b01-9c63-1dd97bd99676,01a07757-90f6-7ca2-9931-c03ede6acaf9,01a07757-930e-7421-8220-1e99267ef5a1,01a07757-9e1a-7242-a0e7-65dab2f99288,f,2026-09-06 15:30:25.94797+00
01a07757-9e5a-7243-8912-1b534655913b,01a07757-99b6-7ff0-bf13-83dd6ad07a1e,01a07757-9db2-7eb2-957e-31c7c8a22794,01a07757-9e02-7ee2-bfb8-d79205a7ed01,f,2026-09-06 15:30:25.930416+00
01a07757-9e5a-7243-8912-1b66c063e407,01a07757-90f6-7ca2-9931-c03ede6acaf9,01a07757-930e-7421-8220-1eb76123b2a8,01a07757-9e1a-7242-a0e7-65dab2f99288,f,2026-09-06 15:30:25.94797+00
01a07757-9e5a-7243-8912-1b78f2423d5e,01a07757-99b6-7ff0-bf13-83dd6ad07a1e,01a07757-9dea-7652-b802-95683ec3887c,01a07757-9e02-7ee2-bfb8-d79205a7ed01,f,2026-09-06 15:30:25.930416+00
01a07757-9e5a-7243-8912-1b845cde0c34,01a07757-90f6-7ca2-9931-c03ede6acaf9,01a07757-930e-7421-8220-1e99267ef5a1,01a07757-9e1a-7242-a0e7-65dab2f99288,f,2026-09-06 15:30:25.94797+00
01a07757-9e5a-7243-8912-1b98f571be1b,01a07757-90f6-7ca2-9931-c03ede6acaf9,01a07757-930e-7421-8220-1eb76123b2a8,01a07757-9e1a-7242-a0e7-65dab2f99288,f,2026-09-06 15:30:25.94797+00
01a07757-9e5b-7d62-8231-e148264228fe,01a07757-90f6-7ca2-9931-c03ede6acaf9,01a07757-930e-7421-8220-1e99267ef5a1,01a07757-9e1a-7242-a0e7-65dab2f99288,f,2026-09-06 15:30:25.94797+00
01a07757-9e5b-7d62-8231-e15b5894d1b2,01a07757-99b6-7ff0-bf13-83dd6ad07a1e,01a07757-9dcb-76e1-8828-1f242afd1d85,01a07757-9e02-7ee2-bfb8-d7af306aa513,f,2026-09-06 15:30:25.930416+00
01a07757-9e5b-7d62-8231-e16d5cd55120,01a07757-90f6-7ca2-9931-c03ede6acaf9,01a07757-930e-7421-8220-1eb76123b2a8,01a07757-9e1a-7242-a0e7-65dab2f99288,f,2026-09-06 15:30:25.94797+00
01a07757-9e5b-7d62-8231-e177af2e96e5,01a07757-99b6-7ff0-bf13-83dd6ad07a1e,01a07757-9df2-7483-9d35-d23aae7110aa,01a07757-9e02-7ee2-bfb8-d7af306aa513,f,2026-09-06 15:30:25.930416+00
01a07757-9e5c-7090-a754-5e3bc39f9bef,01a07757-99b6-7ff0-bf13-83dd6ad07a1e,01a07757-9dcb-76e1-8828-1f242afd1d85,01a07757-9e02-7ee2-bfb8-d7af306aa513,f,2026-09-06 15:30:25.930416+00
01a07757-9e5c-7090-a754-5e43fef9f3c9,01a07757-99b6-7ff0-bf13-83dd6ad07a1e,01a07757-9df2-7483-9d35-d23aae7110aa,01a07757-9e02-7ee2-bfb8-d7af306aa513,f,2026-09-06 15:30:25.930416+00
01a07757-9e5c-7090-a754-5e5d0847a3fb,01a07757-90f6-7ca2-9931-c03ede6acaf9,01a07757-930e-7421-8220-1ed54a974c40,01a07757-9e1a-7242-a0e7-65e6f4af82e7,f,2026-09-06 15:30:25.94797+00
01a07757-9e5c-7090-a754-5e68c463fff9,01a07757-99b6-7ff0-bf13-83dd6ad07a1e,01a07757-9dcb-76e1-8828-1f242afd1d85,01a07757-9e02-7ee2-bfb8-d7af306aa513,f,2026-09-06 15:30:25.930416+00
01a07757-9e5c-7090-a754-5e7fa5c61eb8,01a07757-99b6-7ff0-bf13-83dd6ad07a1e,01a07757-9df2-7483-9d35-d23aae7110aa,01a07757-9e02-7ee2-bfb8-d7af306aa513,f,2026-09-06 15:30:25.930416+00
01a07757-9e5c-7090-a754-5e83c1b857c9,01a07757-90f6-7ca2-9931-c03ede6acaf9,01a07757-930e-7421-8220-1ef5c64904b5,01a07757-9e1a-7242-a0e7-65e6f4af82e7,f,2026-09-06 15:30:25.94797+00
01a07757-9e5d-7a50-9be1-dd191dd069e6,01a07757-90f6-7ca2-9931-c03ede6acaf9,01a07757-930e-7421-8220-1ed54a974c40,01a07757-9e1a-7242-a0e7-65e6f4af82e7,f,2026-09-06 15:30:25.94797+00
01a07757-9e5d-7a50-9be1-dd20225257c8,01a07757-90f6-7ca2-9931-c03ede6acaf9,01a07757-930e-7421-8220-1ef5c64904b5,01a07757-9e1a-7242-a0e7-65e6f4af82e7,f,2026-09-06 15:30:25.94797+00
01a07757-9e5e-7dd2-b859-f53a5c59aa06,01a07757-90f6-7ca2-9931-c03ede6acaf9,01a07757-930e-7421-8220-1ed54a974c40,01a07757-9e1a-7242-a0e7-65e6f4af82e7,f,2026-09-06 15:30:25.94797+00
01a07757-9e5e-7dd2-b859-f5449f64e237,01a07757-90f6-7ca2-9931-c03ede6acaf9,01a07757-930e-7421-8220-1ef5c64904b5,01a07757-9e1a-7242-a0e7-65e6f4af82e7,f,2026-09-06 15:30:25.94797+00
01a07757-9e5f-7530-a1cd-9888a0ff78b8,01a07757-90f6-7ca2-9931-c03ede6acaf9,01a07757-930e-7421-8220-1f13f504c755,01a07757-9e1a-7242-a0e7-65ff3a9dbc6c,f,2026-09-06 15:30:25.94797+00
01a07757-9e60-74a3-868e-fefbe57eef55,01a07757-90f6-7ca2-9931-c03ede6acaf9,01a07757-930e-7421-8220-1f3fd3f1bb2a,01a07757-9e1a-7242-a0e7-65ff3a9dbc6c,f,2026-09-06 15:30:25.94797+00
01a07757-9e61-7642-a8e4-9a979f0ad31d,01a07757-90f6-7ca2-9931-c03ede6acaf9,01a07757-930e-7421-8220-1f13f504c755,01a07757-9e1a-7242-a0e7-65ff3a9dbc6c,f,2026-09-06 15:30:25.94797+00
01a07757-9e61-7642-a8e4-9aa6cdf637a4,01a07757-90f6-7ca2-9931-c03ede6acaf9,01a07757-930e-7421-8220-1f3fd3f1bb2a,01a07757-9e1a-7242-a0e7-65ff3a9dbc6c,f,2026-09-06 15:30:25.94797+00
01a07757-9e61-7642-a8e4-9abec328c98b,01a07757-90f6-7ca2-9931-c03ede6acaf9,01a07757-930e-7421-8220-1f13f504c755,01a07757-9e1a-7242-a0e7-65ff3a9dbc6c,f,2026-09-06 15:30:25.94797+00
01a07757-9e62-7d00-9702-9f824ffd125d,01a07757-90f6-7ca2-9931-c03ede6acaf9,01a07757-930e-7421-8220-1f3fd3f1bb2a,01a07757-9e1a-7242-a0e7-65ff3a9dbc6c,f,2026-09-06 15:30:25.94797+00
01a07757-9e62-7d00-9702-9f98da7f5a5c,01a07757-99b6-7ff0-bf13-83dd6ad07a1e,01a07757-9df2-7483-9d35-d23aae7110aa,01a07757-9e08-7133-b79a-9f0cc28af8f8,f,2026-09-06 15:30:25.933682+00
01a07757-9e63-7f61-9bd0-5b01271981d0,01a07757-99b6-7ff0-bf13-83dd6ad07a1e,01a07757-9d0c-7a21-91f4-6213ed06ddd5,01a07757-9e08-7133-b79a-9f0cc28af8f8,f,2026-09-06 15:30:25.933682+00
01a07757-9e63-7f61-9bd0-5b1bbd3877f3,01a07757-90f6-7ca2-9931-c03ede6acaf9,01a07757-930e-7421-8220-1f5a499ad2a1,01a07757-9e1a-7242-a0e7-6603178ca4ef,f,2026-09-06 15:30:25.94797+00
01a07757-9e63-7f61-9bd0-5b2f36d7763e,01a07757-99b6-7ff0-bf13-83dd6ad07a1e,01a07757-9df2-7483-9d35-d23aae7110aa,01a07757-9e08-7133-b79a-9f0cc28af8f8,f,2026-09-06 15:30:25.933682+00
01a07757-9e63-7f61-9bd0-5b3499292ade,01a07757-90f6-7ca2-9931-c03ede6acaf9,01a07757-930e-7421-8220-1f7af1539309,01a07757-9e1a-7242-a0e7-6603178ca4ef,f,2026-09-06 15:30:25.94797+00
01a07757-9e63-7f61-9bd0-5b49bdc49e6d,01a07757-99b6-7ff0-bf13-83dd6ad07a1e,01a07757-9d0c-7a21-91f4-6213ed06ddd5,01a07757-9e08-7133-b79a-9f0cc28af8f8,f,2026-09-06 15:30:25.933682+00
01a07757-9e63-7f61-9bd0-5b536d12de7d,01a07757-90f6-7ca2-9931-c03ede6acaf9,01a07757-930e-7421-8220-1f5a499ad2a1,01a07757-9e1a-7242-a0e7-6603178ca4ef,f,2026-09-06 15:30:25.94797+00
01a07757-9e63-7f61-9bd0-5b622e458f39,01a07757-99b6-7ff0-bf13-83dd6ad07a1e,01a07757-9df2-7483-9d35-d23aae7110aa,01a07757-9e08-7133-b79a-9f0cc28af8f8,f,2026-09-06 15:30:25.933682+00
01a07757-9e64-7581-91c8-8df04d1b1b27,01a07757-90f6-7ca2-9931-c03ede6acaf9,01a07757-930e-7421-8220-1f7af1539309,01a07757-9e1a-7242-a0e7-6603178ca4ef,f,2026-09-06 15:30:25.94797+00
01a07757-9e64-7581-91c8-8e063ea53b08,01a07757-99b6-7ff0-bf13-83dd6ad07a1e,01a07757-9d0c-7a21-91f4-6213ed06ddd5,01a07757-9e08-7133-b79a-9f0cc28af8f8,f,2026-09-06 15:30:25.933682+00
01a07757-9e64-7581-91c8-8e16fabb5ca5,01a07757-90f6-7ca2-9931-c03ede6acaf9,01a07757-930e-7421-8220-1f5a499ad2a1,01a07757-9e1a-7242-a0e7-6603178ca4ef,f,2026-09-06 15:30:25.94797+00
01a07757-9e64-7581-91c8-8e289bc4be6d,01a07757-90f6-7ca2-9931-c03ede6acaf9,01a07757-930e-7421-8220-1f7af1539309,01a07757-9e1a-7242-a0e7-6603178ca4ef,f,2026-09-06 15:30:25.94797+00
01a07757-9e65-7bb3-900b-59cc171c21e1,01a07757-99b6-7ff0-bf13-83dd6ad07a1e,01a07757-9d0c-7a21-91f4-6213ed06ddd5,01a07757-9e08-7133-b79a-9f135b83089f,f,2026-09-06 15:30:25.933682+00
01a07757-9e65-7bb3-900b-59deef14f5e2,01a07757-99b6-7ff0-bf13-83dd6ad07a1e,01a07757-9d99-75a1-ab8c-1e3d5be60add,01a07757-9e08-7133-b79a-9f135b83089f,f,2026-09-06 15:30:25.933682+00
01a07757-9e65-7bb3-900b-59fb0df4dbc7,01a07757-90f6-7ca2-9931-c03ede6acaf9,01a07757-930e-7421-8220-1f9083e8499c,01a07757-9e1a-7242-a0e7-661e9d6b9876,f,2026-09-06 15:30:25.94797+00
01a07757-9e65-7bb3-900b-5a055d58ebd9,01a07757-99b6-7ff0-bf13-83dd6ad07a1e,01a07757-9d0c-7a21-91f4-6213ed06ddd5,01a07757-9e08-7133-b79a-9f135b83089f,f,2026-09-06 15:30:25.933682+00
01a07757-9e65-7bb3-900b-5a11a638279a,01a07757-90f6-7ca2-9931-c03ede6acaf9,01a07757-930e-7421-8220-1fb8ba1dc7d2,01a07757-9e1a-7242-a0e7-661e9d6b9876,f,2026-09-06 15:30:25.94797+00
01a07757-9e65-7bb3-900b-5a21854ff135,01a07757-99b6-7ff0-bf13-83dd6ad07a1e,01a07757-9d99-75a1-ab8c-1e3d5be60add,01a07757-9e08-7133-b79a-9f135b83089f,f,2026-09-06 15:30:25.933682+00
01a07757-9e66-7a52-9f13-3f53aa1b0f26,01a07757-99b6-7ff0-bf13-83dd6ad07a1e,01a07757-9d0c-7a21-91f4-6213ed06ddd5,01a07757-9e08-7133-b79a-9f135b83089f,f,2026-09-06 15:30:25.933682+00
01a07757-9e66-7a52-9f13-3f62ff380db1,01a07757-90f6-7ca2-9931-c03ede6acaf9,01a07757-930e-7421-8220-1f9083e8499c,01a07757-9e1a-7242-a0e7-661e9d6b9876,f,2026-09-06 15:30:25.94797+00
01a07757-9e66-7a52-9f13-3f7df0f3627c,01a07757-99b6-7ff0-bf13-83dd6ad07a1e,01a07757-9d99-75a1-ab8c-1e3d5be60add,01a07757-9e08-7133-b79a-9f135b83089f,f,2026-09-06 15:30:25.933682+00
01a07757-9e66-7a52-9f13-3f84ea93c356,01a07757-90f6-7ca2-9931-c03ede6acaf9,01a07757-930e-7421-8220-1fb8ba1dc7d2,01a07757-9e1a-7242-a0e7-661e9d6b9876,f,2026-09-06 15:30:25.94797+00
01a07757-9e66-7a52-9f13-3f96e2876e8e,01a07757-90f6-7ca2-9931-c03ede6acaf9,01a07757-930e-7421-8220-1f9083e8499c,01a07757-9e1a-7242-a0e7-661e9d6b9876,f,2026-09-06 15:30:25.94797+00
01a07757-9e67-7043-9252-f2a6b4358d71,01a07757-90f6-7ca2-9931-c03ede6acaf9,01a07757-930e-7421-8220-1fb8ba1dc7d2,01a07757-9e1a-7242-a0e7-661e9d6b9876,f,2026-09-06 15:30:25.94797+00
01a07757-9e67-7043-9252-f2bbc05bc11d,01a07757-99b6-7ff0-bf13-83dd6ad07a1e,01a07757-9d99-75a1-ab8c-1e3d5be60add,01a07757-9e08-7133-b79a-9f236fc50b98,f,2026-09-06 15:30:25.933682+00
01a07757-9e67-7043-9252-f2c87d0ebbbe,01a07757-99b6-7ff0-bf13-83dd6ad07a1e,01a07757-9db2-7eb2-957e-31c7c8a22794,01a07757-9e08-7133-b79a-9f236fc50b98,f,2026-09-06 15:30:25.933682+00
01a07757-9e68-7153-a787-ac6427ca772d,01a07757-99b6-7ff0-bf13-83dd6ad07a1e,01a07757-9d99-75a1-ab8c-1e3d5be60add,01a07757-9e08-7133-b79a-9f236fc50b98,f,2026-09-06 15:30:25.933682+00
01a07757-9e68-7153-a787-ac75d4ad28e5,01a07757-90f6-7ca2-9931-c03ede6acaf9,01a07757-930e-7421-8220-1fd50683038b,01a07757-9e1a-7242-a0e7-6622a44e949a,f,2026-09-06 15:30:25.94797+00
01a07757-9e68-7153-a787-ac8ef00dabef,01a07757-99b6-7ff0-bf13-83dd6ad07a1e,01a07757-9db2-7eb2-957e-31c7c8a22794,01a07757-9e08-7133-b79a-9f236fc50b98,f,2026-09-06 15:30:25.933682+00
01a07757-9e68-7153-a787-ac9e9b15c139,01a07757-99b6-7ff0-bf13-83dd6ad07a1e,01a07757-9d99-75a1-ab8c-1e3d5be60add,01a07757-9e08-7133-b79a-9f236fc50b98,f,2026-09-06 15:30:25.933682+00
01a07757-9e68-7153-a787-aca17e20ec02,01a07757-90f6-7ca2-9931-c03ede6acaf9,01a07757-930e-7421-8220-1ff2ce2f83be,01a07757-9e1a-7242-a0e7-6622a44e949a,f,2026-09-06 15:30:25.94797+00
01a07757-9e68-7153-a787-acbaae1d0d0f,01a07757-99b6-7ff0-bf13-83dd6ad07a1e,01a07757-9db2-7eb2-957e-31c7c8a22794,01a07757-9e08-7133-b79a-9f236fc50b98,f,2026-09-06 15:30:25.933682+00
01a07757-9e68-7153-a787-acc8b4fb60ea,01a07757-90f6-7ca2-9931-c03ede6acaf9,01a07757-930e-7421-8220-1fd50683038b,01a07757-9e1a-7242-a0e7-6622a44e949a,f,2026-09-06 15:30:25.94797+00
01a07757-9e69-7d30-9e6b-77ab81be09a2,01a07757-90f6-7ca2-9931-c03ede6acaf9,01a07757-930e-7421-8220-1ff2ce2f83be,01a07757-9e1a-7242-a0e7-6622a44e949a,f,2026-09-06 15:30:25.94797+00
01a07757-9e69-7d30-9e6b-77b206ea9723,01a07757-90f6-7ca2-9931-c03ede6acaf9,01a07757-930e-7421-8220-1fd50683038b,01a07757-9e1a-7242-a0e7-6622a44e949a,f,2026-09-06 15:30:25.94797+00
01a07757-9e69-7d30-9e6b-77c6182087c1,01a07757-90f6-7ca2-9931-c03ede6acaf9,01a07757-930e-7421-8220-1ff2ce2f83be,01a07757-9e1a-7242-a0e7-6622a44e949a,f,2026-09-06 15:30:25.94797+00
01a07757-9e6a-7701-ba01-3ba6ea5d3334,01a07757-90f6-7ca2-9931-c03ede6acaf9,01a07757-930e-7421-8220-2018a440246e,01a07757-9e1a-7242-a0e7-663b12eee5d9,f,2026-09-06 15:30:25.94797+00
01a07757-9e6b-71c0-ae8b-78e4b8eee7e7,01a07757-90f6-7ca2-9931-c03ede6acaf9,01a07757-930e-7421-8220-203c378ca917,01a07757-9e1a-7242-a0e7-663b12eee5d9,f,2026-09-06 15:30:25.94797+00
01a07757-9e6b-71c0-ae8b-78f3d802633f,01a07757-90f6-7ca2-9931-c03ede6acaf9,01a07757-930e-7421-8220-2018a440246e,01a07757-9e1a-7242-a0e7-663b12eee5d9,f,2026-09-06 15:30:25.94797+00
01a07757-9e6b-71c0-ae8b-79053019ed7f,01a07757-90f6-7ca2-9931-c03ede6acaf9,01a07757-930e-7421-8220-203c378ca917,01a07757-9e1a-7242-a0e7-663b12eee5d9,f,2026-09-06 15:30:25.94797+00
01a07757-9e6c-7ee0-a863-734dec0eada4,01a07757-90f6-7ca2-9931-c03ede6acaf9,01a07757-930e-7421-8220-2018a440246e,01a07757-9e1a-7242-a0e7-663b12eee5d9,f,2026-09-06 15:30:25.94797+00
01a07757-9e6c-7ee0-a863-735e352c9771,01a07757-90f6-7ca2-9931-c03ede6acaf9,01a07757-930e-7421-8220-203c378ca917,01a07757-9e1a-7242-a0e7-663b12eee5d9,f,2026-09-06 15:30:25.94797+00
01a07757-9e6d-7af0-9056-ffe104f3df1b,01a07757-90f6-7ca2-9931-c03ede6acaf9,01a07757-930e-7421-8220-205eebf6c8c6,01a07757-9e1a-7242-a0e7-664dd6ce1c2e,f,2026-09-06 15:30:25.94797+00
01a07757-9e6e-7771-a24f-72b31f8faaa3,01a07757-90f6-7ca2-9931-c03ede6acaf9,01a07757-930e-7421-8220-207a49d40a34,01a07757-9e1a-7242-a0e7-664dd6ce1c2e,f,2026-09-06 15:30:25.94797+00
01a07757-9e6e-7771-a24f-72c1b089e419,01a07757-90f6-7ca2-9931-c03ede6acaf9,01a07757-930e-7421-8220-205eebf6c8c6,01a07757-9e1a-7242-a0e7-664dd6ce1c2e,f,2026-09-06 15:30:25.94797+00
01a07757-9e6f-7d82-9af7-8e7c34fefe09,01a07757-90f6-7ca2-9931-c03ede6acaf9,01a07757-930e-7421-8220-207a49d40a34,01a07757-9e1a-7242-a0e7-664dd6ce1c2e,f,2026-09-06 15:30:25.94797+00
01a07757-9e6f-7d82-9af7-8e88833bcd50,01a07757-90f6-7ca2-9931-c03ede6acaf9,01a07757-930e-7421-8220-205eebf6c8c6,01a07757-9e1a-7242-a0e7-664dd6ce1c2e,f,2026-09-06 15:30:25.94797+00
01a07757-9e6f-7d82-9af7-8e92ca851e7a,01a07757-90f6-7ca2-9931-c03ede6acaf9,01a07757-930e-7421-8220-207a49d40a34,01a07757-9e1a-7242-a0e7-664dd6ce1c2e,f,2026-09-06 15:30:25.94797+00
01a07757-9e70-72e1-aa41-19f7628e655b,01a07757-90f6-7ca2-9931-c03ede6acaf9,01a07757-930e-7421-8220-20947a226642,01a07757-9e1a-7242-a0e7-665ebe2b6cdf,f,2026-09-06 15:30:25.94797+00
01a07757-9e71-7320-a268-e43dbc138468,01a07757-90f6-7ca2-9931-c03ede6acaf9,01a07757-930e-7421-8220-20b186d35cef,01a07757-9e1a-7242-a0e7-665ebe2b6cdf,f,2026-09-06 15:30:25.94797+00
01a07757-9e71-7320-a268-e4468af09213,01a07757-90f6-7ca2-9931-c03ede6acaf9,01a07757-930e-7421-8220-20947a226642,01a07757-9e1a-7242-a0e7-665ebe2b6cdf,f,2026-09-06 15:30:25.94797+00
01a07757-9e71-7320-a268-e45550b06269,01a07757-90f6-7ca2-9931-c03ede6acaf9,01a07757-930e-7421-8220-20b186d35cef,01a07757-9e1a-7242-a0e7-665ebe2b6cdf,f,2026-09-06 15:30:25.94797+00
01a07757-9e72-7af0-8d0d-985b8feccb76,01a07757-90f6-7ca2-9931-c03ede6acaf9,01a07757-930e-7421-8220-20947a226642,01a07757-9e1a-7242-a0e7-665ebe2b6cdf,f,2026-09-06 15:30:25.94797+00
01a07757-9e72-7af0-8d0d-98676ff851ba,01a07757-90f6-7ca2-9931-c03ede6acaf9,01a07757-930e-7421-8220-20b186d35cef,01a07757-9e1a-7242-a0e7-665ebe2b6cdf,f,2026-09-06 15:30:25.94797+00
01a07757-9e74-7c02-84f2-dbfceca01c94,01a07757-90f6-7ca2-9931-c03ede6acaf9,01a07757-930f-7fc0-b97b-62a056454161,01a07757-9e1a-7242-a0e7-666f9d55c001,f,2026-09-06 15:30:25.94797+00
01a07757-9e74-7c02-84f2-dc0f9a59f3f6,01a07757-90f6-7ca2-9931-c03ede6acaf9,01a07757-930f-7fc0-b97b-62c5a41e850d,01a07757-9e1a-7242-a0e7-666f9d55c001,f,2026-09-06 15:30:25.94797+00
01a07757-9e75-7793-8fa1-02c3474a5cde,01a07757-90f6-7ca2-9931-c03ede6acaf9,01a07757-930f-7fc0-b97b-62a056454161,01a07757-9e1a-7242-a0e7-666f9d55c001,f,2026-09-06 15:30:25.94797+00
01a07757-9e75-7793-8fa1-02d92be63f07,01a07757-90f6-7ca2-9931-c03ede6acaf9,01a07757-930f-7fc0-b97b-62c5a41e850d,01a07757-9e1a-7242-a0e7-666f9d55c001,f,2026-09-06 15:30:25.94797+00
01a07757-9e75-7793-8fa1-02ed5a13f7ee,01a07757-90f6-7ca2-9931-c03ede6acaf9,01a07757-930f-7fc0-b97b-62a056454161,01a07757-9e1a-7242-a0e7-666f9d55c001,f,2026-09-06 15:30:25.94797+00
01a07757-9e76-7f22-958d-17dcac5b9c24,01a07757-90f6-7ca2-9931-c03ede6acaf9,01a07757-930f-7fc0-b97b-62c5a41e850d,01a07757-9e1a-7242-a0e7-666f9d55c001,f,2026-09-06 15:30:25.94797+00
01a07757-9e77-7470-adbb-4b29e3e9558b,01a07757-90f6-7ca2-9931-c03ede6acaf9,01a07757-930f-7fc0-b97b-62e03795188a,01a07757-9e1a-7242-a0e7-66770aa3019c,f,2026-09-06 15:30:25.94797+00
01a07757-9e77-7470-adbb-4b3bbcc884bb,01a07757-90f6-7ca2-9931-c03ede6acaf9,01a07757-930f-7fc0-b97b-6303234b95e8,01a07757-9e1a-7242-a0e7-66770aa3019c,f,2026-09-06 15:30:25.94797+00
01a07757-9e78-72b1-aa83-b7ceeb8d48df,01a07757-90f6-7ca2-9931-c03ede6acaf9,01a07757-930f-7fc0-b97b-62e03795188a,01a07757-9e1a-7242-a0e7-66770aa3019c,f,2026-09-06 15:30:25.94797+00
01a07757-9e78-72b1-aa83-b7dc4feda29c,01a07757-90f6-7ca2-9931-c03ede6acaf9,01a07757-930f-7fc0-b97b-6303234b95e8,01a07757-9e1a-7242-a0e7-66770aa3019c,f,2026-09-06 15:30:25.94797+00
01a07757-9e79-7ef1-ae53-6cb7caa3081f,01a07757-90f6-7ca2-9931-c03ede6acaf9,01a07757-930f-7fc0-b97b-62e03795188a,01a07757-9e1a-7242-a0e7-66770aa3019c,f,2026-09-06 15:30:25.94797+00
01a07757-9e79-7ef1-ae53-6cc7618a87bf,01a07757-90f6-7ca2-9931-c03ede6acaf9,01a07757-930f-7fc0-b97b-6303234b95e8,01a07757-9e1a-7242-a0e7-66770aa3019c,f,2026-09-06 15:30:25.94797+00
01a07757-9e7a-75d3-aa70-0440d9ae3117,01a07757-90f6-7ca2-9931-c03ede6acaf9,01a07757-930f-7fc0-b97b-6320f0417bb6,01a07757-9e1a-7242-a0e7-6684c4aeca0c,f,2026-09-06 15:30:25.94797+00
01a07757-9e7b-7b22-8263-a0edb500e762,01a07757-90f6-7ca2-9931-c03ede6acaf9,01a07757-930f-7fc0-b97b-634314e52ea8,01a07757-9e1a-7242-a0e7-6684c4aeca0c,f,2026-09-06 15:30:25.94797+00
01a07757-9e7b-7b22-8263-a0f9a80f1be6,01a07757-90f6-7ca2-9931-c03ede6acaf9,01a07757-930f-7fc0-b97b-6320f0417bb6,01a07757-9e1a-7242-a0e7-6684c4aeca0c,f,2026-09-06 15:30:25.94797+00
01a07757-9e7b-7b22-8263-a10813321cd0,01a07757-90f6-7ca2-9931-c03ede6acaf9,01a07757-930f-7fc0-b97b-634314e52ea8,01a07757-9e1a-7242-a0e7-6684c4aeca0c,f,2026-09-06 15:30:25.94797+00
01a07757-9e7c-7841-9191-1ecf059f5e7e,01a07757-90f6-7ca2-9931-c03ede6acaf9,01a07757-930f-7fc0-b97b-6320f0417bb6,01a07757-9e1a-7242-a0e7-6684c4aeca0c,f,2026-09-06 15:30:25.94797+00
01a07757-9e7c-7841-9191-1ed5eb9da9fa,01a07757-90f6-7ca2-9931-c03ede6acaf9,01a07757-930f-7fc0-b97b-634314e52ea8,01a07757-9e1a-7242-a0e7-6684c4aeca0c,f,2026-09-06 15:30:25.94797+00
01a07757-9e7e-7ea0-86f2-5377c2bf21ef,01a07757-90f6-7ca2-9931-c03ede6acaf9,01a07757-930f-7fc0-b97b-63660e758bbe,01a07757-9e1a-7242-a0e7-6694513a068c,f,2026-09-06 15:30:25.94797+00
01a07757-9e7e-7ea0-86f2-5389772c3b3e,01a07757-90f6-7ca2-9931-c03ede6acaf9,01a07757-930f-7fc0-b97b-6388858cb3ad,01a07757-9e1a-7242-a0e7-6694513a068c,f,2026-09-06 15:30:25.94797+00
01a07757-9e7f-7e00-9d07-438ee87183f2,01a07757-90f6-7ca2-9931-c03ede6acaf9,01a07757-930f-7fc0-b97b-63660e758bbe,01a07757-9e1a-7242-a0e7-6694513a068c,f,2026-09-06 15:30:25.94797+00
01a07757-9e7f-7e00-9d07-439a8f806bb2,01a07757-90f6-7ca2-9931-c03ede6acaf9,01a07757-930f-7fc0-b97b-6388858cb3ad,01a07757-9e1a-7242-a0e7-6694513a068c,f,2026-09-06 15:30:25.94797+00
01a07757-9e7f-7e00-9d07-43adeb379119,01a07757-90f6-7ca2-9931-c03ede6acaf9,01a07757-930f-7fc0-b97b-63660e758bbe,01a07757-9e1a-7242-a0e7-6694513a068c,f,2026-09-06 15:30:25.94797+00
01a07757-9e80-70b2-b324-afabd589fde5,01a07757-90f6-7ca2-9931-c03ede6acaf9,01a07757-930f-7fc0-b97b-6388858cb3ad,01a07757-9e1a-7242-a0e7-6694513a068c,f,2026-09-06 15:30:25.94797+00
01a07757-9e81-7b70-b55c-371a2d9ad911,01a07757-90f6-7ca2-9931-c03ede6acaf9,01a07757-930f-7fc0-b97b-63abae623ce8,01a07757-9e1a-7242-a0e7-66a749b60a45,f,2026-09-06 15:30:25.94797+00
01a07757-9e81-7b70-b55c-372a688174f4,01a07757-90f6-7ca2-9931-c03ede6acaf9,01a07757-930f-7fc0-b97b-63c9a6365d08,01a07757-9e1a-7242-a0e7-66a749b60a45,f,2026-09-06 15:30:25.94797+00
01a07757-9e81-7b70-b55c-373f6902afac,01a07757-90f6-7ca2-9931-c03ede6acaf9,01a07757-930f-7fc0-b97b-63abae623ce8,01a07757-9e1a-7242-a0e7-66a749b60a45,f,2026-09-06 15:30:25.94797+00
01a07757-9e82-72b0-bb99-007d7f6d79d7,01a07757-90f6-7ca2-9931-c03ede6acaf9,01a07757-930f-7fc0-b97b-63c9a6365d08,01a07757-9e1a-7242-a0e7-66a749b60a45,f,2026-09-06 15:30:25.94797+00
01a07757-9e82-72b0-bb99-008e417cd86a,01a07757-90f6-7ca2-9931-c03ede6acaf9,01a07757-930f-7fc0-b97b-63abae623ce8,01a07757-9e1a-7242-a0e7-66a749b60a45,f,2026-09-06 15:30:25.94797+00
01a07757-9e82-72b0-bb99-0096f854bf55,01a07757-90f6-7ca2-9931-c03ede6acaf9,01a07757-930f-7fc0-b97b-63c9a6365d08,01a07757-9e1a-7242-a0e7-66a749b60a45,f,2026-09-06 15:30:25.94797+00
01a07757-9e83-7832-962b-2812ac95033f,01a07757-90f6-7ca2-9931-c03ede6acaf9,01a07757-930f-7fc0-b97b-63ea62efbbe4,01a07757-9e1a-7242-a0e7-66bac0cf1bdf,f,2026-09-06 15:30:25.94797+00
01a07757-9e84-7893-b8cd-d3e3fb74665b,01a07757-90f6-7ca2-9931-c03ede6acaf9,01a07757-930f-7fc0-b97b-64041b788970,01a07757-9e1a-7242-a0e7-66bac0cf1bdf,f,2026-09-06 15:30:25.94797+00
01a07757-9e84-7893-b8cd-d3fb8b73074b,01a07757-90f6-7ca2-9931-c03ede6acaf9,01a07757-930f-7fc0-b97b-63ea62efbbe4,01a07757-9e1a-7242-a0e7-66bac0cf1bdf,f,2026-09-06 15:30:25.94797+00
01a07757-9e84-7893-b8cd-d4004a78f807,01a07757-90f6-7ca2-9931-c03ede6acaf9,01a07757-930f-7fc0-b97b-64041b788970,01a07757-9e1a-7242-a0e7-66bac0cf1bdf,f,2026-09-06 15:30:25.94797+00
01a07757-9e84-7893-b8cd-d41b19ae3282,01a07757-90f6-7ca2-9931-c03ede6acaf9,01a07757-930f-7fc0-b97b-63ea62efbbe4,01a07757-9e1a-7242-a0e7-66bac0cf1bdf,f,2026-09-06 15:30:25.94797+00
01a07757-9e85-76f1-a166-fdc3a7c41e80,01a07757-90f6-7ca2-9931-c03ede6acaf9,01a07757-930f-7fc0-b97b-64041b788970,01a07757-9e1a-7242-a0e7-66bac0cf1bdf,f,2026-09-06 15:30:25.94797+00
01a07757-9e85-76f1-a166-fdddb02ae1cd,01a07757-90f6-7ca2-9931-c03ede6acaf9,01a07757-930f-7fc0-b97b-64220fa69571,01a07757-9e1a-7242-a0e7-66c67153cd34,f,2026-09-06 15:30:25.94797+00
01a07757-9e86-7b30-9736-669ade4cb6a3,01a07757-90f6-7ca2-9931-c03ede6acaf9,01a07757-930f-7fc0-b97b-6447b87b23f0,01a07757-9e1a-7242-a0e7-66c67153cd34,f,2026-09-06 15:30:25.94797+00
01a07757-9e86-7b30-9736-66a5eea72f31,01a07757-90f6-7ca2-9931-c03ede6acaf9,01a07757-930f-7fc0-b97b-64220fa69571,01a07757-9e1a-7242-a0e7-66c67153cd34,f,2026-09-06 15:30:25.94797+00
01a07757-9e86-7b30-9736-66b238f720a0,01a07757-90f6-7ca2-9931-c03ede6acaf9,01a07757-930f-7fc0-b97b-6447b87b23f0,01a07757-9e1a-7242-a0e7-66c67153cd34,f,2026-09-06 15:30:25.94797+00
01a07757-9e87-7810-9ac0-e6a46869b49c,01a07757-90f6-7ca2-9931-c03ede6acaf9,01a07757-930f-7fc0-b97b-64220fa69571,01a07757-9e1a-7242-a0e7-66c67153cd34,f,2026-09-06 15:30:25.94797+00
01a07757-9e87-7810-9ac0-e6b96ec6d542,01a07757-90f6-7ca2-9931-c03ede6acaf9,01a07757-930f-7fc0-b97b-6447b87b23f0,01a07757-9e1a-7242-a0e7-66c67153cd34,f,2026-09-06 15:30:25.94797+00
01a07757-9e88-7d90-968a-aeb7d449f860,01a07757-90f6-7ca2-9931-c03ede6acaf9,01a07757-930f-7fc0-b97b-646c8564dd8b,01a07757-9e1a-7242-a0e7-66d0d8cada0f,f,2026-09-06 15:30:25.94797+00
01a07757-9e89-7be3-b7af-850d49f02e26,01a07757-90f6-7ca2-9931-c03ede6acaf9,01a07757-930f-7fc0-b97b-648f3e8bf975,01a07757-9e1a-7242-a0e7-66d0d8cada0f,f,2026-09-06 15:30:25.94797+00
01a07757-9e89-7be3-b7af-8519e9d5b172,01a07757-90f6-7ca2-9931-c03ede6acaf9,01a07757-930f-7fc0-b97b-646c8564dd8b,01a07757-9e1a-7242-a0e7-66d0d8cada0f,f,2026-09-06 15:30:25.94797+00
01a07757-9e89-7be3-b7af-852793c3165d,01a07757-90f6-7ca2-9931-c03ede6acaf9,01a07757-930f-7fc0-b97b-648f3e8bf975,01a07757-9e1a-7242-a0e7-66d0d8cada0f,f,2026-09-06 15:30:25.94797+00
01a07757-9e8a-7a10-ae5c-206c2178a7f1,01a07757-90f6-7ca2-9931-c03ede6acaf9,01a07757-930f-7fc0-b97b-646c8564dd8b,01a07757-9e1a-7242-a0e7-66d0d8cada0f,f,2026-09-06 15:30:25.94797+00
01a07757-9e8a-7a10-ae5c-2071e9a17674,01a07757-90f6-7ca2-9931-c03ede6acaf9,01a07757-930f-7fc0-b97b-648f3e8bf975,01a07757-9e1a-7242-a0e7-66d0d8cada0f,f,2026-09-06 15:30:25.94797+00
01a07757-9e8b-7252-a617-ef304852b5d8,01a07757-90f6-7ca2-9931-c03ede6acaf9,01a07757-930f-7fc0-b97b-64a033f5f329,01a07757-9e1a-7242-a0e7-66e593b5255b,f,2026-09-06 15:30:25.94797+00
01a07757-9e8c-7ca0-ac32-ebde9383ff72,01a07757-90f6-7ca2-9931-c03ede6acaf9,01a07757-930f-7fc0-b97b-64c0233baa96,01a07757-9e1a-7242-a0e7-66e593b5255b,f,2026-09-06 15:30:25.94797+00
01a07757-9e8c-7ca0-ac32-ebec243b2060,01a07757-90f6-7ca2-9931-c03ede6acaf9,01a07757-930f-7fc0-b97b-64a033f5f329,01a07757-9e1a-7242-a0e7-66e593b5255b,f,2026-09-06 15:30:25.94797+00
01a07757-9e8c-7ca0-ac32-ebf780a557e1,01a07757-90f6-7ca2-9931-c03ede6acaf9,01a07757-930f-7fc0-b97b-64c0233baa96,01a07757-9e1a-7242-a0e7-66e593b5255b,f,2026-09-06 15:30:25.94797+00
01a07757-9e8d-7ad0-bd0f-bdd8dedfc3af,01a07757-90f6-7ca2-9931-c03ede6acaf9,01a07757-930f-7fc0-b97b-64a033f5f329,01a07757-9e1a-7242-a0e7-66e593b5255b,f,2026-09-06 15:30:25.94797+00
01a07757-9e8d-7ad0-bd0f-bde88f81bfe5,01a07757-90f6-7ca2-9931-c03ede6acaf9,01a07757-930f-7fc0-b97b-64c0233baa96,01a07757-9e1a-7242-a0e7-66e593b5255b,f,2026-09-06 15:30:25.94797+00
01a07757-9e8e-7b90-8fb4-ff22b82c2a69,01a07757-90f6-7ca2-9931-c03ede6acaf9,01a07757-930f-7fc0-b97b-64ee6e76487a,01a07757-9e1a-7242-a0e7-66fa437f37db,f,2026-09-06 15:30:25.94797+00
01a07757-9e8e-7b90-8fb4-ff3023e70b9d,01a07757-90f6-7ca2-9931-c03ede6acaf9,01a07757-930f-7fc0-b97b-650bce75d05a,01a07757-9e1a-7242-a0e7-66fa437f37db,f,2026-09-06 15:30:25.94797+00
01a07757-9e8f-77f1-9213-39bfb7e7735a,01a07757-90f6-7ca2-9931-c03ede6acaf9,01a07757-930f-7fc0-b97b-64ee6e76487a,01a07757-9e1a-7242-a0e7-66fa437f37db,f,2026-09-06 15:30:25.94797+00
01a07757-9e8f-77f1-9213-39c0e554fa53,01a07757-90f6-7ca2-9931-c03ede6acaf9,01a07757-930f-7fc0-b97b-650bce75d05a,01a07757-9e1a-7242-a0e7-66fa437f37db,f,2026-09-06 15:30:25.94797+00
01a07757-9e8f-77f1-9213-39d14767191f,01a07757-90f6-7ca2-9931-c03ede6acaf9,01a07757-930f-7fc0-b97b-64ee6e76487a,01a07757-9e1a-7242-a0e7-66fa437f37db,f,2026-09-06 15:30:25.94797+00
01a07757-9e8f-77f1-9213-39e43557b83e,01a07757-90f6-7ca2-9931-c03ede6acaf9,01a07757-930f-7fc0-b97b-650bce75d05a,01a07757-9e1a-7242-a0e7-66fa437f37db,f,2026-09-06 15:30:25.94797+00
01a07757-9e92-7e42-b70c-85a0a94e10ad,01a07757-90f6-7ca2-9931-c03ede6acaf9,01a07757-930f-7fc0-b97b-652036857714,01a07757-9e1a-7242-a0e7-67005172ec0c,f,2026-09-06 15:30:25.94797+00
01a07757-9e92-7e42-b70c-85b9dfc29409,01a07757-90f6-7ca2-9931-c03ede6acaf9,01a07757-930f-7fc0-b97b-654beca06db8,01a07757-9e1a-7242-a0e7-67005172ec0c,f,2026-09-06 15:30:25.94797+00
01a07757-9e92-7e42-b70c-85c6b00aee76,01a07757-90f6-7ca2-9931-c03ede6acaf9,01a07757-930f-7fc0-b97b-652036857714,01a07757-9e1a-7242-a0e7-67005172ec0c,f,2026-09-06 15:30:25.94797+00
01a07757-9e93-7861-8754-08502efd7b61,01a07757-90f6-7ca2-9931-c03ede6acaf9,01a07757-930f-7fc0-b97b-654beca06db8,01a07757-9e1a-7242-a0e7-67005172ec0c,f,2026-09-06 15:30:25.94797+00
01a07757-9e93-7861-8754-0868fa5af4a5,01a07757-90f6-7ca2-9931-c03ede6acaf9,01a07757-930f-7fc0-b97b-652036857714,01a07757-9e1a-7242-a0e7-67005172ec0c,f,2026-09-06 15:30:25.94797+00
01a07757-9e93-7861-8754-087a0b74c0f5,01a07757-90f6-7ca2-9931-c03ede6acaf9,01a07757-930f-7fc0-b97b-654beca06db8,01a07757-9e1a-7242-a0e7-67005172ec0c,f,2026-09-06 15:30:25.94797+00
01a07757-9e94-79b2-8091-b96890e4ce31,01a07757-90f6-7ca2-9931-c03ede6acaf9,01a07757-930f-7fc0-b97b-656afca1804d,01a07757-9e1a-7242-a0e7-671c449eba5b,f,2026-09-06 15:30:25.94797+00
01a07757-9e95-73b0-b759-7c2f441b125d,01a07757-90f6-7ca2-9931-c03ede6acaf9,01a07757-930f-7fc0-b97b-65827166d8a8,01a07757-9e1a-7242-a0e7-671c449eba5b,f,2026-09-06 15:30:25.94797+00
01a07757-9e95-73b0-b759-7c34e2fc679c,01a07757-90f6-7ca2-9931-c03ede6acaf9,01a07757-930f-7fc0-b97b-656afca1804d,01a07757-9e1a-7242-a0e7-671c449eba5b,f,2026-09-06 15:30:25.94797+00
01a07757-9e95-73b0-b759-7c431f7364f2,01a07757-90f6-7ca2-9931-c03ede6acaf9,01a07757-930f-7fc0-b97b-65827166d8a8,01a07757-9e1a-7242-a0e7-671c449eba5b,f,2026-09-06 15:30:25.94797+00
01a07757-9e96-70d3-809d-6ca5e2047d07,01a07757-90f6-7ca2-9931-c03ede6acaf9,01a07757-930f-7fc0-b97b-656afca1804d,01a07757-9e1a-7242-a0e7-671c449eba5b,f,2026-09-06 15:30:25.94797+00
01a07757-9e96-70d3-809d-6cb265cbb933,01a07757-90f6-7ca2-9931-c03ede6acaf9,01a07757-930f-7fc0-b97b-65827166d8a8,01a07757-9e1a-7242-a0e7-671c449eba5b,f,2026-09-06 15:30:25.94797+00
01a07757-9e97-79a0-85da-1cb937d16834,01a07757-90f6-7ca2-9931-c03ede6acaf9,01a07757-930f-7fc0-b97b-65a769623137,01a07757-9e1a-7242-a0e7-67250f953331,f,2026-09-06 15:30:25.94797+00
01a07757-9e98-7af3-89b6-a41ea0f6fa3d,01a07757-90f6-7ca2-9931-c03ede6acaf9,01a07757-930f-7fc0-b97b-65c4c47b8e76,01a07757-9e1a-7242-a0e7-67250f953331,f,2026-09-06 15:30:25.94797+00
01a07757-9e98-7af3-89b6-a4245120ccbd,01a07757-90f6-7ca2-9931-c03ede6acaf9,01a07757-930f-7fc0-b97b-65a769623137,01a07757-9e1a-7242-a0e7-67250f953331,f,2026-09-06 15:30:25.94797+00
01a07757-9e98-7af3-89b6-a4310be6a8fa,01a07757-90f6-7ca2-9931-c03ede6acaf9,01a07757-930f-7fc0-b97b-65c4c47b8e76,01a07757-9e1a-7242-a0e7-67250f953331,f,2026-09-06 15:30:25.94797+00
01a07757-9e98-7af3-89b6-a448541659ff,01a07757-90f6-7ca2-9931-c03ede6acaf9,01a07757-930f-7fc0-b97b-65a769623137,01a07757-9e1a-7242-a0e7-67250f953331,f,2026-09-06 15:30:25.94797+00
01a07757-9e99-7b50-b0c4-a81f1c6a899e,01a07757-90f6-7ca2-9931-c03ede6acaf9,01a07757-930f-7fc0-b97b-65c4c47b8e76,01a07757-9e1a-7242-a0e7-67250f953331,f,2026-09-06 15:30:25.94797+00
01a07757-9e9a-7fb0-b0b8-fbf7904202a6,01a07757-90f6-7ca2-9931-c03ede6acaf9,01a07757-930f-7fc0-b97b-65e8a8d1d802,01a07757-9e1a-7242-a0e7-673ba617770c,f,2026-09-06 15:30:25.94797+00
01a07757-9e9a-7fb0-b0b8-fc0b7d84d028,01a07757-90f6-7ca2-9931-c03ede6acaf9,01a07757-930f-7fc0-b97b-6601137b7cbb,01a07757-9e1a-7242-a0e7-673ba617770c,f,2026-09-06 15:30:25.94797+00
01a07757-9e9a-7fb0-b0b8-fc13ac088877,01a07757-90f6-7ca2-9931-c03ede6acaf9,01a07757-930f-7fc0-b97b-65e8a8d1d802,01a07757-9e1a-7242-a0e7-673ba617770c,f,2026-09-06 15:30:25.94797+00
01a07757-9e9b-7bb2-b7c1-bb35a8d1970b,01a07757-90f6-7ca2-9931-c03ede6acaf9,01a07757-930f-7fc0-b97b-6601137b7cbb,01a07757-9e1a-7242-a0e7-673ba617770c,f,2026-09-06 15:30:25.94797+00
01a07757-9e9b-7bb2-b7c1-bb4d69763ce4,01a07757-90f6-7ca2-9931-c03ede6acaf9,01a07757-930f-7fc0-b97b-65e8a8d1d802,01a07757-9e1a-7242-a0e7-673ba617770c,f,2026-09-06 15:30:25.94797+00
01a07757-9e9b-7bb2-b7c1-bb54229c72be,01a07757-90f6-7ca2-9931-c03ede6acaf9,01a07757-930f-7fc0-b97b-6601137b7cbb,01a07757-9e1a-7242-a0e7-673ba617770c,f,2026-09-06 15:30:25.94797+00
01a07757-9e9c-7583-989b-c7afd09af9eb,01a07757-90f6-7ca2-9931-c03ede6acaf9,01a07757-930f-7fc0-b97b-66293c2fed06,01a07757-9e1a-7242-a0e7-67447c87db18,f,2026-09-06 15:30:25.94797+00
01a07757-9e9d-7f31-b410-c443f74a41ea,01a07757-90f6-7ca2-9931-c03ede6acaf9,01a07757-930f-7fc0-b97b-664605926228,01a07757-9e1a-7242-a0e7-67447c87db18,f,2026-09-06 15:30:25.94797+00
01a07757-9e9d-7f31-b410-c45f5f6dfa3c,01a07757-90f6-7ca2-9931-c03ede6acaf9,01a07757-930f-7fc0-b97b-66293c2fed06,01a07757-9e1a-7242-a0e7-67447c87db18,f,2026-09-06 15:30:25.94797+00
01a07757-9e9d-7f31-b410-c46ecb3bafce,01a07757-90f6-7ca2-9931-c03ede6acaf9,01a07757-930f-7fc0-b97b-664605926228,01a07757-9e1a-7242-a0e7-67447c87db18,f,2026-09-06 15:30:25.94797+00
01a07757-9e9e-7452-8c93-6ece7c279d36,01a07757-90f6-7ca2-9931-c03ede6acaf9,01a07757-930f-7fc0-b97b-66293c2fed06,01a07757-9e1a-7242-a0e7-67447c87db18,f,2026-09-06 15:30:25.94797+00
01a07757-9e9e-7452-8c93-6edbd8bbdcb8,01a07757-90f6-7ca2-9931-c03ede6acaf9,01a07757-930f-7fc0-b97b-664605926228,01a07757-9e1a-7242-a0e7-67447c87db18,f,2026-09-06 15:30:25.94797+00
01a07757-9e9f-7f32-9564-112b37305044,01a07757-90f6-7ca2-9931-c03ede6acaf9,01a07757-930f-7fc0-b97b-6664569a4604,01a07757-9e1a-7242-a0e7-675216cf0e58,f,2026-09-06 15:30:25.94797+00
01a07757-9ea1-7640-bcf0-05aa513a5fa1,01a07757-90f6-7ca2-9931-c03ede6acaf9,01a07757-930f-7fc0-b97b-6681fd156e05,01a07757-9e1a-7242-a0e7-675216cf0e58,f,2026-09-06 15:30:25.94797+00
01a07757-9ea1-7640-bcf0-05be0684a64b,01a07757-90f6-7ca2-9931-c03ede6acaf9,01a07757-930f-7fc0-b97b-6664569a4604,01a07757-9e1a-7242-a0e7-675216cf0e58,f,2026-09-06 15:30:25.94797+00
01a07757-9ea2-7a91-82b7-c942f6ed1a7f,01a07757-90f6-7ca2-9931-c03ede6acaf9,01a07757-930f-7fc0-b97b-6681fd156e05,01a07757-9e1a-7242-a0e7-675216cf0e58,f,2026-09-06 15:30:25.94797+00
01a07757-9ea2-7a91-82b7-c9591dbb6f98,01a07757-90f6-7ca2-9931-c03ede6acaf9,01a07757-930f-7fc0-b97b-6664569a4604,01a07757-9e1a-7242-a0e7-675216cf0e58,f,2026-09-06 15:30:25.94797+00
01a07757-9ea2-7a91-82b7-c969e1e32241,01a07757-90f6-7ca2-9931-c03ede6acaf9,01a07757-930f-7fc0-b97b-6681fd156e05,01a07757-9e1a-7242-a0e7-675216cf0e58,f,2026-09-06 15:30:25.94797+00
01a07757-9ea3-7532-8fb2-0f2546a0625d,01a07757-90f6-7ca2-9931-c03ede6acaf9,01a07757-930f-7fc0-b97b-66a971d61035,01a07757-9e1a-7242-a0e7-676494aec283,f,2026-09-06 15:30:25.94797+00
01a07757-9ea4-7d72-b7ec-534f8f8fca3b,01a07757-90f6-7ca2-9931-c03ede6acaf9,01a07757-930f-7fc0-b97b-66c43f9dccc8,01a07757-9e1a-7242-a0e7-676494aec283,f,2026-09-06 15:30:25.94797+00
01a07757-9ea4-7d72-b7ec-535e30c0e940,01a07757-90f6-7ca2-9931-c03ede6acaf9,01a07757-930f-7fc0-b97b-66a971d61035,01a07757-9e1a-7242-a0e7-676494aec283,f,2026-09-06 15:30:25.94797+00
01a07757-9ea4-7d72-b7ec-53637268e094,01a07757-90f6-7ca2-9931-c03ede6acaf9,01a07757-930f-7fc0-b97b-66c43f9dccc8,01a07757-9e1a-7242-a0e7-676494aec283,f,2026-09-06 15:30:25.94797+00
01a07757-9ea4-7d72-b7ec-537bc8cd3e7b,01a07757-90f6-7ca2-9931-c03ede6acaf9,01a07757-930f-7fc0-b97b-66a971d61035,01a07757-9e1a-7242-a0e7-676494aec283,f,2026-09-06 15:30:25.94797+00
01a07757-9ea5-7a41-a133-355501c07568,01a07757-90f6-7ca2-9931-c03ede6acaf9,01a07757-930f-7fc0-b97b-66c43f9dccc8,01a07757-9e1a-7242-a0e7-676494aec283,f,2026-09-06 15:30:25.94797+00
01a07757-9ea6-7393-b820-e12e30aa20bb,01a07757-90f6-7ca2-9931-c03ede6acaf9,01a07757-930f-7fc0-b97b-66e116f4af6e,01a07757-9e1a-7242-a0e7-6775ab994a37,f,2026-09-06 15:30:25.94797+00
01a07757-9ea6-7393-b820-e139d149f5a3,01a07757-90f6-7ca2-9931-c03ede6acaf9,01a07757-9310-7272-93cd-352bf1d47e68,01a07757-9e1a-7242-a0e7-6775ab994a37,f,2026-09-06 15:30:25.94797+00
01a07757-9ea6-7393-b820-e140147a25ad,01a07757-90f6-7ca2-9931-c03ede6acaf9,01a07757-930f-7fc0-b97b-66e116f4af6e,01a07757-9e1a-7242-a0e7-6775ab994a37,f,2026-09-06 15:30:25.94797+00
01a07757-9ea7-7c70-8ef4-1fc7ae29c986,01a07757-90f6-7ca2-9931-c03ede6acaf9,01a07757-9310-7272-93cd-352bf1d47e68,01a07757-9e1a-7242-a0e7-6775ab994a37,f,2026-09-06 15:30:25.94797+00
01a07757-9ea7-7c70-8ef4-1fd0c6a172ad,01a07757-90f6-7ca2-9931-c03ede6acaf9,01a07757-930f-7fc0-b97b-66e116f4af6e,01a07757-9e1a-7242-a0e7-6775ab994a37,f,2026-09-06 15:30:25.94797+00
01a07757-9ea7-7c70-8ef4-1fe437a37227,01a07757-90f6-7ca2-9931-c03ede6acaf9,01a07757-9310-7272-93cd-352bf1d47e68,01a07757-9e1a-7242-a0e7-6775ab994a37,f,2026-09-06 15:30:25.94797+00
01a07757-9ea8-7860-a2d4-bde992a76ed4,01a07757-90f6-7ca2-9931-c03ede6acaf9,01a07757-9310-7272-93cd-3547905bde62,01a07757-9e1a-7242-a0e7-67859bc6dfa0,f,2026-09-06 15:30:25.94797+00
01a07757-9ea9-7c91-aca1-c7cc15239135,01a07757-90f6-7ca2-9931-c03ede6acaf9,01a07757-9310-7272-93cd-356d16d777e7,01a07757-9e1a-7242-a0e7-67859bc6dfa0,f,2026-09-06 15:30:25.94797+00
01a07757-9ea9-7c91-aca1-c7de45635298,01a07757-90f6-7ca2-9931-c03ede6acaf9,01a07757-9310-7272-93cd-3547905bde62,01a07757-9e1a-7242-a0e7-67859bc6dfa0,f,2026-09-06 15:30:25.94797+00
01a07757-9ea9-7c91-aca1-c7e9d972a29e,01a07757-90f6-7ca2-9931-c03ede6acaf9,01a07757-9310-7272-93cd-356d16d777e7,01a07757-9e1a-7242-a0e7-67859bc6dfa0,f,2026-09-06 15:30:25.94797+00
01a07757-9ea9-7c91-aca1-c7fad67aa0c1,01a07757-90f6-7ca2-9931-c03ede6acaf9,01a07757-9310-7272-93cd-3547905bde62,01a07757-9e1a-7242-a0e7-67859bc6dfa0,f,2026-09-06 15:30:25.94797+00
01a07757-9eaa-7f51-8da5-3be9cb54eca1,01a07757-90f6-7ca2-9931-c03ede6acaf9,01a07757-9310-7272-93cd-356d16d777e7,01a07757-9e1a-7242-a0e7-67859bc6dfa0,f,2026-09-06 15:30:25.94797+00
01a07757-9eab-70e0-a8ca-505fb763cd0c,01a07757-90f6-7ca2-9931-c03ede6acaf9,01a07757-9310-7272-93cd-358e0cfd802e,01a07757-9e1a-7242-a0e7-679a85dcd3c0,f,2026-09-06 15:30:25.94797+00
01a07757-9eab-70e0-a8ca-506113a5b891,01a07757-90f6-7ca2-9931-c03ede6acaf9,01a07757-9310-7272-93cd-35a788bc3f62,01a07757-9e1a-7242-a0e7-679a85dcd3c0,f,2026-09-06 15:30:25.94797+00
01a07757-9eab-70e0-a8ca-507bd836b11c,01a07757-90f6-7ca2-9931-c03ede6acaf9,01a07757-9310-7272-93cd-358e0cfd802e,01a07757-9e1a-7242-a0e7-679a85dcd3c0,f,2026-09-06 15:30:25.94797+00
01a07757-9eab-70e0-a8ca-50810dac4426,01a07757-90f6-7ca2-9931-c03ede6acaf9,01a07757-9310-7272-93cd-35a788bc3f62,01a07757-9e1a-7242-a0e7-679a85dcd3c0,f,2026-09-06 15:30:25.94797+00
01a07757-9eac-7561-a952-42b6ab545db4,01a07757-90f6-7ca2-9931-c03ede6acaf9,01a07757-9310-7272-93cd-358e0cfd802e,01a07757-9e1a-7242-a0e7-679a85dcd3c0,f,2026-09-06 15:30:25.94797+00
01a07757-9eac-7561-a952-42ccb359133b,01a07757-90f6-7ca2-9931-c03ede6acaf9,01a07757-9310-7272-93cd-35a788bc3f62,01a07757-9e1a-7242-a0e7-679a85dcd3c0,f,2026-09-06 15:30:25.94797+00
01a07757-9ead-7971-8b7c-983ee6ca9710,01a07757-90f6-7ca2-9931-c03ede6acaf9,01a07757-9310-7272-93cd-35c7b1486fc2,01a07757-9e1b-7fe3-9b11-9da8e4a07cd1,f,2026-09-06 15:30:25.94797+00
01a07757-9ead-7971-8b7c-9841d05699a1,01a07757-90f6-7ca2-9931-c03ede6acaf9,01a07757-9310-7272-93cd-35ef2830966b,01a07757-9e1b-7fe3-9b11-9da8e4a07cd1,f,2026-09-06 15:30:25.94797+00
01a07757-9eae-7da0-bf59-f83c134ab371,01a07757-90f6-7ca2-9931-c03ede6acaf9,01a07757-9310-7272-93cd-35c7b1486fc2,01a07757-9e1b-7fe3-9b11-9da8e4a07cd1,f,2026-09-06 15:30:25.94797+00
01a07757-9eae-7da0-bf59-f841adfcd0e2,01a07757-90f6-7ca2-9931-c03ede6acaf9,01a07757-9310-7272-93cd-35ef2830966b,01a07757-9e1b-7fe3-9b11-9da8e4a07cd1,f,2026-09-06 15:30:25.94797+00
01a07757-9eae-7da0-bf59-f85dee10f03b,01a07757-90f6-7ca2-9931-c03ede6acaf9,01a07757-9310-7272-93cd-35c7b1486fc2,01a07757-9e1b-7fe3-9b11-9da8e4a07cd1,f,2026-09-06 15:30:25.94797+00
01a07757-9eae-7da0-bf59-f8637f83373a,01a07757-90f6-7ca2-9931-c03ede6acaf9,01a07757-9310-7272-93cd-35ef2830966b,01a07757-9e1b-7fe3-9b11-9da8e4a07cd1,f,2026-09-06 15:30:25.94797+00
01a07757-9eb0-7670-85f2-b537b2f8e151,01a07757-90f6-7ca2-9931-c03ede6acaf9,01a07757-9310-7272-93cd-36065b5313fc,01a07757-9e1b-7fe3-9b11-9dbc52a4a041,f,2026-09-06 15:30:25.94797+00
01a07757-9eb0-7670-85f2-b5486eac4802,01a07757-90f6-7ca2-9931-c03ede6acaf9,01a07757-9310-7272-93cd-3620774d1140,01a07757-9e1b-7fe3-9b11-9dbc52a4a041,f,2026-09-06 15:30:25.94797+00
01a07757-9eb0-7670-85f2-b55fe8a01ce7,01a07757-90f6-7ca2-9931-c03ede6acaf9,01a07757-9310-7272-93cd-36065b5313fc,01a07757-9e1b-7fe3-9b11-9dbc52a4a041,f,2026-09-06 15:30:25.94797+00
01a07757-9eb1-7903-8125-590d0bc95bb2,01a07757-90f6-7ca2-9931-c03ede6acaf9,01a07757-9310-7272-93cd-3620774d1140,01a07757-9e1b-7fe3-9b11-9dbc52a4a041,f,2026-09-06 15:30:25.94797+00
01a07757-9eb1-7903-8125-591eadab3629,01a07757-90f6-7ca2-9931-c03ede6acaf9,01a07757-9310-7272-93cd-36065b5313fc,01a07757-9e1b-7fe3-9b11-9dbc52a4a041,f,2026-09-06 15:30:25.94797+00
01a07757-9eb1-7903-8125-592f9fac90d6,01a07757-90f6-7ca2-9931-c03ede6acaf9,01a07757-9310-7272-93cd-3620774d1140,01a07757-9e1b-7fe3-9b11-9dbc52a4a041,f,2026-09-06 15:30:25.94797+00
01a07757-9eb3-7362-a47d-664b03041037,01a07757-90f6-7ca2-9931-c03ede6acaf9,01a07757-9310-7272-93cd-3644cd4a9657,01a07757-9e1b-7fe3-9b11-9dc2fa1dac6f,f,2026-09-06 15:30:25.94797+00
01a07757-9eb5-7a50-aefa-35e5e4f3cd1c,01a07757-90f6-7ca2-9931-c03ede6acaf9,01a07757-9310-7272-93cd-366ff3ae26df,01a07757-9e1b-7fe3-9b11-9dc2fa1dac6f,f,2026-09-06 15:30:25.94797+00
01a07757-9eb5-7a50-aefa-35f989f7674d,01a07757-90f6-7ca2-9931-c03ede6acaf9,01a07757-9310-7272-93cd-3644cd4a9657,01a07757-9e1b-7fe3-9b11-9dc2fa1dac6f,f,2026-09-06 15:30:25.94797+00
01a07757-9eb5-7a50-aefa-3600b9f49d8c,01a07757-90f6-7ca2-9931-c03ede6acaf9,01a07757-9310-7272-93cd-366ff3ae26df,01a07757-9e1b-7fe3-9b11-9dc2fa1dac6f,f,2026-09-06 15:30:25.94797+00
01a07757-9eb5-7a50-aefa-36120ab38d7f,01a07757-90f6-7ca2-9931-c03ede6acaf9,01a07757-9310-7272-93cd-3644cd4a9657,01a07757-9e1b-7fe3-9b11-9dc2fa1dac6f,f,2026-09-06 15:30:25.94797+00
01a07757-9eb6-7212-b652-98c74efa7b1e,01a07757-90f6-7ca2-9931-c03ede6acaf9,01a07757-9310-7272-93cd-366ff3ae26df,01a07757-9e1b-7fe3-9b11-9dc2fa1dac6f,f,2026-09-06 15:30:25.94797+00
01a07757-9eb7-7310-ac94-47280ea96569,01a07757-90f6-7ca2-9931-c03ede6acaf9,01a07757-9310-7272-93cd-36882a009ff3,01a07757-9e1b-7fe3-9b11-9dda88fa2c57,f,2026-09-06 15:30:25.94797+00
01a07757-9eb8-7f10-a5b5-41ee09e828f1,01a07757-90f6-7ca2-9931-c03ede6acaf9,01a07757-9310-7272-93cd-36ac85d423c8,01a07757-9e1b-7fe3-9b11-9dda88fa2c57,f,2026-09-06 15:30:25.94797+00
01a07757-9eb8-7f10-a5b5-41feff9c8d63,01a07757-90f6-7ca2-9931-c03ede6acaf9,01a07757-9310-7272-93cd-36882a009ff3,01a07757-9e1b-7fe3-9b11-9dda88fa2c57,f,2026-09-06 15:30:25.94797+00
01a07757-9eb8-7f10-a5b5-42079f0cdbe9,01a07757-90f6-7ca2-9931-c03ede6acaf9,01a07757-9310-7272-93cd-36ac85d423c8,01a07757-9e1b-7fe3-9b11-9dda88fa2c57,f,2026-09-06 15:30:25.94797+00
01a07757-9eb8-7f10-a5b5-421d73a71ea9,01a07757-90f6-7ca2-9931-c03ede6acaf9,01a07757-9310-7272-93cd-36882a009ff3,01a07757-9e1b-7fe3-9b11-9dda88fa2c57,f,2026-09-06 15:30:25.94797+00
01a07757-9eb9-77c2-8041-96da109306cd,01a07757-90f6-7ca2-9931-c03ede6acaf9,01a07757-9310-7272-93cd-36ac85d423c8,01a07757-9e1b-7fe3-9b11-9dda88fa2c57,f,2026-09-06 15:30:25.94797+00
01a07757-9eba-7770-9afe-0c488f90dcfe,01a07757-90f6-7ca2-9931-c03ede6acaf9,01a07757-9310-7272-93cd-36cdc4cec812,01a07757-9e1b-7fe3-9b11-9dedbf2429aa,f,2026-09-06 15:30:25.94797+00
01a07757-9eba-7770-9afe-0c5f0553afb8,01a07757-90f6-7ca2-9931-c03ede6acaf9,01a07757-9310-7272-93cd-36ef07741daa,01a07757-9e1b-7fe3-9b11-9dedbf2429aa,f,2026-09-06 15:30:25.94797+00
01a07757-9ebb-7720-bcb3-48be67e7b118,01a07757-90f6-7ca2-9931-c03ede6acaf9,01a07757-9310-7272-93cd-36cdc4cec812,01a07757-9e1b-7fe3-9b11-9dedbf2429aa,f,2026-09-06 15:30:25.94797+00
01a07757-9ebb-7720-bcb3-48c5d0eca245,01a07757-90f6-7ca2-9931-c03ede6acaf9,01a07757-9310-7272-93cd-36ef07741daa,01a07757-9e1b-7fe3-9b11-9dedbf2429aa,f,2026-09-06 15:30:25.94797+00
01a07757-9ebb-7720-bcb3-48dfd7fef781,01a07757-90f6-7ca2-9931-c03ede6acaf9,01a07757-9310-7272-93cd-36cdc4cec812,01a07757-9e1b-7fe3-9b11-9dedbf2429aa,f,2026-09-06 15:30:25.94797+00
01a07757-9ebb-7720-bcb3-48e238eaac04,01a07757-90f6-7ca2-9931-c03ede6acaf9,01a07757-9310-7272-93cd-36ef07741daa,01a07757-9e1b-7fe3-9b11-9dedbf2429aa,f,2026-09-06 15:30:25.94797+00
01a07757-9ebd-7892-a1c2-e7c442a7561c,01a07757-90f6-7ca2-9931-c03ede6acaf9,01a07757-9310-7272-93cd-3704a9bfdb58,01a07757-9e1b-7fe3-9b11-9dfe9aec7c0c,f,2026-09-06 15:30:25.94797+00
01a07757-9ebd-7892-a1c2-e7df72532d8f,01a07757-90f6-7ca2-9931-c03ede6acaf9,01a07757-9310-7272-93cd-372c7f735cd1,01a07757-9e1b-7fe3-9b11-9dfe9aec7c0c,f,2026-09-06 15:30:25.94797+00
01a07757-9ebe-76c2-95c5-d848cfa7afa9,01a07757-90f6-7ca2-9931-c03ede6acaf9,01a07757-9310-7272-93cd-3704a9bfdb58,01a07757-9e1b-7fe3-9b11-9dfe9aec7c0c,f,2026-09-06 15:30:25.94797+00
01a07757-9ebe-76c2-95c5-d85739a1ca41,01a07757-90f6-7ca2-9931-c03ede6acaf9,01a07757-9310-7272-93cd-372c7f735cd1,01a07757-9e1b-7fe3-9b11-9dfe9aec7c0c,f,2026-09-06 15:30:25.94797+00
01a07757-9ebe-76c2-95c5-d86a4beb4e8c,01a07757-90f6-7ca2-9931-c03ede6acaf9,01a07757-9310-7272-93cd-3704a9bfdb58,01a07757-9e1b-7fe3-9b11-9dfe9aec7c0c,f,2026-09-06 15:30:25.94797+00
01a07757-9ebe-76c2-95c5-d87e09efa1aa,01a07757-90f6-7ca2-9931-c03ede6acaf9,01a07757-9310-7272-93cd-372c7f735cd1,01a07757-9e1b-7fe3-9b11-9dfe9aec7c0c,f,2026-09-06 15:30:25.94797+00
01a07757-9ebf-7671-a979-188a0a700369,01a07757-90f6-7ca2-9931-c03ede6acaf9,01a07757-9310-7272-93cd-3744ee34b61a,01a07757-9e1b-7fe3-9b11-9e03bc51d316,f,2026-09-06 15:30:25.94797+00
01a07757-9ec0-7bc1-970d-e6c59473238e,01a07757-90f6-7ca2-9931-c03ede6acaf9,01a07757-9310-7272-93cd-376812a510bf,01a07757-9e1b-7fe3-9b11-9e03bc51d316,f,2026-09-06 15:30:25.94797+00
01a07757-9ec0-7bc1-970d-e6d34fa9a841,01a07757-90f6-7ca2-9931-c03ede6acaf9,01a07757-9310-7272-93cd-3744ee34b61a,01a07757-9e1b-7fe3-9b11-9e03bc51d316,f,2026-09-06 15:30:25.94797+00
01a07757-9ec0-7bc1-970d-e6ec520f4bba,01a07757-90f6-7ca2-9931-c03ede6acaf9,01a07757-9310-7272-93cd-376812a510bf,01a07757-9e1b-7fe3-9b11-9e03bc51d316,f,2026-09-06 15:30:25.94797+00
01a07757-9ec1-72f3-b7fb-adef5f0c13e4,01a07757-90f6-7ca2-9931-c03ede6acaf9,01a07757-9310-7272-93cd-3744ee34b61a,01a07757-9e1b-7fe3-9b11-9e03bc51d316,f,2026-09-06 15:30:25.94797+00
01a07757-9ec1-72f3-b7fb-adfc140b49b9,01a07757-90f6-7ca2-9931-c03ede6acaf9,01a07757-9310-7272-93cd-376812a510bf,01a07757-9e1b-7fe3-9b11-9e03bc51d316,f,2026-09-06 15:30:25.94797+00
01a07757-9ec2-7d81-bbe2-ed802df16975,01a07757-90f6-7ca2-9931-c03ede6acaf9,01a07757-9310-7272-93cd-378bfb6bceea,01a07757-9e1b-7fe3-9b11-9e1a801accba,f,2026-09-06 15:30:25.94797+00
01a07757-9ec3-72e3-a3bb-f7acb5208915,01a07757-90f6-7ca2-9931-c03ede6acaf9,01a07757-9310-7272-93cd-37aa1d7a201c,01a07757-9e1b-7fe3-9b11-9e1a801accba,f,2026-09-06 15:30:25.94797+00
01a07757-9ec3-72e3-a3bb-f7bff084f299,01a07757-90f6-7ca2-9931-c03ede6acaf9,01a07757-9310-7272-93cd-378bfb6bceea,01a07757-9e1b-7fe3-9b11-9e1a801accba,f,2026-09-06 15:30:25.94797+00
01a07757-9ec3-72e3-a3bb-f7c1aaa8dd4a,01a07757-90f6-7ca2-9931-c03ede6acaf9,01a07757-9310-7272-93cd-37aa1d7a201c,01a07757-9e1b-7fe3-9b11-9e1a801accba,f,2026-09-06 15:30:25.94797+00
01a07757-9ec4-7a40-bbc4-95354b6655d2,01a07757-90f6-7ca2-9931-c03ede6acaf9,01a07757-9310-7272-93cd-378bfb6bceea,01a07757-9e1b-7fe3-9b11-9e1a801accba,f,2026-09-06 15:30:25.94797+00
01a07757-9ec4-7a40-bbc4-954adce8cc6c,01a07757-90f6-7ca2-9931-c03ede6acaf9,01a07757-9310-7272-93cd-37aa1d7a201c,01a07757-9e1b-7fe3-9b11-9e1a801accba,f,2026-09-06 15:30:25.94797+00
01a07757-9ec5-7b20-b10e-b8fe6a5db87d,01a07757-90f6-7ca2-9931-c03ede6acaf9,01a07757-9310-7272-93cd-37ca457c909d,01a07757-9e1b-7fe3-9b11-9e210d040f87,f,2026-09-06 15:30:25.94797+00
01a07757-9ec5-7b20-b10e-b90017d66f96,01a07757-90f6-7ca2-9931-c03ede6acaf9,01a07757-9310-7272-93cd-37e0f54fdf9c,01a07757-9e1b-7fe3-9b11-9e210d040f87,f,2026-09-06 15:30:25.94797+00
01a07757-9ec5-7b20-b10e-b912d1e23340,01a07757-90f6-7ca2-9931-c03ede6acaf9,01a07757-9310-7272-93cd-37ca457c909d,01a07757-9e1b-7fe3-9b11-9e210d040f87,f,2026-09-06 15:30:25.94797+00
01a07757-9ec5-7b20-b10e-b922ba785d51,01a07757-90f6-7ca2-9931-c03ede6acaf9,01a07757-9310-7272-93cd-37e0f54fdf9c,01a07757-9e1b-7fe3-9b11-9e210d040f87,f,2026-09-06 15:30:25.94797+00
01a07757-9ec6-7c81-ab4b-73c8c876d72d,01a07757-90f6-7ca2-9931-c03ede6acaf9,01a07757-9310-7272-93cd-37ca457c909d,01a07757-9e1b-7fe3-9b11-9e210d040f87,f,2026-09-06 15:30:25.94797+00
01a07757-9ec6-7c81-ab4b-73dc32f3bdab,01a07757-90f6-7ca2-9931-c03ede6acaf9,01a07757-9310-7272-93cd-37e0f54fdf9c,01a07757-9e1b-7fe3-9b11-9e210d040f87,f,2026-09-06 15:30:25.94797+00
01a07757-9ec7-7e61-b89e-27b6c5fe0e0a,01a07757-90f6-7ca2-9931-c03ede6acaf9,01a07757-9310-7272-93cd-38058bebd630,01a07757-9e1b-7fe3-9b11-9e39bea72aa4,f,2026-09-06 15:30:25.94797+00
01a07757-9ec7-7e61-b89e-27c642546d7e,01a07757-90f6-7ca2-9931-c03ede6acaf9,01a07757-9310-7272-93cd-382ff7db0cd5,01a07757-9e1b-7fe3-9b11-9e39bea72aa4,f,2026-09-06 15:30:25.94797+00
01a07757-9ec7-7e61-b89e-27d23c851944,01a07757-90f6-7ca2-9931-c03ede6acaf9,01a07757-9310-7272-93cd-38058bebd630,01a07757-9e1b-7fe3-9b11-9e39bea72aa4,f,2026-09-06 15:30:25.94797+00
01a07757-9ec8-7093-86b1-ce194829b571,01a07757-90f6-7ca2-9931-c03ede6acaf9,01a07757-9310-7272-93cd-382ff7db0cd5,01a07757-9e1b-7fe3-9b11-9e39bea72aa4,f,2026-09-06 15:30:25.94797+00
01a07757-9ec8-7093-86b1-ce224d3fb585,01a07757-90f6-7ca2-9931-c03ede6acaf9,01a07757-9310-7272-93cd-38058bebd630,01a07757-9e1b-7fe3-9b11-9e39bea72aa4,f,2026-09-06 15:30:25.94797+00
01a07757-9ec8-7093-86b1-ce30eab89372,01a07757-90f6-7ca2-9931-c03ede6acaf9,01a07757-9310-7272-93cd-382ff7db0cd5,01a07757-9e1b-7fe3-9b11-9e39bea72aa4,f,2026-09-06 15:30:25.94797+00
01a07757-9ec9-77b1-84c0-d947b02fc003,01a07757-90f6-7ca2-9931-c03ede6acaf9,01a07757-9310-7272-93cd-384dab5ed3a3,01a07757-9e1b-7fe3-9b11-9e4f3b702234,f,2026-09-06 15:30:25.94797+00
01a07757-9ec9-77b1-84c0-d95fc3b2729e,01a07757-90f6-7ca2-9931-c03ede6acaf9,01a07757-9310-7272-93cd-3863b9492a97,01a07757-9e1b-7fe3-9b11-9e4f3b702234,f,2026-09-06 15:30:25.94797+00
01a07757-9eca-7a31-9246-b35e096fc7e9,01a07757-90f6-7ca2-9931-c03ede6acaf9,01a07757-9310-7272-93cd-384dab5ed3a3,01a07757-9e1b-7fe3-9b11-9e4f3b702234,f,2026-09-06 15:30:25.94797+00
01a07757-9ecb-7293-826f-d7b96f90cb4a,01a07757-90f6-7ca2-9931-c03ede6acaf9,01a07757-9310-7272-93cd-3863b9492a97,01a07757-9e1b-7fe3-9b11-9e4f3b702234,f,2026-09-06 15:30:25.94797+00
01a07757-9ecd-7fa1-8884-de6f5e60dd13,01a07757-90f6-7ca2-9931-c03ede6acaf9,01a07757-9310-7272-93cd-384dab5ed3a3,01a07757-9e1b-7fe3-9b11-9e4f3b702234,f,2026-09-06 15:30:25.94797+00
01a07757-9ece-7b80-9915-cebab66c043a,01a07757-90f6-7ca2-9931-c03ede6acaf9,01a07757-9310-7272-93cd-3863b9492a97,01a07757-9e1b-7fe3-9b11-9e4f3b702234,f,2026-09-06 15:30:25.94797+00
01a07757-9ed0-7cd2-82ca-811f54cf7280,01a07757-90f6-7ca2-9931-c03ede6acaf9,01a07757-9310-7272-93cd-3881c526c235,01a07757-9e1b-7fe3-9b11-9e5c9d1fb432,f,2026-09-06 15:30:25.94797+00
01a07757-9ed0-7cd2-82ca-812a8551b94b,01a07757-90f6-7ca2-9931-c03ede6acaf9,01a07757-9310-7272-93cd-38abdcdd56d6,01a07757-9e1b-7fe3-9b11-9e5c9d1fb432,f,2026-09-06 15:30:25.94797+00
01a07757-9ed1-7612-b4c6-20f3ed41bd4b,01a07757-90f6-7ca2-9931-c03ede6acaf9,01a07757-9310-7272-93cd-3881c526c235,01a07757-9e1b-7fe3-9b11-9e5c9d1fb432,f,2026-09-06 15:30:25.94797+00
01a07757-9ed1-7612-b4c6-2106e6aff468,01a07757-90f6-7ca2-9931-c03ede6acaf9,01a07757-9310-7272-93cd-38abdcdd56d6,01a07757-9e1b-7fe3-9b11-9e5c9d1fb432,f,2026-09-06 15:30:25.94797+00
01a07757-9ed1-7612-b4c6-211cda602896,01a07757-90f6-7ca2-9931-c03ede6acaf9,01a07757-9310-7272-93cd-3881c526c235,01a07757-9e1b-7fe3-9b11-9e5c9d1fb432,f,2026-09-06 15:30:25.94797+00
01a07757-9ed2-7562-88da-777480b52a76,01a07757-90f6-7ca2-9931-c03ede6acaf9,01a07757-9310-7272-93cd-38abdcdd56d6,01a07757-9e1b-7fe3-9b11-9e5c9d1fb432,f,2026-09-06 15:30:25.94797+00
01a07757-9ed3-7c13-b07b-37eb1a1251d8,01a07757-90f6-7ca2-9931-c03ede6acaf9,01a07757-9310-7272-93cd-38c5ea1e1b74,01a07757-9e1b-7fe3-9b11-9e6ca62cee12,f,2026-09-06 15:30:25.94797+00
01a07757-9ed3-7c13-b07b-37f3f7aeb2a1,01a07757-90f6-7ca2-9931-c03ede6acaf9,01a07757-9310-7272-93cd-38e742bd312e,01a07757-9e1b-7fe3-9b11-9e6ca62cee12,f,2026-09-06 15:30:25.94797+00
01a07757-9ed3-7c13-b07b-38068ab91b46,01a07757-90f6-7ca2-9931-c03ede6acaf9,01a07757-9310-7272-93cd-38c5ea1e1b74,01a07757-9e1b-7fe3-9b11-9e6ca62cee12,f,2026-09-06 15:30:25.94797+00
01a07757-9ed4-7fc2-beb4-bf105c9efd2c,01a07757-90f6-7ca2-9931-c03ede6acaf9,01a07757-9310-7272-93cd-38e742bd312e,01a07757-9e1b-7fe3-9b11-9e6ca62cee12,f,2026-09-06 15:30:25.94797+00
01a07757-9ed4-7fc2-beb4-bf28fe09b194,01a07757-90f6-7ca2-9931-c03ede6acaf9,01a07757-9310-7272-93cd-38c5ea1e1b74,01a07757-9e1b-7fe3-9b11-9e6ca62cee12,f,2026-09-06 15:30:25.94797+00
01a07757-9ed4-7fc2-beb4-bf3cec616f1e,01a07757-90f6-7ca2-9931-c03ede6acaf9,01a07757-9310-7272-93cd-38e742bd312e,01a07757-9e1b-7fe3-9b11-9e6ca62cee12,f,2026-09-06 15:30:25.94797+00
01a07757-9ed5-73b0-bf7e-07e06b70ccf8,01a07757-90f6-7ca2-9931-c03ede6acaf9,01a07757-9310-7272-93cd-390982267db3,01a07757-9e1b-7fe3-9b11-9e74f02db42b,f,2026-09-06 15:30:25.94797+00
01a07757-9ed5-73b0-bf7e-07f9be7d570e,01a07757-90f6-7ca2-9931-c03ede6acaf9,01a07757-9310-7272-93cd-39224354c047,01a07757-9e1b-7fe3-9b11-9e74f02db42b,f,2026-09-06 15:30:25.94797+00
01a07757-9ed6-72f0-be23-65dcbe1bbf37,01a07757-90f6-7ca2-9931-c03ede6acaf9,01a07757-9310-7272-93cd-390982267db3,01a07757-9e1b-7fe3-9b11-9e74f02db42b,f,2026-09-06 15:30:25.94797+00
01a07757-9ed6-72f0-be23-65e787e4a25f,01a07757-90f6-7ca2-9931-c03ede6acaf9,01a07757-9310-7272-93cd-39224354c047,01a07757-9e1b-7fe3-9b11-9e74f02db42b,f,2026-09-06 15:30:25.94797+00
01a07757-9ed6-72f0-be23-65f1e6834183,01a07757-90f6-7ca2-9931-c03ede6acaf9,01a07757-9310-7272-93cd-390982267db3,01a07757-9e1b-7fe3-9b11-9e74f02db42b,f,2026-09-06 15:30:25.94797+00
01a07757-9ed7-71c1-86cd-0088ea152430,01a07757-90f6-7ca2-9931-c03ede6acaf9,01a07757-9310-7272-93cd-39224354c047,01a07757-9e1b-7fe3-9b11-9e74f02db42b,f,2026-09-06 15:30:25.94797+00
01a07757-9ed8-78e1-b537-d24628797ad5,01a07757-90f6-7ca2-9931-c03ede6acaf9,01a07757-9310-7272-93cd-39448acda20c,01a07757-9e1b-7fe3-9b11-9e8ba01edf58,f,2026-09-06 15:30:25.94797+00
01a07757-9ed8-78e1-b537-d25ee38187d6,01a07757-90f6-7ca2-9931-c03ede6acaf9,01a07757-9310-7272-93cd-396825bf8a76,01a07757-9e1b-7fe3-9b11-9e8ba01edf58,f,2026-09-06 15:30:25.94797+00
01a07757-9ed9-7863-a5fd-c5d362e139bf,01a07757-90f6-7ca2-9931-c03ede6acaf9,01a07757-9310-7272-93cd-39448acda20c,01a07757-9e1b-7fe3-9b11-9e8ba01edf58,f,2026-09-06 15:30:25.94797+00
01a07757-9ed9-7863-a5fd-c5effabc3916,01a07757-90f6-7ca2-9931-c03ede6acaf9,01a07757-9310-7272-93cd-396825bf8a76,01a07757-9e1b-7fe3-9b11-9e8ba01edf58,f,2026-09-06 15:30:25.94797+00
01a07757-9eda-77a1-a47e-a8ca01d00137,01a07757-90f6-7ca2-9931-c03ede6acaf9,01a07757-9310-7272-93cd-39448acda20c,01a07757-9e1b-7fe3-9b11-9e8ba01edf58,f,2026-09-06 15:30:25.94797+00
01a07757-9eda-77a1-a47e-a8d3bf840621,01a07757-90f6-7ca2-9931-c03ede6acaf9,01a07757-9310-7272-93cd-396825bf8a76,01a07757-9e1b-7fe3-9b11-9e8ba01edf58,f,2026-09-06 15:30:25.94797+00
01a07757-9edb-7663-bb48-19bee35928b2,01a07757-90f6-7ca2-9931-c03ede6acaf9,01a07757-9310-7272-93cd-3981f2bce33f,01a07757-9e1b-7fe3-9b11-9e9d90d59d06,f,2026-09-06 15:30:25.94797+00
01a07757-9edb-7663-bb48-19c3f3b3440c,01a07757-90f6-7ca2-9931-c03ede6acaf9,01a07757-9310-7272-93cd-39a646174b7f,01a07757-9e1b-7fe3-9b11-9e9d90d59d06,f,2026-09-06 15:30:25.94797+00
01a07757-9edc-7ba0-8a55-b5ef79a2ac12,01a07757-90f6-7ca2-9931-c03ede6acaf9,01a07757-9310-7272-93cd-3981f2bce33f,01a07757-9e1b-7fe3-9b11-9e9d90d59d06,f,2026-09-06 15:30:25.94797+00
01a07757-9edc-7ba0-8a55-b5f3453b7141,01a07757-90f6-7ca2-9931-c03ede6acaf9,01a07757-9310-7272-93cd-39a646174b7f,01a07757-9e1b-7fe3-9b11-9e9d90d59d06,f,2026-09-06 15:30:25.94797+00
01a07757-9edc-7ba0-8a55-b6050f79ce0e,01a07757-90f6-7ca2-9931-c03ede6acaf9,01a07757-9310-7272-93cd-3981f2bce33f,01a07757-9e1b-7fe3-9b11-9e9d90d59d06,f,2026-09-06 15:30:25.94797+00
01a07757-9edd-7fa0-ad63-469ef7cb325c,01a07757-90f6-7ca2-9931-c03ede6acaf9,01a07757-9310-7272-93cd-39a646174b7f,01a07757-9e1b-7fe3-9b11-9e9d90d59d06,f,2026-09-06 15:30:25.94797+00
01a07757-9ede-7bc0-9a20-4e5707138cad,01a07757-90f6-7ca2-9931-c03ede6acaf9,01a07757-9310-7272-93cd-39c8681ec338,01a07757-9e1b-7fe3-9b11-9eae2f91080d,f,2026-09-06 15:30:25.94797+00
01a07757-9ede-7bc0-9a20-4e61b6235345,01a07757-90f6-7ca2-9931-c03ede6acaf9,01a07757-9310-7272-93cd-39ee259e4e6c,01a07757-9e1b-7fe3-9b11-9eae2f91080d,f,2026-09-06 15:30:25.94797+00
01a07757-9ede-7bc0-9a20-4e7aa7358db6,01a07757-90f6-7ca2-9931-c03ede6acaf9,01a07757-9310-7272-93cd-39c8681ec338,01a07757-9e1b-7fe3-9b11-9eae2f91080d,f,2026-09-06 15:30:25.94797+00
01a07757-9edf-74a1-934d-6043d2fd3f82,01a07757-90f6-7ca2-9931-c03ede6acaf9,01a07757-9310-7272-93cd-39ee259e4e6c,01a07757-9e1b-7fe3-9b11-9eae2f91080d,f,2026-09-06 15:30:25.94797+00
01a07757-9edf-74a1-934d-6053e4e10be8,01a07757-90f6-7ca2-9931-c03ede6acaf9,01a07757-9310-7272-93cd-39c8681ec338,01a07757-9e1b-7fe3-9b11-9eae2f91080d,f,2026-09-06 15:30:25.94797+00
01a07757-9edf-74a1-934d-606a2a50faab,01a07757-90f6-7ca2-9931-c03ede6acaf9,01a07757-9310-7272-93cd-39ee259e4e6c,01a07757-9e1b-7fe3-9b11-9eae2f91080d,f,2026-09-06 15:30:25.94797+00
01a07757-9ee0-7c80-9dbc-d7abd1cb4e26,01a07757-90f6-7ca2-9931-c03ede6acaf9,01a07757-9310-7272-93cd-3a0b18b82846,01a07757-9e1b-7fe3-9b11-9ebd2b3f9f6b,f,2026-09-06 15:30:25.94797+00
01a07757-9ee0-7c80-9dbc-d7b467982a77,01a07757-90f6-7ca2-9931-c03ede6acaf9,01a07757-9310-7272-93cd-3a22688e8efd,01a07757-9e1b-7fe3-9b11-9ebd2b3f9f6b,f,2026-09-06 15:30:25.94797+00
01a07757-9ee0-7c80-9dbc-d7ceed139b97,01a07757-90f6-7ca2-9931-c03ede6acaf9,01a07757-9310-7272-93cd-3a0b18b82846,01a07757-9e1b-7fe3-9b11-9ebd2b3f9f6b,f,2026-09-06 15:30:25.94797+00
01a07757-9ee1-74a3-a5bd-202f298cd889,01a07757-90f6-7ca2-9931-c03ede6acaf9,01a07757-9310-7272-93cd-3a22688e8efd,01a07757-9e1b-7fe3-9b11-9ebd2b3f9f6b,f,2026-09-06 15:30:25.94797+00
01a07757-9ee1-74a3-a5bd-203918b49166,01a07757-90f6-7ca2-9931-c03ede6acaf9,01a07757-9310-7272-93cd-3a0b18b82846,01a07757-9e1b-7fe3-9b11-9ebd2b3f9f6b,f,2026-09-06 15:30:25.94797+00
01a07757-9ee1-74a3-a5bd-204662320499,01a07757-90f6-7ca2-9931-c03ede6acaf9,01a07757-9310-7272-93cd-3a22688e8efd,01a07757-9e1b-7fe3-9b11-9ebd2b3f9f6b,f,2026-09-06 15:30:25.94797+00
01a07757-9ee2-7250-8615-34398475fcf9,01a07757-90f6-7ca2-9931-c03ede6acaf9,01a07757-9310-7272-93cd-3a40a3266f29,01a07757-9e1b-7fe3-9b11-9ecdc92016a4,f,2026-09-06 15:30:25.94797+00
01a07757-9ee3-7a33-9417-475d50db322f,01a07757-90f6-7ca2-9931-c03ede6acaf9,01a07757-9310-7272-93cd-3a61a268c4a1,01a07757-9e1b-7fe3-9b11-9ecdc92016a4,f,2026-09-06 15:30:25.94797+00
01a07757-9ee3-7a33-9417-476d7ae178a2,01a07757-90f6-7ca2-9931-c03ede6acaf9,01a07757-9310-7272-93cd-3a40a3266f29,01a07757-9e1b-7fe3-9b11-9ecdc92016a4,f,2026-09-06 15:30:25.94797+00
01a07757-9ee3-7a33-9417-477e4f3e29ce,01a07757-90f6-7ca2-9931-c03ede6acaf9,01a07757-9310-7272-93cd-3a61a268c4a1,01a07757-9e1b-7fe3-9b11-9ecdc92016a4,f,2026-09-06 15:30:25.94797+00
01a07757-9ee4-7be3-856b-068215efceeb,01a07757-90f6-7ca2-9931-c03ede6acaf9,01a07757-9310-7272-93cd-3a40a3266f29,01a07757-9e1b-7fe3-9b11-9ecdc92016a4,f,2026-09-06 15:30:25.94797+00
01a07757-9ee4-7be3-856b-06957f40ce78,01a07757-90f6-7ca2-9931-c03ede6acaf9,01a07757-9310-7272-93cd-3a61a268c4a1,01a07757-9e1b-7fe3-9b11-9ecdc92016a4,f,2026-09-06 15:30:25.94797+00
01a07757-9ee5-7013-8da2-c8c76cb21975,01a07757-90f6-7ca2-9931-c03ede6acaf9,01a07757-9310-7272-93cd-3a85b54c98cb,01a07757-9e1b-7fe3-9b11-9ed69c3585ce,f,2026-09-06 15:30:25.94797+00
01a07757-9ee6-7ae2-b8d2-a46aa4db26c8,01a07757-90f6-7ca2-9931-c03ede6acaf9,01a07757-9310-7272-93cd-3aab25e16b57,01a07757-9e1b-7fe3-9b11-9ed69c3585ce,f,2026-09-06 15:30:25.94797+00
01a07757-9ee6-7ae2-b8d2-a47d493be8d8,01a07757-90f6-7ca2-9931-c03ede6acaf9,01a07757-9310-7272-93cd-3a85b54c98cb,01a07757-9e1b-7fe3-9b11-9ed69c3585ce,f,2026-09-06 15:30:25.94797+00
01a07757-9ee6-7ae2-b8d2-a486b15264a8,01a07757-90f6-7ca2-9931-c03ede6acaf9,01a07757-9310-7272-93cd-3aab25e16b57,01a07757-9e1b-7fe3-9b11-9ed69c3585ce,f,2026-09-06 15:30:25.94797+00
01a07757-9ee7-7431-ae4c-4a91203fd563,01a07757-90f6-7ca2-9931-c03ede6acaf9,01a07757-9310-7272-93cd-3a85b54c98cb,01a07757-9e1b-7fe3-9b11-9ed69c3585ce,f,2026-09-06 15:30:25.94797+00
01a07757-9ee7-7431-ae4c-4aad84a3ea43,01a07757-90f6-7ca2-9931-c03ede6acaf9,01a07757-9310-7272-93cd-3aab25e16b57,01a07757-9e1b-7fe3-9b11-9ed69c3585ce,f,2026-09-06 15:30:25.94797+00
01a07757-9ee8-7210-9099-4c1163ab4a21,01a07757-90f6-7ca2-9931-c03ede6acaf9,01a07757-9310-7272-93cd-3ac69bb4037a,01a07757-9e1b-7fe3-9b11-9eeb879665fc,f,2026-09-06 15:30:25.94797+00
01a07757-9ee8-7210-9099-4c23a91f3e5d,01a07757-90f6-7ca2-9931-c03ede6acaf9,01a07757-9310-7272-93cd-3ae765fb99a5,01a07757-9e1b-7fe3-9b11-9eeb879665fc,f,2026-09-06 15:30:25.94797+00
01a07757-9ee8-7210-9099-4c3a9fc73fd4,01a07757-90f6-7ca2-9931-c03ede6acaf9,01a07757-9310-7272-93cd-3ac69bb4037a,01a07757-9e1b-7fe3-9b11-9eeb879665fc,f,2026-09-06 15:30:25.94797+00
01a07757-9ee8-7210-9099-4c4021a28fd5,01a07757-90f6-7ca2-9931-c03ede6acaf9,01a07757-9310-7272-93cd-3ae765fb99a5,01a07757-9e1b-7fe3-9b11-9eeb879665fc,f,2026-09-06 15:30:25.94797+00
01a07757-9ee8-7210-9099-4c54a86e8613,01a07757-90f6-7ca2-9931-c03ede6acaf9,01a07757-9310-7272-93cd-3ac69bb4037a,01a07757-9e1b-7fe3-9b11-9eeb879665fc,f,2026-09-06 15:30:25.94797+00
01a07757-9ee9-7d31-93d1-224f3e2eff90,01a07757-90f6-7ca2-9931-c03ede6acaf9,01a07757-9310-7272-93cd-3ae765fb99a5,01a07757-9e1b-7fe3-9b11-9eeb879665fc,f,2026-09-06 15:30:25.94797+00
01a07757-9ee9-7d31-93d1-2253303f0a24,01a07757-90f6-7ca2-9931-c03ede6acaf9,01a07757-9310-7272-93cd-3b00cefbd4d0,01a07757-9e1b-7fe3-9b11-9efe4eabf035,f,2026-09-06 15:30:25.94797+00
01a07757-9ee9-7d31-93d1-2260af02b0ad,01a07757-90f6-7ca2-9931-c03ede6acaf9,01a07757-9310-7272-93cd-3b287ee8c662,01a07757-9e1b-7fe3-9b11-9efe4eabf035,f,2026-09-06 15:30:25.94797+00
01a07757-9eea-7180-9302-b3665c7f2432,01a07757-90f6-7ca2-9931-c03ede6acaf9,01a07757-9310-7272-93cd-3b00cefbd4d0,01a07757-9e1b-7fe3-9b11-9efe4eabf035,f,2026-09-06 15:30:25.94797+00
01a07757-9eea-7180-9302-b37ae4fa6a42,01a07757-90f6-7ca2-9931-c03ede6acaf9,01a07757-9310-7272-93cd-3b287ee8c662,01a07757-9e1b-7fe3-9b11-9efe4eabf035,f,2026-09-06 15:30:25.94797+00
01a07757-9eea-7180-9302-b38e32ff39b9,01a07757-90f6-7ca2-9931-c03ede6acaf9,01a07757-9310-7272-93cd-3b00cefbd4d0,01a07757-9e1b-7fe3-9b11-9efe4eabf035,f,2026-09-06 15:30:25.94797+00
01a07757-9eea-7180-9302-b391d1e8986e,01a07757-90f6-7ca2-9931-c03ede6acaf9,01a07757-9310-7272-93cd-3b287ee8c662,01a07757-9e1b-7fe3-9b11-9efe4eabf035,f,2026-09-06 15:30:25.94797+00
01a07757-9eeb-7c51-8335-6ccc354fb115,01a07757-90f6-7ca2-9931-c03ede6acaf9,01a07757-9310-7272-93cd-3b4249db2159,01a07757-9e1b-7fe3-9b11-9f04f92258fc,f,2026-09-06 15:30:25.94797+00
01a07757-9eec-7c11-a6b6-fe086c6b0ef9,01a07757-90f6-7ca2-9931-c03ede6acaf9,01a07757-9310-7272-93cd-3b66fca8849c,01a07757-9e1b-7fe3-9b11-9f04f92258fc,f,2026-09-06 15:30:25.94797+00
01a07757-9eec-7c11-a6b6-fe1ae22f7c5f,01a07757-90f6-7ca2-9931-c03ede6acaf9,01a07757-9310-7272-93cd-3b4249db2159,01a07757-9e1b-7fe3-9b11-9f04f92258fc,f,2026-09-06 15:30:25.94797+00
01a07757-9eec-7c11-a6b6-fe29b366c5bf,01a07757-90f6-7ca2-9931-c03ede6acaf9,01a07757-9310-7272-93cd-3b66fca8849c,01a07757-9e1b-7fe3-9b11-9f04f92258fc,f,2026-09-06 15:30:25.94797+00
01a07757-9eed-78a1-9b3e-c51922a79d54,01a07757-90f6-7ca2-9931-c03ede6acaf9,01a07757-9310-7272-93cd-3b4249db2159,01a07757-9e1b-7fe3-9b11-9f04f92258fc,f,2026-09-06 15:30:25.94797+00
01a07757-9eed-78a1-9b3e-c52d75dabf3f,01a07757-90f6-7ca2-9931-c03ede6acaf9,01a07757-9310-7272-93cd-3b66fca8849c,01a07757-9e1b-7fe3-9b11-9f04f92258fc,f,2026-09-06 15:30:25.94797+00
01a07757-9eee-7ff1-87d6-1e6603767c9e,01a07757-90f6-7ca2-9931-c03ede6acaf9,01a07757-9310-7272-93cd-3b83da4c54f1,01a07757-9e1b-7fe3-9b11-9f1772d9a9a2,f,2026-09-06 15:30:25.94797+00
01a07757-9eee-7ff1-87d6-1e7250c5b6e6,01a07757-90f6-7ca2-9931-c03ede6acaf9,01a07757-9310-7272-93cd-3bad5d5777f7,01a07757-9e1b-7fe3-9b11-9f1772d9a9a2,f,2026-09-06 15:30:25.94797+00
01a07757-9eee-7ff1-87d6-1e8291d7ac52,01a07757-90f6-7ca2-9931-c03ede6acaf9,01a07757-9310-7272-93cd-3b83da4c54f1,01a07757-9e1b-7fe3-9b11-9f1772d9a9a2,f,2026-09-06 15:30:25.94797+00
01a07757-9eef-7980-95af-b88fe099c712,01a07757-90f6-7ca2-9931-c03ede6acaf9,01a07757-9310-7272-93cd-3bad5d5777f7,01a07757-9e1b-7fe3-9b11-9f1772d9a9a2,f,2026-09-06 15:30:25.94797+00
01a07757-9eef-7980-95af-b898cbd1d95f,01a07757-90f6-7ca2-9931-c03ede6acaf9,01a07757-9310-7272-93cd-3b83da4c54f1,01a07757-9e1b-7fe3-9b11-9f1772d9a9a2,f,2026-09-06 15:30:25.94797+00
01a07757-9eef-7980-95af-b8af63dd2761,01a07757-90f6-7ca2-9931-c03ede6acaf9,01a07757-9310-7272-93cd-3bad5d5777f7,01a07757-9e1b-7fe3-9b11-9f1772d9a9a2,f,2026-09-06 15:30:25.94797+00
01a07757-9ef1-7f12-9c38-d9ecfa6e9238,01a07757-90f6-7ca2-9931-c03ede6acaf9,01a07757-9310-7272-93cd-3bcc8a4fee76,01a07757-9e1b-7fe3-9b11-9f2ac728f0d8,f,2026-09-06 15:30:25.94797+00
01a07757-9ef1-7f12-9c38-d9f3f146ec36,01a07757-90f6-7ca2-9931-c03ede6acaf9,01a07757-9310-7272-93cd-3bea53706328,01a07757-9e1b-7fe3-9b11-9f2ac728f0d8,f,2026-09-06 15:30:25.94797+00
01a07757-9ef1-7f12-9c38-da02d1d85e2a,01a07757-90f6-7ca2-9931-c03ede6acaf9,01a07757-9310-7272-93cd-3bcc8a4fee76,01a07757-9e1b-7fe3-9b11-9f2ac728f0d8,f,2026-09-06 15:30:25.94797+00
01a07757-9ef2-7fa3-ba87-7c8b83f333d6,01a07757-90f6-7ca2-9931-c03ede6acaf9,01a07757-9310-7272-93cd-3bea53706328,01a07757-9e1b-7fe3-9b11-9f2ac728f0d8,f,2026-09-06 15:30:25.94797+00
01a07757-9ef2-7fa3-ba87-7c9d58b218fd,01a07757-90f6-7ca2-9931-c03ede6acaf9,01a07757-9310-7272-93cd-3bcc8a4fee76,01a07757-9e1b-7fe3-9b11-9f2ac728f0d8,f,2026-09-06 15:30:25.94797+00
01a07757-9ef2-7fa3-ba87-7caa28900dbc,01a07757-90f6-7ca2-9931-c03ede6acaf9,01a07757-9310-7272-93cd-3bea53706328,01a07757-9e1b-7fe3-9b11-9f2ac728f0d8,f,2026-09-06 15:30:25.94797+00
01a07757-9ef3-70e1-87a9-e29ed18feb54,01a07757-90f6-7ca2-9931-c03ede6acaf9,01a07757-9310-7272-93cd-3c0bb3a92148,01a07757-9e1b-7fe3-9b11-9f3746f4dc1a,f,2026-09-06 15:30:25.94797+00
01a07757-9ef4-74c0-977d-6b3903d02151,01a07757-90f6-7ca2-9931-c03ede6acaf9,01a07757-9310-7272-93cd-3c24c3d43a0d,01a07757-9e1b-7fe3-9b11-9f3746f4dc1a,f,2026-09-06 15:30:25.94797+00
01a07757-9ef4-74c0-977d-6b48254a3658,01a07757-90f6-7ca2-9931-c03ede6acaf9,01a07757-9310-7272-93cd-3c0bb3a92148,01a07757-9e1b-7fe3-9b11-9f3746f4dc1a,f,2026-09-06 15:30:25.94797+00
01a07757-9ef4-74c0-977d-6b5a654faa4c,01a07757-90f6-7ca2-9931-c03ede6acaf9,01a07757-9310-7272-93cd-3c24c3d43a0d,01a07757-9e1b-7fe3-9b11-9f3746f4dc1a,f,2026-09-06 15:30:25.94797+00
01a07757-9ef4-74c0-977d-6b6199a08147,01a07757-90f6-7ca2-9931-c03ede6acaf9,01a07757-9310-7272-93cd-3c0bb3a92148,01a07757-9e1b-7fe3-9b11-9f3746f4dc1a,f,2026-09-06 15:30:25.94797+00
01a07757-9ef5-72a0-ae10-32f3cc586f9a,01a07757-90f6-7ca2-9931-c03ede6acaf9,01a07757-9310-7272-93cd-3c24c3d43a0d,01a07757-9e1b-7fe3-9b11-9f3746f4dc1a,f,2026-09-06 15:30:25.94797+00
01a07757-9ef6-7371-bcf5-17106ca8e600,01a07757-90f6-7ca2-9931-c03ede6acaf9,01a07757-9310-7272-93cd-3c4ecbf48531,01a07757-9e1b-7fe3-9b11-9f4d823b370d,f,2026-09-06 15:30:25.94797+00
01a07757-9ef6-7371-bcf5-172f5fcfa286,01a07757-90f6-7ca2-9931-c03ede6acaf9,01a07757-9310-7272-93cd-3c62f15281f9,01a07757-9e1b-7fe3-9b11-9f4d823b370d,f,2026-09-06 15:30:25.94797+00
01a07757-9ef6-7371-bcf5-173ae0019ad7,01a07757-90f6-7ca2-9931-c03ede6acaf9,01a07757-9310-7272-93cd-3c4ecbf48531,01a07757-9e1b-7fe3-9b11-9f4d823b370d,f,2026-09-06 15:30:25.94797+00
01a07757-9ef7-7c63-8df7-b8229c3206f7,01a07757-90f6-7ca2-9931-c03ede6acaf9,01a07757-9310-7272-93cd-3c62f15281f9,01a07757-9e1b-7fe3-9b11-9f4d823b370d,f,2026-09-06 15:30:25.94797+00
01a07757-9ef7-7c63-8df7-b83f975aa5f8,01a07757-90f6-7ca2-9931-c03ede6acaf9,01a07757-9310-7272-93cd-3c4ecbf48531,01a07757-9e1b-7fe3-9b11-9f4d823b370d,f,2026-09-06 15:30:25.94797+00
01a07757-9ef7-7c63-8df7-b8463615f796,01a07757-90f6-7ca2-9931-c03ede6acaf9,01a07757-9310-7272-93cd-3c62f15281f9,01a07757-9e1b-7fe3-9b11-9f4d823b370d,f,2026-09-06 15:30:25.94797+00
01a07757-9ef8-7c63-bfc9-b4d1dbe4b1eb,01a07757-90f6-7ca2-9931-c03ede6acaf9,01a07757-9310-7272-93cd-3c83a73f1988,01a07757-9e1b-7fe3-9b11-9f513bdebf7e,f,2026-09-06 15:30:25.94797+00
01a07757-9ef8-7c63-bfc9-b4eff42f8b74,01a07757-90f6-7ca2-9931-c03ede6acaf9,01a07757-9310-7272-93cd-3ca1d58195e5,01a07757-9e1b-7fe3-9b11-9f513bdebf7e,f,2026-09-06 15:30:25.94797+00
01a07757-9ef8-7c63-bfc9-b4ff5e2e88ef,01a07757-90f6-7ca2-9931-c03ede6acaf9,01a07757-9310-7272-93cd-3c83a73f1988,01a07757-9e1b-7fe3-9b11-9f513bdebf7e,f,2026-09-06 15:30:25.94797+00
01a07757-9ef9-7793-a13d-f8be8d9397d2,01a07757-90f6-7ca2-9931-c03ede6acaf9,01a07757-9310-7272-93cd-3ca1d58195e5,01a07757-9e1b-7fe3-9b11-9f513bdebf7e,f,2026-09-06 15:30:25.94797+00
01a07757-9ef9-7793-a13d-f8c48befd495,01a07757-90f6-7ca2-9931-c03ede6acaf9,01a07757-9310-7272-93cd-3c83a73f1988,01a07757-9e1b-7fe3-9b11-9f513bdebf7e,f,2026-09-06 15:30:25.94797+00
01a07757-9ef9-7793-a13d-f8ddc190a320,01a07757-90f6-7ca2-9931-c03ede6acaf9,01a07757-9310-7272-93cd-3ca1d58195e5,01a07757-9e1b-7fe3-9b11-9f513bdebf7e,f,2026-09-06 15:30:25.94797+00
01a07757-9efa-7230-befd-619b35fe20ae,01a07757-90f6-7ca2-9931-c03ede6acaf9,01a07757-9310-7272-93cd-3cce9604add2,01a07757-9e1b-7fe3-9b11-9f639148241e,f,2026-09-06 15:30:25.94797+00
01a07757-9efa-7230-befd-61a3187eb6e8,01a07757-90f6-7ca2-9931-c03ede6acaf9,01a07757-9310-7272-93cd-3ce6497ccead,01a07757-9e1b-7fe3-9b11-9f639148241e,f,2026-09-06 15:30:25.94797+00
01a07757-9efa-7230-befd-61b61691e1a7,01a07757-90f6-7ca2-9931-c03ede6acaf9,01a07757-9310-7272-93cd-3cce9604add2,01a07757-9e1b-7fe3-9b11-9f639148241e,f,2026-09-06 15:30:25.94797+00
01a07757-9efb-7f43-b3ac-9a1e89982348,01a07757-90f6-7ca2-9931-c03ede6acaf9,01a07757-9310-7272-93cd-3ce6497ccead,01a07757-9e1b-7fe3-9b11-9f639148241e,f,2026-09-06 15:30:25.94797+00
01a07757-9efb-7f43-b3ac-9a221a2f58b2,01a07757-90f6-7ca2-9931-c03ede6acaf9,01a07757-9310-7272-93cd-3cce9604add2,01a07757-9e1b-7fe3-9b11-9f639148241e,f,2026-09-06 15:30:25.94797+00
01a07757-9efb-7f43-b3ac-9a38f914b428,01a07757-90f6-7ca2-9931-c03ede6acaf9,01a07757-9310-7272-93cd-3ce6497ccead,01a07757-9e1b-7fe3-9b11-9f639148241e,f,2026-09-06 15:30:25.94797+00
01a07757-9efc-7290-a1fd-a17a19045ebe,01a07757-90f6-7ca2-9931-c03ede6acaf9,01a07757-9310-7272-93cd-3d0044b8f3c5,01a07757-9e1b-7fe3-9b11-9f7b4f8dd5b0,f,2026-09-06 15:30:25.94797+00
01a07757-9efc-7290-a1fd-a18d3306e3ca,01a07757-90f6-7ca2-9931-c03ede6acaf9,01a07757-9310-7272-93cd-3d2f7c7c7488,01a07757-9e1b-7fe3-9b11-9f7b4f8dd5b0,f,2026-09-06 15:30:25.94797+00
01a07757-9efc-7290-a1fd-a1921294b3e1,01a07757-90f6-7ca2-9931-c03ede6acaf9,01a07757-9310-7272-93cd-3d0044b8f3c5,01a07757-9e1b-7fe3-9b11-9f7b4f8dd5b0,f,2026-09-06 15:30:25.94797+00
01a07757-9efc-7290-a1fd-a1a9aabf8dd6,01a07757-90f6-7ca2-9931-c03ede6acaf9,01a07757-9310-7272-93cd-3d2f7c7c7488,01a07757-9e1b-7fe3-9b11-9f7b4f8dd5b0,f,2026-09-06 15:30:25.94797+00
01a07757-9efd-7270-ab93-ffd4008c5ed4,01a07757-90f6-7ca2-9931-c03ede6acaf9,01a07757-9310-7272-93cd-3d0044b8f3c5,01a07757-9e1b-7fe3-9b11-9f7b4f8dd5b0,f,2026-09-06 15:30:25.94797+00
01a07757-9efd-7270-ab93-ffe1387e6927,01a07757-90f6-7ca2-9931-c03ede6acaf9,01a07757-9310-7272-93cd-3d2f7c7c7488,01a07757-9e1b-7fe3-9b11-9f7b4f8dd5b0,f,2026-09-06 15:30:25.94797+00
01a07757-9efe-7830-9e41-3deeaa234b7a,01a07757-90f6-7ca2-9931-c03ede6acaf9,01a07757-9310-7272-93cd-3d4bf78b3967,01a07757-9e1b-7fe3-9b11-9f8412de6cd3,f,2026-09-06 15:30:25.94797+00
01a07757-9efe-7830-9e41-3df34348fecb,01a07757-90f6-7ca2-9931-c03ede6acaf9,01a07757-9310-7272-93cd-3d635760f889,01a07757-9e1b-7fe3-9b11-9f8412de6cd3,f,2026-09-06 15:30:25.94797+00
01a07757-9efe-7830-9e41-3e0c4ee2bfc0,01a07757-90f6-7ca2-9931-c03ede6acaf9,01a07757-9310-7272-93cd-3d4bf78b3967,01a07757-9e1b-7fe3-9b11-9f8412de6cd3,f,2026-09-06 15:30:25.94797+00
01a07757-9efe-7830-9e41-3e18663eba2d,01a07757-90f6-7ca2-9931-c03ede6acaf9,01a07757-9310-7272-93cd-3d635760f889,01a07757-9e1b-7fe3-9b11-9f8412de6cd3,f,2026-09-06 15:30:25.94797+00
01a07757-9efe-7830-9e41-3e2e82807243,01a07757-90f6-7ca2-9931-c03ede6acaf9,01a07757-9310-7272-93cd-3d4bf78b3967,01a07757-9e1b-7fe3-9b11-9f8412de6cd3,f,2026-09-06 15:30:25.94797+00
01a07757-9efe-7830-9e41-3e342c3528fb,01a07757-90f6-7ca2-9931-c03ede6acaf9,01a07757-9310-7272-93cd-3d635760f889,01a07757-9e1b-7fe3-9b11-9f8412de6cd3,f,2026-09-06 15:30:25.94797+00
01a07757-9eff-7313-ab33-4133a7acb11d,01a07757-90f6-7ca2-9931-c03ede6acaf9,01a07757-9310-7272-93cd-3d872a0cb25d,01a07757-9e1b-7fe3-9b11-9f9998b76302,f,2026-09-06 15:30:25.94797+00
01a07757-9eff-7313-ab33-4148c3439f5e,01a07757-90f6-7ca2-9931-c03ede6acaf9,01a07757-9310-7272-93cd-3da2de359954,01a07757-9e1b-7fe3-9b11-9f9998b76302,f,2026-09-06 15:30:25.94797+00
01a07757-9eff-7313-ab33-415bb2d1b1dc,01a07757-90f6-7ca2-9931-c03ede6acaf9,01a07757-9310-7272-93cd-3d872a0cb25d,01a07757-9e1b-7fe3-9b11-9f9998b76302,f,2026-09-06 15:30:25.94797+00
01a07757-9f00-79d0-b5b8-4dab29125287,01a07757-90f6-7ca2-9931-c03ede6acaf9,01a07757-9310-7272-93cd-3da2de359954,01a07757-9e1b-7fe3-9b11-9f9998b76302,f,2026-09-06 15:30:25.94797+00
01a07757-9f00-79d0-b5b8-4db6bb8fb534,01a07757-90f6-7ca2-9931-c03ede6acaf9,01a07757-9310-7272-93cd-3d872a0cb25d,01a07757-9e1b-7fe3-9b11-9f9998b76302,f,2026-09-06 15:30:25.94797+00
01a07757-9f00-79d0-b5b8-4dc13c81d236,01a07757-90f6-7ca2-9931-c03ede6acaf9,01a07757-9310-7272-93cd-3da2de359954,01a07757-9e1b-7fe3-9b11-9f9998b76302,f,2026-09-06 15:30:25.94797+00
01a07757-9f01-7210-982f-e1a3bdf535e7,01a07757-90f6-7ca2-9931-c03ede6acaf9,01a07757-9310-7272-93cd-3dc0a283ac4c,01a07757-9e1b-7fe3-9b11-9fa9f4ca5ec6,f,2026-09-06 15:30:25.94797+00
01a07757-9f01-7210-982f-e1bf9e85ecd1,01a07757-90f6-7ca2-9931-c03ede6acaf9,01a07757-9310-7272-93cd-3de9f18ed2ff,01a07757-9e1b-7fe3-9b11-9fa9f4ca5ec6,f,2026-09-06 15:30:25.94797+00
01a07757-9f02-7df3-84c9-8b8f3a90cefe,01a07757-90f6-7ca2-9931-c03ede6acaf9,01a07757-9310-7272-93cd-3dc0a283ac4c,01a07757-9e1b-7fe3-9b11-9fa9f4ca5ec6,f,2026-09-06 15:30:25.94797+00
01a07757-9f02-7df3-84c9-8b9b8d9ed1f5,01a07757-90f6-7ca2-9931-c03ede6acaf9,01a07757-9310-7272-93cd-3de9f18ed2ff,01a07757-9e1b-7fe3-9b11-9fa9f4ca5ec6,f,2026-09-06 15:30:25.94797+00
01a07757-9f02-7df3-84c9-8ba9da690995,01a07757-90f6-7ca2-9931-c03ede6acaf9,01a07757-9310-7272-93cd-3dc0a283ac4c,01a07757-9e1b-7fe3-9b11-9fa9f4ca5ec6,f,2026-09-06 15:30:25.94797+00
01a07757-9f02-7df3-84c9-8bba34d4938e,01a07757-90f6-7ca2-9931-c03ede6acaf9,01a07757-9310-7272-93cd-3de9f18ed2ff,01a07757-9e1b-7fe3-9b11-9fa9f4ca5ec6,f,2026-09-06 15:30:25.94797+00
01a07757-9f04-7b43-8fc6-f2102246a9ff,01a07757-90f6-7ca2-9931-c03ede6acaf9,01a07757-9310-7272-93cd-3e0d34ee2f3e,01a07757-9e1b-7fe3-9b11-9fbd059811a6,f,2026-09-06 15:30:25.94797+00
01a07757-9f05-7f01-aae4-a894f188a186,01a07757-90f6-7ca2-9931-c03ede6acaf9,01a07757-9310-7272-93cd-3e23b255dafc,01a07757-9e1b-7fe3-9b11-9fbd059811a6,f,2026-09-06 15:30:25.94797+00
01a07757-9f05-7f01-aae4-a8aab5b79db7,01a07757-90f6-7ca2-9931-c03ede6acaf9,01a07757-9310-7272-93cd-3e0d34ee2f3e,01a07757-9e1b-7fe3-9b11-9fbd059811a6,f,2026-09-06 15:30:25.94797+00
01a07757-9f06-7cc2-b37d-0c6527505147,01a07757-90f6-7ca2-9931-c03ede6acaf9,01a07757-9310-7272-93cd-3e23b255dafc,01a07757-9e1b-7fe3-9b11-9fbd059811a6,f,2026-09-06 15:30:25.94797+00
01a07757-9f06-7cc2-b37d-0c75250740ed,01a07757-90f6-7ca2-9931-c03ede6acaf9,01a07757-9310-7272-93cd-3e0d34ee2f3e,01a07757-9e1b-7fe3-9b11-9fbd059811a6,f,2026-09-06 15:30:25.94797+00
01a07757-9f06-7cc2-b37d-0c89fb099dba,01a07757-90f6-7ca2-9931-c03ede6acaf9,01a07757-9310-7272-93cd-3e23b255dafc,01a07757-9e1b-7fe3-9b11-9fbd059811a6,f,2026-09-06 15:30:25.94797+00
01a07757-9f08-7072-8315-0e05af0b8be4,01a07757-90f6-7ca2-9931-c03ede6acaf9,01a07757-9310-7272-93cd-3e4dfcc5d2b3,01a07757-9e1b-7fe3-9b11-9fc0eb244018,f,2026-09-06 15:30:25.94797+00
01a07757-9f08-7072-8315-0e1611ab5bf1,01a07757-90f6-7ca2-9931-c03ede6acaf9,01a07757-9310-7272-93cd-3e62b26334f4,01a07757-9e1b-7fe3-9b11-9fc0eb244018,f,2026-09-06 15:30:25.94797+00
01a07757-9f09-7321-8ca3-cbad5aa3dc5a,01a07757-90f6-7ca2-9931-c03ede6acaf9,01a07757-9310-7272-93cd-3e4dfcc5d2b3,01a07757-9e1b-7fe3-9b11-9fc0eb244018,f,2026-09-06 15:30:25.94797+00
01a07757-9f09-7321-8ca3-cbb08877b854,01a07757-90f6-7ca2-9931-c03ede6acaf9,01a07757-9310-7272-93cd-3e62b26334f4,01a07757-9e1b-7fe3-9b11-9fc0eb244018,f,2026-09-06 15:30:25.94797+00
01a07757-9f09-7321-8ca3-cbc219aef8b5,01a07757-90f6-7ca2-9931-c03ede6acaf9,01a07757-9310-7272-93cd-3e4dfcc5d2b3,01a07757-9e1b-7fe3-9b11-9fc0eb244018,f,2026-09-06 15:30:25.94797+00
01a07757-9f09-7321-8ca3-cbd5079535f3,01a07757-90f6-7ca2-9931-c03ede6acaf9,01a07757-9310-7272-93cd-3e62b26334f4,01a07757-9e1b-7fe3-9b11-9fc0eb244018,f,2026-09-06 15:30:25.94797+00
01a07757-9f0b-72d1-82e5-ed3e04e68ef4,01a07757-90f6-7ca2-9931-c03ede6acaf9,01a07757-9310-7272-93cd-3e8f172a8283,01a07757-9e1b-7fe3-9b11-9fdcea79b215,f,2026-09-06 15:30:25.94797+00
01a07757-9f0b-72d1-82e5-ed4884ec555a,01a07757-90f6-7ca2-9931-c03ede6acaf9,01a07757-9310-7272-93cd-3ea0fcc01a51,01a07757-9e1b-7fe3-9b11-9fdcea79b215,f,2026-09-06 15:30:25.94797+00
01a07757-9f0c-7641-afe9-dacafad45a72,01a07757-90f6-7ca2-9931-c03ede6acaf9,01a07757-9310-7272-93cd-3e8f172a8283,01a07757-9e1b-7fe3-9b11-9fdcea79b215,f,2026-09-06 15:30:25.94797+00
01a07757-9f0c-7641-afe9-dad9f711d015,01a07757-90f6-7ca2-9931-c03ede6acaf9,01a07757-9310-7272-93cd-3ea0fcc01a51,01a07757-9e1b-7fe3-9b11-9fdcea79b215,f,2026-09-06 15:30:25.94797+00
01a07757-9f0c-7641-afe9-dae1b3f4f9a6,01a07757-90f6-7ca2-9931-c03ede6acaf9,01a07757-9310-7272-93cd-3e8f172a8283,01a07757-9e1b-7fe3-9b11-9fdcea79b215,f,2026-09-06 15:30:25.94797+00
01a07757-9f0c-7641-afe9-daff4cfb9ff7,01a07757-90f6-7ca2-9931-c03ede6acaf9,01a07757-9310-7272-93cd-3ea0fcc01a51,01a07757-9e1b-7fe3-9b11-9fdcea79b215,f,2026-09-06 15:30:25.94797+00
01a07757-9f0d-76f1-9a9e-061901b992d4,01a07757-90f6-7ca2-9931-c03ede6acaf9,01a07757-9310-7272-93cd-3ecaf4f22ac8,01a07757-9e1b-7fe3-9b11-9fe75a42cb69,f,2026-09-06 15:30:25.94797+00
01a07757-9f0e-7b22-afaf-9e89bdc89184,01a07757-90f6-7ca2-9931-c03ede6acaf9,01a07757-9310-7272-93cd-3eef776ae03c,01a07757-9e1b-7fe3-9b11-9fe75a42cb69,f,2026-09-06 15:30:25.94797+00
01a07757-9f0e-7b22-afaf-9e9c6e052a86,01a07757-90f6-7ca2-9931-c03ede6acaf9,01a07757-9310-7272-93cd-3ecaf4f22ac8,01a07757-9e1b-7fe3-9b11-9fe75a42cb69,f,2026-09-06 15:30:25.94797+00
01a07757-9f0e-7b22-afaf-9eab4776f7bf,01a07757-90f6-7ca2-9931-c03ede6acaf9,01a07757-9310-7272-93cd-3eef776ae03c,01a07757-9e1b-7fe3-9b11-9fe75a42cb69,f,2026-09-06 15:30:25.94797+00
01a07757-9f0e-7b22-afaf-9eb76a272ea7,01a07757-90f6-7ca2-9931-c03ede6acaf9,01a07757-9310-7272-93cd-3ecaf4f22ac8,01a07757-9e1b-7fe3-9b11-9fe75a42cb69,f,2026-09-06 15:30:25.94797+00
01a07757-9f0f-7950-8da6-9bcf3eb8ae10,01a07757-90f6-7ca2-9931-c03ede6acaf9,01a07757-9310-7272-93cd-3eef776ae03c,01a07757-9e1b-7fe3-9b11-9fe75a42cb69,f,2026-09-06 15:30:25.94797+00
01a07757-9f10-73f1-b5e9-49d1b7cd1d9c,01a07757-90f6-7ca2-9931-c03ede6acaf9,01a07757-9310-7272-93cd-3f03562a760c,01a07757-9e1b-7fe3-9b11-9ff50552c00a,f,2026-09-06 15:30:25.94797+00
01a07757-9f11-70d2-9d53-ad234df82027,01a07757-90f6-7ca2-9931-c03ede6acaf9,01a07757-9310-7272-93cd-3f21b306722a,01a07757-9e1b-7fe3-9b11-9ff50552c00a,f,2026-09-06 15:30:25.94797+00
01a07757-9f11-70d2-9d53-ad316a9cdaed,01a07757-90f6-7ca2-9931-c03ede6acaf9,01a07757-9310-7272-93cd-3f03562a760c,01a07757-9e1b-7fe3-9b11-9ff50552c00a,f,2026-09-06 15:30:25.94797+00
01a07757-9f11-70d2-9d53-ad4ea7c74ff5,01a07757-90f6-7ca2-9931-c03ede6acaf9,01a07757-9310-7272-93cd-3f21b306722a,01a07757-9e1b-7fe3-9b11-9ff50552c00a,f,2026-09-06 15:30:25.94797+00
01a07757-9f11-70d2-9d53-ad5485522041,01a07757-90f6-7ca2-9931-c03ede6acaf9,01a07757-9310-7272-93cd-3f03562a760c,01a07757-9e1b-7fe3-9b11-9ff50552c00a,f,2026-09-06 15:30:25.94797+00
01a07757-9f12-7862-8f06-23b7cde605a0,01a07757-90f6-7ca2-9931-c03ede6acaf9,01a07757-9310-7272-93cd-3f21b306722a,01a07757-9e1b-7fe3-9b11-9ff50552c00a,f,2026-09-06 15:30:25.94797+00
01a07757-9f13-7803-b9aa-e837ffa06472,01a07757-90f6-7ca2-9931-c03ede6acaf9,01a07757-9310-7272-93cd-3f46884dab55,01a07757-9e1b-7fe3-9b11-a0034530db23,f,2026-09-06 15:30:25.94797+00
01a07757-9f14-7ae1-a68d-00d12d11c128,01a07757-90f6-7ca2-9931-c03ede6acaf9,01a07757-9310-7272-93cd-3f69ffd14cf9,01a07757-9e1b-7fe3-9b11-a0034530db23,f,2026-09-06 15:30:25.94797+00
01a07757-9f14-7ae1-a68d-00e45aa9133c,01a07757-90f6-7ca2-9931-c03ede6acaf9,01a07757-9310-7272-93cd-3f46884dab55,01a07757-9e1b-7fe3-9b11-a0034530db23,f,2026-09-06 15:30:25.94797+00
01a07757-9f14-7ae1-a68d-00f8e06a4049,01a07757-90f6-7ca2-9931-c03ede6acaf9,01a07757-9310-7272-93cd-3f69ffd14cf9,01a07757-9e1b-7fe3-9b11-a0034530db23,f,2026-09-06 15:30:25.94797+00
01a07757-9f15-77f3-844a-a0f1849b5892,01a07757-90f6-7ca2-9931-c03ede6acaf9,01a07757-9310-7272-93cd-3f46884dab55,01a07757-9e1b-7fe3-9b11-a0034530db23,f,2026-09-06 15:30:25.94797+00
01a07757-9f15-77f3-844a-a10349fdadd6,01a07757-90f6-7ca2-9931-c03ede6acaf9,01a07757-9310-7272-93cd-3f69ffd14cf9,01a07757-9e1b-7fe3-9b11-a0034530db23,f,2026-09-06 15:30:25.94797+00
01a07757-9f16-7832-9155-5a6e1338f5da,01a07757-90f6-7ca2-9931-c03ede6acaf9,01a07757-9310-7272-93cd-3f84428c0e30,01a07757-9e1b-7fe3-9b11-a015c6932ef3,f,2026-09-06 15:30:25.94797+00
01a07757-9f16-7832-9155-5a712907d1f7,01a07757-90f6-7ca2-9931-c03ede6acaf9,01a07757-9310-7272-93cd-3fa808df2812,01a07757-9e1b-7fe3-9b11-a015c6932ef3,f,2026-09-06 15:30:25.94797+00
01a07757-9f16-7832-9155-5a8555d2228a,01a07757-90f6-7ca2-9931-c03ede6acaf9,01a07757-9310-7272-93cd-3f84428c0e30,01a07757-9e1b-7fe3-9b11-a015c6932ef3,f,2026-09-06 15:30:25.94797+00
01a07757-9f16-7832-9155-5a9a7a534fb6,01a07757-90f6-7ca2-9931-c03ede6acaf9,01a07757-9310-7272-93cd-3fa808df2812,01a07757-9e1b-7fe3-9b11-a015c6932ef3,f,2026-09-06 15:30:25.94797+00
01a07757-9f17-7473-9fa7-bfcfd7517cad,01a07757-90f6-7ca2-9931-c03ede6acaf9,01a07757-9310-7272-93cd-3f84428c0e30,01a07757-9e1b-7fe3-9b11-a015c6932ef3,f,2026-09-06 15:30:25.94797+00
01a07757-9f17-7473-9fa7-bfdc3cc2b7d7,01a07757-90f6-7ca2-9931-c03ede6acaf9,01a07757-9310-7272-93cd-3fa808df2812,01a07757-9e1b-7fe3-9b11-a015c6932ef3,f,2026-09-06 15:30:25.94797+00
01a07757-9f18-73f1-9d42-92ac047a7e60,01a07757-90f6-7ca2-9931-c03ede6acaf9,01a07757-9310-7272-93cd-3fcdc2b07867,01a07757-9e1b-7fe3-9b11-a020f49bee5d,f,2026-09-06 15:30:25.94797+00
01a07757-9f18-73f1-9d42-92b1581b2b90,01a07757-90f6-7ca2-9931-c03ede6acaf9,01a07757-9310-7272-93cd-3fe5983e42ad,01a07757-9e1b-7fe3-9b11-a020f49bee5d,f,2026-09-06 15:30:25.94797+00
01a07757-9f18-73f1-9d42-92ccc9035ef0,01a07757-90f6-7ca2-9931-c03ede6acaf9,01a07757-9310-7272-93cd-3fcdc2b07867,01a07757-9e1b-7fe3-9b11-a020f49bee5d,f,2026-09-06 15:30:25.94797+00
01a07757-9f19-7b33-b9f8-0e9916b43ef2,01a07757-90f6-7ca2-9931-c03ede6acaf9,01a07757-9310-7272-93cd-3fe5983e42ad,01a07757-9e1b-7fe3-9b11-a020f49bee5d,f,2026-09-06 15:30:25.94797+00
01a07757-9f19-7b33-b9f8-0ea73a75b763,01a07757-90f6-7ca2-9931-c03ede6acaf9,01a07757-9310-7272-93cd-3fcdc2b07867,01a07757-9e1b-7fe3-9b11-a020f49bee5d,f,2026-09-06 15:30:25.94797+00
01a07757-9f19-7b33-b9f8-0eb59878a7f5,01a07757-90f6-7ca2-9931-c03ede6acaf9,01a07757-9310-7272-93cd-3fe5983e42ad,01a07757-9e1b-7fe3-9b11-a020f49bee5d,f,2026-09-06 15:30:25.94797+00
01a07757-9f1a-7d20-bfd5-971c7ebdb269,01a07757-90f6-7ca2-9931-c03ede6acaf9,01a07757-9310-7272-93cd-400b232d22fe,01a07757-9e1b-7fe3-9b11-a0342ed98a0c,f,2026-09-06 15:30:25.94797+00
01a07757-9f1b-7233-aa34-96f421044aaf,01a07757-90f6-7ca2-9931-c03ede6acaf9,01a07757-9310-7272-93cd-4023d0a32cc1,01a07757-9e1b-7fe3-9b11-a0342ed98a0c,f,2026-09-06 15:30:25.94797+00
01a07757-9f1b-7233-aa34-970dd761cd83,01a07757-90f6-7ca2-9931-c03ede6acaf9,01a07757-9310-7272-93cd-400b232d22fe,01a07757-9e1b-7fe3-9b11-a0342ed98a0c,f,2026-09-06 15:30:25.94797+00
01a07757-9f1b-7233-aa34-9715a5bb2407,01a07757-90f6-7ca2-9931-c03ede6acaf9,01a07757-9310-7272-93cd-4023d0a32cc1,01a07757-9e1b-7fe3-9b11-a0342ed98a0c,f,2026-09-06 15:30:25.94797+00
01a07757-9f1b-7233-aa34-972e0e1fcc6b,01a07757-90f6-7ca2-9931-c03ede6acaf9,01a07757-9310-7272-93cd-400b232d22fe,01a07757-9e1b-7fe3-9b11-a0342ed98a0c,f,2026-09-06 15:30:25.94797+00
01a07757-9f1c-7f63-a99b-703b4bc3a98e,01a07757-90f6-7ca2-9931-c03ede6acaf9,01a07757-9310-7272-93cd-4023d0a32cc1,01a07757-9e1b-7fe3-9b11-a0342ed98a0c,f,2026-09-06 15:30:25.94797+00
01a07757-9f1d-7e40-8ace-cba324cb63b1,01a07757-90f6-7ca2-9931-c03ede6acaf9,01a07757-9310-7272-93cd-404db4eb3a77,01a07757-9e1b-7fe3-9b11-a04cbd396d04,f,2026-09-06 15:30:25.94797+00
01a07757-9f1d-7e40-8ace-cbb211909347,01a07757-90f6-7ca2-9931-c03ede6acaf9,01a07757-9310-7272-93cd-4068c920e4b5,01a07757-9e1b-7fe3-9b11-a04cbd396d04,f,2026-09-06 15:30:25.94797+00
01a07757-9f1d-7e40-8ace-cbcee50c9504,01a07757-90f6-7ca2-9931-c03ede6acaf9,01a07757-9310-7272-93cd-404db4eb3a77,01a07757-9e1b-7fe3-9b11-a04cbd396d04,f,2026-09-06 15:30:25.94797+00
01a07757-9f1e-7b03-a92a-50bf8bd779cd,01a07757-90f6-7ca2-9931-c03ede6acaf9,01a07757-9310-7272-93cd-4068c920e4b5,01a07757-9e1b-7fe3-9b11-a04cbd396d04,f,2026-09-06 15:30:25.94797+00
01a07757-9f1e-7b03-a92a-50cb2ae6fced,01a07757-90f6-7ca2-9931-c03ede6acaf9,01a07757-9310-7272-93cd-404db4eb3a77,01a07757-9e1b-7fe3-9b11-a04cbd396d04,f,2026-09-06 15:30:25.94797+00
01a07757-9f1e-7b03-a92a-50d19fb4719e,01a07757-90f6-7ca2-9931-c03ede6acaf9,01a07757-9310-7272-93cd-4068c920e4b5,01a07757-9e1b-7fe3-9b11-a04cbd396d04,f,2026-09-06 15:30:25.94797+00
01a07757-9f36-7000-9c8c-484d3467a086,01a07757-99b6-7ff0-bf13-83dd6ad07a1e,01a07757-9db2-7eb2-957e-31c7c8a22794,01a07757-9e02-7ee2-bfb8-d7c4e8b7ba7b,f,2026-09-06 15:30:25.930137+00
01a07757-9f36-7000-9c8c-485b749f7931,01a07757-99b6-7ff0-bf13-83dd6ad07a1e,01a07757-9df2-7483-9d35-d23aae7110aa,01a07757-9e02-7ee2-bfb8-d7c4e8b7ba7b,f,2026-09-06 15:30:25.930137+00
01a07757-9f36-7000-9c8c-4866df315bb9,01a07757-99b6-7ff0-bf13-83dd6ad07a1e,01a07757-9db2-7eb2-957e-31c7c8a22794,01a07757-9e02-7ee2-bfb8-d7c4e8b7ba7b,f,2026-09-06 15:30:25.930137+00
01a07757-9f37-7e61-899d-fa60ccf8d85d,01a07757-99b6-7ff0-bf13-83dd6ad07a1e,01a07757-9df2-7483-9d35-d23aae7110aa,01a07757-9e02-7ee2-bfb8-d7c4e8b7ba7b,f,2026-09-06 15:30:25.930137+00
01a07757-9f37-7e61-899d-fa7b0977968d,01a07757-99b6-7ff0-bf13-83dd6ad07a1e,01a07757-9db2-7eb2-957e-31c7c8a22794,01a07757-9e02-7ee2-bfb8-d7c4e8b7ba7b,f,2026-09-06 15:30:25.930137+00
01a07757-9f37-7e61-899d-fa80e501a595,01a07757-99b6-7ff0-bf13-83dd6ad07a1e,01a07757-9df2-7483-9d35-d23aae7110aa,01a07757-9e02-7ee2-bfb8-d7c4e8b7ba7b,f,2026-09-06 15:30:25.930137+00
01a07757-9f38-72d2-90aa-325ab50b3d70,01a07757-99b6-7ff0-bf13-83dd6ad07a1e,01a07757-9dcb-76e1-8828-1f242afd1d85,01a07757-9e02-7ee2-bfb8-d7db0e3ebb43,f,2026-09-06 15:30:25.930137+00
01a07757-9f38-72d2-90aa-32627a6aa044,01a07757-99b6-7ff0-bf13-83dd6ad07a1e,01a07757-9d0c-7a21-91f4-6213ed06ddd5,01a07757-9e02-7ee2-bfb8-d7db0e3ebb43,f,2026-09-06 15:30:25.930137+00
01a07757-9f38-72d2-90aa-327b8725814e,01a07757-99b6-7ff0-bf13-83dd6ad07a1e,01a07757-9dcb-76e1-8828-1f242afd1d85,01a07757-9e02-7ee2-bfb8-d7db0e3ebb43,f,2026-09-06 15:30:25.930137+00
01a07757-9f39-7072-9731-50481df203c5,01a07757-99b6-7ff0-bf13-83dd6ad07a1e,01a07757-9d0c-7a21-91f4-6213ed06ddd5,01a07757-9e02-7ee2-bfb8-d7db0e3ebb43,f,2026-09-06 15:30:25.930137+00
01a07757-9f39-7072-9731-505e0d312ac6,01a07757-99b6-7ff0-bf13-83dd6ad07a1e,01a07757-9dcb-76e1-8828-1f242afd1d85,01a07757-9e02-7ee2-bfb8-d7db0e3ebb43,f,2026-09-06 15:30:25.930137+00
01a07757-9f39-7072-9731-506f0be38c26,01a07757-99b6-7ff0-bf13-83dd6ad07a1e,01a07757-9d0c-7a21-91f4-6213ed06ddd5,01a07757-9e02-7ee2-bfb8-d7db0e3ebb43,f,2026-09-06 15:30:25.930137+00
01a07757-9f3a-7442-b5bf-a284e8668944,01a07757-99b6-7ff0-bf13-83dd6ad07a1e,01a07757-9dea-7652-b802-95683ec3887c,01a07757-9e02-7ee2-bfb8-d7e7240712da,f,2026-09-06 15:30:25.930137+00
01a07757-9f3a-7442-b5bf-a29bd7521f22,01a07757-99b6-7ff0-bf13-83dd6ad07a1e,01a07757-9d99-75a1-ab8c-1e3d5be60add,01a07757-9e02-7ee2-bfb8-d7e7240712da,f,2026-09-06 15:30:25.930137+00
01a07757-9f3b-7fa0-99c1-5674573ae1d3,01a07757-99b6-7ff0-bf13-83dd6ad07a1e,01a07757-9dea-7652-b802-95683ec3887c,01a07757-9e02-7ee2-bfb8-d7e7240712da,f,2026-09-06 15:30:25.930137+00
01a07757-9f3b-7fa0-99c1-5681a726527a,01a07757-99b6-7ff0-bf13-83dd6ad07a1e,01a07757-9d99-75a1-ab8c-1e3d5be60add,01a07757-9e02-7ee2-bfb8-d7e7240712da,f,2026-09-06 15:30:25.930137+00
01a07757-9f3c-7763-86ec-28b1e8cc6105,01a07757-99b6-7ff0-bf13-83dd6ad07a1e,01a07757-9dea-7652-b802-95683ec3887c,01a07757-9e02-7ee2-bfb8-d7e7240712da,f,2026-09-06 15:30:25.930137+00
01a07757-9f3c-7763-86ec-28c2e81be75d,01a07757-99b6-7ff0-bf13-83dd6ad07a1e,01a07757-9d99-75a1-ab8c-1e3d5be60add,01a07757-9e02-7ee2-bfb8-d7e7240712da,f,2026-09-06 15:30:25.930137+00
01a07757-9f3f-7d52-8b7f-cb9464feb73b,01a07757-99b6-7ff0-bf13-83dd6ad07a1e,01a07757-9dea-7652-b802-95683ec3887c,01a07757-9e06-7360-a17f-8e6978012c7b,f,2026-09-06 15:30:25.931777+00
01a07757-9f3f-7d52-8b7f-cba96b22071c,01a07757-99b6-7ff0-bf13-83dd6ad07a1e,01a07757-9dcb-76e1-8828-1f242afd1d85,01a07757-9e06-7360-a17f-8e6978012c7b,f,2026-09-06 15:30:25.931777+00
01a07757-9f40-7921-9b07-7a2feb9862ea,01a07757-99b6-7ff0-bf13-83dd6ad07a1e,01a07757-9dea-7652-b802-95683ec3887c,01a07757-9e06-7360-a17f-8e6978012c7b,f,2026-09-06 15:30:25.931777+00
01a07757-9f40-7921-9b07-7a330948f3dd,01a07757-99b6-7ff0-bf13-83dd6ad07a1e,01a07757-9dcb-76e1-8828-1f242afd1d85,01a07757-9e06-7360-a17f-8e6978012c7b,f,2026-09-06 15:30:25.931777+00
01a07757-9f40-7921-9b07-7a4b7db35db1,01a07757-99b6-7ff0-bf13-83dd6ad07a1e,01a07757-9dea-7652-b802-95683ec3887c,01a07757-9e06-7360-a17f-8e6978012c7b,f,2026-09-06 15:30:25.931777+00
01a07757-9f41-7032-865f-69c1a8a31d7e,01a07757-99b6-7ff0-bf13-83dd6ad07a1e,01a07757-9dcb-76e1-8828-1f242afd1d85,01a07757-9e06-7360-a17f-8e6978012c7b,f,2026-09-06 15:30:25.931777+00
01a07757-9f41-7032-865f-69d366369bd4,01a07757-99b6-7ff0-bf13-83dd6ad07a1e,01a07757-9df2-7483-9d35-d23aae7110aa,01a07757-9e06-7360-a17f-8e72ea2d7fcf,f,2026-09-06 15:30:25.931777+00
01a07757-9f42-7282-83d0-cbf044933897,01a07757-99b6-7ff0-bf13-83dd6ad07a1e,01a07757-9dea-7652-b802-95683ec3887c,01a07757-9e06-7360-a17f-8e72ea2d7fcf,f,2026-09-06 15:30:25.931777+00
01a07757-9f42-7282-83d0-cc0da585b298,01a07757-99b6-7ff0-bf13-83dd6ad07a1e,01a07757-9df2-7483-9d35-d23aae7110aa,01a07757-9e06-7360-a17f-8e72ea2d7fcf,f,2026-09-06 15:30:25.931777+00
01a07757-9f42-7282-83d0-cc17b872f83e,01a07757-99b6-7ff0-bf13-83dd6ad07a1e,01a07757-9dea-7652-b802-95683ec3887c,01a07757-9e06-7360-a17f-8e72ea2d7fcf,f,2026-09-06 15:30:25.931777+00
01a07757-9f42-7282-83d0-cc2ab110e986,01a07757-99b6-7ff0-bf13-83dd6ad07a1e,01a07757-9df2-7483-9d35-d23aae7110aa,01a07757-9e06-7360-a17f-8e72ea2d7fcf,f,2026-09-06 15:30:25.931777+00
01a07757-9f43-7fa1-9baf-7f7838c915e2,01a07757-99b6-7ff0-bf13-83dd6ad07a1e,01a07757-9dea-7652-b802-95683ec3887c,01a07757-9e06-7360-a17f-8e72ea2d7fcf,f,2026-09-06 15:30:25.931777+00
01a07757-9f44-7462-abad-2a8616b007ce,01a07757-99b6-7ff0-bf13-83dd6ad07a1e,01a07757-9d0c-7a21-91f4-6213ed06ddd5,01a07757-9e06-7360-a17f-8e8a0e91d8c2,f,2026-09-06 15:30:25.931777+00
01a07757-9f44-7462-abad-2a940c56d943,01a07757-99b6-7ff0-bf13-83dd6ad07a1e,01a07757-9df2-7483-9d35-d23aae7110aa,01a07757-9e06-7360-a17f-8e8a0e91d8c2,f,2026-09-06 15:30:25.931777+00
01a07757-9f44-7462-abad-2aa200799b77,01a07757-99b6-7ff0-bf13-83dd6ad07a1e,01a07757-9d0c-7a21-91f4-6213ed06ddd5,01a07757-9e06-7360-a17f-8e8a0e91d8c2,f,2026-09-06 15:30:25.931777+00
01a07757-9f45-7cb2-92e7-36c6e7868bd0,01a07757-99b6-7ff0-bf13-83dd6ad07a1e,01a07757-9df2-7483-9d35-d23aae7110aa,01a07757-9e06-7360-a17f-8e8a0e91d8c2,f,2026-09-06 15:30:25.931777+00
01a07757-9f45-7cb2-92e7-36d3c98e8183,01a07757-99b6-7ff0-bf13-83dd6ad07a1e,01a07757-9d0c-7a21-91f4-6213ed06ddd5,01a07757-9e06-7360-a17f-8e8a0e91d8c2,f,2026-09-06 15:30:25.931777+00
01a07757-9f45-7cb2-92e7-36e32dc8c2ad,01a07757-99b6-7ff0-bf13-83dd6ad07a1e,01a07757-9df2-7483-9d35-d23aae7110aa,01a07757-9e06-7360-a17f-8e8a0e91d8c2,f,2026-09-06 15:30:25.931777+00
01a07757-9f77-7092-87bb-d0bbab229ac4,01a07757-9b49-78d2-ba3e-8cb7e6c2f25d,01a07757-9ee7-7431-ae4c-4a78289e1cd7,01a07757-9f69-7811-a3c2-684ebaf19bdb,f,2026-09-06 15:30:26.286312+00
01a07757-9f78-7931-ac8c-fc1c4a1239af,01a07757-9b49-78d2-ba3e-8cb7e6c2f25d,01a07757-9ee7-7431-ae4c-4a8b69d44c16,01a07757-9f69-7811-a3c2-684ebaf19bdb,f,2026-09-06 15:30:26.286312+00
01a07757-9f78-7931-ac8c-fc3f4df7e94f,01a07757-9b49-78d2-ba3e-8cb7e6c2f25d,01a07757-9ee7-7431-ae4c-4a78289e1cd7,01a07757-9f69-7811-a3c2-684ebaf19bdb,f,2026-09-06 15:30:26.286312+00
01a07757-9f78-7931-ac8c-fc444ca30ae6,01a07757-9b49-78d2-ba3e-8cb7e6c2f25d,01a07757-9ee7-7431-ae4c-4a8b69d44c16,01a07757-9f69-7811-a3c2-684ebaf19bdb,f,2026-09-06 15:30:26.286312+00
01a07757-9f78-7931-ac8c-fc6a76f99973,01a07757-9b49-78d2-ba3e-8cb7e6c2f25d,01a07757-9ee7-7431-ae4c-4a78289e1cd7,01a07757-9f69-7811-a3c2-684ebaf19bdb,f,2026-09-06 15:30:26.286312+00
01a07757-9f79-7c92-9ac7-a2afc2202310,01a07757-9b49-78d2-ba3e-8cb7e6c2f25d,01a07757-9ee7-7431-ae4c-4a8b69d44c16,01a07757-9f69-7811-a3c2-684ebaf19bdb,f,2026-09-06 15:30:26.286312+00
01a07757-9f7b-79b1-9980-61344ba47d25,01a07757-9b49-78d2-ba3e-8cb7e6c2f25d,01a07757-9ee7-7431-ae4c-4a78289e1cd7,01a07757-9f69-7811-a3c2-68570cd75f97,f,2026-09-06 15:30:26.286312+00
01a07757-9f7c-73d1-a18b-ce3348355716,01a07757-9b49-78d2-ba3e-8cb7e6c2f25d,01a07757-9ee7-7431-ae4c-4a8b69d44c16,01a07757-9f69-7811-a3c2-68570cd75f97,f,2026-09-06 15:30:26.286312+00
01a07757-9f7c-73d1-a18b-ce545c58e466,01a07757-9b49-78d2-ba3e-8cb7e6c2f25d,01a07757-9ee7-7431-ae4c-4a78289e1cd7,01a07757-9f69-7811-a3c2-68570cd75f97,f,2026-09-06 15:30:26.286312+00
01a07757-9f7c-73d1-a18b-ce73fde37e6d,01a07757-9b49-78d2-ba3e-8cb7e6c2f25d,01a07757-9ee7-7431-ae4c-4a8b69d44c16,01a07757-9f69-7811-a3c2-68570cd75f97,f,2026-09-06 15:30:26.286312+00
01a07757-9f7c-73d1-a18b-ce901062898c,01a07757-9b49-78d2-ba3e-8cb7e6c2f25d,01a07757-9ee7-7431-ae4c-4a78289e1cd7,01a07757-9f69-7811-a3c2-68570cd75f97,f,2026-09-06 15:30:26.286312+00
01a07757-9f7d-7ee1-8b36-a57eff084f75,01a07757-9b49-78d2-ba3e-8cb7e6c2f25d,01a07757-9ee7-7431-ae4c-4a8b69d44c16,01a07757-9f69-7811-a3c2-68570cd75f97,f,2026-09-06 15:30:26.286312+00
01a07757-9f7e-7ba1-9a57-45f420d9d4fa,01a07757-9b49-78d2-ba3e-8cb7e6c2f25d,01a07757-9ee7-7431-ae4c-4a78289e1cd7,01a07757-9f69-7811-a3c2-6867ce9ee638,f,2026-09-06 15:30:26.286312+00
01a07757-9f7e-7ba1-9a57-4604acc6366e,01a07757-9b49-78d2-ba3e-8cb7e6c2f25d,01a07757-9ee7-7431-ae4c-4a8b69d44c16,01a07757-9f69-7811-a3c2-6867ce9ee638,f,2026-09-06 15:30:26.286312+00
01a07757-9f7e-7ba1-9a57-46175c96b1fe,01a07757-9b49-78d2-ba3e-8cb7e6c2f25d,01a07757-9ee7-7431-ae4c-4a78289e1cd7,01a07757-9f69-7811-a3c2-6867ce9ee638,f,2026-09-06 15:30:26.286312+00
01a07757-9f7e-7ba1-9a57-4627fa542e14,01a07757-9b49-78d2-ba3e-8cb7e6c2f25d,01a07757-9ee7-7431-ae4c-4a8b69d44c16,01a07757-9f69-7811-a3c2-6867ce9ee638,f,2026-09-06 15:30:26.286312+00
01a07757-9f7f-7d12-995f-1c8bff71f298,01a07757-9b49-78d2-ba3e-8cb7e6c2f25d,01a07757-9ee7-7431-ae4c-4a78289e1cd7,01a07757-9f69-7811-a3c2-6867ce9ee638,f,2026-09-06 15:30:26.286312+00
01a07757-9f7f-7d12-995f-1c9b64d413e4,01a07757-9b49-78d2-ba3e-8cb7e6c2f25d,01a07757-9ee7-7431-ae4c-4a8b69d44c16,01a07757-9f69-7811-a3c2-6867ce9ee638,f,2026-09-06 15:30:26.286312+00
01a07757-9f80-7250-84c6-41e13ac7a71a,01a07757-9b49-78d2-ba3e-8cb7e6c2f25d,01a07757-9ee7-7431-ae4c-4a78289e1cd7,01a07757-9f69-7811-a3c2-68781acf7ac0,f,2026-09-06 15:30:26.286312+00
01a07757-9f80-7250-84c6-41f6f614f990,01a07757-9b49-78d2-ba3e-8cb7e6c2f25d,01a07757-9ee7-7431-ae4c-4a8b69d44c16,01a07757-9f69-7811-a3c2-68781acf7ac0,f,2026-09-06 15:30:26.286312+00
01a07757-9f81-7f61-85f0-d7d31e0fc130,01a07757-9b49-78d2-ba3e-8cb7e6c2f25d,01a07757-9ee7-7431-ae4c-4a78289e1cd7,01a07757-9f69-7811-a3c2-68781acf7ac0,f,2026-09-06 15:30:26.286312+00
01a07757-9f81-7f61-85f0-d7eaeab4981e,01a07757-9b49-78d2-ba3e-8cb7e6c2f25d,01a07757-9ee7-7431-ae4c-4a8b69d44c16,01a07757-9f69-7811-a3c2-68781acf7ac0,f,2026-09-06 15:30:26.286312+00
01a07757-9f81-7f61-85f0-d7f5b4d8cdf8,01a07757-9b49-78d2-ba3e-8cb7e6c2f25d,01a07757-9ee7-7431-ae4c-4a78289e1cd7,01a07757-9f69-7811-a3c2-68781acf7ac0,f,2026-09-06 15:30:26.286312+00
01a07757-9f81-7f61-85f0-d803a3d35625,01a07757-9b49-78d2-ba3e-8cb7e6c2f25d,01a07757-9ee7-7431-ae4c-4a8b69d44c16,01a07757-9f69-7811-a3c2-68781acf7ac0,f,2026-09-06 15:30:26.286312+00
01a07757-9f82-7dd1-b688-3ef10c3696a5,01a07757-9b49-78d2-ba3e-8cb7e6c2f25d,01a07757-9ee7-7431-ae4c-4a78289e1cd7,01a07757-9f69-7811-a3c2-688248cd13b7,f,2026-09-06 15:30:26.286312+00
01a07757-9f82-7dd1-b688-3f0fc86d0bd4,01a07757-9b49-78d2-ba3e-8cb7e6c2f25d,01a07757-9ee7-7431-ae4c-4a8b69d44c16,01a07757-9f69-7811-a3c2-688248cd13b7,f,2026-09-06 15:30:26.286312+00
01a07757-9f82-7dd1-b688-3f1765bc056a,01a07757-9b49-78d2-ba3e-8cb7e6c2f25d,01a07757-9ee7-7431-ae4c-4a78289e1cd7,01a07757-9f69-7811-a3c2-688248cd13b7,f,2026-09-06 15:30:26.286312+00
01a07757-9f82-7dd1-b688-3f284981b7db,01a07757-9b49-78d2-ba3e-8cb7e6c2f25d,01a07757-9ee7-7431-ae4c-4a8b69d44c16,01a07757-9f69-7811-a3c2-688248cd13b7,f,2026-09-06 15:30:26.286312+00
01a07757-9f83-75a2-8583-74cecc48f7ae,01a07757-9b49-78d2-ba3e-8cb7e6c2f25d,01a07757-9ee7-7431-ae4c-4a78289e1cd7,01a07757-9f69-7811-a3c2-688248cd13b7,f,2026-09-06 15:30:26.286312+00
01a07757-9f83-75a2-8583-74db2a21273a,01a07757-9b49-78d2-ba3e-8cb7e6c2f25d,01a07757-9ee7-7431-ae4c-4a8b69d44c16,01a07757-9f69-7811-a3c2-688248cd13b7,f,2026-09-06 15:30:26.286312+00
01a07757-9fff-7c91-bdd7-9baec8149003,01a07757-9b49-78d2-ba3e-8cb7e6c2f25d,01a07757-9f1c-7f63-a99b-7043eb2e05c2,01a07757-9ffb-7973-96eb-efeb08eb1bf3,f,2026-09-06 15:30:26.431195+00
01a07757-a000-7c61-b73f-a3d99bc36f26,01a07757-9b49-78d2-ba3e-8cb7e6c2f25d,01a07757-9f1c-7f63-a99b-7056e80381fa,01a07757-9ffb-7973-96eb-efeb08eb1bf3,f,2026-09-06 15:30:26.431195+00
01a07757-a000-7c61-b73f-a3efa13ffd43,01a07757-9b49-78d2-ba3e-8cb7e6c2f25d,01a07757-9f1c-7f63-a99b-7043eb2e05c2,01a07757-9ffb-7973-96eb-efeb08eb1bf3,f,2026-09-06 15:30:26.431195+00
01a07757-a001-7080-82ba-a6790e0c1779,01a07757-9b49-78d2-ba3e-8cb7e6c2f25d,01a07757-9f1c-7f63-a99b-7056e80381fa,01a07757-9ffb-7973-96eb-efeb08eb1bf3,f,2026-09-06 15:30:26.431195+00
01a07757-a001-7080-82ba-a6856afa705f,01a07757-9b49-78d2-ba3e-8cb7e6c2f25d,01a07757-9f1c-7f63-a99b-7043eb2e05c2,01a07757-9ffb-7973-96eb-efeb08eb1bf3,f,2026-09-06 15:30:26.431195+00
01a07757-a001-7080-82ba-a692c9b5ee2b,01a07757-9b49-78d2-ba3e-8cb7e6c2f25d,01a07757-9f1c-7f63-a99b-7056e80381fa,01a07757-9ffb-7973-96eb-efeb08eb1bf3,f,2026-09-06 15:30:26.431195+00
01a07757-a034-75d2-8385-a063179aee07,01a07757-9b49-78d2-ba3e-8cb7e6c2f25d,01a07757-9f1c-7f63-a99b-7043eb2e05c2,01a07757-a031-7fc0-ba9b-4c747a4622a4,f,2026-09-06 15:30:26.483283+00
01a07757-a034-75d2-8385-a078eb6afe60,01a07757-9b49-78d2-ba3e-8cb7e6c2f25d,01a07757-9f1c-7f63-a99b-7056e80381fa,01a07757-a031-7fc0-ba9b-4c747a4622a4,f,2026-09-06 15:30:26.483283+00
01a07757-a035-77d0-9d83-734bc6fd89eb,01a07757-9b49-78d2-ba3e-8cb7e6c2f25d,01a07757-9f1c-7f63-a99b-7043eb2e05c2,01a07757-a031-7fc0-ba9b-4c747a4622a4,f,2026-09-06 15:30:26.483283+00
01a07757-a035-77d0-9d83-7355c459168c,01a07757-9b49-78d2-ba3e-8cb7e6c2f25d,01a07757-9f1c-7f63-a99b-7056e80381fa,01a07757-a031-7fc0-ba9b-4c747a4622a4,f,2026-09-06 15:30:26.483283+00
01a07757-a035-77d0-9d83-736a0df3eec9,01a07757-9b49-78d2-ba3e-8cb7e6c2f25d,01a07757-9f1c-7f63-a99b-7043eb2e05c2,01a07757-a031-7fc0-ba9b-4c747a4622a4,f,2026-09-06 15:30:26.483283+00
01a07757-a036-7692-b75a-5e6e37261caf,01a07757-9b49-78d2-ba3e-8cb7e6c2f25d,01a07757-9f1c-7f63-a99b-7056e80381fa,01a07757-a031-7fc0-ba9b-4c747a4622a4,f,2026-09-06 15:30:26.483283+00
01a07757-a06f-7fd2-91e7-8f783b9eccdb,01a07757-9b49-78d2-ba3e-8cb7e6c2f25d,01a07757-9f1c-7f63-a99b-7043eb2e05c2,01a07757-a06b-7002-90cf-9dbc204abfa1,f,2026-09-06 15:30:26.541392+00
01a07757-a06f-7fd2-91e7-8f846d92055b,01a07757-9b49-78d2-ba3e-8cb7e6c2f25d,01a07757-9f1c-7f63-a99b-7056e80381fa,01a07757-a06b-7002-90cf-9dbc204abfa1,f,2026-09-06 15:30:26.541392+00
01a07757-a070-7600-b8b0-d40f2251b779,01a07757-9b49-78d2-ba3e-8cb7e6c2f25d,01a07757-9f1c-7f63-a99b-7043eb2e05c2,01a07757-a06b-7002-90cf-9dbc204abfa1,f,2026-09-06 15:30:26.541392+00
01a07757-a070-7600-b8b0-d417de4164ca,01a07757-9b49-78d2-ba3e-8cb7e6c2f25d,01a07757-9f1c-7f63-a99b-7056e80381fa,01a07757-a06b-7002-90cf-9dbc204abfa1,f,2026-09-06 15:30:26.541392+00
01a07757-a070-7600-b8b0-d42d50b7c557,01a07757-9b49-78d2-ba3e-8cb7e6c2f25d,01a07757-9f1c-7f63-a99b-7043eb2e05c2,01a07757-a06b-7002-90cf-9dbc204abfa1,f,2026-09-06 15:30:26.541392+00
01a07757-a070-7600-b8b0-d43aea0854ea,01a07757-9b49-78d2-ba3e-8cb7e6c2f25d,01a07757-9f1c-7f63-a99b-7056e80381fa,01a07757-a06b-7002-90cf-9dbc204abfa1,f,2026-09-06 15:30:26.541392+00
01a07757-a0bf-7df1-8508-a254f0266e33,01a07757-9b49-78d2-ba3e-8cb7e6c2f25d,01a07757-9f1c-7f63-a99b-7043eb2e05c2,01a07757-a0bc-7821-bb41-d2e3d448d1cb,f,2026-09-06 15:30:26.62291+00
01a07757-a0c0-7ba0-b053-5481f8b313df,01a07757-9b49-78d2-ba3e-8cb7e6c2f25d,01a07757-9f1c-7f63-a99b-7056e80381fa,01a07757-a0bc-7821-bb41-d2e3d448d1cb,f,2026-09-06 15:30:26.62291+00
01a07757-a0c0-7ba0-b053-549cc73b2633,01a07757-9b49-78d2-ba3e-8cb7e6c2f25d,01a07757-9f1c-7f63-a99b-7043eb2e05c2,01a07757-a0bc-7821-bb41-d2e3d448d1cb,f,2026-09-06 15:30:26.62291+00
01a07757-a0c1-7412-959b-6dafdd07dca6,01a07757-9b49-78d2-ba3e-8cb7e6c2f25d,01a07757-9f1c-7f63-a99b-7056e80381fa,01a07757-a0bc-7821-bb41-d2e3d448d1cb,f,2026-09-06 15:30:26.62291+00
01a07757-a0c3-74a2-987c-be42566bad23,01a07757-9b49-78d2-ba3e-8cb7e6c2f25d,01a07757-9f1c-7f63-a99b-7043eb2e05c2,01a07757-a0bc-7821-bb41-d2e3d448d1cb,f,2026-09-06 15:30:26.62291+00
01a07757-a0c3-74a2-987c-be5cbd9f8b61,01a07757-9b49-78d2-ba3e-8cb7e6c2f25d,01a07757-9f1c-7f63-a99b-7056e80381fa,01a07757-a0bc-7821-bb41-d2e3d448d1cb,f,2026-09-06 15:30:26.62291+00
01a07757-a0fb-78f2-8805-bcd6f12dbec3,01a07757-99b6-7ff0-bf13-83dd6ad07a1e,01a07757-9dea-7652-b802-95683ec3887c,01a07757-9f49-7741-932d-f86c745d19a1,f,2026-09-06 15:30:26.682264+00
01a07757-a0fb-78f2-8805-bce638f624c0,01a07757-99b6-7ff0-bf13-83dd6ad07a1e,01a07757-9db2-7eb2-957e-31c7c8a22794,01a07757-9f49-7741-932d-f86c745d19a1,f,2026-09-06 15:30:26.682264+00
01a07757-a0fc-7851-b9cb-ee7cfc1ac11c,01a07757-99b6-7ff0-bf13-83dd6ad07a1e,01a07757-9dea-7652-b802-95683ec3887c,01a07757-9f49-7741-932d-f86c745d19a1,f,2026-09-06 15:30:26.682264+00
01a07757-a0fc-7851-b9cb-ee81256a8bb6,01a07757-99b6-7ff0-bf13-83dd6ad07a1e,01a07757-9db2-7eb2-957e-31c7c8a22794,01a07757-9f49-7741-932d-f86c745d19a1,f,2026-09-06 15:30:26.682264+00
01a07757-a0fc-7851-b9cb-ee94d654e2d8,01a07757-99b6-7ff0-bf13-83dd6ad07a1e,01a07757-9dea-7652-b802-95683ec3887c,01a07757-9f49-7741-932d-f86c745d19a1,f,2026-09-06 15:30:26.682264+00
01a07757-a0fd-7652-a9fb-4ec19fd119ba,01a07757-99b6-7ff0-bf13-83dd6ad07a1e,01a07757-9db2-7eb2-957e-31c7c8a22794,01a07757-9f49-7741-932d-f86c745d19a1,f,2026-09-06 15:30:26.682264+00
01a07757-a0fe-7c41-b070-24e997e6217e,01a07757-99b6-7ff0-bf13-83dd6ad07a1e,01a07757-9df2-7483-9d35-d23aae7110aa,01a07757-9f49-7741-932d-f874dc9ef0df,f,2026-09-06 15:30:26.682264+00
01a07757-a0fe-7c41-b070-24f9b3e3361c,01a07757-99b6-7ff0-bf13-83dd6ad07a1e,01a07757-9dcb-76e1-8828-1f242afd1d85,01a07757-9f49-7741-932d-f874dc9ef0df,f,2026-09-06 15:30:26.682264+00
01a07757-a0fe-7c41-b070-25084492399e,01a07757-99b6-7ff0-bf13-83dd6ad07a1e,01a07757-9df2-7483-9d35-d23aae7110aa,01a07757-9f49-7741-932d-f874dc9ef0df,f,2026-09-06 15:30:26.682264+00
01a07757-a0ff-70a2-a6b6-bed0aeacac5d,01a07757-99b6-7ff0-bf13-83dd6ad07a1e,01a07757-9dcb-76e1-8828-1f242afd1d85,01a07757-9f49-7741-932d-f874dc9ef0df,f,2026-09-06 15:30:26.682264+00
01a07757-a0ff-70a2-a6b6-beef3011dda3,01a07757-99b6-7ff0-bf13-83dd6ad07a1e,01a07757-9df2-7483-9d35-d23aae7110aa,01a07757-9f49-7741-932d-f874dc9ef0df,f,2026-09-06 15:30:26.682264+00
01a07757-a0ff-70a2-a6b6-befb92e23030,01a07757-99b6-7ff0-bf13-83dd6ad07a1e,01a07757-9dcb-76e1-8828-1f242afd1d85,01a07757-9f49-7741-932d-f874dc9ef0df,f,2026-09-06 15:30:26.682264+00
01a07757-a100-7f62-b9ab-c8d50ce4eb86,01a07757-99b6-7ff0-bf13-83dd6ad07a1e,01a07757-9d0c-7a21-91f4-6213ed06ddd5,01a07757-9f49-7741-932d-f88533b8ffe0,f,2026-09-06 15:30:26.682264+00
01a07757-a101-7192-ae71-071d20f38180,01a07757-99b6-7ff0-bf13-83dd6ad07a1e,01a07757-9dea-7652-b802-95683ec3887c,01a07757-9f49-7741-932d-f88533b8ffe0,f,2026-09-06 15:30:26.682264+00
01a07757-a101-7192-ae71-0726e6323558,01a07757-99b6-7ff0-bf13-83dd6ad07a1e,01a07757-9d0c-7a21-91f4-6213ed06ddd5,01a07757-9f49-7741-932d-f88533b8ffe0,f,2026-09-06 15:30:26.682264+00
01a07757-a101-7192-ae71-074ba5c2c780,01a07757-99b6-7ff0-bf13-83dd6ad07a1e,01a07757-9dea-7652-b802-95683ec3887c,01a07757-9f49-7741-932d-f88533b8ffe0,f,2026-09-06 15:30:26.682264+00
01a07757-a102-75f2-b958-e64945e62bf4,01a07757-99b6-7ff0-bf13-83dd6ad07a1e,01a07757-9d0c-7a21-91f4-6213ed06ddd5,01a07757-9f49-7741-932d-f88533b8ffe0,f,2026-09-06 15:30:26.682264+00
01a07757-a102-75f2-b958-e655e6977aa4,01a07757-99b6-7ff0-bf13-83dd6ad07a1e,01a07757-9dea-7652-b802-95683ec3887c,01a07757-9f49-7741-932d-f88533b8ffe0,f,2026-09-06 15:30:26.682264+00
01a07757-a11f-71f2-b1ed-e3906adbbb7e,01a07757-99b6-7ff0-bf13-83dd6ad07a1e,01a07757-9d0c-7a21-91f4-6213ed06ddd5,01a07757-a10e-73e1-8c88-a0a5332af637,f,2026-09-06 15:30:26.717809+00
01a07757-a122-7272-bec3-3b4c630c24f8,01a07757-99b6-7ff0-bf13-83dd6ad07a1e,01a07757-9d99-75a1-ab8c-1e3d5be60add,01a07757-a10e-73e1-8c88-a0a5332af637,f,2026-09-06 15:30:26.717809+00
01a07757-a122-7272-bec3-3b55e6f0ac57,01a07757-99b6-7ff0-bf13-83dd6ad07a1e,01a07757-9d0c-7a21-91f4-6213ed06ddd5,01a07757-a10e-73e1-8c88-a0a5332af637,f,2026-09-06 15:30:26.717809+00
01a07757-a123-7651-8800-474ec261fb53,01a07757-99b6-7ff0-bf13-83dd6ad07a1e,01a07757-9d99-75a1-ab8c-1e3d5be60add,01a07757-a10e-73e1-8c88-a0a5332af637,f,2026-09-06 15:30:26.717809+00
01a07757-a123-7651-8800-47519db3a3c3,01a07757-99b6-7ff0-bf13-83dd6ad07a1e,01a07757-9d0c-7a21-91f4-6213ed06ddd5,01a07757-a10e-73e1-8c88-a0a5332af637,f,2026-09-06 15:30:26.717809+00
01a07757-a123-7651-8800-47617438d597,01a07757-99b6-7ff0-bf13-83dd6ad07a1e,01a07757-9d99-75a1-ab8c-1e3d5be60add,01a07757-a10e-73e1-8c88-a0a5332af637,f,2026-09-06 15:30:26.717809+00
01a07757-a123-7651-8800-4770605a57fe,01a07757-9b49-78d2-ba3e-8cb7e6c2f25d,01a07757-9f1c-7f63-a99b-7043eb2e05c2,01a07757-a11e-79f3-8fda-209b14901762,f,2026-09-06 15:30:26.720279+00
01a07757-a124-7ba0-8ffb-6cf0442bd031,01a07757-9b49-78d2-ba3e-8cb7e6c2f25d,01a07757-9f1c-7f63-a99b-7056e80381fa,01a07757-a11e-79f3-8fda-209b14901762,f,2026-09-06 15:30:26.720279+00
01a07757-a125-79c2-b2f6-a56192b3c33a,01a07757-9b49-78d2-ba3e-8cb7e6c2f25d,01a07757-9f1c-7f63-a99b-7043eb2e05c2,01a07757-a11e-79f3-8fda-209b14901762,f,2026-09-06 15:30:26.720279+00
01a07757-a126-7c63-b35f-935474b9d133,01a07757-9b49-78d2-ba3e-8cb7e6c2f25d,01a07757-9f1c-7f63-a99b-7056e80381fa,01a07757-a11e-79f3-8fda-209b14901762,f,2026-09-06 15:30:26.720279+00
01a07757-a126-7c63-b35f-93605694eedb,01a07757-9b49-78d2-ba3e-8cb7e6c2f25d,01a07757-9f1c-7f63-a99b-7043eb2e05c2,01a07757-a11e-79f3-8fda-209b14901762,f,2026-09-06 15:30:26.720279+00
01a07757-a127-7470-b3c3-56c71152d5ed,01a07757-9b49-78d2-ba3e-8cb7e6c2f25d,01a07757-9f1c-7f63-a99b-7056e80381fa,01a07757-a11e-79f3-8fda-209b14901762,f,2026-09-06 15:30:26.720279+00
01a07757-a127-7470-b3c3-56d9487c0f05,01a07757-99b6-7ff0-bf13-83dd6ad07a1e,01a07757-9d99-75a1-ab8c-1e3d5be60add,01a07757-a10e-73e1-8c88-a0bd1268078d,f,2026-09-06 15:30:26.717809+00
01a07757-a129-74d1-b32d-ddb79090e55d,01a07757-99b6-7ff0-bf13-83dd6ad07a1e,01a07757-9db2-7eb2-957e-31c7c8a22794,01a07757-a10e-73e1-8c88-a0bd1268078d,f,2026-09-06 15:30:26.717809+00
01a07757-a129-74d1-b32d-ddc796ecf3b1,01a07757-99b6-7ff0-bf13-83dd6ad07a1e,01a07757-9d99-75a1-ab8c-1e3d5be60add,01a07757-a10e-73e1-8c88-a0bd1268078d,f,2026-09-06 15:30:26.717809+00
01a07757-a12a-7a83-bf00-d4f4ded58b21,01a07757-99b6-7ff0-bf13-83dd6ad07a1e,01a07757-9db2-7eb2-957e-31c7c8a22794,01a07757-a10e-73e1-8c88-a0bd1268078d,f,2026-09-06 15:30:26.717809+00
01a07757-a12a-7a83-bf00-d500b60a530e,01a07757-99b6-7ff0-bf13-83dd6ad07a1e,01a07757-9d99-75a1-ab8c-1e3d5be60add,01a07757-a10e-73e1-8c88-a0bd1268078d,f,2026-09-06 15:30:26.717809+00
01a07757-a12a-7a83-bf00-d51635e8c047,01a07757-99b6-7ff0-bf13-83dd6ad07a1e,01a07757-9db2-7eb2-957e-31c7c8a22794,01a07757-a10e-73e1-8c88-a0bd1268078d,f,2026-09-06 15:30:26.717809+00
01a07757-a12d-7e70-989d-69656090721c,01a07757-99b6-7ff0-bf13-83dd6ad07a1e,01a07757-9db2-7eb2-957e-31c7c8a22794,01a07757-a10e-73e1-8c88-a0c489c73001,f,2026-09-06 15:30:26.717809+00
01a07757-a12d-7e70-989d-697b012088e4,01a07757-99b6-7ff0-bf13-83dd6ad07a1e,01a07757-9dcb-76e1-8828-1f242afd1d85,01a07757-a10e-73e1-8c88-a0c489c73001,f,2026-09-06 15:30:26.717809+00
01a07757-a12d-7e70-989d-69875345c2f8,01a07757-99b6-7ff0-bf13-83dd6ad07a1e,01a07757-9db2-7eb2-957e-31c7c8a22794,01a07757-a10e-73e1-8c88-a0c489c73001,f,2026-09-06 15:30:26.717809+00
01a07757-a12e-70b3-8cb7-7eecd9ec5905,01a07757-99b6-7ff0-bf13-83dd6ad07a1e,01a07757-9dcb-76e1-8828-1f242afd1d85,01a07757-a10e-73e1-8c88-a0c489c73001,f,2026-09-06 15:30:26.717809+00
01a07757-a12e-70b3-8cb7-7efe6dd9b4bc,01a07757-99b6-7ff0-bf13-83dd6ad07a1e,01a07757-9db2-7eb2-957e-31c7c8a22794,01a07757-a10e-73e1-8c88-a0c489c73001,f,2026-09-06 15:30:26.717809+00
01a07757-a12e-70b3-8cb7-7f06f904edea,01a07757-99b6-7ff0-bf13-83dd6ad07a1e,01a07757-9dcb-76e1-8828-1f242afd1d85,01a07757-a10e-73e1-8c88-a0c489c73001,f,2026-09-06 15:30:26.717809+00
01a07757-a191-7a10-af8e-9e718e333675,01a07757-99b6-7ff0-bf13-83dd6ad07a1e,01a07757-9db2-7eb2-957e-31c7c8a22794,01a07757-a18c-7922-a134-3672ca8fd798,f,2026-09-06 15:30:26.832813+00
01a07757-a192-7062-b795-f9bbae81813b,01a07757-99b6-7ff0-bf13-83dd6ad07a1e,01a07757-9dea-7652-b802-95683ec3887c,01a07757-a18c-7922-a134-3672ca8fd798,f,2026-09-06 15:30:26.832813+00
01a07757-a192-7062-b795-f9cf5b04255e,01a07757-99b6-7ff0-bf13-83dd6ad07a1e,01a07757-9db2-7eb2-957e-31c7c8a22794,01a07757-a18c-7922-a134-3672ca8fd798,f,2026-09-06 15:30:26.832813+00
01a07757-a192-7062-b795-f9db2c776ab7,01a07757-99b6-7ff0-bf13-83dd6ad07a1e,01a07757-9dea-7652-b802-95683ec3887c,01a07757-a18c-7922-a134-3672ca8fd798,f,2026-09-06 15:30:26.832813+00
01a07757-a193-71a1-b2b9-069a86ce68f7,01a07757-99b6-7ff0-bf13-83dd6ad07a1e,01a07757-9db2-7eb2-957e-31c7c8a22794,01a07757-a18c-7922-a134-3672ca8fd798,f,2026-09-06 15:30:26.832813+00
01a07757-a193-71a1-b2b9-06ac1211b9db,01a07757-99b6-7ff0-bf13-83dd6ad07a1e,01a07757-9dea-7652-b802-95683ec3887c,01a07757-a18c-7922-a134-3672ca8fd798,f,2026-09-06 15:30:26.832813+00
01a07757-a194-7972-9743-2645b6a9121b,01a07757-99b6-7ff0-bf13-83dd6ad07a1e,01a07757-9dcb-76e1-8828-1f242afd1d85,01a07757-a18c-7922-a134-36892a34d957,f,2026-09-06 15:30:26.832813+00
01a07757-a194-7972-9743-265da1204b81,01a07757-99b6-7ff0-bf13-83dd6ad07a1e,01a07757-9df2-7483-9d35-d23aae7110aa,01a07757-a18c-7922-a134-36892a34d957,f,2026-09-06 15:30:26.832813+00
01a07757-a194-7972-9743-26642f1d9b5b,01a07757-99b6-7ff0-bf13-83dd6ad07a1e,01a07757-9dcb-76e1-8828-1f242afd1d85,01a07757-a18c-7922-a134-36892a34d957,f,2026-09-06 15:30:26.832813+00
01a07757-a195-7a23-9681-a312ef2ba972,01a07757-99b6-7ff0-bf13-83dd6ad07a1e,01a07757-9df2-7483-9d35-d23aae7110aa,01a07757-a18c-7922-a134-36892a34d957,f,2026-09-06 15:30:26.832813+00
01a07757-a195-7a23-9681-a3293df7788c,01a07757-99b6-7ff0-bf13-83dd6ad07a1e,01a07757-9dcb-76e1-8828-1f242afd1d85,01a07757-a18c-7922-a134-36892a34d957,f,2026-09-06 15:30:26.832813+00
01a07757-a195-7a23-9681-a335d954865e,01a07757-99b6-7ff0-bf13-83dd6ad07a1e,01a07757-9df2-7483-9d35-d23aae7110aa,01a07757-a18c-7922-a134-36892a34d957,f,2026-09-06 15:30:26.832813+00
01a07757-a196-78c1-9fca-e0ca5c571fcd,01a07757-99b6-7ff0-bf13-83dd6ad07a1e,01a07757-9dea-7652-b802-95683ec3887c,01a07757-a18d-7ff2-bffa-fee9d55423b2,f,2026-09-06 15:30:26.832813+00
01a07757-a197-71b2-99fe-599e28fa4529,01a07757-99b6-7ff0-bf13-83dd6ad07a1e,01a07757-9d0c-7a21-91f4-6213ed06ddd5,01a07757-a18d-7ff2-bffa-fee9d55423b2,f,2026-09-06 15:30:26.832813+00
01a07757-a197-71b2-99fe-59aaa7d25e3a,01a07757-99b6-7ff0-bf13-83dd6ad07a1e,01a07757-9dea-7652-b802-95683ec3887c,01a07757-a18d-7ff2-bffa-fee9d55423b2,f,2026-09-06 15:30:26.832813+00
01a07757-a197-71b2-99fe-59bfa7a3ac07,01a07757-99b6-7ff0-bf13-83dd6ad07a1e,01a07757-9d0c-7a21-91f4-6213ed06ddd5,01a07757-a18d-7ff2-bffa-fee9d55423b2,f,2026-09-06 15:30:26.832813+00
01a07757-a198-7481-9e98-8682a3344d9e,01a07757-99b6-7ff0-bf13-83dd6ad07a1e,01a07757-9dea-7652-b802-95683ec3887c,01a07757-a18d-7ff2-bffa-fee9d55423b2,f,2026-09-06 15:30:26.832813+00
01a07757-a198-7481-9e98-8697c360001b,01a07757-99b6-7ff0-bf13-83dd6ad07a1e,01a07757-9d0c-7a21-91f4-6213ed06ddd5,01a07757-a18d-7ff2-bffa-fee9d55423b2,f,2026-09-06 15:30:26.832813+00
01a07757-a1ce-7ad2-9ad9-ab54bf041f1d,01a07757-99b6-7ff0-bf13-83dd6ad07a1e,01a07757-9d99-75a1-ab8c-1e3d5be60add,01a07757-a1ca-79e2-ab0e-b7e98ccf8fce,f,2026-09-06 15:30:26.893244+00
01a07757-a1ce-7ad2-9ad9-ab6478e2347b,01a07757-99b6-7ff0-bf13-83dd6ad07a1e,01a07757-9db2-7eb2-957e-31c7c8a22794,01a07757-a1ca-79e2-ab0e-b7e98ccf8fce,f,2026-09-06 15:30:26.893244+00
01a07757-a1ce-7ad2-9ad9-ab7621277432,01a07757-99b6-7ff0-bf13-83dd6ad07a1e,01a07757-9d99-75a1-ab8c-1e3d5be60add,01a07757-a1ca-79e2-ab0e-b7e98ccf8fce,f,2026-09-06 15:30:26.893244+00
01a07757-a1cf-77e3-bf5e-171d785bf078,01a07757-99b6-7ff0-bf13-83dd6ad07a1e,01a07757-9db2-7eb2-957e-31c7c8a22794,01a07757-a1ca-79e2-ab0e-b7e98ccf8fce,f,2026-09-06 15:30:26.893244+00
01a07757-a1cf-77e3-bf5e-172ca692dd63,01a07757-99b6-7ff0-bf13-83dd6ad07a1e,01a07757-9d99-75a1-ab8c-1e3d5be60add,01a07757-a1ca-79e2-ab0e-b7e98ccf8fce,f,2026-09-06 15:30:26.893244+00
01a07757-a1cf-77e3-bf5e-1731b135c29c,01a07757-99b6-7ff0-bf13-83dd6ad07a1e,01a07757-9db2-7eb2-957e-31c7c8a22794,01a07757-a1ca-79e2-ab0e-b7e98ccf8fce,f,2026-09-06 15:30:26.893244+00
01a07757-a1d1-7b90-9f9c-c115b848d127,01a07757-99b6-7ff0-bf13-83dd6ad07a1e,01a07757-9db2-7eb2-957e-31c7c8a22794,01a07757-a1ca-79e2-ab0e-b7ff0c7d5a6c,f,2026-09-06 15:30:26.893244+00
01a07757-a1d1-7b90-9f9c-c123b01a28c2,01a07757-99b6-7ff0-bf13-83dd6ad07a1e,01a07757-9dcb-76e1-8828-1f242afd1d85,01a07757-a1ca-79e2-ab0e-b7ff0c7d5a6c,f,2026-09-06 15:30:26.893244+00
01a07757-a1d1-7b90-9f9c-c139eb625e2e,01a07757-99b6-7ff0-bf13-83dd6ad07a1e,01a07757-9db2-7eb2-957e-31c7c8a22794,01a07757-a1ca-79e2-ab0e-b7ff0c7d5a6c,f,2026-09-06 15:30:26.893244+00
01a07757-a1d1-7b90-9f9c-c1438b299852,01a07757-99b6-7ff0-bf13-83dd6ad07a1e,01a07757-9dcb-76e1-8828-1f242afd1d85,01a07757-a1ca-79e2-ab0e-b7ff0c7d5a6c,f,2026-09-06 15:30:26.893244+00
01a07757-a1d1-7b90-9f9c-c15e174e2662,01a07757-99b6-7ff0-bf13-83dd6ad07a1e,01a07757-9db2-7eb2-957e-31c7c8a22794,01a07757-a1ca-79e2-ab0e-b7ff0c7d5a6c,f,2026-09-06 15:30:26.893244+00
01a07757-a1d2-7513-bd3d-b4b70c45df8d,01a07757-99b6-7ff0-bf13-83dd6ad07a1e,01a07757-9dcb-76e1-8828-1f242afd1d85,01a07757-a1ca-79e2-ab0e-b7ff0c7d5a6c,f,2026-09-06 15:30:26.893244+00
01a07757-a1d3-7f91-b07c-ad00e5bd72db,01a07757-99b6-7ff0-bf13-83dd6ad07a1e,01a07757-9dcb-76e1-8828-1f242afd1d85,01a07757-a1ca-79e2-ab0e-b805611ab83d,f,2026-09-06 15:30:26.893244+00
01a07757-a1d3-7f91-b07c-ad19178b4bd3,01a07757-99b6-7ff0-bf13-83dd6ad07a1e,01a07757-9dea-7652-b802-95683ec3887c,01a07757-a1ca-79e2-ab0e-b805611ab83d,f,2026-09-06 15:30:26.893244+00
01a07757-a1d4-74c1-aa49-f14b11691a73,01a07757-99b6-7ff0-bf13-83dd6ad07a1e,01a07757-9dcb-76e1-8828-1f242afd1d85,01a07757-a1ca-79e2-ab0e-b805611ab83d,f,2026-09-06 15:30:26.893244+00
01a07757-a1d4-74c1-aa49-f15d53b1927c,01a07757-99b6-7ff0-bf13-83dd6ad07a1e,01a07757-9dea-7652-b802-95683ec3887c,01a07757-a1ca-79e2-ab0e-b805611ab83d,f,2026-09-06 15:30:26.893244+00
01a07757-a1d4-74c1-aa49-f16f61213e18,01a07757-99b6-7ff0-bf13-83dd6ad07a1e,01a07757-9dcb-76e1-8828-1f242afd1d85,01a07757-a1ca-79e2-ab0e-b805611ab83d,f,2026-09-06 15:30:26.893244+00
01a07757-a1d4-74c1-aa49-f17cedb59343,01a07757-99b6-7ff0-bf13-83dd6ad07a1e,01a07757-9dea-7652-b802-95683ec3887c,01a07757-a1ca-79e2-ab0e-b805611ab83d,f,2026-09-06 15:30:26.893244+00
01a07757-a200-7683-870c-87acbc3eddab,01a07757-99b6-7ff0-bf13-83dd6ad07a1e,01a07757-9dcb-76e1-8828-1f242afd1d85,01a07757-a1fc-7ba3-a544-20f7808fe855,f,2026-09-06 15:30:26.943099+00
01a07757-a200-7683-870c-87b25ee08bb0,01a07757-99b6-7ff0-bf13-83dd6ad07a1e,01a07757-9d0c-7a21-91f4-6213ed06ddd5,01a07757-a1fc-7ba3-a544-20f7808fe855,f,2026-09-06 15:30:26.943099+00
01a07757-a201-7a50-9f3d-157715a9025b,01a07757-99b6-7ff0-bf13-83dd6ad07a1e,01a07757-9dcb-76e1-8828-1f242afd1d85,01a07757-a1fc-7ba3-a544-20f7808fe855,f,2026-09-06 15:30:26.943099+00
01a07757-a201-7a50-9f3d-15896e9bac5f,01a07757-99b6-7ff0-bf13-83dd6ad07a1e,01a07757-9d0c-7a21-91f4-6213ed06ddd5,01a07757-a1fc-7ba3-a544-20f7808fe855,f,2026-09-06 15:30:26.943099+00
01a07757-a201-7a50-9f3d-15968006b126,01a07757-99b6-7ff0-bf13-83dd6ad07a1e,01a07757-9dcb-76e1-8828-1f242afd1d85,01a07757-a1fc-7ba3-a544-20f7808fe855,f,2026-09-06 15:30:26.943099+00
01a07757-a201-7a50-9f3d-15acdf952871,01a07757-99b6-7ff0-bf13-83dd6ad07a1e,01a07757-9d0c-7a21-91f4-6213ed06ddd5,01a07757-a1fc-7ba3-a544-20f7808fe855,f,2026-09-06 15:30:26.943099+00
01a07757-a203-7be1-9ddb-62efd8064065,01a07757-99b6-7ff0-bf13-83dd6ad07a1e,01a07757-9dea-7652-b802-95683ec3887c,01a07757-a1fc-7ba3-a544-2100ed481d09,f,2026-09-06 15:30:26.943099+00
01a07757-a203-7be1-9ddb-62f6db8f2eb3,01a07757-99b6-7ff0-bf13-83dd6ad07a1e,01a07757-9d99-75a1-ab8c-1e3d5be60add,01a07757-a1fc-7ba3-a544-2100ed481d09,f,2026-09-06 15:30:26.943099+00
01a07757-a203-7be1-9ddb-630693cddb87,01a07757-99b6-7ff0-bf13-83dd6ad07a1e,01a07757-9dea-7652-b802-95683ec3887c,01a07757-a1fc-7ba3-a544-2100ed481d09,f,2026-09-06 15:30:26.943099+00
01a07757-a204-7610-9124-84496f57096d,01a07757-99b6-7ff0-bf13-83dd6ad07a1e,01a07757-9d99-75a1-ab8c-1e3d5be60add,01a07757-a1fc-7ba3-a544-2100ed481d09,f,2026-09-06 15:30:26.943099+00
01a07757-a204-7610-9124-845c91ac36fd,01a07757-99b6-7ff0-bf13-83dd6ad07a1e,01a07757-9dea-7652-b802-95683ec3887c,01a07757-a1fc-7ba3-a544-2100ed481d09,f,2026-09-06 15:30:26.943099+00
01a07757-a204-7610-9124-8465ed9d98a4,01a07757-99b6-7ff0-bf13-83dd6ad07a1e,01a07757-9d99-75a1-ab8c-1e3d5be60add,01a07757-a1fc-7ba3-a544-2100ed481d09,f,2026-09-06 15:30:26.943099+00
01a07757-a205-7ab0-a354-60245a41b1b3,01a07757-99b6-7ff0-bf13-83dd6ad07a1e,01a07757-9df2-7483-9d35-d23aae7110aa,01a07757-a1fc-7ba3-a544-211a21663e76,f,2026-09-06 15:30:26.943099+00
01a07757-a206-7370-a6ed-a6f3d243ec4f,01a07757-99b6-7ff0-bf13-83dd6ad07a1e,01a07757-9db2-7eb2-957e-31c7c8a22794,01a07757-a1fc-7ba3-a544-211a21663e76,f,2026-09-06 15:30:26.943099+00
01a07757-a206-7370-a6ed-a70958514715,01a07757-99b6-7ff0-bf13-83dd6ad07a1e,01a07757-9df2-7483-9d35-d23aae7110aa,01a07757-a1fc-7ba3-a544-211a21663e76,f,2026-09-06 15:30:26.943099+00
01a07757-a206-7370-a6ed-a714f6b302b7,01a07757-99b6-7ff0-bf13-83dd6ad07a1e,01a07757-9db2-7eb2-957e-31c7c8a22794,01a07757-a1fc-7ba3-a544-211a21663e76,f,2026-09-06 15:30:26.943099+00
01a07757-a206-7370-a6ed-a72a9816cf91,01a07757-99b6-7ff0-bf13-83dd6ad07a1e,01a07757-9df2-7483-9d35-d23aae7110aa,01a07757-a1fc-7ba3-a544-211a21663e76,f,2026-09-06 15:30:26.943099+00
01a07757-a207-7fd2-9295-3bed508570fe,01a07757-99b6-7ff0-bf13-83dd6ad07a1e,01a07757-9db2-7eb2-957e-31c7c8a22794,01a07757-a1fc-7ba3-a544-211a21663e76,f,2026-09-06 15:30:26.943099+00
01a07757-a208-7111-a932-c69ae3f24a62,01a07757-9fb2-7d52-8bc6-bc50b332b733,01a07757-a178-7831-a643-043837875841,01a07757-a1fe-7f63-8e40-7fd3db5d3042,f,2026-09-06 15:30:26.943973+00
01a07757-a209-7260-a028-40efe9f5e9e0,01a07757-9fb2-7d52-8bc6-bc50b332b733,01a07757-a178-7831-a643-044cace65721,01a07757-a1fe-7f63-8e40-7fd3db5d3042,f,2026-09-06 15:30:26.943973+00
01a07757-a20a-7ba1-ae35-3d7a30b0e699,01a07757-9fb2-7d52-8bc6-bc50b332b733,01a07757-a178-7831-a643-043837875841,01a07757-a1fe-7f63-8e40-7fe8105b7ed3,f,2026-09-06 15:30:26.943973+00
01a07757-a20a-7ba1-ae35-3d871c0090cc,01a07757-9fb2-7d52-8bc6-bc50b332b733,01a07757-a178-7831-a643-044cace65721,01a07757-a1fe-7f63-8e40-7fe8105b7ed3,f,2026-09-06 15:30:26.943973+00
01a07757-a20c-7ab3-8f20-9656b9f8e50f,01a07757-9fb2-7d52-8bc6-bc50b332b733,01a07757-a178-7831-a643-043837875841,01a07757-a1fe-7f63-8e40-7fffd30640a3,f,2026-09-06 15:30:26.943973+00
01a07757-a20c-7ab3-8f20-966826bf8322,01a07757-9fb2-7d52-8bc6-bc50b332b733,01a07757-a178-7831-a643-044cace65721,01a07757-a1fe-7f63-8e40-7fffd30640a3,f,2026-09-06 15:30:26.943973+00
01a07757-a20d-7842-9274-bbc9d3fcf4e1,01a07757-9fb2-7d52-8bc6-bc50b332b733,01a07757-a178-7831-a643-043837875841,01a07757-a1fe-7f63-8e40-8006a6c0da52,f,2026-09-06 15:30:26.943973+00
01a07757-a20e-72d0-863d-7a6576225453,01a07757-9fb2-7d52-8bc6-bc50b332b733,01a07757-a178-7831-a643-044cace65721,01a07757-a1fe-7f63-8e40-8006a6c0da52,f,2026-09-06 15:30:26.943973+00
01a07757-a227-7c83-8324-29ab1d22cafa,01a07757-99b6-7ff0-bf13-83dd6ad07a1e,01a07757-9db2-7eb2-957e-31c7c8a22794,01a07757-a224-7902-a4bd-38cb66b63ce7,f,2026-09-06 15:30:26.982843+00
01a07757-a228-75e3-8bbf-b29e357048f3,01a07757-99b6-7ff0-bf13-83dd6ad07a1e,01a07757-9dcb-76e1-8828-1f242afd1d85,01a07757-a224-7902-a4bd-38cb66b63ce7,f,2026-09-06 15:30:26.982843+00
01a07757-a228-75e3-8bbf-b2ae8d2dfefb,01a07757-99b6-7ff0-bf13-83dd6ad07a1e,01a07757-9db2-7eb2-957e-31c7c8a22794,01a07757-a224-7902-a4bd-38cb66b63ce7,f,2026-09-06 15:30:26.982843+00
01a07757-a228-75e3-8bbf-b2bef2781bbd,01a07757-99b6-7ff0-bf13-83dd6ad07a1e,01a07757-9dcb-76e1-8828-1f242afd1d85,01a07757-a224-7902-a4bd-38cb66b63ce7,f,2026-09-06 15:30:26.982843+00
01a07757-a228-75e3-8bbf-b2c03233736e,01a07757-99b6-7ff0-bf13-83dd6ad07a1e,01a07757-9db2-7eb2-957e-31c7c8a22794,01a07757-a224-7902-a4bd-38cb66b63ce7,f,2026-09-06 15:30:26.982843+00
01a07757-a229-7ef0-9e67-b3cd8773ecb8,01a07757-99b6-7ff0-bf13-83dd6ad07a1e,01a07757-9dcb-76e1-8828-1f242afd1d85,01a07757-a224-7902-a4bd-38cb66b63ce7,f,2026-09-06 15:30:26.982843+00
01a07757-a22a-73f3-9993-697fdb2f3c21,01a07757-99b6-7ff0-bf13-83dd6ad07a1e,01a07757-9dcb-76e1-8828-1f242afd1d85,01a07757-a224-7902-a4bd-38eda7b86bf7,f,2026-09-06 15:30:26.982843+00
01a07757-a22a-73f3-9993-698fe98e2b94,01a07757-99b6-7ff0-bf13-83dd6ad07a1e,01a07757-9dea-7652-b802-95683ec3887c,01a07757-a224-7902-a4bd-38eda7b86bf7,f,2026-09-06 15:30:26.982843+00
01a07757-a22b-72d1-b086-c842c40d5324,01a07757-99b6-7ff0-bf13-83dd6ad07a1e,01a07757-9dcb-76e1-8828-1f242afd1d85,01a07757-a224-7902-a4bd-38eda7b86bf7,f,2026-09-06 15:30:26.982843+00
01a07757-a22b-72d1-b086-c85dfa31664b,01a07757-99b6-7ff0-bf13-83dd6ad07a1e,01a07757-9dea-7652-b802-95683ec3887c,01a07757-a224-7902-a4bd-38eda7b86bf7,f,2026-09-06 15:30:26.982843+00
01a07757-a22b-72d1-b086-c8689da33c88,01a07757-99b6-7ff0-bf13-83dd6ad07a1e,01a07757-9dcb-76e1-8828-1f242afd1d85,01a07757-a224-7902-a4bd-38eda7b86bf7,f,2026-09-06 15:30:26.982843+00
01a07757-a22b-72d1-b086-c87d459de9cb,01a07757-99b6-7ff0-bf13-83dd6ad07a1e,01a07757-9dea-7652-b802-95683ec3887c,01a07757-a224-7902-a4bd-38eda7b86bf7,f,2026-09-06 15:30:26.982843+00
01a07757-a22c-76f3-8825-91e5503a36c6,01a07757-99b6-7ff0-bf13-83dd6ad07a1e,01a07757-9dea-7652-b802-95683ec3887c,01a07757-a224-7902-a4bd-39156b3de8a6,f,2026-09-06 15:30:26.982843+00
01a07757-a22d-7643-8d27-0463ebe3e949,01a07757-99b6-7ff0-bf13-83dd6ad07a1e,01a07757-9df2-7483-9d35-d23aae7110aa,01a07757-a224-7902-a4bd-39156b3de8a6,f,2026-09-06 15:30:26.982843+00
01a07757-a22d-7643-8d27-04789fa2f2b9,01a07757-99b6-7ff0-bf13-83dd6ad07a1e,01a07757-9dea-7652-b802-95683ec3887c,01a07757-a224-7902-a4bd-39156b3de8a6,f,2026-09-06 15:30:26.982843+00
01a07757-a22d-7643-8d27-048312c81110,01a07757-99b6-7ff0-bf13-83dd6ad07a1e,01a07757-9df2-7483-9d35-d23aae7110aa,01a07757-a224-7902-a4bd-39156b3de8a6,f,2026-09-06 15:30:26.982843+00
01a07757-a22d-7643-8d27-04970e97a717,01a07757-99b6-7ff0-bf13-83dd6ad07a1e,01a07757-9dea-7652-b802-95683ec3887c,01a07757-a224-7902-a4bd-39156b3de8a6,f,2026-09-06 15:30:26.982843+00
01a07757-a22e-7ea1-8fa1-bb46f798730e,01a07757-99b6-7ff0-bf13-83dd6ad07a1e,01a07757-9df2-7483-9d35-d23aae7110aa,01a07757-a224-7902-a4bd-39156b3de8a6,f,2026-09-06 15:30:26.982843+00
01a07757-a254-7133-9c55-17e023538ba7,01a07757-9fb2-7d52-8bc6-bc50b332b733,01a07757-a1d2-7513-bd3d-b4cef69775ad,01a07757-a251-70f3-9f87-9def85db3acb,f,2026-09-06 15:30:27.027523+00
01a07757-a255-7d62-8181-4d952b1e8b69,01a07757-9fb2-7d52-8bc6-bc50b332b733,01a07757-a1d2-7513-bd3d-b4d9b0bf6124,01a07757-a251-70f3-9f87-9def85db3acb,f,2026-09-06 15:30:27.027523+00
01a07757-a259-78c3-82a3-08a2fc0a4a75,01a07757-90f6-7ca2-9931-c03ede6acaf9,01a07757-9310-7272-93cd-4082d4296d4f,01a07757-a223-7961-ab24-de883b7e3e93,f,2026-09-06 15:30:27.026135+00
01a07757-a259-78c3-82a3-08b8893bff77,01a07757-90f6-7ca2-9931-c03ede6acaf9,01a07757-9310-7272-93cd-40a7ae3f1376,01a07757-a223-7961-ab24-de883b7e3e93,f,2026-09-06 15:30:27.026135+00
01a07757-a259-78c3-82a3-08cca99a2fd4,01a07757-90f6-7ca2-9931-c03ede6acaf9,01a07757-9310-7272-93cd-4082d4296d4f,01a07757-a223-7961-ab24-de883b7e3e93,f,2026-09-06 15:30:27.026135+00
01a07757-a259-78c3-82a3-08d8a02c9613,01a07757-90f6-7ca2-9931-c03ede6acaf9,01a07757-9310-7272-93cd-40a7ae3f1376,01a07757-a223-7961-ab24-de883b7e3e93,f,2026-09-06 15:30:27.026135+00
01a07757-a25a-7921-8fa2-82828040f0d4,01a07757-90f6-7ca2-9931-c03ede6acaf9,01a07757-9310-7272-93cd-4082d4296d4f,01a07757-a223-7961-ab24-de883b7e3e93,f,2026-09-06 15:30:27.026135+00
01a07757-a25a-7921-8fa2-8296395e8b48,01a07757-90f6-7ca2-9931-c03ede6acaf9,01a07757-9310-7272-93cd-40a7ae3f1376,01a07757-a223-7961-ab24-de883b7e3e93,f,2026-09-06 15:30:27.026135+00
01a07757-a25a-7921-8fa2-82ae3acc887a,01a07757-99b6-7ff0-bf13-83dd6ad07a1e,01a07757-9df2-7483-9d35-d23aae7110aa,01a07757-a257-7dc0-badf-e1277dee2c09,f,2026-09-06 15:30:27.033964+00
01a07757-a25b-7522-aaf0-440c6fee6422,01a07757-90f6-7ca2-9931-c03ede6acaf9,01a07757-9310-7272-93cd-40cc9dd3eb98,01a07757-a223-7961-ab24-de9b91541da9,f,2026-09-06 15:30:27.026135+00
01a07757-a25b-7522-aaf0-44198efdf2dd,01a07757-99b6-7ff0-bf13-83dd6ad07a1e,01a07757-9dea-7652-b802-95683ec3887c,01a07757-a257-7dc0-badf-e1277dee2c09,f,2026-09-06 15:30:27.033964+00
01a07757-a25b-7522-aaf0-442625039648,01a07757-99b6-7ff0-bf13-83dd6ad07a1e,01a07757-9df2-7483-9d35-d23aae7110aa,01a07757-a257-7dc0-badf-e1277dee2c09,f,2026-09-06 15:30:27.033964+00
01a07757-a25b-7522-aaf0-4432a60452a5,01a07757-90f6-7ca2-9931-c03ede6acaf9,01a07757-9310-7272-93cd-40e5d36de4cc,01a07757-a223-7961-ab24-de9b91541da9,f,2026-09-06 15:30:27.026135+00
01a07757-a25b-7522-aaf0-44497002d42b,01a07757-99b6-7ff0-bf13-83dd6ad07a1e,01a07757-9dea-7652-b802-95683ec3887c,01a07757-a257-7dc0-badf-e1277dee2c09,f,2026-09-06 15:30:27.033964+00
01a07757-a25b-7522-aaf0-445c69158724,01a07757-90f6-7ca2-9931-c03ede6acaf9,01a07757-9310-7272-93cd-40cc9dd3eb98,01a07757-a223-7961-ab24-de9b91541da9,f,2026-09-06 15:30:27.026135+00
01a07757-a25c-7da3-a684-5524922dac38,01a07757-99b6-7ff0-bf13-83dd6ad07a1e,01a07757-9df2-7483-9d35-d23aae7110aa,01a07757-a257-7dc0-badf-e1277dee2c09,f,2026-09-06 15:30:27.033964+00
01a07757-a25c-7da3-a684-553386c63b34,01a07757-90f6-7ca2-9931-c03ede6acaf9,01a07757-9310-7272-93cd-40e5d36de4cc,01a07757-a223-7961-ab24-de9b91541da9,f,2026-09-06 15:30:27.026135+00
01a07757-a25c-7da3-a684-554c41c8b439,01a07757-99b6-7ff0-bf13-83dd6ad07a1e,01a07757-9dea-7652-b802-95683ec3887c,01a07757-a257-7dc0-badf-e1277dee2c09,f,2026-09-06 15:30:27.033964+00
01a07757-a25c-7da3-a684-55556491de00,01a07757-90f6-7ca2-9931-c03ede6acaf9,01a07757-9310-7272-93cd-40cc9dd3eb98,01a07757-a223-7961-ab24-de9b91541da9,f,2026-09-06 15:30:27.026135+00
01a07757-a25c-7da3-a684-55693f1351b3,01a07757-90f6-7ca2-9931-c03ede6acaf9,01a07757-9310-7272-93cd-40e5d36de4cc,01a07757-a223-7961-ab24-de9b91541da9,f,2026-09-06 15:30:27.026135+00
01a07757-a25d-7953-b9a8-0af952ae0aea,01a07757-99b6-7ff0-bf13-83dd6ad07a1e,01a07757-9d0c-7a21-91f4-6213ed06ddd5,01a07757-a257-7dc0-badf-e1334a775a8e,f,2026-09-06 15:30:27.033964+00
01a07757-a25d-7953-b9a8-0b053b1b4787,01a07757-90f6-7ca2-9931-c03ede6acaf9,01a07757-9310-7272-93cd-4107e11e7140,01a07757-a223-7961-ab24-dea6f6653b17,f,2026-09-06 15:30:27.026135+00
01a07757-a25d-7953-b9a8-0b17de45aad6,01a07757-99b6-7ff0-bf13-83dd6ad07a1e,01a07757-9df2-7483-9d35-d23aae7110aa,01a07757-a257-7dc0-badf-e1334a775a8e,f,2026-09-06 15:30:27.033964+00
01a07757-a25d-7953-b9a8-0b20aa14d9f7,01a07757-90f6-7ca2-9931-c03ede6acaf9,01a07757-9310-7272-93cd-412db5222975,01a07757-a223-7961-ab24-dea6f6653b17,f,2026-09-06 15:30:27.026135+00
01a07757-a25d-7953-b9a8-0b35ff5d2b25,01a07757-99b6-7ff0-bf13-83dd6ad07a1e,01a07757-9d0c-7a21-91f4-6213ed06ddd5,01a07757-a257-7dc0-badf-e1334a775a8e,f,2026-09-06 15:30:27.033964+00
01a07757-a25e-79e0-8b51-28960416a1d0,01a07757-99b6-7ff0-bf13-83dd6ad07a1e,01a07757-9df2-7483-9d35-d23aae7110aa,01a07757-a257-7dc0-badf-e1334a775a8e,f,2026-09-06 15:30:27.033964+00
01a07757-a25e-79e0-8b51-28a9b8da4a12,01a07757-90f6-7ca2-9931-c03ede6acaf9,01a07757-9310-7272-93cd-4107e11e7140,01a07757-a223-7961-ab24-dea6f6653b17,f,2026-09-06 15:30:27.026135+00
01a07757-a25e-79e0-8b51-28ba57117389,01a07757-90f6-7ca2-9931-c03ede6acaf9,01a07757-9310-7272-93cd-412db5222975,01a07757-a223-7961-ab24-dea6f6653b17,f,2026-09-06 15:30:27.026135+00
01a07757-a25e-79e0-8b51-28ccc32bf786,01a07757-99b6-7ff0-bf13-83dd6ad07a1e,01a07757-9d0c-7a21-91f4-6213ed06ddd5,01a07757-a257-7dc0-badf-e1334a775a8e,f,2026-09-06 15:30:27.033964+00
01a07757-a25e-79e0-8b51-28dd6c874b10,01a07757-99b6-7ff0-bf13-83dd6ad07a1e,01a07757-9df2-7483-9d35-d23aae7110aa,01a07757-a257-7dc0-badf-e1334a775a8e,f,2026-09-06 15:30:27.033964+00
01a07757-a25e-79e0-8b51-28e5fca50e25,01a07757-90f6-7ca2-9931-c03ede6acaf9,01a07757-9310-7272-93cd-4107e11e7140,01a07757-a223-7961-ab24-dea6f6653b17,f,2026-09-06 15:30:27.026135+00
01a07757-a25f-71c3-b039-2154bd8f5266,01a07757-90f6-7ca2-9931-c03ede6acaf9,01a07757-9310-7272-93cd-412db5222975,01a07757-a223-7961-ab24-dea6f6653b17,f,2026-09-06 15:30:27.026135+00
01a07757-a260-7b42-8d3e-ccde76244120,01a07757-99b6-7ff0-bf13-83dd6ad07a1e,01a07757-9d99-75a1-ab8c-1e3d5be60add,01a07757-a257-7dc0-badf-e1417fc3a1e3,f,2026-09-06 15:30:27.033964+00
01a07757-a260-7b42-8d3e-ccef4b93ee2a,01a07757-90f6-7ca2-9931-c03ede6acaf9,01a07757-9311-7b62-92b5-03c639793bfe,01a07757-a223-7961-ab24-deb540a1dd3d,f,2026-09-06 15:30:27.026135+00
01a07757-a260-7b42-8d3e-ccf622d047f1,01a07757-99b6-7ff0-bf13-83dd6ad07a1e,01a07757-9d0c-7a21-91f4-6213ed06ddd5,01a07757-a257-7dc0-badf-e1417fc3a1e3,f,2026-09-06 15:30:27.033964+00
01a07757-a260-7b42-8d3e-cd0adc1846e1,01a07757-90f6-7ca2-9931-c03ede6acaf9,01a07757-9311-7b62-92b5-03ec6e044a7e,01a07757-a223-7961-ab24-deb540a1dd3d,f,2026-09-06 15:30:27.026135+00
01a07757-a260-7b42-8d3e-cd15667d5ba9,01a07757-99b6-7ff0-bf13-83dd6ad07a1e,01a07757-9d99-75a1-ab8c-1e3d5be60add,01a07757-a257-7dc0-badf-e1417fc3a1e3,f,2026-09-06 15:30:27.033964+00
01a07757-a260-7b42-8d3e-cd22bb1c1af6,01a07757-90f6-7ca2-9931-c03ede6acaf9,01a07757-9311-7b62-92b5-03c639793bfe,01a07757-a223-7961-ab24-deb540a1dd3d,f,2026-09-06 15:30:27.026135+00
01a07757-a261-7e70-a063-86d6be4cd0f8,01a07757-99b6-7ff0-bf13-83dd6ad07a1e,01a07757-9d0c-7a21-91f4-6213ed06ddd5,01a07757-a257-7dc0-badf-e1417fc3a1e3,f,2026-09-06 15:30:27.033964+00
01a07757-a261-7e70-a063-86ee4116e232,01a07757-90f6-7ca2-9931-c03ede6acaf9,01a07757-9311-7b62-92b5-03ec6e044a7e,01a07757-a223-7961-ab24-deb540a1dd3d,f,2026-09-06 15:30:27.026135+00
01a07757-a261-7e70-a063-86f8a7f848b1,01a07757-99b6-7ff0-bf13-83dd6ad07a1e,01a07757-9d99-75a1-ab8c-1e3d5be60add,01a07757-a257-7dc0-badf-e1417fc3a1e3,f,2026-09-06 15:30:27.033964+00
01a07757-a261-7e70-a063-870eea85f75d,01a07757-90f6-7ca2-9931-c03ede6acaf9,01a07757-9311-7b62-92b5-03c639793bfe,01a07757-a223-7961-ab24-deb540a1dd3d,f,2026-09-06 15:30:27.026135+00
01a07757-a261-7e70-a063-871564982427,01a07757-99b6-7ff0-bf13-83dd6ad07a1e,01a07757-9d0c-7a21-91f4-6213ed06ddd5,01a07757-a257-7dc0-badf-e1417fc3a1e3,f,2026-09-06 15:30:27.033964+00
01a07757-a261-7e70-a063-8721eea5c782,01a07757-90f6-7ca2-9931-c03ede6acaf9,01a07757-9311-7b62-92b5-03ec6e044a7e,01a07757-a223-7961-ab24-deb540a1dd3d,f,2026-09-06 15:30:27.026135+00
01a07757-a262-7a01-914d-a5900d41cefb,01a07757-90f6-7ca2-9931-c03ede6acaf9,01a07757-9311-7b62-92b5-040b10e5e10b,01a07757-a223-7961-ab24-decfd6639d2b,f,2026-09-06 15:30:27.026135+00
01a07757-a263-7471-9c4b-4be901650342,01a07757-90f6-7ca2-9931-c03ede6acaf9,01a07757-9311-7b62-92b5-042e5e38ac3c,01a07757-a223-7961-ab24-decfd6639d2b,f,2026-09-06 15:30:27.026135+00
01a07757-a263-7471-9c4b-4bfb46200a88,01a07757-90f6-7ca2-9931-c03ede6acaf9,01a07757-9311-7b62-92b5-040b10e5e10b,01a07757-a223-7961-ab24-decfd6639d2b,f,2026-09-06 15:30:27.026135+00
01a07757-a263-7471-9c4b-4c04cd3b82fa,01a07757-90f6-7ca2-9931-c03ede6acaf9,01a07757-9311-7b62-92b5-042e5e38ac3c,01a07757-a223-7961-ab24-decfd6639d2b,f,2026-09-06 15:30:27.026135+00
01a07757-a264-7030-a45c-fb349b6e53e0,01a07757-90f6-7ca2-9931-c03ede6acaf9,01a07757-9311-7b62-92b5-040b10e5e10b,01a07757-a223-7961-ab24-decfd6639d2b,f,2026-09-06 15:30:27.026135+00
01a07757-a264-7030-a45c-fb48a5bb955e,01a07757-90f6-7ca2-9931-c03ede6acaf9,01a07757-9311-7b62-92b5-042e5e38ac3c,01a07757-a223-7961-ab24-decfd6639d2b,f,2026-09-06 15:30:27.026135+00
01a07757-a265-77e0-9358-3a7791f31cf2,01a07757-90f6-7ca2-9931-c03ede6acaf9,01a07757-9311-7b62-92b5-044d8f216317,01a07757-a223-7961-ab24-dedc01b4c88a,f,2026-09-06 15:30:27.026135+00
01a07757-a266-7163-a072-fdcc3141cd3e,01a07757-90f6-7ca2-9931-c03ede6acaf9,01a07757-9311-7b62-92b5-046f38ed6c96,01a07757-a223-7961-ab24-dedc01b4c88a,f,2026-09-06 15:30:27.026135+00
01a07757-a266-7163-a072-fdd2129c6dfd,01a07757-90f6-7ca2-9931-c03ede6acaf9,01a07757-9311-7b62-92b5-044d8f216317,01a07757-a223-7961-ab24-dedc01b4c88a,f,2026-09-06 15:30:27.026135+00
01a07757-a266-7163-a072-fdefce3f56f4,01a07757-90f6-7ca2-9931-c03ede6acaf9,01a07757-9311-7b62-92b5-046f38ed6c96,01a07757-a223-7961-ab24-dedc01b4c88a,f,2026-09-06 15:30:27.026135+00
01a07757-a267-7e31-ba70-70a9e8671a97,01a07757-90f6-7ca2-9931-c03ede6acaf9,01a07757-9311-7b62-92b5-044d8f216317,01a07757-a223-7961-ab24-dedc01b4c88a,f,2026-09-06 15:30:27.026135+00
01a07757-a267-7e31-ba70-70bc9f0474b1,01a07757-90f6-7ca2-9931-c03ede6acaf9,01a07757-9311-7b62-92b5-046f38ed6c96,01a07757-a223-7961-ab24-dedc01b4c88a,f,2026-09-06 15:30:27.026135+00
01a07757-a268-75c1-8fdb-5c78442c0f2f,01a07757-90f6-7ca2-9931-c03ede6acaf9,01a07757-9311-7b62-92b5-04817d915353,01a07757-a223-7961-ab24-dee02aad2f2c,f,2026-09-06 15:30:27.026135+00
01a07757-a269-7ee2-aa88-386ddc270383,01a07757-90f6-7ca2-9931-c03ede6acaf9,01a07757-9311-7b62-92b5-04a2c2925502,01a07757-a223-7961-ab24-dee02aad2f2c,f,2026-09-06 15:30:27.026135+00
01a07757-a269-7ee2-aa88-387e26a6147e,01a07757-90f6-7ca2-9931-c03ede6acaf9,01a07757-9311-7b62-92b5-04817d915353,01a07757-a223-7961-ab24-dee02aad2f2c,f,2026-09-06 15:30:27.026135+00
01a07757-a269-7ee2-aa88-3889925ce3fe,01a07757-90f6-7ca2-9931-c03ede6acaf9,01a07757-9311-7b62-92b5-04a2c2925502,01a07757-a223-7961-ab24-dee02aad2f2c,f,2026-09-06 15:30:27.026135+00
01a07757-a269-7ee2-aa88-389424188085,01a07757-90f6-7ca2-9931-c03ede6acaf9,01a07757-9311-7b62-92b5-04817d915353,01a07757-a223-7961-ab24-dee02aad2f2c,f,2026-09-06 15:30:27.026135+00
01a07757-a26a-7a70-9a1b-4051cdd3f170,01a07757-90f6-7ca2-9931-c03ede6acaf9,01a07757-9311-7b62-92b5-04a2c2925502,01a07757-a223-7961-ab24-dee02aad2f2c,f,2026-09-06 15:30:27.026135+00
01a07757-a26b-7b72-9562-beeefe29499e,01a07757-90f6-7ca2-9931-c03ede6acaf9,01a07757-9311-7b62-92b5-04c0fe17c1e0,01a07757-a223-7961-ab24-def6858081d9,f,2026-09-06 15:30:27.026135+00
01a07757-a26b-7b72-9562-bef140e587a2,01a07757-90f6-7ca2-9931-c03ede6acaf9,01a07757-9311-7b62-92b5-04e6ed555ea2,01a07757-a223-7961-ab24-def6858081d9,f,2026-09-06 15:30:27.026135+00
01a07757-a26b-7b72-9562-bf02ffedf657,01a07757-90f6-7ca2-9931-c03ede6acaf9,01a07757-9311-7b62-92b5-04c0fe17c1e0,01a07757-a223-7961-ab24-def6858081d9,f,2026-09-06 15:30:27.026135+00
01a07757-a26c-7591-ae87-a52f2ec5f77c,01a07757-90f6-7ca2-9931-c03ede6acaf9,01a07757-9311-7b62-92b5-04e6ed555ea2,01a07757-a223-7961-ab24-def6858081d9,f,2026-09-06 15:30:27.026135+00
01a07757-a26c-7591-ae87-a53c10dcd866,01a07757-90f6-7ca2-9931-c03ede6acaf9,01a07757-9311-7b62-92b5-04c0fe17c1e0,01a07757-a223-7961-ab24-def6858081d9,f,2026-09-06 15:30:27.026135+00
01a07757-a26c-7591-ae87-a546fd86bc0d,01a07757-90f6-7ca2-9931-c03ede6acaf9,01a07757-9311-7b62-92b5-04e6ed555ea2,01a07757-a223-7961-ab24-def6858081d9,f,2026-09-06 15:30:27.026135+00
01a07757-a26d-7cf3-8391-f85097721096,01a07757-90f6-7ca2-9931-c03ede6acaf9,01a07757-9311-7b62-92b5-05083b842cb6,01a07757-a223-7961-ab24-df0a147a0e50,f,2026-09-06 15:30:27.026135+00
01a07757-a26e-7341-9aa6-e38a08d9b620,01a07757-90f6-7ca2-9931-c03ede6acaf9,01a07757-9311-7b62-92b5-052fbc54c92f,01a07757-a223-7961-ab24-df0a147a0e50,f,2026-09-06 15:30:27.026135+00
01a07757-a26e-7341-9aa6-e394164e4706,01a07757-90f6-7ca2-9931-c03ede6acaf9,01a07757-9311-7b62-92b5-05083b842cb6,01a07757-a223-7961-ab24-df0a147a0e50,f,2026-09-06 15:30:27.026135+00
01a07757-a26e-7341-9aa6-e3aca6181bc5,01a07757-90f6-7ca2-9931-c03ede6acaf9,01a07757-9311-7b62-92b5-052fbc54c92f,01a07757-a223-7961-ab24-df0a147a0e50,f,2026-09-06 15:30:27.026135+00
01a07757-a26e-7341-9aa6-e3b96cd5d48a,01a07757-90f6-7ca2-9931-c03ede6acaf9,01a07757-9311-7b62-92b5-05083b842cb6,01a07757-a223-7961-ab24-df0a147a0e50,f,2026-09-06 15:30:27.026135+00
01a07757-a26f-7542-843a-ba7f82b1f9a3,01a07757-90f6-7ca2-9931-c03ede6acaf9,01a07757-9311-7b62-92b5-052fbc54c92f,01a07757-a223-7961-ab24-df0a147a0e50,f,2026-09-06 15:30:27.026135+00
01a07757-a270-73d1-a3cd-75ccb055979c,01a07757-90f6-7ca2-9931-c03ede6acaf9,01a07757-9311-7b62-92b5-054e8a80d8b6,01a07757-a223-7961-ab24-df1ee753a55e,f,2026-09-06 15:30:27.026135+00
01a07757-a270-73d1-a3cd-75d6bb04b24b,01a07757-90f6-7ca2-9931-c03ede6acaf9,01a07757-9311-7b62-92b5-0568d70ccb7d,01a07757-a223-7961-ab24-df1ee753a55e,f,2026-09-06 15:30:27.026135+00
01a07757-a270-73d1-a3cd-75e89dbb0ddb,01a07757-90f6-7ca2-9931-c03ede6acaf9,01a07757-9311-7b62-92b5-054e8a80d8b6,01a07757-a223-7961-ab24-df1ee753a55e,f,2026-09-06 15:30:27.026135+00
01a07757-a271-7211-9fed-9b1fbabec770,01a07757-90f6-7ca2-9931-c03ede6acaf9,01a07757-9311-7b62-92b5-0568d70ccb7d,01a07757-a223-7961-ab24-df1ee753a55e,f,2026-09-06 15:30:27.026135+00
01a07757-a271-7211-9fed-9b2c5c8f0ebd,01a07757-90f6-7ca2-9931-c03ede6acaf9,01a07757-9311-7b62-92b5-054e8a80d8b6,01a07757-a223-7961-ab24-df1ee753a55e,f,2026-09-06 15:30:27.026135+00
01a07757-a271-7211-9fed-9b3e6ea0c447,01a07757-90f6-7ca2-9931-c03ede6acaf9,01a07757-9311-7b62-92b5-0568d70ccb7d,01a07757-a223-7961-ab24-df1ee753a55e,f,2026-09-06 15:30:27.026135+00
01a07757-a272-79e3-b007-c92a25a773de,01a07757-90f6-7ca2-9931-c03ede6acaf9,01a07757-9311-7b62-92b5-05831c462364,01a07757-a223-7961-ab24-df23dae0b713,f,2026-09-06 15:30:27.026135+00
01a07757-a272-79e3-b007-c93ebc46b579,01a07757-90f6-7ca2-9931-c03ede6acaf9,01a07757-9311-7b62-92b5-05ad80165990,01a07757-a223-7961-ab24-df23dae0b713,f,2026-09-06 15:30:27.026135+00
01a07757-a272-79e3-b007-c9460cdcdefb,01a07757-90f6-7ca2-9931-c03ede6acaf9,01a07757-9311-7b62-92b5-05831c462364,01a07757-a223-7961-ab24-df23dae0b713,f,2026-09-06 15:30:27.026135+00
01a07757-a273-7540-b0da-e9b1da627366,01a07757-90f6-7ca2-9931-c03ede6acaf9,01a07757-9311-7b62-92b5-05ad80165990,01a07757-a223-7961-ab24-df23dae0b713,f,2026-09-06 15:30:27.026135+00
01a07757-a273-7540-b0da-e9c0dcb8daf0,01a07757-90f6-7ca2-9931-c03ede6acaf9,01a07757-9311-7b62-92b5-05831c462364,01a07757-a223-7961-ab24-df23dae0b713,f,2026-09-06 15:30:27.026135+00
01a07757-a273-7540-b0da-e9dbaf989a54,01a07757-90f6-7ca2-9931-c03ede6acaf9,01a07757-9311-7b62-92b5-05ad80165990,01a07757-a223-7961-ab24-df23dae0b713,f,2026-09-06 15:30:27.026135+00
01a07757-a275-7923-ad00-b355b12558d5,01a07757-90f6-7ca2-9931-c03ede6acaf9,01a07757-9311-7b62-92b5-05cb0c7f4032,01a07757-a223-7961-ab24-df3c03b535c5,f,2026-09-06 15:30:27.026135+00
01a07757-a275-7923-ad00-b36df5012062,01a07757-90f6-7ca2-9931-c03ede6acaf9,01a07757-9311-7b62-92b5-05ed6b2ff07c,01a07757-a223-7961-ab24-df3c03b535c5,f,2026-09-06 15:30:27.026135+00
01a07757-a275-7923-ad00-b37669d1c9f3,01a07757-90f6-7ca2-9931-c03ede6acaf9,01a07757-9311-7b62-92b5-05cb0c7f4032,01a07757-a223-7961-ab24-df3c03b535c5,f,2026-09-06 15:30:27.026135+00
01a07757-a275-7923-ad00-b38b464d0bb1,01a07757-90f6-7ca2-9931-c03ede6acaf9,01a07757-9311-7b62-92b5-05ed6b2ff07c,01a07757-a223-7961-ab24-df3c03b535c5,f,2026-09-06 15:30:27.026135+00
01a07757-a276-70e2-bdbf-d3d43f7c6963,01a07757-90f6-7ca2-9931-c03ede6acaf9,01a07757-9311-7b62-92b5-05cb0c7f4032,01a07757-a223-7961-ab24-df3c03b535c5,f,2026-09-06 15:30:27.026135+00
01a07757-a276-70e2-bdbf-d3e76b7f5a76,01a07757-90f6-7ca2-9931-c03ede6acaf9,01a07757-9311-7b62-92b5-05ed6b2ff07c,01a07757-a223-7961-ab24-df3c03b535c5,f,2026-09-06 15:30:27.026135+00
01a07757-a277-70f2-85ca-e9a19df6c5fa,01a07757-90f6-7ca2-9931-c03ede6acaf9,01a07757-9311-7b62-92b5-060f8ac24581,01a07757-a223-7961-ab24-df4194097093,f,2026-09-06 15:30:27.026135+00
01a07757-a277-70f2-85ca-e9bc82b3a6e1,01a07757-90f6-7ca2-9931-c03ede6acaf9,01a07757-9311-7b62-92b5-0622c3a92680,01a07757-a223-7961-ab24-df4194097093,f,2026-09-06 15:30:27.026135+00
01a07757-a277-70f2-85ca-e9c665c161ae,01a07757-90f6-7ca2-9931-c03ede6acaf9,01a07757-9311-7b62-92b5-060f8ac24581,01a07757-a223-7961-ab24-df4194097093,f,2026-09-06 15:30:27.026135+00
01a07757-a278-7913-bf80-eabbbf8da2a0,01a07757-90f6-7ca2-9931-c03ede6acaf9,01a07757-9311-7b62-92b5-0622c3a92680,01a07757-a223-7961-ab24-df4194097093,f,2026-09-06 15:30:27.026135+00
01a07757-a278-7913-bf80-eac16a1ba7a9,01a07757-90f6-7ca2-9931-c03ede6acaf9,01a07757-9311-7b62-92b5-060f8ac24581,01a07757-a223-7961-ab24-df4194097093,f,2026-09-06 15:30:27.026135+00
01a07757-a278-7913-bf80-eaddba6dd387,01a07757-90f6-7ca2-9931-c03ede6acaf9,01a07757-9311-7b62-92b5-0622c3a92680,01a07757-a223-7961-ab24-df4194097093,f,2026-09-06 15:30:27.026135+00
01a07757-a279-7d72-a96c-24ab772c53c3,01a07757-90f6-7ca2-9931-c03ede6acaf9,01a07757-9311-7b62-92b5-0645b92ab325,01a07757-a223-7961-ab24-df519379791a,f,2026-09-06 15:30:27.026135+00
01a07757-a279-7d72-a96c-24bf574b820e,01a07757-90f6-7ca2-9931-c03ede6acaf9,01a07757-9311-7b62-92b5-066e0367f836,01a07757-a223-7961-ab24-df519379791a,f,2026-09-06 15:30:27.026135+00
01a07757-a27a-7191-8da5-fd8be735306a,01a07757-90f6-7ca2-9931-c03ede6acaf9,01a07757-9311-7b62-92b5-0645b92ab325,01a07757-a223-7961-ab24-df519379791a,f,2026-09-06 15:30:27.026135+00
01a07757-a27a-7191-8da5-fd92b2c7f394,01a07757-90f6-7ca2-9931-c03ede6acaf9,01a07757-9311-7b62-92b5-066e0367f836,01a07757-a223-7961-ab24-df519379791a,f,2026-09-06 15:30:27.026135+00
01a07757-a27a-7191-8da5-fdaebcea3f25,01a07757-90f6-7ca2-9931-c03ede6acaf9,01a07757-9311-7b62-92b5-0645b92ab325,01a07757-a223-7961-ab24-df519379791a,f,2026-09-06 15:30:27.026135+00
01a07757-a27a-7191-8da5-fdbc852d2b50,01a07757-90f6-7ca2-9931-c03ede6acaf9,01a07757-9311-7b62-92b5-066e0367f836,01a07757-a223-7961-ab24-df519379791a,f,2026-09-06 15:30:27.026135+00
01a07757-a27b-7f60-bce0-3ab072bb3db7,01a07757-90f6-7ca2-9931-c03ede6acaf9,01a07757-9312-7c83-afc2-1a0d47373ba1,01a07757-a223-7961-ab24-df6e059945ec,f,2026-09-06 15:30:27.026135+00
01a07757-a27c-7371-8091-d5b6f218712a,01a07757-90f6-7ca2-9931-c03ede6acaf9,01a07757-9312-7c83-afc2-1a28e1846c1d,01a07757-a223-7961-ab24-df6e059945ec,f,2026-09-06 15:30:27.026135+00
01a07757-a27c-7371-8091-d5c9027b7481,01a07757-90f6-7ca2-9931-c03ede6acaf9,01a07757-9312-7c83-afc2-1a0d47373ba1,01a07757-a223-7961-ab24-df6e059945ec,f,2026-09-06 15:30:27.026135+00
01a07757-a27c-7371-8091-d5df068de5ec,01a07757-90f6-7ca2-9931-c03ede6acaf9,01a07757-9312-7c83-afc2-1a28e1846c1d,01a07757-a223-7961-ab24-df6e059945ec,f,2026-09-06 15:30:27.026135+00
01a07757-a27c-7371-8091-d5eaaf4fa36d,01a07757-90f6-7ca2-9931-c03ede6acaf9,01a07757-9312-7c83-afc2-1a0d47373ba1,01a07757-a223-7961-ab24-df6e059945ec,f,2026-09-06 15:30:27.026135+00
01a07757-a27d-7463-81f1-22151cbafbf4,01a07757-90f6-7ca2-9931-c03ede6acaf9,01a07757-9312-7c83-afc2-1a28e1846c1d,01a07757-a223-7961-ab24-df6e059945ec,f,2026-09-06 15:30:27.026135+00
01a07757-a27e-7af0-9740-5dca268939c1,01a07757-90f6-7ca2-9931-c03ede6acaf9,01a07757-9312-7c83-afc2-1a46ff1e69f1,01a07757-a223-7961-ab24-df77668c26bd,f,2026-09-06 15:30:27.026135+00
01a07757-a27e-7af0-9740-5dde90b9ed49,01a07757-90f6-7ca2-9931-c03ede6acaf9,01a07757-9312-7c83-afc2-1a699be7ded9,01a07757-a223-7961-ab24-df77668c26bd,f,2026-09-06 15:30:27.026135+00
01a07757-a27e-7af0-9740-5ded084d1895,01a07757-90f6-7ca2-9931-c03ede6acaf9,01a07757-9312-7c83-afc2-1a46ff1e69f1,01a07757-a223-7961-ab24-df77668c26bd,f,2026-09-06 15:30:27.026135+00
01a07757-a27e-7af0-9740-5dfc723d4809,01a07757-90f6-7ca2-9931-c03ede6acaf9,01a07757-9312-7c83-afc2-1a699be7ded9,01a07757-a223-7961-ab24-df77668c26bd,f,2026-09-06 15:30:27.026135+00
01a07757-a27f-7aa0-8555-8106f0bf9c0f,01a07757-90f6-7ca2-9931-c03ede6acaf9,01a07757-9312-7c83-afc2-1a46ff1e69f1,01a07757-a223-7961-ab24-df77668c26bd,f,2026-09-06 15:30:27.026135+00
01a07757-a27f-7aa0-8555-811be7c3464e,01a07757-90f6-7ca2-9931-c03ede6acaf9,01a07757-9312-7c83-afc2-1a699be7ded9,01a07757-a223-7961-ab24-df77668c26bd,f,2026-09-06 15:30:27.026135+00
01a07757-a280-7c12-986b-54b75c18a73f,01a07757-90f6-7ca2-9931-c03ede6acaf9,01a07757-9312-7c83-afc2-1a8845663d97,01a07757-a223-7961-ab24-df8fef8f3e09,f,2026-09-06 15:30:27.026135+00
01a07757-a280-7c12-986b-54f5e55c93ce,01a07757-90f6-7ca2-9931-c03ede6acaf9,01a07757-9312-7c83-afc2-1aa199080214,01a07757-a223-7961-ab24-df8fef8f3e09,f,2026-09-06 15:30:27.026135+00
01a07757-a280-7c12-986b-550ded007a42,01a07757-90f6-7ca2-9931-c03ede6acaf9,01a07757-9312-7c83-afc2-1a8845663d97,01a07757-a223-7961-ab24-df8fef8f3e09,f,2026-09-06 15:30:27.026135+00
01a07757-a281-7530-9066-328dea0fa286,01a07757-90f6-7ca2-9931-c03ede6acaf9,01a07757-9312-7c83-afc2-1aa199080214,01a07757-a223-7961-ab24-df8fef8f3e09,f,2026-09-06 15:30:27.026135+00
01a07757-a281-7530-9066-329dbbdf847d,01a07757-90f6-7ca2-9931-c03ede6acaf9,01a07757-9312-7c83-afc2-1a8845663d97,01a07757-a223-7961-ab24-df8fef8f3e09,f,2026-09-06 15:30:27.026135+00
01a07757-a281-7530-9066-32a89a4652c7,01a07757-90f6-7ca2-9931-c03ede6acaf9,01a07757-9312-7c83-afc2-1aa199080214,01a07757-a223-7961-ab24-df8fef8f3e09,f,2026-09-06 15:30:27.026135+00
01a07757-a282-7c00-a24e-85d5ffb0e6cf,01a07757-90f6-7ca2-9931-c03ede6acaf9,01a07757-9312-7c83-afc2-1ac37d74429d,01a07757-a223-7961-ab24-df975ee846b3,f,2026-09-06 15:30:27.026135+00
01a07757-a282-7c00-a24e-85e9e762f5fd,01a07757-99b6-7ff0-bf13-83dd6ad07a1e,01a07757-9dcb-76e1-8828-1f242afd1d85,01a07757-a280-7c12-986b-54c6d6ce2301,f,2026-09-06 15:30:27.074188+00
01a07757-a282-7c00-a24e-85f291f1ef0a,01a07757-99b6-7ff0-bf13-83dd6ad07a1e,01a07757-9dea-7652-b802-95683ec3887c,01a07757-a280-7c12-986b-54c6d6ce2301,f,2026-09-06 15:30:27.074188+00
01a07757-a282-7c00-a24e-8609adbaa052,01a07757-90f6-7ca2-9931-c03ede6acaf9,01a07757-9312-7c83-afc2-1ae7f83278a2,01a07757-a223-7961-ab24-df975ee846b3,f,2026-09-06 15:30:27.026135+00
01a07757-a283-7293-9d50-f30fecd22b9a,01a07757-99b6-7ff0-bf13-83dd6ad07a1e,01a07757-9dcb-76e1-8828-1f242afd1d85,01a07757-a280-7c12-986b-54c6d6ce2301,f,2026-09-06 15:30:27.074188+00
01a07757-a283-7293-9d50-f31bd8fdb3d1,01a07757-90f6-7ca2-9931-c03ede6acaf9,01a07757-9312-7c83-afc2-1ac37d74429d,01a07757-a223-7961-ab24-df975ee846b3,f,2026-09-06 15:30:27.026135+00
01a07757-a283-7293-9d50-f32ebe7581c8,01a07757-99b6-7ff0-bf13-83dd6ad07a1e,01a07757-9dea-7652-b802-95683ec3887c,01a07757-a280-7c12-986b-54c6d6ce2301,f,2026-09-06 15:30:27.074188+00
01a07757-a283-7293-9d50-f330e4516b85,01a07757-99b6-7ff0-bf13-83dd6ad07a1e,01a07757-9dcb-76e1-8828-1f242afd1d85,01a07757-a280-7c12-986b-54c6d6ce2301,f,2026-09-06 15:30:27.074188+00
01a07757-a283-7293-9d50-f34dae92e024,01a07757-90f6-7ca2-9931-c03ede6acaf9,01a07757-9312-7c83-afc2-1ae7f83278a2,01a07757-a223-7961-ab24-df975ee846b3,f,2026-09-06 15:30:27.026135+00
01a07757-a283-7293-9d50-f353599fae29,01a07757-99b6-7ff0-bf13-83dd6ad07a1e,01a07757-9dea-7652-b802-95683ec3887c,01a07757-a280-7c12-986b-54c6d6ce2301,f,2026-09-06 15:30:27.074188+00
01a07757-a283-7293-9d50-f37b67e1d331,01a07757-90f6-7ca2-9931-c03ede6acaf9,01a07757-9312-7c83-afc2-1ac37d74429d,01a07757-a223-7961-ab24-df975ee846b3,f,2026-09-06 15:30:27.026135+00
01a07757-a284-7b12-bdb6-d48364a05a1c,01a07757-90f6-7ca2-9931-c03ede6acaf9,01a07757-9312-7c83-afc2-1ae7f83278a2,01a07757-a223-7961-ab24-df975ee846b3,f,2026-09-06 15:30:27.026135+00
01a07757-a284-7b12-bdb6-d490c03c7e7e,01a07757-99b6-7ff0-bf13-83dd6ad07a1e,01a07757-9dea-7652-b802-95683ec3887c,01a07757-a280-7c12-986b-54d6f9da835e,f,2026-09-06 15:30:27.074188+00
01a07757-a285-7632-b3ef-c993128ba4d2,01a07757-99b6-7ff0-bf13-83dd6ad07a1e,01a07757-9df2-7483-9d35-d23aae7110aa,01a07757-a280-7c12-986b-54d6f9da835e,f,2026-09-06 15:30:27.074188+00
01a07757-a285-7632-b3ef-c9a336972a39,01a07757-90f6-7ca2-9931-c03ede6acaf9,01a07757-9312-7c83-afc2-1b04ebc17245,01a07757-a223-7961-ab24-dfab85c19a4c,f,2026-09-06 15:30:27.026135+00
01a07757-a285-7632-b3ef-c9b6e6b94524,01a07757-99b6-7ff0-bf13-83dd6ad07a1e,01a07757-9dea-7652-b802-95683ec3887c,01a07757-a280-7c12-986b-54d6f9da835e,f,2026-09-06 15:30:27.074188+00
01a07757-a285-7632-b3ef-c9cf15fccc07,01a07757-90f6-7ca2-9931-c03ede6acaf9,01a07757-9312-7c83-afc2-1b271bdce46f,01a07757-a223-7961-ab24-dfab85c19a4c,f,2026-09-06 15:30:27.026135+00
01a07757-a285-7632-b3ef-c9d214dd0c72,01a07757-99b6-7ff0-bf13-83dd6ad07a1e,01a07757-9df2-7483-9d35-d23aae7110aa,01a07757-a280-7c12-986b-54d6f9da835e,f,2026-09-06 15:30:27.074188+00
01a07757-a285-7632-b3ef-c9e81802bd0e,01a07757-99b6-7ff0-bf13-83dd6ad07a1e,01a07757-9dea-7652-b802-95683ec3887c,01a07757-a280-7c12-986b-54d6f9da835e,f,2026-09-06 15:30:27.074188+00
01a07757-a285-7632-b3ef-c9f4046ca80d,01a07757-90f6-7ca2-9931-c03ede6acaf9,01a07757-9312-7c83-afc2-1b04ebc17245,01a07757-a223-7961-ab24-dfab85c19a4c,f,2026-09-06 15:30:27.026135+00
01a07757-a286-7601-85b6-20e37e53c746,01a07757-9fb2-7d52-8bc6-bc50b332b733,01a07757-a1d2-7513-bd3d-b4cef69775ad,01a07757-a283-7293-9d50-f368b3b680a6,f,2026-09-06 15:30:27.076999+00
01a07757-a286-7601-85b6-20fbd7da1453,01a07757-99b6-7ff0-bf13-83dd6ad07a1e,01a07757-9df2-7483-9d35-d23aae7110aa,01a07757-a280-7c12-986b-54d6f9da835e,f,2026-09-06 15:30:27.074188+00
01a07757-a286-7601-85b6-210ad05358c5,01a07757-90f6-7ca2-9931-c03ede6acaf9,01a07757-9312-7c83-afc2-1b271bdce46f,01a07757-a223-7961-ab24-dfab85c19a4c,f,2026-09-06 15:30:27.026135+00
01a07757-a286-7601-85b6-21124de979c0,01a07757-9fb2-7d52-8bc6-bc50b332b733,01a07757-a1d2-7513-bd3d-b4d9b0bf6124,01a07757-a283-7293-9d50-f368b3b680a6,f,2026-09-06 15:30:27.076999+00
01a07757-a286-7601-85b6-212c3e992319,01a07757-90f6-7ca2-9931-c03ede6acaf9,01a07757-9312-7c83-afc2-1b04ebc17245,01a07757-a223-7961-ab24-dfab85c19a4c,f,2026-09-06 15:30:27.026135+00
01a07757-a286-7601-85b6-213e2ae13d3c,01a07757-90f6-7ca2-9931-c03ede6acaf9,01a07757-9312-7c83-afc2-1b271bdce46f,01a07757-a223-7961-ab24-dfab85c19a4c,f,2026-09-06 15:30:27.026135+00
01a07757-a287-7c42-af4c-7b1a4616a079,01a07757-99b6-7ff0-bf13-83dd6ad07a1e,01a07757-9df2-7483-9d35-d23aae7110aa,01a07757-a280-7c12-986b-54e198c63c08,f,2026-09-06 15:30:27.074188+00
01a07757-a287-7c42-af4c-7b2019a35eda,01a07757-99b6-7ff0-bf13-83dd6ad07a1e,01a07757-9d0c-7a21-91f4-6213ed06ddd5,01a07757-a280-7c12-986b-54e198c63c08,f,2026-09-06 15:30:27.074188+00
01a07757-a287-7c42-af4c-7b329154c381,01a07757-90f6-7ca2-9931-c03ede6acaf9,01a07757-9312-7c83-afc2-1b4b6d0ddb21,01a07757-a223-7961-ab24-dfb9bd485b08,f,2026-09-06 15:30:27.026135+00
01a07757-a287-7c42-af4c-7b465cd898a3,01a07757-99b6-7ff0-bf13-83dd6ad07a1e,01a07757-9df2-7483-9d35-d23aae7110aa,01a07757-a280-7c12-986b-54e198c63c08,f,2026-09-06 15:30:27.074188+00
01a07757-a287-7c42-af4c-7b590cc24287,01a07757-90f6-7ca2-9931-c03ede6acaf9,01a07757-9312-7c83-afc2-1b6b6413da2e,01a07757-a223-7961-ab24-dfb9bd485b08,f,2026-09-06 15:30:27.026135+00
01a07757-a287-7c42-af4c-7b6ada16e196,01a07757-90f6-7ca2-9931-c03ede6acaf9,01a07757-9312-7c83-afc2-1b4b6d0ddb21,01a07757-a223-7961-ab24-dfb9bd485b08,f,2026-09-06 15:30:27.026135+00
01a07757-a287-7c42-af4c-7b72108e3e64,01a07757-99b6-7ff0-bf13-83dd6ad07a1e,01a07757-9d0c-7a21-91f4-6213ed06ddd5,01a07757-a280-7c12-986b-54e198c63c08,f,2026-09-06 15:30:27.074188+00
01a07757-a288-78e1-9e18-7a1678731e83,01a07757-90f6-7ca2-9931-c03ede6acaf9,01a07757-9312-7c83-afc2-1b6b6413da2e,01a07757-a223-7961-ab24-dfb9bd485b08,f,2026-09-06 15:30:27.026135+00
01a07757-a288-78e1-9e18-7a2744dffaa0,01a07757-99b6-7ff0-bf13-83dd6ad07a1e,01a07757-9df2-7483-9d35-d23aae7110aa,01a07757-a280-7c12-986b-54e198c63c08,f,2026-09-06 15:30:27.074188+00
01a07757-a288-78e1-9e18-7a3c70594b0a,01a07757-90f6-7ca2-9931-c03ede6acaf9,01a07757-9312-7c83-afc2-1b4b6d0ddb21,01a07757-a223-7961-ab24-dfb9bd485b08,f,2026-09-06 15:30:27.026135+00
01a07757-a288-78e1-9e18-7a4ecd85afb9,01a07757-99b6-7ff0-bf13-83dd6ad07a1e,01a07757-9d0c-7a21-91f4-6213ed06ddd5,01a07757-a280-7c12-986b-54e198c63c08,f,2026-09-06 15:30:27.074188+00
01a07757-a288-78e1-9e18-7a5599ef3767,01a07757-90f6-7ca2-9931-c03ede6acaf9,01a07757-9312-7c83-afc2-1b6b6413da2e,01a07757-a223-7961-ab24-dfb9bd485b08,f,2026-09-06 15:30:27.026135+00
01a07757-a289-73d2-a455-9bee75d1b922,01a07757-90f6-7ca2-9931-c03ede6acaf9,01a07757-9312-7c83-afc2-1b87232c567e,01a07757-a223-7961-ab24-dfc32e719c77,f,2026-09-06 15:30:27.026135+00
01a07757-a289-73d2-a455-9bf9f2ea7c91,01a07757-90f6-7ca2-9931-c03ede6acaf9,01a07757-9312-7c83-afc2-1babac7c8ddc,01a07757-a223-7961-ab24-dfc32e719c77,f,2026-09-06 15:30:27.026135+00
01a07757-a28a-75a0-b531-db4cfe90c3ac,01a07757-90f6-7ca2-9931-c03ede6acaf9,01a07757-9312-7c83-afc2-1b87232c567e,01a07757-a223-7961-ab24-dfc32e719c77,f,2026-09-06 15:30:27.026135+00
01a07757-a28a-75a0-b531-db54c2bf4653,01a07757-90f6-7ca2-9931-c03ede6acaf9,01a07757-9312-7c83-afc2-1babac7c8ddc,01a07757-a223-7961-ab24-dfc32e719c77,f,2026-09-06 15:30:27.026135+00
01a07757-a28a-75a0-b531-db65c3a11293,01a07757-90f6-7ca2-9931-c03ede6acaf9,01a07757-9312-7c83-afc2-1b87232c567e,01a07757-a223-7961-ab24-dfc32e719c77,f,2026-09-06 15:30:27.026135+00
01a07757-a28a-75a0-b531-db7f6a5caa4b,01a07757-90f6-7ca2-9931-c03ede6acaf9,01a07757-9312-7c83-afc2-1babac7c8ddc,01a07757-a223-7961-ab24-dfc32e719c77,f,2026-09-06 15:30:27.026135+00
01a07757-a28b-7130-861b-997f36155818,01a07757-90f6-7ca2-9931-c03ede6acaf9,01a07757-9312-7c83-afc2-1bcd8462ec75,01a07757-a223-7961-ab24-dfd310f7cb62,f,2026-09-06 15:30:27.026135+00
01a07757-a28b-7130-861b-9983a217a81a,01a07757-90f6-7ca2-9931-c03ede6acaf9,01a07757-9312-7c83-afc2-1bee84a39e34,01a07757-a223-7961-ab24-dfd310f7cb62,f,2026-09-06 15:30:27.026135+00
01a07757-a28c-7b81-acd1-748eecb4ff44,01a07757-90f6-7ca2-9931-c03ede6acaf9,01a07757-9312-7c83-afc2-1bcd8462ec75,01a07757-a223-7961-ab24-dfd310f7cb62,f,2026-09-06 15:30:27.026135+00
01a07757-a28c-7b81-acd1-749c0a1a0216,01a07757-90f6-7ca2-9931-c03ede6acaf9,01a07757-9312-7c83-afc2-1bee84a39e34,01a07757-a223-7961-ab24-dfd310f7cb62,f,2026-09-06 15:30:27.026135+00
01a07757-a28c-7b81-acd1-74a44a6e04b0,01a07757-90f6-7ca2-9931-c03ede6acaf9,01a07757-9312-7c83-afc2-1bcd8462ec75,01a07757-a223-7961-ab24-dfd310f7cb62,f,2026-09-06 15:30:27.026135+00
01a07757-a28c-7b81-acd1-74b916931f53,01a07757-90f6-7ca2-9931-c03ede6acaf9,01a07757-9312-7c83-afc2-1bee84a39e34,01a07757-a223-7961-ab24-dfd310f7cb62,f,2026-09-06 15:30:27.026135+00
01a07757-a28d-7773-a034-4081af877ad6,01a07757-90f6-7ca2-9931-c03ede6acaf9,01a07757-9312-7c83-afc2-1c09b72f509c,01a07757-a223-7961-ab24-dfe2adf5d1a0,f,2026-09-06 15:30:27.026135+00
01a07757-a28d-7773-a034-409fd74839db,01a07757-90f6-7ca2-9931-c03ede6acaf9,01a07757-9312-7c83-afc2-1c2b3937c39d,01a07757-a223-7961-ab24-dfe2adf5d1a0,f,2026-09-06 15:30:27.026135+00
01a07757-a28e-7262-9b6a-ba9e18338743,01a07757-90f6-7ca2-9931-c03ede6acaf9,01a07757-9312-7c83-afc2-1c09b72f509c,01a07757-a223-7961-ab24-dfe2adf5d1a0,f,2026-09-06 15:30:27.026135+00
01a07757-a28e-7262-9b6a-baac81d50497,01a07757-90f6-7ca2-9931-c03ede6acaf9,01a07757-9312-7c83-afc2-1c2b3937c39d,01a07757-a223-7961-ab24-dfe2adf5d1a0,f,2026-09-06 15:30:27.026135+00
01a07757-a28e-7262-9b6a-babfb59bd6f0,01a07757-90f6-7ca2-9931-c03ede6acaf9,01a07757-9312-7c83-afc2-1c09b72f509c,01a07757-a223-7961-ab24-dfe2adf5d1a0,f,2026-09-06 15:30:27.026135+00
01a07757-a28e-7262-9b6a-baca948de0d9,01a07757-90f6-7ca2-9931-c03ede6acaf9,01a07757-9312-7c83-afc2-1c2b3937c39d,01a07757-a223-7961-ab24-dfe2adf5d1a0,f,2026-09-06 15:30:27.026135+00
01a07757-a28f-71d1-88e1-9f3021ec7496,01a07757-90f6-7ca2-9931-c03ede6acaf9,01a07757-9312-7c83-afc2-1c48c32b949f,01a07757-a223-7961-ab24-dff3453b35f0,f,2026-09-06 15:30:27.026135+00
01a07757-a290-7520-9e5c-e44e4504ed9e,01a07757-90f6-7ca2-9931-c03ede6acaf9,01a07757-9312-7c83-afc2-1c61b4de0894,01a07757-a223-7961-ab24-dff3453b35f0,f,2026-09-06 15:30:27.026135+00
01a07757-a290-7520-9e5c-e453234dcb27,01a07757-90f6-7ca2-9931-c03ede6acaf9,01a07757-9312-7c83-afc2-1c48c32b949f,01a07757-a223-7961-ab24-dff3453b35f0,f,2026-09-06 15:30:27.026135+00
01a07757-a290-7520-9e5c-e46411f27e8f,01a07757-90f6-7ca2-9931-c03ede6acaf9,01a07757-9312-7c83-afc2-1c61b4de0894,01a07757-a223-7961-ab24-dff3453b35f0,f,2026-09-06 15:30:27.026135+00
01a07757-a291-79a3-a8c3-a0c8b3c321c6,01a07757-90f6-7ca2-9931-c03ede6acaf9,01a07757-9312-7c83-afc2-1c48c32b949f,01a07757-a223-7961-ab24-dff3453b35f0,f,2026-09-06 15:30:27.026135+00
01a07757-a291-79a3-a8c3-a0dace2adcd8,01a07757-90f6-7ca2-9931-c03ede6acaf9,01a07757-9312-7c83-afc2-1c61b4de0894,01a07757-a223-7961-ab24-dff3453b35f0,f,2026-09-06 15:30:27.026135+00
01a07757-a292-7273-abbe-4ffd9d1047db,01a07757-90f6-7ca2-9931-c03ede6acaf9,01a07757-9312-7c83-afc2-1c8ad84ae45f,01a07757-a223-7961-ab24-e0062500a672,f,2026-09-06 15:30:27.026135+00
01a07757-a293-7c13-a5d6-1bfd9a94dd48,01a07757-90f6-7ca2-9931-c03ede6acaf9,01a07757-9312-7c83-afc2-1caa19fd4606,01a07757-a223-7961-ab24-e0062500a672,f,2026-09-06 15:30:27.026135+00
01a07757-a293-7c13-a5d6-1c0d420598b8,01a07757-90f6-7ca2-9931-c03ede6acaf9,01a07757-9312-7c83-afc2-1c8ad84ae45f,01a07757-a223-7961-ab24-e0062500a672,f,2026-09-06 15:30:27.026135+00
01a07757-a293-7c13-a5d6-1c110be0d66b,01a07757-90f6-7ca2-9931-c03ede6acaf9,01a07757-9312-7c83-afc2-1caa19fd4606,01a07757-a223-7961-ab24-e0062500a672,f,2026-09-06 15:30:27.026135+00
01a07757-a294-7d50-94dd-757aee64f6a8,01a07757-90f6-7ca2-9931-c03ede6acaf9,01a07757-9312-7c83-afc2-1c8ad84ae45f,01a07757-a223-7961-ab24-e0062500a672,f,2026-09-06 15:30:27.026135+00
01a07757-a294-7d50-94dd-7585dda2b7d5,01a07757-90f6-7ca2-9931-c03ede6acaf9,01a07757-9312-7c83-afc2-1caa19fd4606,01a07757-a223-7961-ab24-e0062500a672,f,2026-09-06 15:30:27.026135+00
01a07757-a295-7243-aa19-89336a70149b,01a07757-90f6-7ca2-9931-c03ede6acaf9,01a07757-9312-7c83-afc2-1cc457454d78,01a07757-a223-7961-ab24-e01d854d57a5,f,2026-09-06 15:30:27.026135+00
01a07757-a295-7243-aa19-894890fcb51b,01a07757-90f6-7ca2-9931-c03ede6acaf9,01a07757-9312-7c83-afc2-1ce8d76a92ae,01a07757-a223-7961-ab24-e01d854d57a5,f,2026-09-06 15:30:27.026135+00
01a07757-a296-7c20-bbd6-b8965a9d7951,01a07757-90f6-7ca2-9931-c03ede6acaf9,01a07757-9312-7c83-afc2-1cc457454d78,01a07757-a223-7961-ab24-e01d854d57a5,f,2026-09-06 15:30:27.026135+00
01a07757-a296-7c20-bbd6-b8aa32b1a73c,01a07757-90f6-7ca2-9931-c03ede6acaf9,01a07757-9312-7c83-afc2-1ce8d76a92ae,01a07757-a223-7961-ab24-e01d854d57a5,f,2026-09-06 15:30:27.026135+00
01a07757-a296-7c20-bbd6-b8b481c99cd7,01a07757-90f6-7ca2-9931-c03ede6acaf9,01a07757-9312-7c83-afc2-1cc457454d78,01a07757-a223-7961-ab24-e01d854d57a5,f,2026-09-06 15:30:27.026135+00
01a07757-a296-7c20-bbd6-b8c9318d47a3,01a07757-90f6-7ca2-9931-c03ede6acaf9,01a07757-9312-7c83-afc2-1ce8d76a92ae,01a07757-a223-7961-ab24-e01d854d57a5,f,2026-09-06 15:30:27.026135+00
01a07757-a297-76a0-865d-c1b76ef104e9,01a07757-90f6-7ca2-9931-c03ede6acaf9,01a07757-9312-7c83-afc2-1d07fa14a3e0,01a07757-a223-7961-ab24-e02e0d5760fb,f,2026-09-06 15:30:27.026135+00
01a07757-a298-7b02-8bc2-a525eda65738,01a07757-90f6-7ca2-9931-c03ede6acaf9,01a07757-9312-7c83-afc2-1d2a9c439641,01a07757-a223-7961-ab24-e02e0d5760fb,f,2026-09-06 15:30:27.026135+00
01a07757-a298-7b02-8bc2-a53ddd5073ad,01a07757-90f6-7ca2-9931-c03ede6acaf9,01a07757-9312-7c83-afc2-1d07fa14a3e0,01a07757-a223-7961-ab24-e02e0d5760fb,f,2026-09-06 15:30:27.026135+00
01a07757-a298-7b02-8bc2-a54a67d46fe7,01a07757-90f6-7ca2-9931-c03ede6acaf9,01a07757-9312-7c83-afc2-1d2a9c439641,01a07757-a223-7961-ab24-e02e0d5760fb,f,2026-09-06 15:30:27.026135+00
01a07757-a299-79c2-a43b-7562c9dbfcda,01a07757-90f6-7ca2-9931-c03ede6acaf9,01a07757-9312-7c83-afc2-1d07fa14a3e0,01a07757-a223-7961-ab24-e02e0d5760fb,f,2026-09-06 15:30:27.026135+00
01a07757-a299-79c2-a43b-757a16222cea,01a07757-90f6-7ca2-9931-c03ede6acaf9,01a07757-9312-7c83-afc2-1d2a9c439641,01a07757-a223-7961-ab24-e02e0d5760fb,f,2026-09-06 15:30:27.026135+00
01a07757-a299-79c2-a43b-7581d2e8d501,01a07757-90f6-7ca2-9931-c03ede6acaf9,01a07757-9312-7c83-afc2-1d47821442a4,01a07757-a223-7961-ab24-e03894eb9488,f,2026-09-06 15:30:27.026135+00
01a07757-a29a-7b00-8e90-ff63451fd8b2,01a07757-90f6-7ca2-9931-c03ede6acaf9,01a07757-9312-7c83-afc2-1d6323af0e69,01a07757-a223-7961-ab24-e03894eb9488,f,2026-09-06 15:30:27.026135+00
01a07757-a29a-7b00-8e90-ff71caf963df,01a07757-90f6-7ca2-9931-c03ede6acaf9,01a07757-9312-7c83-afc2-1d47821442a4,01a07757-a223-7961-ab24-e03894eb9488,f,2026-09-06 15:30:27.026135+00
01a07757-a29a-7b00-8e90-ff8b691edb5d,01a07757-90f6-7ca2-9931-c03ede6acaf9,01a07757-9312-7c83-afc2-1d6323af0e69,01a07757-a223-7961-ab24-e03894eb9488,f,2026-09-06 15:30:27.026135+00
01a07757-a29a-7b00-8e90-ff96cfea00ad,01a07757-90f6-7ca2-9931-c03ede6acaf9,01a07757-9312-7c83-afc2-1d47821442a4,01a07757-a223-7961-ab24-e03894eb9488,f,2026-09-06 15:30:27.026135+00
01a07757-a29b-7972-985b-0ac00695727c,01a07757-90f6-7ca2-9931-c03ede6acaf9,01a07757-9312-7c83-afc2-1d6323af0e69,01a07757-a223-7961-ab24-e03894eb9488,f,2026-09-06 15:30:27.026135+00
01a07757-a29c-7ea0-8205-9a929f5b52b9,01a07757-90f6-7ca2-9931-c03ede6acaf9,01a07757-9312-7c83-afc2-1d86759286af,01a07757-a223-7961-ab24-e04fd5f9a6ad,f,2026-09-06 15:30:27.026135+00
01a07757-a29c-7ea0-8205-9aa8bc70c152,01a07757-90f6-7ca2-9931-c03ede6acaf9,01a07757-9312-7c83-afc2-1da03b7fc3d6,01a07757-a223-7961-ab24-e04fd5f9a6ad,f,2026-09-06 15:30:27.026135+00
01a07757-a29c-7ea0-8205-9abeed30f96e,01a07757-90f6-7ca2-9931-c03ede6acaf9,01a07757-9312-7c83-afc2-1d86759286af,01a07757-a223-7961-ab24-e04fd5f9a6ad,f,2026-09-06 15:30:27.026135+00
01a07757-a29d-79c2-9977-4c1baecd8101,01a07757-90f6-7ca2-9931-c03ede6acaf9,01a07757-9312-7c83-afc2-1da03b7fc3d6,01a07757-a223-7961-ab24-e04fd5f9a6ad,f,2026-09-06 15:30:27.026135+00
01a07757-a29d-79c2-9977-4c2d0e968052,01a07757-90f6-7ca2-9931-c03ede6acaf9,01a07757-9312-7c83-afc2-1d86759286af,01a07757-a223-7961-ab24-e04fd5f9a6ad,f,2026-09-06 15:30:27.026135+00
01a07757-a29d-79c2-9977-4c3a758b2d1b,01a07757-90f6-7ca2-9931-c03ede6acaf9,01a07757-9312-7c83-afc2-1da03b7fc3d6,01a07757-a223-7961-ab24-e04fd5f9a6ad,f,2026-09-06 15:30:27.026135+00
01a07757-a29e-7681-b196-8545cf26680d,01a07757-90f6-7ca2-9931-c03ede6acaf9,01a07757-9312-7c83-afc2-1dcca91a77da,01a07757-a223-7961-ab24-e05e1d2149a1,f,2026-09-06 15:30:27.026135+00
01a07757-a29f-7c11-a05c-7c78ad3b8acb,01a07757-90f6-7ca2-9931-c03ede6acaf9,01a07757-9312-7c83-afc2-1de808fbc2f8,01a07757-a223-7961-ab24-e05e1d2149a1,f,2026-09-06 15:30:27.026135+00
01a07757-a29f-7c11-a05c-7c8cd7020ae9,01a07757-90f6-7ca2-9931-c03ede6acaf9,01a07757-9312-7c83-afc2-1dcca91a77da,01a07757-a223-7961-ab24-e05e1d2149a1,f,2026-09-06 15:30:27.026135+00
01a07757-a29f-7c11-a05c-7c96f4030e6a,01a07757-90f6-7ca2-9931-c03ede6acaf9,01a07757-9312-7c83-afc2-1de808fbc2f8,01a07757-a223-7961-ab24-e05e1d2149a1,f,2026-09-06 15:30:27.026135+00
01a07757-a2a0-7fc0-a28b-c31dc703de3e,01a07757-90f6-7ca2-9931-c03ede6acaf9,01a07757-9312-7c83-afc2-1dcca91a77da,01a07757-a223-7961-ab24-e05e1d2149a1,f,2026-09-06 15:30:27.026135+00
01a07757-a2a0-7fc0-a28b-c32fb1d0338f,01a07757-90f6-7ca2-9931-c03ede6acaf9,01a07757-9312-7c83-afc2-1de808fbc2f8,01a07757-a223-7961-ab24-e05e1d2149a1,f,2026-09-06 15:30:27.026135+00
01a07757-a2a1-7dd0-ba52-addccdfbb09e,01a07757-90f6-7ca2-9931-c03ede6acaf9,01a07757-9312-7c83-afc2-1e0d02adc329,01a07757-a223-7961-ab24-e06c9204cbcf,f,2026-09-06 15:30:27.026135+00
01a07757-a2a1-7dd0-ba52-ade710eeff1b,01a07757-90f6-7ca2-9931-c03ede6acaf9,01a07757-9312-7c83-afc2-1e2d1c4648ec,01a07757-a223-7961-ab24-e06c9204cbcf,f,2026-09-06 15:30:27.026135+00
01a07757-a2a2-7063-9f58-91b0729ebcd5,01a07757-90f6-7ca2-9931-c03ede6acaf9,01a07757-9312-7c83-afc2-1e0d02adc329,01a07757-a223-7961-ab24-e06c9204cbcf,f,2026-09-06 15:30:27.026135+00
01a07757-a2a2-7063-9f58-91c4e3318c25,01a07757-90f6-7ca2-9931-c03ede6acaf9,01a07757-9312-7c83-afc2-1e2d1c4648ec,01a07757-a223-7961-ab24-e06c9204cbcf,f,2026-09-06 15:30:27.026135+00
01a07757-a2a2-7063-9f58-91db0e0fa37b,01a07757-90f6-7ca2-9931-c03ede6acaf9,01a07757-9312-7c83-afc2-1e0d02adc329,01a07757-a223-7961-ab24-e06c9204cbcf,f,2026-09-06 15:30:27.026135+00
01a07757-a2a2-7063-9f58-91ec2ee143e3,01a07757-90f6-7ca2-9931-c03ede6acaf9,01a07757-9312-7c83-afc2-1e2d1c4648ec,01a07757-a223-7961-ab24-e06c9204cbcf,f,2026-09-06 15:30:27.026135+00
01a07757-a2a3-7831-bd43-30a1a42af865,01a07757-90f6-7ca2-9931-c03ede6acaf9,01a07757-9312-7c83-afc2-1e4bc8254723,01a07757-a223-7961-ab24-e07359a6c4b4,f,2026-09-06 15:30:27.026135+00
01a07757-a2a4-7010-861c-ef5b54bded39,01a07757-90f6-7ca2-9931-c03ede6acaf9,01a07757-9312-7c83-afc2-1e6fe82976c5,01a07757-a223-7961-ab24-e07359a6c4b4,f,2026-09-06 15:30:27.026135+00
01a07757-a2a4-7010-861c-ef63fa1eb5c6,01a07757-90f6-7ca2-9931-c03ede6acaf9,01a07757-9312-7c83-afc2-1e4bc8254723,01a07757-a223-7961-ab24-e07359a6c4b4,f,2026-09-06 15:30:27.026135+00
01a07757-a2a4-7010-861c-ef7267e25a39,01a07757-90f6-7ca2-9931-c03ede6acaf9,01a07757-9312-7c83-afc2-1e6fe82976c5,01a07757-a223-7961-ab24-e07359a6c4b4,f,2026-09-06 15:30:27.026135+00
01a07757-a2a4-7010-861c-ef8247e3a34c,01a07757-90f6-7ca2-9931-c03ede6acaf9,01a07757-9312-7c83-afc2-1e4bc8254723,01a07757-a223-7961-ab24-e07359a6c4b4,f,2026-09-06 15:30:27.026135+00
01a07757-a2a4-7010-861c-ef9de68bf5c0,01a07757-90f6-7ca2-9931-c03ede6acaf9,01a07757-9312-7c83-afc2-1e6fe82976c5,01a07757-a223-7961-ab24-e07359a6c4b4,f,2026-09-06 15:30:27.026135+00
01a07757-a2a5-74c1-b3bf-aaebf4cd9595,01a07757-90f6-7ca2-9931-c03ede6acaf9,01a07757-9312-7c83-afc2-1e87d80ff9f6,01a07757-a223-7961-ab24-e08bc0830ae5,f,2026-09-06 15:30:27.026135+00
01a07757-a2a6-7bf2-a237-f5a43f057fde,01a07757-90f6-7ca2-9931-c03ede6acaf9,01a07757-9312-7c83-afc2-1ea0aca46860,01a07757-a223-7961-ab24-e08bc0830ae5,f,2026-09-06 15:30:27.026135+00
01a07757-a2a6-7bf2-a237-f5b8a4665ce1,01a07757-90f6-7ca2-9931-c03ede6acaf9,01a07757-9312-7c83-afc2-1e87d80ff9f6,01a07757-a223-7961-ab24-e08bc0830ae5,f,2026-09-06 15:30:27.026135+00
01a07757-a2a6-7bf2-a237-f5c41dee4d73,01a07757-90f6-7ca2-9931-c03ede6acaf9,01a07757-9312-7c83-afc2-1ea0aca46860,01a07757-a223-7961-ab24-e08bc0830ae5,f,2026-09-06 15:30:27.026135+00
01a07757-a2a6-7bf2-a237-f5dbd5a1684d,01a07757-90f6-7ca2-9931-c03ede6acaf9,01a07757-9312-7c83-afc2-1e87d80ff9f6,01a07757-a223-7961-ab24-e08bc0830ae5,f,2026-09-06 15:30:27.026135+00
01a07757-a2a6-7bf2-a237-f5ebfdbd3431,01a07757-90f6-7ca2-9931-c03ede6acaf9,01a07757-9312-7c83-afc2-1ea0aca46860,01a07757-a223-7961-ab24-e08bc0830ae5,f,2026-09-06 15:30:27.026135+00
01a07757-a2a7-73e0-b119-53c8479bfd07,01a07757-90f6-7ca2-9931-c03ede6acaf9,01a07757-9312-7c83-afc2-1ecd931ea70c,01a07757-a223-7961-ab24-e09ec7781768,f,2026-09-06 15:30:27.026135+00
01a07757-a2a8-7c62-ab2e-c20d5ae5f606,01a07757-90f6-7ca2-9931-c03ede6acaf9,01a07757-9312-7c83-afc2-1eeae5d51dad,01a07757-a223-7961-ab24-e09ec7781768,f,2026-09-06 15:30:27.026135+00
01a07757-a2a8-7c62-ab2e-c2162acf9805,01a07757-90f6-7ca2-9931-c03ede6acaf9,01a07757-9312-7c83-afc2-1ecd931ea70c,01a07757-a223-7961-ab24-e09ec7781768,f,2026-09-06 15:30:27.026135+00
01a07757-a2a8-7c62-ab2e-c22b55ff4e69,01a07757-90f6-7ca2-9931-c03ede6acaf9,01a07757-9312-7c83-afc2-1eeae5d51dad,01a07757-a223-7961-ab24-e09ec7781768,f,2026-09-06 15:30:27.026135+00
01a07757-a2a8-7c62-ab2e-c239348935cc,01a07757-90f6-7ca2-9931-c03ede6acaf9,01a07757-9312-7c83-afc2-1ecd931ea70c,01a07757-a223-7961-ab24-e09ec7781768,f,2026-09-06 15:30:27.026135+00
01a07757-a2a8-7c62-ab2e-c24dbd417436,01a07757-90f6-7ca2-9931-c03ede6acaf9,01a07757-9312-7c83-afc2-1eeae5d51dad,01a07757-a223-7961-ab24-e09ec7781768,f,2026-09-06 15:30:27.026135+00
01a07757-a2a9-7f13-8787-17b6f05f8d56,01a07757-90f6-7ca2-9931-c03ede6acaf9,01a07757-9312-7c83-afc2-1f0ae05c099c,01a07757-a223-7961-ab24-e0a2c9d9ad25,f,2026-09-06 15:30:27.026135+00
01a07757-a2a9-7f13-8787-17c76233ee5d,01a07757-90f6-7ca2-9931-c03ede6acaf9,01a07757-9312-7c83-afc2-1f20a9d7a6c7,01a07757-a223-7961-ab24-e0a2c9d9ad25,f,2026-09-06 15:30:27.026135+00
01a07757-a2a9-7f13-8787-17d7d58cd07c,01a07757-90f6-7ca2-9931-c03ede6acaf9,01a07757-9312-7c83-afc2-1f0ae05c099c,01a07757-a223-7961-ab24-e0a2c9d9ad25,f,2026-09-06 15:30:27.026135+00
01a07757-a2aa-7bc2-b234-af87c8dfbc27,01a07757-90f6-7ca2-9931-c03ede6acaf9,01a07757-9312-7c83-afc2-1f20a9d7a6c7,01a07757-a223-7961-ab24-e0a2c9d9ad25,f,2026-09-06 15:30:27.026135+00
01a07757-a2aa-7bc2-b234-af9e0e4d7f91,01a07757-90f6-7ca2-9931-c03ede6acaf9,01a07757-9312-7c83-afc2-1f0ae05c099c,01a07757-a223-7961-ab24-e0a2c9d9ad25,f,2026-09-06 15:30:27.026135+00
01a07757-a2aa-7bc2-b234-afac44ced9cb,01a07757-90f6-7ca2-9931-c03ede6acaf9,01a07757-9312-7c83-afc2-1f20a9d7a6c7,01a07757-a223-7961-ab24-e0a2c9d9ad25,f,2026-09-06 15:30:27.026135+00
01a07757-a2ab-7e90-9a73-380cc10cee95,01a07757-90f6-7ca2-9931-c03ede6acaf9,01a07757-9312-7c83-afc2-1f4832186617,01a07757-a223-7961-ab24-e0b805c8f5a1,f,2026-09-06 15:30:27.026135+00
01a07757-a2ac-77b2-8158-fa702d44fac5,01a07757-90f6-7ca2-9931-c03ede6acaf9,01a07757-9312-7c83-afc2-1f66475ca0b8,01a07757-a223-7961-ab24-e0b805c8f5a1,f,2026-09-06 15:30:27.026135+00
01a07757-a2ac-77b2-8158-fa8f6d52ac6d,01a07757-90f6-7ca2-9931-c03ede6acaf9,01a07757-9312-7c83-afc2-1f4832186617,01a07757-a223-7961-ab24-e0b805c8f5a1,f,2026-09-06 15:30:27.026135+00
01a07757-a2ac-77b2-8158-fa9d80319c02,01a07757-90f6-7ca2-9931-c03ede6acaf9,01a07757-9312-7c83-afc2-1f66475ca0b8,01a07757-a223-7961-ab24-e0b805c8f5a1,f,2026-09-06 15:30:27.026135+00
01a07757-a2ac-77b2-8158-faaa52af4f5e,01a07757-90f6-7ca2-9931-c03ede6acaf9,01a07757-9312-7c83-afc2-1f4832186617,01a07757-a223-7961-ab24-e0b805c8f5a1,f,2026-09-06 15:30:27.026135+00
01a07757-a2ac-77b2-8158-fab2d0bc4a90,01a07757-90f6-7ca2-9931-c03ede6acaf9,01a07757-9312-7c83-afc2-1f66475ca0b8,01a07757-a223-7961-ab24-e0b805c8f5a1,f,2026-09-06 15:30:27.026135+00
01a07757-a2ad-7132-9c9a-dcb6f5ec65ab,01a07757-9fb2-7d52-8bc6-bc50b332b733,01a07757-a1d2-7513-bd3d-b4cef69775ad,01a07757-a2ab-7e90-9a73-381b3fa62d08,f,2026-09-06 15:30:27.116464+00
01a07757-a2ad-7132-9c9a-dcc01e1e0913,01a07757-90f6-7ca2-9931-c03ede6acaf9,01a07757-9312-7c83-afc2-1f8cfdb6bebf,01a07757-a223-7961-ab24-e0cdf5e36400,f,2026-09-06 15:30:27.026135+00
01a07757-a2ad-7132-9c9a-dcd9a35f9d68,01a07757-9fb2-7d52-8bc6-bc50b332b733,01a07757-a1d2-7513-bd3d-b4d9b0bf6124,01a07757-a2ab-7e90-9a73-381b3fa62d08,f,2026-09-06 15:30:27.116464+00
01a07757-a2ad-7132-9c9a-dcedf101709d,01a07757-90f6-7ca2-9931-c03ede6acaf9,01a07757-9312-7c83-afc2-1fa8388a9ade,01a07757-a223-7961-ab24-e0cdf5e36400,f,2026-09-06 15:30:27.026135+00
01a07757-a2ad-7132-9c9a-dcfaddf5b97b,01a07757-90f6-7ca2-9931-c03ede6acaf9,01a07757-9312-7c83-afc2-1f8cfdb6bebf,01a07757-a223-7961-ab24-e0cdf5e36400,f,2026-09-06 15:30:27.026135+00
01a07757-a2ad-7132-9c9a-dd0c2d75026e,01a07757-90f6-7ca2-9931-c03ede6acaf9,01a07757-9312-7c83-afc2-1fa8388a9ade,01a07757-a223-7961-ab24-e0cdf5e36400,f,2026-09-06 15:30:27.026135+00
01a07757-a2ae-75d1-8d0d-347bf3afdb63,01a07757-90f6-7ca2-9931-c03ede6acaf9,01a07757-9312-7c83-afc2-1f8cfdb6bebf,01a07757-a223-7961-ab24-e0cdf5e36400,f,2026-09-06 15:30:27.026135+00
01a07757-a2ae-75d1-8d0d-3480a1e512dc,01a07757-90f6-7ca2-9931-c03ede6acaf9,01a07757-9312-7c83-afc2-1fa8388a9ade,01a07757-a223-7961-ab24-e0cdf5e36400,f,2026-09-06 15:30:27.026135+00
01a07757-a2ae-75d1-8d0d-34905869cac7,01a07757-90f6-7ca2-9931-c03ede6acaf9,01a07757-9312-7c83-afc2-1fca87431e6e,01a07757-a223-7961-ab24-e0d21929d6c8,f,2026-09-06 15:30:27.026135+00
01a07757-a2af-7523-9f12-8e2ee29613d2,01a07757-90f6-7ca2-9931-c03ede6acaf9,01a07757-9312-7c83-afc2-1feb8fb7446a,01a07757-a223-7961-ab24-e0d21929d6c8,f,2026-09-06 15:30:27.026135+00
01a07757-a2af-7523-9f12-8e34a8b91507,01a07757-90f6-7ca2-9931-c03ede6acaf9,01a07757-9312-7c83-afc2-1fca87431e6e,01a07757-a223-7961-ab24-e0d21929d6c8,f,2026-09-06 15:30:27.026135+00
01a07757-a2af-7523-9f12-8e45d4723c26,01a07757-90f6-7ca2-9931-c03ede6acaf9,01a07757-9312-7c83-afc2-1feb8fb7446a,01a07757-a223-7961-ab24-e0d21929d6c8,f,2026-09-06 15:30:27.026135+00
01a07757-a2af-7523-9f12-8e57b8d836c3,01a07757-90f6-7ca2-9931-c03ede6acaf9,01a07757-9312-7c83-afc2-1fca87431e6e,01a07757-a223-7961-ab24-e0d21929d6c8,f,2026-09-06 15:30:27.026135+00
01a07757-a2af-7523-9f12-8e6835a76e40,01a07757-90f6-7ca2-9931-c03ede6acaf9,01a07757-9312-7c83-afc2-1feb8fb7446a,01a07757-a223-7961-ab24-e0d21929d6c8,f,2026-09-06 15:30:27.026135+00
01a07757-a2b0-7b21-af82-9ab0ca667e27,01a07757-90f6-7ca2-9931-c03ede6acaf9,01a07757-9312-7c83-afc2-200f9f624a93,01a07757-a223-7961-ab24-e0ed22ef21f9,f,2026-09-06 15:30:27.026135+00
01a07757-a2b0-7b21-af82-9ac30091811c,01a07757-90f6-7ca2-9931-c03ede6acaf9,01a07757-9312-7c83-afc2-20253ab21eed,01a07757-a223-7961-ab24-e0ed22ef21f9,f,2026-09-06 15:30:27.026135+00
01a07757-a2b1-7052-8c6a-ebab46b0c703,01a07757-90f6-7ca2-9931-c03ede6acaf9,01a07757-9312-7c83-afc2-200f9f624a93,01a07757-a223-7961-ab24-e0ed22ef21f9,f,2026-09-06 15:30:27.026135+00
01a07757-a2b1-7052-8c6a-ebb9fc353073,01a07757-90f6-7ca2-9931-c03ede6acaf9,01a07757-9312-7c83-afc2-20253ab21eed,01a07757-a223-7961-ab24-e0ed22ef21f9,f,2026-09-06 15:30:27.026135+00
01a07757-a2b1-7052-8c6a-ebcbcd12d1c1,01a07757-90f6-7ca2-9931-c03ede6acaf9,01a07757-9312-7c83-afc2-200f9f624a93,01a07757-a223-7961-ab24-e0ed22ef21f9,f,2026-09-06 15:30:27.026135+00
01a07757-a2b1-7052-8c6a-ebdd6f1b53f7,01a07757-90f6-7ca2-9931-c03ede6acaf9,01a07757-9312-7c83-afc2-20253ab21eed,01a07757-a223-7961-ab24-e0ed22ef21f9,f,2026-09-06 15:30:27.026135+00
01a07757-a2b2-7d92-ab4c-f4e49e2118c8,01a07757-90f6-7ca2-9931-c03ede6acaf9,01a07757-9312-7c83-afc2-20472bd24e23,01a07757-a223-7961-ab24-e0f828608566,f,2026-09-06 15:30:27.026135+00
01a07757-a2b3-72c1-a149-c93688a77cb4,01a07757-90f6-7ca2-9931-c03ede6acaf9,01a07757-9312-7c83-afc2-206a1782cd1b,01a07757-a223-7961-ab24-e0f828608566,f,2026-09-06 15:30:27.026135+00
01a07757-a2b3-72c1-a149-c9476ceabbf4,01a07757-99b6-7ff0-bf13-83dd6ad07a1e,01a07757-9df2-7483-9d35-d23aae7110aa,01a07757-a2b0-7b21-af82-9a8ad2a2c44b,f,2026-09-06 15:30:27.122507+00
01a07757-a2b3-72c1-a149-c9563a89027a,01a07757-90f6-7ca2-9931-c03ede6acaf9,01a07757-9312-7c83-afc2-20472bd24e23,01a07757-a223-7961-ab24-e0f828608566,f,2026-09-06 15:30:27.026135+00
01a07757-a2b3-72c1-a149-c96536e63755,01a07757-99b6-7ff0-bf13-83dd6ad07a1e,01a07757-9dcb-76e1-8828-1f242afd1d85,01a07757-a2b0-7b21-af82-9a8ad2a2c44b,f,2026-09-06 15:30:27.122507+00
01a07757-a2b3-72c1-a149-c9756f2c48af,01a07757-90f6-7ca2-9931-c03ede6acaf9,01a07757-9312-7c83-afc2-206a1782cd1b,01a07757-a223-7961-ab24-e0f828608566,f,2026-09-06 15:30:27.026135+00
01a07757-a2b3-72c1-a149-c9846ce266c7,01a07757-99b6-7ff0-bf13-83dd6ad07a1e,01a07757-9df2-7483-9d35-d23aae7110aa,01a07757-a2b0-7b21-af82-9a8ad2a2c44b,f,2026-09-06 15:30:27.122507+00
01a07757-a2b3-72c1-a149-c99fa820cf46,01a07757-90f6-7ca2-9931-c03ede6acaf9,01a07757-9312-7c83-afc2-20472bd24e23,01a07757-a223-7961-ab24-e0f828608566,f,2026-09-06 15:30:27.026135+00
01a07757-a2b4-77b1-9fca-deec924c019a,01a07757-99b6-7ff0-bf13-83dd6ad07a1e,01a07757-9dcb-76e1-8828-1f242afd1d85,01a07757-a2b0-7b21-af82-9a8ad2a2c44b,f,2026-09-06 15:30:27.122507+00
01a07757-a2b4-77b1-9fca-defbd960e102,01a07757-90f6-7ca2-9931-c03ede6acaf9,01a07757-9312-7c83-afc2-206a1782cd1b,01a07757-a223-7961-ab24-e0f828608566,f,2026-09-06 15:30:27.026135+00
01a07757-a2b4-77b1-9fca-df07753fa68c,01a07757-99b6-7ff0-bf13-83dd6ad07a1e,01a07757-9df2-7483-9d35-d23aae7110aa,01a07757-a2b0-7b21-af82-9a8ad2a2c44b,f,2026-09-06 15:30:27.122507+00
01a07757-a2b4-77b1-9fca-df13a08cd35f,01a07757-99b6-7ff0-bf13-83dd6ad07a1e,01a07757-9dcb-76e1-8828-1f242afd1d85,01a07757-a2b0-7b21-af82-9a8ad2a2c44b,f,2026-09-06 15:30:27.122507+00
01a07757-a2b5-7e72-a3f1-c0743c113400,01a07757-90f6-7ca2-9931-c03ede6acaf9,01a07757-9312-7c83-afc2-2083fd16f217,01a07757-a223-7961-ab24-e1044ffbd765,f,2026-09-06 15:30:27.026135+00
01a07757-a2b5-7e72-a3f1-c087a8c6b08e,01a07757-99b6-7ff0-bf13-83dd6ad07a1e,01a07757-9d0c-7a21-91f4-6213ed06ddd5,01a07757-a2b0-7b21-af82-9a9598fae6bc,f,2026-09-06 15:30:27.122507+00
01a07757-a2b5-7e72-a3f1-c099f1b2ec6a,01a07757-90f6-7ca2-9931-c03ede6acaf9,01a07757-9312-7c83-afc2-20a93c50f077,01a07757-a223-7961-ab24-e1044ffbd765,f,2026-09-06 15:30:27.026135+00
01a07757-a2b5-7e72-a3f1-c0a9370cacfb,01a07757-90f6-7ca2-9931-c03ede6acaf9,01a07757-9312-7c83-afc2-2083fd16f217,01a07757-a223-7961-ab24-e1044ffbd765,f,2026-09-06 15:30:27.026135+00
01a07757-a2b5-7e72-a3f1-c0b40e775cd8,01a07757-99b6-7ff0-bf13-83dd6ad07a1e,01a07757-9dea-7652-b802-95683ec3887c,01a07757-a2b0-7b21-af82-9a9598fae6bc,f,2026-09-06 15:30:27.122507+00
01a07757-a2b5-7e72-a3f1-c0c9e8728ca2,01a07757-90f6-7ca2-9931-c03ede6acaf9,01a07757-9312-7c83-afc2-20a93c50f077,01a07757-a223-7961-ab24-e1044ffbd765,f,2026-09-06 15:30:27.026135+00
01a07757-a2b6-7d90-a7cd-917e7deedfe6,01a07757-99b6-7ff0-bf13-83dd6ad07a1e,01a07757-9d0c-7a21-91f4-6213ed06ddd5,01a07757-a2b0-7b21-af82-9a9598fae6bc,f,2026-09-06 15:30:27.122507+00
01a07757-a2b6-7d90-a7cd-9187cea717f1,01a07757-90f6-7ca2-9931-c03ede6acaf9,01a07757-9312-7c83-afc2-2083fd16f217,01a07757-a223-7961-ab24-e1044ffbd765,f,2026-09-06 15:30:27.026135+00
01a07757-a2b6-7d90-a7cd-919bae9558bd,01a07757-99b6-7ff0-bf13-83dd6ad07a1e,01a07757-9dea-7652-b802-95683ec3887c,01a07757-a2b0-7b21-af82-9a9598fae6bc,f,2026-09-06 15:30:27.122507+00
01a07757-a2b6-7d90-a7cd-91a9d0d35f44,01a07757-90f6-7ca2-9931-c03ede6acaf9,01a07757-9312-7c83-afc2-20a93c50f077,01a07757-a223-7961-ab24-e1044ffbd765,f,2026-09-06 15:30:27.026135+00
01a07757-a2b6-7d90-a7cd-91b053fa606a,01a07757-99b6-7ff0-bf13-83dd6ad07a1e,01a07757-9d0c-7a21-91f4-6213ed06ddd5,01a07757-a2b0-7b21-af82-9a9598fae6bc,f,2026-09-06 15:30:27.122507+00
01a07757-a2b6-7d90-a7cd-91c5d80d08cf,01a07757-99b6-7ff0-bf13-83dd6ad07a1e,01a07757-9dea-7652-b802-95683ec3887c,01a07757-a2b0-7b21-af82-9a9598fae6bc,f,2026-09-06 15:30:27.122507+00
01a07757-a2b7-7941-b304-0426eae4f606,01a07757-90f6-7ca2-9931-c03ede6acaf9,01a07757-9312-7c83-afc2-20c22255c8c8,01a07757-a223-7961-ab24-e113afb28f55,f,2026-09-06 15:30:27.026135+00
01a07757-a2b7-7941-b304-043973f8eac7,01a07757-99b6-7ff0-bf13-83dd6ad07a1e,01a07757-9d99-75a1-ab8c-1e3d5be60add,01a07757-a2b0-7b21-af82-9aa2b30920e7,f,2026-09-06 15:30:27.122507+00
01a07757-a2b8-7c81-93af-1505c7b52ef3,01a07757-90f6-7ca2-9931-c03ede6acaf9,01a07757-9312-7c83-afc2-20e2047c2289,01a07757-a223-7961-ab24-e113afb28f55,f,2026-09-06 15:30:27.026135+00
01a07757-a2b8-7c81-93af-1515bb423408,01a07757-99b6-7ff0-bf13-83dd6ad07a1e,01a07757-9df2-7483-9d35-d23aae7110aa,01a07757-a2b0-7b21-af82-9aa2b30920e7,f,2026-09-06 15:30:27.122507+00
01a07757-a2b8-7c81-93af-152f6807f9a7,01a07757-90f6-7ca2-9931-c03ede6acaf9,01a07757-9312-7c83-afc2-20c22255c8c8,01a07757-a223-7961-ab24-e113afb28f55,f,2026-09-06 15:30:27.026135+00
01a07757-a2b8-7c81-93af-1530bfabe97c,01a07757-99b6-7ff0-bf13-83dd6ad07a1e,01a07757-9d99-75a1-ab8c-1e3d5be60add,01a07757-a2b0-7b21-af82-9aa2b30920e7,f,2026-09-06 15:30:27.122507+00
01a07757-a2b8-7c81-93af-154af4639e32,01a07757-90f6-7ca2-9931-c03ede6acaf9,01a07757-9312-7c83-afc2-20e2047c2289,01a07757-a223-7961-ab24-e113afb28f55,f,2026-09-06 15:30:27.026135+00
01a07757-a2b8-7c81-93af-1558554e076c,01a07757-90f6-7ca2-9931-c03ede6acaf9,01a07757-9312-7c83-afc2-20c22255c8c8,01a07757-a223-7961-ab24-e113afb28f55,f,2026-09-06 15:30:27.026135+00
01a07757-a2b8-7c81-93af-1565a24b2c26,01a07757-99b6-7ff0-bf13-83dd6ad07a1e,01a07757-9df2-7483-9d35-d23aae7110aa,01a07757-a2b0-7b21-af82-9aa2b30920e7,f,2026-09-06 15:30:27.122507+00
01a07757-a2b9-7643-9c8b-4e7a603b2e08,01a07757-90f6-7ca2-9931-c03ede6acaf9,01a07757-9312-7c83-afc2-20e2047c2289,01a07757-a223-7961-ab24-e113afb28f55,f,2026-09-06 15:30:27.026135+00
01a07757-a2b9-7643-9c8b-4e89dad0b271,01a07757-99b6-7ff0-bf13-83dd6ad07a1e,01a07757-9d99-75a1-ab8c-1e3d5be60add,01a07757-a2b0-7b21-af82-9aa2b30920e7,f,2026-09-06 15:30:27.122507+00
01a07757-a2b9-7643-9c8b-4e9c07f95df3,01a07757-99b6-7ff0-bf13-83dd6ad07a1e,01a07757-9df2-7483-9d35-d23aae7110aa,01a07757-a2b0-7b21-af82-9aa2b30920e7,f,2026-09-06 15:30:27.122507+00
01a07757-a2ba-7741-9e11-dffd4e0ffcf2,01a07757-90f6-7ca2-9931-c03ede6acaf9,01a07757-9312-7c83-afc2-210bc196e068,01a07757-a223-7961-ab24-e12a016c5558,f,2026-09-06 15:30:27.026135+00
01a07757-a2ba-7741-9e11-e0021c126673,01a07757-90f6-7ca2-9931-c03ede6acaf9,01a07757-9312-7c83-afc2-2124cdebd13c,01a07757-a223-7961-ab24-e12a016c5558,f,2026-09-06 15:30:27.026135+00
01a07757-a2ba-7741-9e11-e019c933ee92,01a07757-90f6-7ca2-9931-c03ede6acaf9,01a07757-9312-7c83-afc2-210bc196e068,01a07757-a223-7961-ab24-e12a016c5558,f,2026-09-06 15:30:27.026135+00
01a07757-a2ba-7741-9e11-e024d877871f,01a07757-90f6-7ca2-9931-c03ede6acaf9,01a07757-9312-7c83-afc2-2124cdebd13c,01a07757-a223-7961-ab24-e12a016c5558,f,2026-09-06 15:30:27.026135+00
01a07757-a2bb-7793-aca1-84d5d9c7b020,01a07757-90f6-7ca2-9931-c03ede6acaf9,01a07757-9312-7c83-afc2-210bc196e068,01a07757-a223-7961-ab24-e12a016c5558,f,2026-09-06 15:30:27.026135+00
01a07757-a2bb-7793-aca1-84e50a0038ea,01a07757-90f6-7ca2-9931-c03ede6acaf9,01a07757-9312-7c83-afc2-2124cdebd13c,01a07757-a223-7961-ab24-e12a016c5558,f,2026-09-06 15:30:27.026135+00
01a07757-a2bc-7d32-a20b-9c3c0475ab31,01a07757-90f6-7ca2-9931-c03ede6acaf9,01a07757-9312-7c83-afc2-21494f782822,01a07757-a223-7961-ab24-e1306ee9b038,f,2026-09-06 15:30:27.026135+00
01a07757-a2bc-7d32-a20b-9c4a6373af7e,01a07757-90f6-7ca2-9931-c03ede6acaf9,01a07757-9312-7c83-afc2-2160217a21de,01a07757-a223-7961-ab24-e1306ee9b038,f,2026-09-06 15:30:27.026135+00
01a07757-a2bc-7d32-a20b-9c576214828f,01a07757-90f6-7ca2-9931-c03ede6acaf9,01a07757-9312-7c83-afc2-21494f782822,01a07757-a223-7961-ab24-e1306ee9b038,f,2026-09-06 15:30:27.026135+00
01a07757-a2bc-7d32-a20b-9c68d5e835fe,01a07757-90f6-7ca2-9931-c03ede6acaf9,01a07757-9312-7c83-afc2-2160217a21de,01a07757-a223-7961-ab24-e1306ee9b038,f,2026-09-06 15:30:27.026135+00
01a07757-a2bd-7763-ad08-16869f5d1c35,01a07757-90f6-7ca2-9931-c03ede6acaf9,01a07757-9312-7c83-afc2-21494f782822,01a07757-a223-7961-ab24-e1306ee9b038,f,2026-09-06 15:30:27.026135+00
01a07757-a2bd-7763-ad08-16974276ed22,01a07757-90f6-7ca2-9931-c03ede6acaf9,01a07757-9312-7c83-afc2-2160217a21de,01a07757-a223-7961-ab24-e1306ee9b038,f,2026-09-06 15:30:27.026135+00
01a07757-a2bd-7763-ad08-16a06bf12ab1,01a07757-90f6-7ca2-9931-c03ede6acaf9,01a07757-9312-7c83-afc2-21820db8fadd,01a07757-a223-7961-ab24-e149a647eca5,f,2026-09-06 15:30:27.026135+00
01a07757-a2be-7cb0-b55b-9bb852fcad54,01a07757-90f6-7ca2-9931-c03ede6acaf9,01a07757-9312-7c83-afc2-21a58464b68d,01a07757-a223-7961-ab24-e149a647eca5,f,2026-09-06 15:30:27.026135+00
01a07757-a2be-7cb0-b55b-9bc13c8accea,01a07757-90f6-7ca2-9931-c03ede6acaf9,01a07757-9312-7c83-afc2-21820db8fadd,01a07757-a223-7961-ab24-e149a647eca5,f,2026-09-06 15:30:27.026135+00
01a07757-a2be-7cb0-b55b-9bdae16cdf14,01a07757-90f6-7ca2-9931-c03ede6acaf9,01a07757-9312-7c83-afc2-21a58464b68d,01a07757-a223-7961-ab24-e149a647eca5,f,2026-09-06 15:30:27.026135+00
01a07757-a2bf-76d1-89df-6d489bc45139,01a07757-90f6-7ca2-9931-c03ede6acaf9,01a07757-9312-7c83-afc2-21820db8fadd,01a07757-a223-7961-ab24-e149a647eca5,f,2026-09-06 15:30:27.026135+00
01a07757-a2bf-76d1-89df-6d5113e46229,01a07757-90f6-7ca2-9931-c03ede6acaf9,01a07757-9312-7c83-afc2-21a58464b68d,01a07757-a223-7961-ab24-e149a647eca5,f,2026-09-06 15:30:27.026135+00
01a07757-a2c0-7ee2-8e8a-1e731b3e2d12,01a07757-9fb2-7d52-8bc6-bc50b332b733,01a07757-a1d2-7513-bd3d-b4cef69775ad,01a07757-a2be-7cb0-b55b-9be73e466a4f,f,2026-09-06 15:30:27.13557+00
01a07757-a2c0-7ee2-8e8a-1e84c6236d03,01a07757-90f6-7ca2-9931-c03ede6acaf9,01a07757-9312-7c83-afc2-21ca37bb9e3c,01a07757-a223-7961-ab24-e158e982e214,f,2026-09-06 15:30:27.026135+00
01a07757-a2c0-7ee2-8e8a-1e90d3a53439,01a07757-9fb2-7d52-8bc6-bc50b332b733,01a07757-a1d2-7513-bd3d-b4d9b0bf6124,01a07757-a2be-7cb0-b55b-9be73e466a4f,f,2026-09-06 15:30:27.13557+00
01a07757-a2c0-7ee2-8e8a-1ea19a05a29b,01a07757-90f6-7ca2-9931-c03ede6acaf9,01a07757-9312-7c83-afc2-21e9491dd839,01a07757-a223-7961-ab24-e158e982e214,f,2026-09-06 15:30:27.026135+00
01a07757-a2c0-7ee2-8e8a-1eb7fc726a28,01a07757-90f6-7ca2-9931-c03ede6acaf9,01a07757-9312-7c83-afc2-21ca37bb9e3c,01a07757-a223-7961-ab24-e158e982e214,f,2026-09-06 15:30:27.026135+00
01a07757-a2c1-7be3-b8ef-4970818a3a52,01a07757-90f6-7ca2-9931-c03ede6acaf9,01a07757-9312-7c83-afc2-21e9491dd839,01a07757-a223-7961-ab24-e158e982e214,f,2026-09-06 15:30:27.026135+00
01a07757-a2c1-7be3-b8ef-4986643f3752,01a07757-90f6-7ca2-9931-c03ede6acaf9,01a07757-9312-7c83-afc2-21ca37bb9e3c,01a07757-a223-7961-ab24-e158e982e214,f,2026-09-06 15:30:27.026135+00
01a07757-a2c1-7be3-b8ef-499430490485,01a07757-90f6-7ca2-9931-c03ede6acaf9,01a07757-9312-7c83-afc2-21e9491dd839,01a07757-a223-7961-ab24-e158e982e214,f,2026-09-06 15:30:27.026135+00
01a07757-a2c2-7540-81b5-4f4d2347d566,01a07757-90f6-7ca2-9931-c03ede6acaf9,01a07757-9312-7c83-afc2-220d5bdfc109,01a07757-a223-7961-ab24-e163bbd138b0,f,2026-09-06 15:30:27.026135+00
01a07757-a2c3-7882-bb7c-9cc7052b97be,01a07757-90f6-7ca2-9931-c03ede6acaf9,01a07757-9312-7c83-afc2-22290a6d06f3,01a07757-a223-7961-ab24-e163bbd138b0,f,2026-09-06 15:30:27.026135+00
01a07757-a2c3-7882-bb7c-9cd19567c096,01a07757-90f6-7ca2-9931-c03ede6acaf9,01a07757-9312-7c83-afc2-220d5bdfc109,01a07757-a223-7961-ab24-e163bbd138b0,f,2026-09-06 15:30:27.026135+00
01a07757-a2c3-7882-bb7c-9cecaf6d641c,01a07757-90f6-7ca2-9931-c03ede6acaf9,01a07757-9312-7c83-afc2-22290a6d06f3,01a07757-a223-7961-ab24-e163bbd138b0,f,2026-09-06 15:30:27.026135+00
01a07757-a2c4-7a63-9c8f-f012270e873a,01a07757-90f6-7ca2-9931-c03ede6acaf9,01a07757-9312-7c83-afc2-220d5bdfc109,01a07757-a223-7961-ab24-e163bbd138b0,f,2026-09-06 15:30:27.026135+00
01a07757-a2c4-7a63-9c8f-f026f94cc8aa,01a07757-90f6-7ca2-9931-c03ede6acaf9,01a07757-9312-7c83-afc2-22290a6d06f3,01a07757-a223-7961-ab24-e163bbd138b0,f,2026-09-06 15:30:27.026135+00
01a07757-a2c5-70f1-bf95-24e18bbc5e72,01a07757-90f6-7ca2-9931-c03ede6acaf9,01a07757-9312-7c83-afc2-2242b6495b05,01a07757-a223-7961-ab24-e17d86b01e5e,f,2026-09-06 15:30:27.026135+00
01a07757-a2c5-70f1-bf95-24f6f5fcf33c,01a07757-90f6-7ca2-9931-c03ede6acaf9,01a07757-9312-7c83-afc2-2269583a3d61,01a07757-a223-7961-ab24-e17d86b01e5e,f,2026-09-06 15:30:27.026135+00
01a07757-a2c6-7063-8a15-d0c5350a77ec,01a07757-90f6-7ca2-9931-c03ede6acaf9,01a07757-9312-7c83-afc2-2242b6495b05,01a07757-a223-7961-ab24-e17d86b01e5e,f,2026-09-06 15:30:27.026135+00
01a07757-a2c6-7063-8a15-d0d5062e8c8e,01a07757-90f6-7ca2-9931-c03ede6acaf9,01a07757-9312-7c83-afc2-2269583a3d61,01a07757-a223-7961-ab24-e17d86b01e5e,f,2026-09-06 15:30:27.026135+00
01a07757-a2c6-7063-8a15-d0e00010fd51,01a07757-90f6-7ca2-9931-c03ede6acaf9,01a07757-9312-7c83-afc2-2242b6495b05,01a07757-a223-7961-ab24-e17d86b01e5e,f,2026-09-06 15:30:27.026135+00
01a07757-a2c6-7063-8a15-d0f637e3bc52,01a07757-90f6-7ca2-9931-c03ede6acaf9,01a07757-9312-7c83-afc2-2269583a3d61,01a07757-a223-7961-ab24-e17d86b01e5e,f,2026-09-06 15:30:27.026135+00
01a07757-a2c8-7f30-8b7f-43cf93fff788,01a07757-90f6-7ca2-9931-c03ede6acaf9,01a07757-9312-7c83-afc2-228f677e2b72,01a07757-a223-7961-ab24-e18d6bf07fe3,f,2026-09-06 15:30:27.026135+00
01a07757-a2c8-7f30-8b7f-43d584163986,01a07757-90f6-7ca2-9931-c03ede6acaf9,01a07757-9312-7c83-afc2-22ae442b175d,01a07757-a223-7961-ab24-e18d6bf07fe3,f,2026-09-06 15:30:27.026135+00
01a07757-a2c8-7f30-8b7f-43e68e01b3d8,01a07757-90f6-7ca2-9931-c03ede6acaf9,01a07757-9312-7c83-afc2-228f677e2b72,01a07757-a223-7961-ab24-e18d6bf07fe3,f,2026-09-06 15:30:27.026135+00
01a07757-a2c8-7f30-8b7f-43f36b1e8be8,01a07757-90f6-7ca2-9931-c03ede6acaf9,01a07757-9312-7c83-afc2-22ae442b175d,01a07757-a223-7961-ab24-e18d6bf07fe3,f,2026-09-06 15:30:27.026135+00
01a07757-a2c9-7a91-aabf-9d6a315eb839,01a07757-90f6-7ca2-9931-c03ede6acaf9,01a07757-9312-7c83-afc2-228f677e2b72,01a07757-a223-7961-ab24-e18d6bf07fe3,f,2026-09-06 15:30:27.026135+00
01a07757-a2c9-7a91-aabf-9d76061acbaf,01a07757-90f6-7ca2-9931-c03ede6acaf9,01a07757-9312-7c83-afc2-22ae442b175d,01a07757-a223-7961-ab24-e18d6bf07fe3,f,2026-09-06 15:30:27.026135+00
01a07757-a2ca-71b0-8076-5914108a78e4,01a07757-90f6-7ca2-9931-c03ede6acaf9,01a07757-9312-7c83-afc2-22cb283098f5,01a07757-a223-7961-ab24-e1912b53ccde,f,2026-09-06 15:30:27.026135+00
01a07757-a2ca-71b0-8076-5925f0c1e5dd,01a07757-90f6-7ca2-9931-c03ede6acaf9,01a07757-9312-7c83-afc2-22e444cbf132,01a07757-a223-7961-ab24-e1912b53ccde,f,2026-09-06 15:30:27.026135+00
01a07757-a2cb-7621-9662-2080a8b2c182,01a07757-90f6-7ca2-9931-c03ede6acaf9,01a07757-9312-7c83-afc2-22cb283098f5,01a07757-a223-7961-ab24-e1912b53ccde,f,2026-09-06 15:30:27.026135+00
01a07757-a2cb-7621-9662-2090ed191ba0,01a07757-90f6-7ca2-9931-c03ede6acaf9,01a07757-9312-7c83-afc2-22e444cbf132,01a07757-a223-7961-ab24-e1912b53ccde,f,2026-09-06 15:30:27.026135+00
01a07757-a2cb-7621-9662-20a6545e5e97,01a07757-90f6-7ca2-9931-c03ede6acaf9,01a07757-9312-7c83-afc2-22cb283098f5,01a07757-a223-7961-ab24-e1912b53ccde,f,2026-09-06 15:30:27.026135+00
01a07757-a2cb-7621-9662-20bffd22262f,01a07757-90f6-7ca2-9931-c03ede6acaf9,01a07757-9312-7c83-afc2-22e444cbf132,01a07757-a223-7961-ab24-e1912b53ccde,f,2026-09-06 15:30:27.026135+00
01a07757-a2cc-7c61-9a39-e3d821f4a0cc,01a07757-90f6-7ca2-9931-c03ede6acaf9,01a07757-9312-7c83-afc2-230df5f368f7,01a07757-a223-7961-ab24-e1a312890e36,f,2026-09-06 15:30:27.026135+00
01a07757-a2cd-7730-8c7e-3f12d42e5913,01a07757-90f6-7ca2-9931-c03ede6acaf9,01a07757-9312-7c83-afc2-23241b3fbad6,01a07757-a223-7961-ab24-e1a312890e36,f,2026-09-06 15:30:27.026135+00
01a07757-a2cd-7730-8c7e-3f2a17a021e2,01a07757-90f6-7ca2-9931-c03ede6acaf9,01a07757-9312-7c83-afc2-230df5f368f7,01a07757-a223-7961-ab24-e1a312890e36,f,2026-09-06 15:30:27.026135+00
01a07757-a2cd-7730-8c7e-3f3ab084dbc2,01a07757-90f6-7ca2-9931-c03ede6acaf9,01a07757-9312-7c83-afc2-23241b3fbad6,01a07757-a223-7961-ab24-e1a312890e36,f,2026-09-06 15:30:27.026135+00
01a07757-a2cd-7730-8c7e-3f4557113997,01a07757-90f6-7ca2-9931-c03ede6acaf9,01a07757-9312-7c83-afc2-230df5f368f7,01a07757-a223-7961-ab24-e1a312890e36,f,2026-09-06 15:30:27.026135+00
01a07757-a2ce-74f2-8fbf-dcaf8927c7cb,01a07757-90f6-7ca2-9931-c03ede6acaf9,01a07757-9312-7c83-afc2-23241b3fbad6,01a07757-a223-7961-ab24-e1a312890e36,f,2026-09-06 15:30:27.026135+00
01a07757-a2cf-7703-a7ba-f47177286ba9,01a07757-90f6-7ca2-9931-c03ede6acaf9,01a07757-9312-7c83-afc2-234d2c125cc3,01a07757-a223-7961-ab24-e1bc2a5b0bdb,f,2026-09-06 15:30:27.026135+00
01a07757-a2cf-7703-a7ba-f48cc7fdd848,01a07757-90f6-7ca2-9931-c03ede6acaf9,01a07757-9312-7c83-afc2-236b99c875e3,01a07757-a223-7961-ab24-e1bc2a5b0bdb,f,2026-09-06 15:30:27.026135+00
01a07757-a2cf-7703-a7ba-f491a9964a4f,01a07757-90f6-7ca2-9931-c03ede6acaf9,01a07757-9312-7c83-afc2-234d2c125cc3,01a07757-a223-7961-ab24-e1bc2a5b0bdb,f,2026-09-06 15:30:27.026135+00
01a07757-a2d0-7851-be9f-e503f4cc97cf,01a07757-90f6-7ca2-9931-c03ede6acaf9,01a07757-9312-7c83-afc2-236b99c875e3,01a07757-a223-7961-ab24-e1bc2a5b0bdb,f,2026-09-06 15:30:27.026135+00
01a07757-a2d0-7851-be9f-e5143a1a4883,01a07757-90f6-7ca2-9931-c03ede6acaf9,01a07757-9312-7c83-afc2-234d2c125cc3,01a07757-a223-7961-ab24-e1bc2a5b0bdb,f,2026-09-06 15:30:27.026135+00
01a07757-a2d0-7851-be9f-e52ea722b85b,01a07757-90f6-7ca2-9931-c03ede6acaf9,01a07757-9312-7c83-afc2-236b99c875e3,01a07757-a223-7961-ab24-e1bc2a5b0bdb,f,2026-09-06 15:30:27.026135+00
01a07757-a2d1-74f2-8c9a-017aeb3ee8cd,01a07757-90f6-7ca2-9931-c03ede6acaf9,01a07757-9312-7c83-afc2-238d1c444efe,01a07757-a223-7961-ab24-e1c5657d1eb9,f,2026-09-06 15:30:27.026135+00
01a07757-a2d1-74f2-8c9a-018ced47eed1,01a07757-90f6-7ca2-9931-c03ede6acaf9,01a07757-9312-7c83-afc2-23a36300cccd,01a07757-a223-7961-ab24-e1c5657d1eb9,f,2026-09-06 15:30:27.026135+00
01a07757-a2d2-7250-baee-2ee87631e9d7,01a07757-90f6-7ca2-9931-c03ede6acaf9,01a07757-9312-7c83-afc2-238d1c444efe,01a07757-a223-7961-ab24-e1c5657d1eb9,f,2026-09-06 15:30:27.026135+00
01a07757-a2d2-7250-baee-2efedd36bc9d,01a07757-90f6-7ca2-9931-c03ede6acaf9,01a07757-9312-7c83-afc2-23a36300cccd,01a07757-a223-7961-ab24-e1c5657d1eb9,f,2026-09-06 15:30:27.026135+00
01a07757-a2d2-7250-baee-2f0510dbb96f,01a07757-90f6-7ca2-9931-c03ede6acaf9,01a07757-9312-7c83-afc2-238d1c444efe,01a07757-a223-7961-ab24-e1c5657d1eb9,f,2026-09-06 15:30:27.026135+00
01a07757-a2d2-7250-baee-2f1dda3917bb,01a07757-90f6-7ca2-9931-c03ede6acaf9,01a07757-9312-7c83-afc2-23a36300cccd,01a07757-a223-7961-ab24-e1c5657d1eb9,f,2026-09-06 15:30:27.026135+00
01a07757-a2d3-7f53-a8b9-7b83fdc5cd89,01a07757-90f6-7ca2-9931-c03ede6acaf9,01a07757-9312-7c83-afc2-23cfb66f3d0c,01a07757-a223-7961-ab24-e1de278ad95c,f,2026-09-06 15:30:27.026135+00
01a07757-a2d3-7f53-a8b9-7b99cbf3c6bc,01a07757-90f6-7ca2-9931-c03ede6acaf9,01a07757-9312-7c83-afc2-23eea373bf4c,01a07757-a223-7961-ab24-e1de278ad95c,f,2026-09-06 15:30:27.026135+00
01a07757-a2d3-7f53-a8b9-7ba8aa02b216,01a07757-90f6-7ca2-9931-c03ede6acaf9,01a07757-9312-7c83-afc2-23cfb66f3d0c,01a07757-a223-7961-ab24-e1de278ad95c,f,2026-09-06 15:30:27.026135+00
01a07757-a2d4-7fb0-a430-4ffaeb8d2b6a,01a07757-90f6-7ca2-9931-c03ede6acaf9,01a07757-9312-7c83-afc2-23eea373bf4c,01a07757-a223-7961-ab24-e1de278ad95c,f,2026-09-06 15:30:27.026135+00
01a07757-a2d4-7fb0-a430-500a26119179,01a07757-90f6-7ca2-9931-c03ede6acaf9,01a07757-9312-7c83-afc2-23cfb66f3d0c,01a07757-a223-7961-ab24-e1de278ad95c,f,2026-09-06 15:30:27.026135+00
01a07757-a2d4-7fb0-a430-501feb38a194,01a07757-90f6-7ca2-9931-c03ede6acaf9,01a07757-9312-7c83-afc2-23eea373bf4c,01a07757-a223-7961-ab24-e1de278ad95c,f,2026-09-06 15:30:27.026135+00
01a07757-a2d5-7d93-8464-78270c9e0ba1,01a07757-90f6-7ca2-9931-c03ede6acaf9,01a07757-9312-7c83-afc2-240d997e7df0,01a07757-a223-7961-ab24-e1e27668c94b,f,2026-09-06 15:30:27.026135+00
01a07757-a2d5-7d93-8464-7835413f5e27,01a07757-90f6-7ca2-9931-c03ede6acaf9,01a07757-9312-7c83-afc2-242d632bef61,01a07757-a223-7961-ab24-e1e27668c94b,f,2026-09-06 15:30:27.026135+00
01a07757-a2d5-7d93-8464-784cecc9d1b7,01a07757-90f6-7ca2-9931-c03ede6acaf9,01a07757-9312-7c83-afc2-240d997e7df0,01a07757-a223-7961-ab24-e1e27668c94b,f,2026-09-06 15:30:27.026135+00
01a07757-a2d6-7763-8b00-3a3db0f6ea01,01a07757-90f6-7ca2-9931-c03ede6acaf9,01a07757-9312-7c83-afc2-242d632bef61,01a07757-a223-7961-ab24-e1e27668c94b,f,2026-09-06 15:30:27.026135+00
01a07757-a2d6-7763-8b00-3a432c9e473a,01a07757-90f6-7ca2-9931-c03ede6acaf9,01a07757-9312-7c83-afc2-240d997e7df0,01a07757-a223-7961-ab24-e1e27668c94b,f,2026-09-06 15:30:27.026135+00
01a07757-a2d6-7763-8b00-3a545511c88d,01a07757-90f6-7ca2-9931-c03ede6acaf9,01a07757-9312-7c83-afc2-242d632bef61,01a07757-a223-7961-ab24-e1e27668c94b,f,2026-09-06 15:30:27.026135+00
01a07757-a2d7-7a91-8bf8-4ab50ada13e1,01a07757-90f6-7ca2-9931-c03ede6acaf9,01a07757-9312-7c83-afc2-2445566160a8,01a07757-a223-7961-ab24-e1fecd38db2b,f,2026-09-06 15:30:27.026135+00
01a07757-a2d7-7a91-8bf8-4aceadbc06ad,01a07757-90f6-7ca2-9931-c03ede6acaf9,01a07757-9312-7c83-afc2-24617fd157e5,01a07757-a223-7961-ab24-e1fecd38db2b,f,2026-09-06 15:30:27.026135+00
01a07757-a2d7-7a91-8bf8-4ad4ebb68ae1,01a07757-90f6-7ca2-9931-c03ede6acaf9,01a07757-9312-7c83-afc2-2445566160a8,01a07757-a223-7961-ab24-e1fecd38db2b,f,2026-09-06 15:30:27.026135+00
01a07757-a2d7-7a91-8bf8-4ae16a8ec4b6,01a07757-90f6-7ca2-9931-c03ede6acaf9,01a07757-9312-7c83-afc2-24617fd157e5,01a07757-a223-7961-ab24-e1fecd38db2b,f,2026-09-06 15:30:27.026135+00
01a07757-a2d8-7e40-adeb-e94194d8293a,01a07757-90f6-7ca2-9931-c03ede6acaf9,01a07757-9312-7c83-afc2-2445566160a8,01a07757-a223-7961-ab24-e1fecd38db2b,f,2026-09-06 15:30:27.026135+00
01a07757-a2d8-7e40-adeb-e95ee1c7e034,01a07757-90f6-7ca2-9931-c03ede6acaf9,01a07757-9312-7c83-afc2-24617fd157e5,01a07757-a223-7961-ab24-e1fecd38db2b,f,2026-09-06 15:30:27.026135+00
01a07757-a2d9-7992-bb24-78e5a55e1475,01a07757-90f6-7ca2-9931-c03ede6acaf9,01a07757-9312-7c83-afc2-248311caf94f,01a07757-a223-7961-ab24-e20dd2dafa9f,f,2026-09-06 15:30:27.026135+00
01a07757-a2d9-7992-bb24-78fe19f5951b,01a07757-90f6-7ca2-9931-c03ede6acaf9,01a07757-9312-7c83-afc2-24aae3684888,01a07757-a223-7961-ab24-e20dd2dafa9f,f,2026-09-06 15:30:27.026135+00
01a07757-a2da-7a92-960b-312e3c2c8132,01a07757-90f6-7ca2-9931-c03ede6acaf9,01a07757-9312-7c83-afc2-248311caf94f,01a07757-a223-7961-ab24-e20dd2dafa9f,f,2026-09-06 15:30:27.026135+00
01a07757-a2da-7a92-960b-313b69577344,01a07757-90f6-7ca2-9931-c03ede6acaf9,01a07757-9312-7c83-afc2-24aae3684888,01a07757-a223-7961-ab24-e20dd2dafa9f,f,2026-09-06 15:30:27.026135+00
01a07757-a2da-7a92-960b-3143c2a33068,01a07757-90f6-7ca2-9931-c03ede6acaf9,01a07757-9312-7c83-afc2-248311caf94f,01a07757-a223-7961-ab24-e20dd2dafa9f,f,2026-09-06 15:30:27.026135+00
01a07757-a2db-77c0-b0eb-89c288eb7cfa,01a07757-90f6-7ca2-9931-c03ede6acaf9,01a07757-9312-7c83-afc2-24aae3684888,01a07757-a223-7961-ab24-e20dd2dafa9f,f,2026-09-06 15:30:27.026135+00
01a07757-a2dc-7991-81da-9a42be7640a6,01a07757-90f6-7ca2-9931-c03ede6acaf9,01a07757-9312-7c83-afc2-24ce6c992b5c,01a07757-a223-7961-ab24-e2166d940901,f,2026-09-06 15:30:27.026135+00
01a07757-a2dc-7991-81da-9a5faf1c290b,01a07757-90f6-7ca2-9931-c03ede6acaf9,01a07757-9312-7c83-afc2-24ef141c7979,01a07757-a223-7961-ab24-e2166d940901,f,2026-09-06 15:30:27.026135+00
01a07757-a2dc-7991-81da-9a6fc79bc1ee,01a07757-90f6-7ca2-9931-c03ede6acaf9,01a07757-9312-7c83-afc2-24ce6c992b5c,01a07757-a223-7961-ab24-e2166d940901,f,2026-09-06 15:30:27.026135+00
01a07757-a2dd-73a2-b4b4-6332a9ba46b2,01a07757-90f6-7ca2-9931-c03ede6acaf9,01a07757-9312-7c83-afc2-24ef141c7979,01a07757-a223-7961-ab24-e2166d940901,f,2026-09-06 15:30:27.026135+00
01a07757-a2dd-73a2-b4b4-634e6db33df0,01a07757-90f6-7ca2-9931-c03ede6acaf9,01a07757-9312-7c83-afc2-24ce6c992b5c,01a07757-a223-7961-ab24-e2166d940901,f,2026-09-06 15:30:27.026135+00
01a07757-a2dd-73a2-b4b4-635f5f5e3813,01a07757-90f6-7ca2-9931-c03ede6acaf9,01a07757-9312-7c83-afc2-24ef141c7979,01a07757-a223-7961-ab24-e2166d940901,f,2026-09-06 15:30:27.026135+00
01a07757-a2de-7151-921f-fe0693f9f2fc,01a07757-90f6-7ca2-9931-c03ede6acaf9,01a07757-9312-7c83-afc2-250e7c4b04bd,01a07757-a223-7961-ab24-e22d8aa763e4,f,2026-09-06 15:30:27.026135+00
01a07757-a2df-7a70-bc22-d42846fcca80,01a07757-90f6-7ca2-9931-c03ede6acaf9,01a07757-9312-7c83-afc2-2526854fc7ad,01a07757-a223-7961-ab24-e22d8aa763e4,f,2026-09-06 15:30:27.026135+00
01a07757-a2df-7a70-bc22-d43060a762c9,01a07757-90f6-7ca2-9931-c03ede6acaf9,01a07757-9312-7c83-afc2-250e7c4b04bd,01a07757-a223-7961-ab24-e22d8aa763e4,f,2026-09-06 15:30:27.026135+00
01a07757-a2df-7a70-bc22-d44d2eeb2c0f,01a07757-90f6-7ca2-9931-c03ede6acaf9,01a07757-9312-7c83-afc2-2526854fc7ad,01a07757-a223-7961-ab24-e22d8aa763e4,f,2026-09-06 15:30:27.026135+00
01a07757-a2df-7a70-bc22-d45283c6c637,01a07757-90f6-7ca2-9931-c03ede6acaf9,01a07757-9312-7c83-afc2-250e7c4b04bd,01a07757-a223-7961-ab24-e22d8aa763e4,f,2026-09-06 15:30:27.026135+00
01a07757-a2df-7a70-bc22-d464491a6406,01a07757-90f6-7ca2-9931-c03ede6acaf9,01a07757-9312-7c83-afc2-2526854fc7ad,01a07757-a223-7961-ab24-e22d8aa763e4,f,2026-09-06 15:30:27.026135+00
01a07757-a2e0-7970-bd15-dc1ea93ba6c0,01a07757-90f6-7ca2-9931-c03ede6acaf9,01a07757-9312-7c83-afc2-254eab66b097,01a07757-a223-7961-ab24-e235b8da0778,f,2026-09-06 15:30:27.026135+00
01a07757-a2e0-7970-bd15-dc317d788498,01a07757-90f6-7ca2-9931-c03ede6acaf9,01a07757-9312-7c83-afc2-2563eb43e521,01a07757-a223-7961-ab24-e235b8da0778,f,2026-09-06 15:30:27.026135+00
01a07757-a2e0-7970-bd15-dc6f30cd8bee,01a07757-90f6-7ca2-9931-c03ede6acaf9,01a07757-9312-7c83-afc2-254eab66b097,01a07757-a223-7961-ab24-e235b8da0778,f,2026-09-06 15:30:27.026135+00
01a07757-a2e1-75d0-ac25-71ac56989797,01a07757-90f6-7ca2-9931-c03ede6acaf9,01a07757-9312-7c83-afc2-2563eb43e521,01a07757-a223-7961-ab24-e235b8da0778,f,2026-09-06 15:30:27.026135+00
01a07757-a2e1-75d0-ac25-71b59667e191,01a07757-90f6-7ca2-9931-c03ede6acaf9,01a07757-9312-7c83-afc2-254eab66b097,01a07757-a223-7961-ab24-e235b8da0778,f,2026-09-06 15:30:27.026135+00
01a07757-a2e1-75d0-ac25-71c0ceed8679,01a07757-90f6-7ca2-9931-c03ede6acaf9,01a07757-9312-7c83-afc2-2563eb43e521,01a07757-a223-7961-ab24-e235b8da0778,f,2026-09-06 15:30:27.026135+00
01a07757-a2e2-7200-8734-c94b562bbec2,01a07757-90f6-7ca2-9931-c03ede6acaf9,01a07757-9312-7c83-afc2-25892b6b8e29,01a07757-a223-7961-ab24-e248e1852c06,f,2026-09-06 15:30:27.026135+00
01a07757-a2e2-7200-8734-c95f3aa02d10,01a07757-90f6-7ca2-9931-c03ede6acaf9,01a07757-9312-7c83-afc2-25add545ecfc,01a07757-a223-7961-ab24-e248e1852c06,f,2026-09-06 15:30:27.026135+00
01a07757-a2e2-7200-8734-c96ada1aa4f0,01a07757-90f6-7ca2-9931-c03ede6acaf9,01a07757-9312-7c83-afc2-25892b6b8e29,01a07757-a223-7961-ab24-e248e1852c06,f,2026-09-06 15:30:27.026135+00
01a07757-a2e3-7bb3-974a-b6c3dd199728,01a07757-90f6-7ca2-9931-c03ede6acaf9,01a07757-9312-7c83-afc2-25add545ecfc,01a07757-a223-7961-ab24-e248e1852c06,f,2026-09-06 15:30:27.026135+00
01a07757-a2e3-7bb3-974a-b6dfc804c1ff,01a07757-90f6-7ca2-9931-c03ede6acaf9,01a07757-9312-7c83-afc2-25892b6b8e29,01a07757-a223-7961-ab24-e248e1852c06,f,2026-09-06 15:30:27.026135+00
01a07757-a2e3-7bb3-974a-b6e6b3fd4fdd,01a07757-90f6-7ca2-9931-c03ede6acaf9,01a07757-9312-7c83-afc2-25add545ecfc,01a07757-a223-7961-ab24-e248e1852c06,f,2026-09-06 15:30:27.026135+00
01a07757-a2e3-7bb3-974a-b6fe23d24031,01a07757-99b6-7ff0-bf13-83dd6ad07a1e,01a07757-9d99-75a1-ab8c-1e3d5be60add,01a07757-a2e0-7970-bd15-dc2607ff9d87,f,2026-09-06 15:30:27.170915+00
01a07757-a2e3-7bb3-974a-b7034cdcd13f,01a07757-99b6-7ff0-bf13-83dd6ad07a1e,01a07757-9db2-7eb2-957e-31c7c8a22794,01a07757-a2e0-7970-bd15-dc2607ff9d87,f,2026-09-06 15:30:27.170915+00
01a07757-a2e4-7a81-b8f5-a96a8b6910f7,01a07757-99b6-7ff0-bf13-83dd6ad07a1e,01a07757-9d99-75a1-ab8c-1e3d5be60add,01a07757-a2e0-7970-bd15-dc2607ff9d87,f,2026-09-06 15:30:27.170915+00
01a07757-a2e4-7a81-b8f5-a972a8be287f,01a07757-99b6-7ff0-bf13-83dd6ad07a1e,01a07757-9db2-7eb2-957e-31c7c8a22794,01a07757-a2e0-7970-bd15-dc2607ff9d87,f,2026-09-06 15:30:27.170915+00
01a07757-a2e4-7a81-b8f5-a986f3fa7b9b,01a07757-90f6-7ca2-9931-c03ede6acaf9,01a07757-9313-7b02-923e-7d75feb40755,01a07757-a223-7961-ab24-e25e9bba837a,f,2026-09-06 15:30:27.026135+00
01a07757-a2e4-7a81-b8f5-a9989aac9a8c,01a07757-99b6-7ff0-bf13-83dd6ad07a1e,01a07757-9d99-75a1-ab8c-1e3d5be60add,01a07757-a2e0-7970-bd15-dc2607ff9d87,f,2026-09-06 15:30:27.170915+00
01a07757-a2e4-7a81-b8f5-a9a9d652ec32,01a07757-99b6-7ff0-bf13-83dd6ad07a1e,01a07757-9db2-7eb2-957e-31c7c8a22794,01a07757-a2e0-7970-bd15-dc2607ff9d87,f,2026-09-06 15:30:27.170915+00
01a07757-a2e4-7a81-b8f5-a9b522ac9823,01a07757-90f6-7ca2-9931-c03ede6acaf9,01a07757-9313-7b02-923e-7d9ec2c3de4c,01a07757-a223-7961-ab24-e25e9bba837a,f,2026-09-06 15:30:27.026135+00
01a07757-a2e4-7a81-b8f5-a9c90893ed35,01a07757-90f6-7ca2-9931-c03ede6acaf9,01a07757-9313-7b02-923e-7d75feb40755,01a07757-a223-7961-ab24-e25e9bba837a,f,2026-09-06 15:30:27.026135+00
01a07757-a2e5-7fb0-866a-b9f60fb76571,01a07757-90f6-7ca2-9931-c03ede6acaf9,01a07757-9313-7b02-923e-7d9ec2c3de4c,01a07757-a223-7961-ab24-e25e9bba837a,f,2026-09-06 15:30:27.026135+00
01a07757-a2e5-7fb0-866a-ba02517006c4,01a07757-99b6-7ff0-bf13-83dd6ad07a1e,01a07757-9db2-7eb2-957e-31c7c8a22794,01a07757-a2e0-7970-bd15-dc44bc7717c1,f,2026-09-06 15:30:27.170915+00
01a07757-a2e5-7fb0-866a-ba1ebccf65cb,01a07757-90f6-7ca2-9931-c03ede6acaf9,01a07757-9313-7b02-923e-7d75feb40755,01a07757-a223-7961-ab24-e25e9bba837a,f,2026-09-06 15:30:27.026135+00
01a07757-a2e5-7fb0-866a-ba2777a6b185,01a07757-90f6-7ca2-9931-c03ede6acaf9,01a07757-9313-7b02-923e-7d9ec2c3de4c,01a07757-a223-7961-ab24-e25e9bba837a,f,2026-09-06 15:30:27.026135+00
01a07757-a2e5-7fb0-866a-ba3d6fe321cb,01a07757-99b6-7ff0-bf13-83dd6ad07a1e,01a07757-9dcb-76e1-8828-1f242afd1d85,01a07757-a2e0-7970-bd15-dc44bc7717c1,f,2026-09-06 15:30:27.170915+00
01a07757-a2e6-7772-84b3-37ef1eee7357,01a07757-99b6-7ff0-bf13-83dd6ad07a1e,01a07757-9db2-7eb2-957e-31c7c8a22794,01a07757-a2e0-7970-bd15-dc44bc7717c1,f,2026-09-06 15:30:27.170915+00
01a07757-a2e6-7772-84b3-37f4a8e28b1f,01a07757-99b6-7ff0-bf13-83dd6ad07a1e,01a07757-9dcb-76e1-8828-1f242afd1d85,01a07757-a2e0-7970-bd15-dc44bc7717c1,f,2026-09-06 15:30:27.170915+00
01a07757-a2e6-7772-84b3-38058371dfd0,01a07757-99b6-7ff0-bf13-83dd6ad07a1e,01a07757-9db2-7eb2-957e-31c7c8a22794,01a07757-a2e0-7970-bd15-dc44bc7717c1,f,2026-09-06 15:30:27.170915+00
01a07757-a2e6-7772-84b3-381b30563e4e,01a07757-90f6-7ca2-9931-c03ede6acaf9,01a07757-9313-7b02-923e-7dba29a23850,01a07757-a223-7961-ab24-e2600cc4a4be,f,2026-09-06 15:30:27.026135+00
01a07757-a2e6-7772-84b3-38281ac492d8,01a07757-99b6-7ff0-bf13-83dd6ad07a1e,01a07757-9dcb-76e1-8828-1f242afd1d85,01a07757-a2e0-7970-bd15-dc44bc7717c1,f,2026-09-06 15:30:27.170915+00
01a07757-a2e7-7cc3-ae0f-206dd6d16b5f,01a07757-90f6-7ca2-9931-c03ede6acaf9,01a07757-9313-7b02-923e-7dd40d604e36,01a07757-a223-7961-ab24-e2600cc4a4be,f,2026-09-06 15:30:27.026135+00
01a07757-a2e7-7cc3-ae0f-207156176fc8,01a07757-90f6-7ca2-9931-c03ede6acaf9,01a07757-9313-7b02-923e-7dba29a23850,01a07757-a223-7961-ab24-e2600cc4a4be,f,2026-09-06 15:30:27.026135+00
01a07757-a2e7-7cc3-ae0f-208b3676be33,01a07757-90f6-7ca2-9931-c03ede6acaf9,01a07757-9313-7b02-923e-7dd40d604e36,01a07757-a223-7961-ab24-e2600cc4a4be,f,2026-09-06 15:30:27.026135+00
01a07757-a2e7-7cc3-ae0f-2095c3b10ae2,01a07757-90f6-7ca2-9931-c03ede6acaf9,01a07757-9313-7b02-923e-7dba29a23850,01a07757-a223-7961-ab24-e2600cc4a4be,f,2026-09-06 15:30:27.026135+00
01a07757-a2e7-7cc3-ae0f-20a4aee042fa,01a07757-99b6-7ff0-bf13-83dd6ad07a1e,01a07757-9dcb-76e1-8828-1f242afd1d85,01a07757-a2e0-7970-bd15-dc59dc65cf56,f,2026-09-06 15:30:27.170915+00
01a07757-a2e8-7e93-9cb5-468ee773824b,01a07757-90f6-7ca2-9931-c03ede6acaf9,01a07757-9313-7b02-923e-7dd40d604e36,01a07757-a223-7961-ab24-e2600cc4a4be,f,2026-09-06 15:30:27.026135+00
01a07757-a2e8-7e93-9cb5-469d7d111a05,01a07757-99b6-7ff0-bf13-83dd6ad07a1e,01a07757-9dea-7652-b802-95683ec3887c,01a07757-a2e0-7970-bd15-dc59dc65cf56,f,2026-09-06 15:30:27.170915+00
01a07757-a2e8-7e93-9cb5-46a6e8312f0c,01a07757-99b6-7ff0-bf13-83dd6ad07a1e,01a07757-9dcb-76e1-8828-1f242afd1d85,01a07757-a2e0-7970-bd15-dc59dc65cf56,f,2026-09-06 15:30:27.170915+00
01a07757-a2e8-7e93-9cb5-46be4527faa6,01a07757-99b6-7ff0-bf13-83dd6ad07a1e,01a07757-9dea-7652-b802-95683ec3887c,01a07757-a2e0-7970-bd15-dc59dc65cf56,f,2026-09-06 15:30:27.170915+00
01a07757-a2e8-7e93-9cb5-46c7e9973eed,01a07757-99b6-7ff0-bf13-83dd6ad07a1e,01a07757-9dcb-76e1-8828-1f242afd1d85,01a07757-a2e0-7970-bd15-dc59dc65cf56,f,2026-09-06 15:30:27.170915+00
01a07757-a2e8-7e93-9cb5-46dc897774b6,01a07757-90f6-7ca2-9931-c03ede6acaf9,01a07757-9313-7b02-923e-7df959865a35,01a07757-a223-7961-ab24-e27d4cfff2c5,f,2026-09-06 15:30:27.026135+00
01a07757-a2e9-7562-a8a1-fc07e018531f,01a07757-99b6-7ff0-bf13-83dd6ad07a1e,01a07757-9dea-7652-b802-95683ec3887c,01a07757-a2e0-7970-bd15-dc59dc65cf56,f,2026-09-06 15:30:27.170915+00
01a07757-a2e9-7562-a8a1-fc1452e8d359,01a07757-90f6-7ca2-9931-c03ede6acaf9,01a07757-9313-7b02-923e-7e1d5bb514cc,01a07757-a223-7961-ab24-e27d4cfff2c5,f,2026-09-06 15:30:27.026135+00
01a07757-a2e9-7562-a8a1-fc28c3ac37dd,01a07757-90f6-7ca2-9931-c03ede6acaf9,01a07757-9313-7b02-923e-7df959865a35,01a07757-a223-7961-ab24-e27d4cfff2c5,f,2026-09-06 15:30:27.026135+00
01a07757-a2e9-7562-a8a1-fc31e7940815,01a07757-90f6-7ca2-9931-c03ede6acaf9,01a07757-9313-7b02-923e-7e1d5bb514cc,01a07757-a223-7961-ab24-e27d4cfff2c5,f,2026-09-06 15:30:27.026135+00
01a07757-a2ea-7a13-9d90-fd55325fa805,01a07757-90f6-7ca2-9931-c03ede6acaf9,01a07757-9313-7b02-923e-7df959865a35,01a07757-a223-7961-ab24-e27d4cfff2c5,f,2026-09-06 15:30:27.026135+00
01a07757-a2ea-7a13-9d90-fd6d0e5814b5,01a07757-90f6-7ca2-9931-c03ede6acaf9,01a07757-9313-7b02-923e-7e1d5bb514cc,01a07757-a223-7961-ab24-e27d4cfff2c5,f,2026-09-06 15:30:27.026135+00
01a07757-a2ec-7660-9d93-ae5d2433daf8,01a07757-90f6-7ca2-9931-c03ede6acaf9,01a07757-9313-7b02-923e-7e38958ec1ac,01a07757-a224-7902-a4bd-3761ad81d110,f,2026-09-06 15:30:27.026135+00
01a07757-a2ec-7660-9d93-ae63767648bc,01a07757-90f6-7ca2-9931-c03ede6acaf9,01a07757-9313-7b02-923e-7e5bbedfb896,01a07757-a224-7902-a4bd-3761ad81d110,f,2026-09-06 15:30:27.026135+00
01a07757-a2ec-7660-9d93-ae748c010c19,01a07757-90f6-7ca2-9931-c03ede6acaf9,01a07757-9313-7b02-923e-7e38958ec1ac,01a07757-a224-7902-a4bd-3761ad81d110,f,2026-09-06 15:30:27.026135+00
01a07757-a2ed-7fb2-9bd7-7e7692f312af,01a07757-90f6-7ca2-9931-c03ede6acaf9,01a07757-9313-7b02-923e-7e5bbedfb896,01a07757-a224-7902-a4bd-3761ad81d110,f,2026-09-06 15:30:27.026135+00
01a07757-a2ed-7fb2-9bd7-7e8c3c9a3cd4,01a07757-90f6-7ca2-9931-c03ede6acaf9,01a07757-9313-7b02-923e-7e38958ec1ac,01a07757-a224-7902-a4bd-3761ad81d110,f,2026-09-06 15:30:27.026135+00
01a07757-a2ed-7fb2-9bd7-7e996037337f,01a07757-90f6-7ca2-9931-c03ede6acaf9,01a07757-9313-7b02-923e-7e5bbedfb896,01a07757-a224-7902-a4bd-3761ad81d110,f,2026-09-06 15:30:27.026135+00
01a07757-a2ee-7032-99cc-c20585fb2dc9,01a07757-90f6-7ca2-9931-c03ede6acaf9,01a07757-9313-7b02-923e-7e78d527dedf,01a07757-a224-7902-a4bd-377ff1acb5c8,f,2026-09-06 15:30:27.026135+00
01a07757-a2ef-72f2-b604-cd434acf8f05,01a07757-90f6-7ca2-9931-c03ede6acaf9,01a07757-9313-7b02-923e-7e928a8b5b03,01a07757-a224-7902-a4bd-377ff1acb5c8,f,2026-09-06 15:30:27.026135+00
01a07757-a2ef-72f2-b604-cd5fa9686995,01a07757-90f6-7ca2-9931-c03ede6acaf9,01a07757-9313-7b02-923e-7e78d527dedf,01a07757-a224-7902-a4bd-377ff1acb5c8,f,2026-09-06 15:30:27.026135+00
01a07757-a2ef-72f2-b604-cd6fdf9486c4,01a07757-90f6-7ca2-9931-c03ede6acaf9,01a07757-9313-7b02-923e-7e928a8b5b03,01a07757-a224-7902-a4bd-377ff1acb5c8,f,2026-09-06 15:30:27.026135+00
01a07757-a2ef-72f2-b604-cd7a8406c44d,01a07757-90f6-7ca2-9931-c03ede6acaf9,01a07757-9313-7b02-923e-7e78d527dedf,01a07757-a224-7902-a4bd-377ff1acb5c8,f,2026-09-06 15:30:27.026135+00
01a07757-a2f0-76e3-bd97-058cc8188d44,01a07757-90f6-7ca2-9931-c03ede6acaf9,01a07757-9313-7b02-923e-7e928a8b5b03,01a07757-a224-7902-a4bd-377ff1acb5c8,f,2026-09-06 15:30:27.026135+00
01a07757-a2f1-7f63-a09e-76be9c4dac7e,01a07757-90f6-7ca2-9931-c03ede6acaf9,01a07757-9313-7b02-923e-7eb866425cba,01a07757-a224-7902-a4bd-3786cfd78a95,f,2026-09-06 15:30:27.026135+00
01a07757-a2f1-7f63-a09e-76c7fe6f18f5,01a07757-90f6-7ca2-9931-c03ede6acaf9,01a07757-9313-7b02-923e-7edcb0b7556b,01a07757-a224-7902-a4bd-3786cfd78a95,f,2026-09-06 15:30:27.026135+00
01a07757-a2f1-7f63-a09e-76d5c9b82541,01a07757-90f6-7ca2-9931-c03ede6acaf9,01a07757-9313-7b02-923e-7eb866425cba,01a07757-a224-7902-a4bd-3786cfd78a95,f,2026-09-06 15:30:27.026135+00
01a07757-a2f2-7982-b0dc-3748333f1abd,01a07757-90f6-7ca2-9931-c03ede6acaf9,01a07757-9313-7b02-923e-7edcb0b7556b,01a07757-a224-7902-a4bd-3786cfd78a95,f,2026-09-06 15:30:27.026135+00
01a07757-a2f2-7982-b0dc-3752a4ccea10,01a07757-90f6-7ca2-9931-c03ede6acaf9,01a07757-9313-7b02-923e-7eb866425cba,01a07757-a224-7902-a4bd-3786cfd78a95,f,2026-09-06 15:30:27.026135+00
01a07757-a2f2-7982-b0dc-3769e51ea02f,01a07757-90f6-7ca2-9931-c03ede6acaf9,01a07757-9313-7b02-923e-7edcb0b7556b,01a07757-a224-7902-a4bd-3786cfd78a95,f,2026-09-06 15:30:27.026135+00
01a07757-a2f3-7082-9f35-df20222e7e0e,01a07757-90f6-7ca2-9931-c03ede6acaf9,01a07757-9313-7b02-923e-7ef14d500342,01a07757-a224-7902-a4bd-3796fdf8c6f6,f,2026-09-06 15:30:27.026135+00
01a07757-a2f3-7082-9f35-df3d8ef4783b,01a07757-90f6-7ca2-9931-c03ede6acaf9,01a07757-9313-7b02-923e-7f1f4359bd11,01a07757-a224-7902-a4bd-3796fdf8c6f6,f,2026-09-06 15:30:27.026135+00
01a07757-a2f4-76c3-a6d4-a9c2e68acc00,01a07757-90f6-7ca2-9931-c03ede6acaf9,01a07757-9313-7b02-923e-7ef14d500342,01a07757-a224-7902-a4bd-3796fdf8c6f6,f,2026-09-06 15:30:27.026135+00
01a07757-a2f4-76c3-a6d4-a9de249bd282,01a07757-90f6-7ca2-9931-c03ede6acaf9,01a07757-9313-7b02-923e-7f1f4359bd11,01a07757-a224-7902-a4bd-3796fdf8c6f6,f,2026-09-06 15:30:27.026135+00
01a07757-a2f4-76c3-a6d4-a9ed715af78d,01a07757-90f6-7ca2-9931-c03ede6acaf9,01a07757-9313-7b02-923e-7ef14d500342,01a07757-a224-7902-a4bd-3796fdf8c6f6,f,2026-09-06 15:30:27.026135+00
01a07757-a2f4-76c3-a6d4-a9f37d6a9b81,01a07757-90f6-7ca2-9931-c03ede6acaf9,01a07757-9313-7b02-923e-7f1f4359bd11,01a07757-a224-7902-a4bd-3796fdf8c6f6,f,2026-09-06 15:30:27.026135+00
01a07757-a2f5-70f3-abd0-ca80d83e1088,01a07757-90f6-7ca2-9931-c03ede6acaf9,01a07757-9313-7b02-923e-7f384c7bc82f,01a07757-a224-7902-a4bd-37a184b23148,f,2026-09-06 15:30:27.026135+00
01a07757-a2f6-7c21-8f6f-fa97051c6c1e,01a07757-90f6-7ca2-9931-c03ede6acaf9,01a07757-9313-7b02-923e-7f5413e6ec4c,01a07757-a224-7902-a4bd-37a184b23148,f,2026-09-06 15:30:27.026135+00
01a07757-a2f6-7c21-8f6f-faa12d0fc5b0,01a07757-90f6-7ca2-9931-c03ede6acaf9,01a07757-9313-7b02-923e-7f384c7bc82f,01a07757-a224-7902-a4bd-37a184b23148,f,2026-09-06 15:30:27.026135+00
01a07757-a2f6-7c21-8f6f-fabe25353c6f,01a07757-90f6-7ca2-9931-c03ede6acaf9,01a07757-9313-7b02-923e-7f5413e6ec4c,01a07757-a224-7902-a4bd-37a184b23148,f,2026-09-06 15:30:27.026135+00
01a07757-a2f7-73b0-8a04-a6da1f902bf9,01a07757-90f6-7ca2-9931-c03ede6acaf9,01a07757-9313-7b02-923e-7f384c7bc82f,01a07757-a224-7902-a4bd-37a184b23148,f,2026-09-06 15:30:27.026135+00
01a07757-a2f7-73b0-8a04-a6e46305be5d,01a07757-90f6-7ca2-9931-c03ede6acaf9,01a07757-9313-7b02-923e-7f5413e6ec4c,01a07757-a224-7902-a4bd-37a184b23148,f,2026-09-06 15:30:27.026135+00
01a07757-a2f8-7240-866a-31ab68d45a6e,01a07757-90f6-7ca2-9931-c03ede6acaf9,01a07757-9313-7b02-923e-7f75af5302a5,01a07757-a224-7902-a4bd-37b9275566ed,f,2026-09-06 15:30:27.026135+00
01a07757-a2f8-7240-866a-31bf3269f866,01a07757-90f6-7ca2-9931-c03ede6acaf9,01a07757-9313-7b02-923e-7f92203f1f1f,01a07757-a224-7902-a4bd-37b9275566ed,f,2026-09-06 15:30:27.026135+00
01a07757-a2f9-7af1-864f-f8a33e1aea02,01a07757-90f6-7ca2-9931-c03ede6acaf9,01a07757-9313-7b02-923e-7f75af5302a5,01a07757-a224-7902-a4bd-37b9275566ed,f,2026-09-06 15:30:27.026135+00
01a07757-a2f9-7af1-864f-f8b7547d204b,01a07757-90f6-7ca2-9931-c03ede6acaf9,01a07757-9313-7b02-923e-7f92203f1f1f,01a07757-a224-7902-a4bd-37b9275566ed,f,2026-09-06 15:30:27.026135+00
01a07757-a2f9-7af1-864f-f8c21cb590c1,01a07757-90f6-7ca2-9931-c03ede6acaf9,01a07757-9313-7b02-923e-7f75af5302a5,01a07757-a224-7902-a4bd-37b9275566ed,f,2026-09-06 15:30:27.026135+00
01a07757-a2fa-7632-9993-3b340bcadbc7,01a07757-90f6-7ca2-9931-c03ede6acaf9,01a07757-9313-7b02-923e-7f92203f1f1f,01a07757-a224-7902-a4bd-37b9275566ed,f,2026-09-06 15:30:27.026135+00
01a07757-a2fb-7820-95c3-60976c6a12bc,01a07757-90f6-7ca2-9931-c03ede6acaf9,01a07757-9313-7b02-923e-7fb3aa0a0ca1,01a07757-a224-7902-a4bd-37cd1dbf2149,f,2026-09-06 15:30:27.026135+00
01a07757-a2fb-7820-95c3-60a47e5dabb3,01a07757-90f6-7ca2-9931-c03ede6acaf9,01a07757-9313-7b02-923e-7fd1af5515e0,01a07757-a224-7902-a4bd-37cd1dbf2149,f,2026-09-06 15:30:27.026135+00
01a07757-a2fb-7820-95c3-60bd41a1014f,01a07757-90f6-7ca2-9931-c03ede6acaf9,01a07757-9313-7b02-923e-7fb3aa0a0ca1,01a07757-a224-7902-a4bd-37cd1dbf2149,f,2026-09-06 15:30:27.026135+00
01a07757-a2fc-73e1-8755-580fb0286130,01a07757-90f6-7ca2-9931-c03ede6acaf9,01a07757-9313-7b02-923e-7fd1af5515e0,01a07757-a224-7902-a4bd-37cd1dbf2149,f,2026-09-06 15:30:27.026135+00
01a07757-a2fc-73e1-8755-5817ce9f33e2,01a07757-90f6-7ca2-9931-c03ede6acaf9,01a07757-9313-7b02-923e-7fb3aa0a0ca1,01a07757-a224-7902-a4bd-37cd1dbf2149,f,2026-09-06 15:30:27.026135+00
01a07757-a2fc-73e1-8755-582fbfd024d4,01a07757-90f6-7ca2-9931-c03ede6acaf9,01a07757-9313-7b02-923e-7fd1af5515e0,01a07757-a224-7902-a4bd-37cd1dbf2149,f,2026-09-06 15:30:27.026135+00
01a07757-a2fd-7c81-9499-5dfc30cf255a,01a07757-90f6-7ca2-9931-c03ede6acaf9,01a07757-9313-7b02-923e-7ffd521bd145,01a07757-a224-7902-a4bd-37d582af4025,f,2026-09-06 15:30:27.026135+00
01a07757-a2fe-7a03-b52d-7dda75e525b0,01a07757-90f6-7ca2-9931-c03ede6acaf9,01a07757-9313-7b02-923e-80170025ca9b,01a07757-a224-7902-a4bd-37d582af4025,f,2026-09-06 15:30:27.026135+00
01a07757-a2fe-7a03-b52d-7dee06548684,01a07757-90f6-7ca2-9931-c03ede6acaf9,01a07757-9313-7b02-923e-7ffd521bd145,01a07757-a224-7902-a4bd-37d582af4025,f,2026-09-06 15:30:27.026135+00
01a07757-a2fe-7a03-b52d-7dfad37d86ed,01a07757-90f6-7ca2-9931-c03ede6acaf9,01a07757-9313-7b02-923e-80170025ca9b,01a07757-a224-7902-a4bd-37d582af4025,f,2026-09-06 15:30:27.026135+00
01a07757-a2fe-7a03-b52d-7e016d647bc9,01a07757-90f6-7ca2-9931-c03ede6acaf9,01a07757-9313-7b02-923e-7ffd521bd145,01a07757-a224-7902-a4bd-37d582af4025,f,2026-09-06 15:30:27.026135+00
01a07757-a2ff-7030-a07b-95109e039af2,01a07757-90f6-7ca2-9931-c03ede6acaf9,01a07757-9313-7b02-923e-80170025ca9b,01a07757-a224-7902-a4bd-37d582af4025,f,2026-09-06 15:30:27.026135+00
01a07757-a300-7f20-aded-70138fcb8480,01a07757-90f6-7ca2-9931-c03ede6acaf9,01a07757-9313-7b02-923e-803320d1b99e,01a07757-a224-7902-a4bd-37e7e8ee43b3,f,2026-09-06 15:30:27.026135+00
01a07757-a300-7f20-aded-702c734cbfc5,01a07757-90f6-7ca2-9931-c03ede6acaf9,01a07757-9313-7b02-923e-8052a6a0e205,01a07757-a224-7902-a4bd-37e7e8ee43b3,f,2026-09-06 15:30:27.026135+00
01a07757-a300-7f20-aded-703ea7daa0fd,01a07757-90f6-7ca2-9931-c03ede6acaf9,01a07757-9313-7b02-923e-803320d1b99e,01a07757-a224-7902-a4bd-37e7e8ee43b3,f,2026-09-06 15:30:27.026135+00
01a07757-a300-7f20-aded-7045e86c67a1,01a07757-90f6-7ca2-9931-c03ede6acaf9,01a07757-9313-7b02-923e-8052a6a0e205,01a07757-a224-7902-a4bd-37e7e8ee43b3,f,2026-09-06 15:30:27.026135+00
01a07757-a301-72d2-b8d1-48a44e215821,01a07757-90f6-7ca2-9931-c03ede6acaf9,01a07757-9313-7b02-923e-803320d1b99e,01a07757-a224-7902-a4bd-37e7e8ee43b3,f,2026-09-06 15:30:27.026135+00
01a07757-a301-72d2-b8d1-48bc03a88259,01a07757-90f6-7ca2-9931-c03ede6acaf9,01a07757-9313-7b02-923e-8052a6a0e205,01a07757-a224-7902-a4bd-37e7e8ee43b3,f,2026-09-06 15:30:27.026135+00
01a07757-a302-7503-abc0-19ceddff006f,01a07757-90f6-7ca2-9931-c03ede6acaf9,01a07757-9313-7b02-923e-807a8a28b4ac,01a07757-a224-7902-a4bd-37f1095d8aca,f,2026-09-06 15:30:27.026135+00
01a07757-a302-7503-abc0-19d688ae82ba,01a07757-90f6-7ca2-9931-c03ede6acaf9,01a07757-9313-7b02-923e-809384f2fbef,01a07757-a224-7902-a4bd-37f1095d8aca,f,2026-09-06 15:30:27.026135+00
01a07757-a303-72d1-8926-3badb317c38c,01a07757-90f6-7ca2-9931-c03ede6acaf9,01a07757-9313-7b02-923e-807a8a28b4ac,01a07757-a224-7902-a4bd-37f1095d8aca,f,2026-09-06 15:30:27.026135+00
01a07757-a303-72d1-8926-3bb4413c0681,01a07757-90f6-7ca2-9931-c03ede6acaf9,01a07757-9313-7b02-923e-809384f2fbef,01a07757-a224-7902-a4bd-37f1095d8aca,f,2026-09-06 15:30:27.026135+00
01a07757-a303-72d1-8926-3bca1991bc5b,01a07757-90f6-7ca2-9931-c03ede6acaf9,01a07757-9313-7b02-923e-807a8a28b4ac,01a07757-a224-7902-a4bd-37f1095d8aca,f,2026-09-06 15:30:27.026135+00
01a07757-a303-72d1-8926-3bde456c6199,01a07757-90f6-7ca2-9931-c03ede6acaf9,01a07757-9313-7b02-923e-809384f2fbef,01a07757-a224-7902-a4bd-37f1095d8aca,f,2026-09-06 15:30:27.026135+00
01a07757-a304-75c1-8801-de47498fd647,01a07757-90f6-7ca2-9931-c03ede6acaf9,01a07757-9313-7b02-923e-80b107581521,01a07757-a224-7902-a4bd-38099c2c056a,f,2026-09-06 15:30:27.026135+00
01a07757-a304-75c1-8801-de5ac5322376,01a07757-90f6-7ca2-9931-c03ede6acaf9,01a07757-9313-7b02-923e-80dbaa31d072,01a07757-a224-7902-a4bd-38099c2c056a,f,2026-09-06 15:30:27.026135+00
01a07757-a305-7080-b961-c59406b72fe5,01a07757-90f6-7ca2-9931-c03ede6acaf9,01a07757-9313-7b02-923e-80b107581521,01a07757-a224-7902-a4bd-38099c2c056a,f,2026-09-06 15:30:27.026135+00
01a07757-a305-7080-b961-c5ac03bf1a70,01a07757-90f6-7ca2-9931-c03ede6acaf9,01a07757-9313-7b02-923e-80dbaa31d072,01a07757-a224-7902-a4bd-38099c2c056a,f,2026-09-06 15:30:27.026135+00
01a07757-a305-7080-b961-c5b659a78fa3,01a07757-90f6-7ca2-9931-c03ede6acaf9,01a07757-9313-7b02-923e-80b107581521,01a07757-a224-7902-a4bd-38099c2c056a,f,2026-09-06 15:30:27.026135+00
01a07757-a305-7080-b961-c5c4e700c8d4,01a07757-90f6-7ca2-9931-c03ede6acaf9,01a07757-9313-7b02-923e-80dbaa31d072,01a07757-a224-7902-a4bd-38099c2c056a,f,2026-09-06 15:30:27.026135+00
01a07757-a306-7620-af52-7204579a4829,01a07757-90f6-7ca2-9931-c03ede6acaf9,01a07757-9313-7b02-923e-80f595976aaf,01a07757-a224-7902-a4bd-38174bef9ed2,f,2026-09-06 15:30:27.026135+00
01a07757-a307-7b72-a12d-3daf77ef5e06,01a07757-90f6-7ca2-9931-c03ede6acaf9,01a07757-9313-7b02-923e-811b8508e6c1,01a07757-a224-7902-a4bd-38174bef9ed2,f,2026-09-06 15:30:27.026135+00
01a07757-a307-7b72-a12d-3dba2397781e,01a07757-90f6-7ca2-9931-c03ede6acaf9,01a07757-9313-7b02-923e-80f595976aaf,01a07757-a224-7902-a4bd-38174bef9ed2,f,2026-09-06 15:30:27.026135+00
01a07757-a307-7b72-a12d-3dc27a4d6a7d,01a07757-90f6-7ca2-9931-c03ede6acaf9,01a07757-9313-7b02-923e-811b8508e6c1,01a07757-a224-7902-a4bd-38174bef9ed2,f,2026-09-06 15:30:27.026135+00
01a07757-a307-7b72-a12d-3dde83959847,01a07757-90f6-7ca2-9931-c03ede6acaf9,01a07757-9313-7b02-923e-80f595976aaf,01a07757-a224-7902-a4bd-38174bef9ed2,f,2026-09-06 15:30:27.026135+00
01a07757-a307-7b72-a12d-3de468e89ca1,01a07757-90f6-7ca2-9931-c03ede6acaf9,01a07757-9313-7b02-923e-811b8508e6c1,01a07757-a224-7902-a4bd-38174bef9ed2,f,2026-09-06 15:30:27.026135+00
01a07757-a308-7dd2-a55f-3c99458b71f7,01a07757-90f6-7ca2-9931-c03ede6acaf9,01a07757-9313-7b02-923e-81361eaeacbe,01a07757-a224-7902-a4bd-38279cd27304,f,2026-09-06 15:30:27.026135+00
01a07757-a308-7dd2-a55f-3ca16a5046e2,01a07757-90f6-7ca2-9931-c03ede6acaf9,01a07757-9313-7b02-923e-815acddd1d90,01a07757-a224-7902-a4bd-38279cd27304,f,2026-09-06 15:30:27.026135+00
01a07757-a309-79c1-9a1f-ec6989dc6ae8,01a07757-90f6-7ca2-9931-c03ede6acaf9,01a07757-9313-7b02-923e-81361eaeacbe,01a07757-a224-7902-a4bd-38279cd27304,f,2026-09-06 15:30:27.026135+00
01a07757-a309-79c1-9a1f-ec7d067664b7,01a07757-90f6-7ca2-9931-c03ede6acaf9,01a07757-9313-7b02-923e-815acddd1d90,01a07757-a224-7902-a4bd-38279cd27304,f,2026-09-06 15:30:27.026135+00
01a07757-a309-79c1-9a1f-ec8f51d7d21b,01a07757-90f6-7ca2-9931-c03ede6acaf9,01a07757-9313-7b02-923e-81361eaeacbe,01a07757-a224-7902-a4bd-38279cd27304,f,2026-09-06 15:30:27.026135+00
01a07757-a309-79c1-9a1f-ec9a549fbf3a,01a07757-90f6-7ca2-9931-c03ede6acaf9,01a07757-9313-7b02-923e-815acddd1d90,01a07757-a224-7902-a4bd-38279cd27304,f,2026-09-06 15:30:27.026135+00
01a07757-a30a-74b0-b100-93c4aca617f1,01a07757-90f6-7ca2-9931-c03ede6acaf9,01a07757-9313-7b02-923e-8171255651ab,01a07757-a224-7902-a4bd-383780e3c7d9,f,2026-09-06 15:30:27.026135+00
01a07757-a30a-74b0-b100-93da500f5bc2,01a07757-90f6-7ca2-9931-c03ede6acaf9,01a07757-9313-7b02-923e-819c5669e6d6,01a07757-a224-7902-a4bd-383780e3c7d9,f,2026-09-06 15:30:27.026135+00
01a07757-a30b-7983-9826-067c18a547be,01a07757-90f6-7ca2-9931-c03ede6acaf9,01a07757-9313-7b02-923e-8171255651ab,01a07757-a224-7902-a4bd-383780e3c7d9,f,2026-09-06 15:30:27.026135+00
01a07757-a30b-7983-9826-068b37d309d2,01a07757-90f6-7ca2-9931-c03ede6acaf9,01a07757-9313-7b02-923e-819c5669e6d6,01a07757-a224-7902-a4bd-383780e3c7d9,f,2026-09-06 15:30:27.026135+00
01a07757-a30b-7983-9826-06904873ab4a,01a07757-90f6-7ca2-9931-c03ede6acaf9,01a07757-9313-7b02-923e-8171255651ab,01a07757-a224-7902-a4bd-383780e3c7d9,f,2026-09-06 15:30:27.026135+00
01a07757-a30c-7c10-9de0-e0330586add2,01a07757-90f6-7ca2-9931-c03ede6acaf9,01a07757-9313-7b02-923e-819c5669e6d6,01a07757-a224-7902-a4bd-383780e3c7d9,f,2026-09-06 15:30:27.026135+00
01a07757-a30d-7d33-b5fd-a65b00b56371,01a07757-90f6-7ca2-9931-c03ede6acaf9,01a07757-9313-7b02-923e-81b75e425159,01a07757-a224-7902-a4bd-384ec729ca61,f,2026-09-06 15:30:27.026135+00
01a07757-a30d-7d33-b5fd-a662668d0a47,01a07757-90f6-7ca2-9931-c03ede6acaf9,01a07757-931c-7ca1-9d6f-3107abf531b6,01a07757-a224-7902-a4bd-384ec729ca61,f,2026-09-06 15:30:27.026135+00
01a07757-a30e-7691-ba93-7ad11c064de8,01a07757-99b6-7ff0-bf13-83dd6ad07a1e,01a07757-9dcb-76e1-8828-1f242afd1d85,01a07757-a30a-74b0-b100-939996957783,f,2026-09-06 15:30:27.213559+00
01a07757-a30e-7691-ba93-7aefcae04519,01a07757-90f6-7ca2-9931-c03ede6acaf9,01a07757-9313-7b02-923e-81b75e425159,01a07757-a224-7902-a4bd-384ec729ca61,f,2026-09-06 15:30:27.026135+00
01a07757-a30e-7691-ba93-7af7dc14584a,01a07757-90f6-7ca2-9931-c03ede6acaf9,01a07757-931c-7ca1-9d6f-3107abf531b6,01a07757-a224-7902-a4bd-384ec729ca61,f,2026-09-06 15:30:27.026135+00
01a07757-a30e-7691-ba93-7b072bcfe242,01a07757-99b6-7ff0-bf13-83dd6ad07a1e,01a07757-9df2-7483-9d35-d23aae7110aa,01a07757-a30a-74b0-b100-939996957783,f,2026-09-06 15:30:27.213559+00
01a07757-a30e-7691-ba93-7b1df37ec3d1,01a07757-90f6-7ca2-9931-c03ede6acaf9,01a07757-9313-7b02-923e-81b75e425159,01a07757-a224-7902-a4bd-384ec729ca61,f,2026-09-06 15:30:27.026135+00
01a07757-a30e-7691-ba93-7b23adf82185,01a07757-99b6-7ff0-bf13-83dd6ad07a1e,01a07757-9dcb-76e1-8828-1f242afd1d85,01a07757-a30a-74b0-b100-939996957783,f,2026-09-06 15:30:27.213559+00
01a07757-a30f-70f1-b0e1-0c275805da71,01a07757-90f6-7ca2-9931-c03ede6acaf9,01a07757-931c-7ca1-9d6f-3107abf531b6,01a07757-a224-7902-a4bd-384ec729ca61,f,2026-09-06 15:30:27.026135+00
01a07757-a30f-70f1-b0e1-0c3ba4923c94,01a07757-99b6-7ff0-bf13-83dd6ad07a1e,01a07757-9df2-7483-9d35-d23aae7110aa,01a07757-a30a-74b0-b100-939996957783,f,2026-09-06 15:30:27.213559+00
01a07757-a30f-70f1-b0e1-0c4085d764c4,01a07757-99b6-7ff0-bf13-83dd6ad07a1e,01a07757-9dcb-76e1-8828-1f242afd1d85,01a07757-a30a-74b0-b100-939996957783,f,2026-09-06 15:30:27.213559+00
01a07757-a30f-70f1-b0e1-0c5552c8417f,01a07757-99b6-7ff0-bf13-83dd6ad07a1e,01a07757-9df2-7483-9d35-d23aae7110aa,01a07757-a30a-74b0-b100-939996957783,f,2026-09-06 15:30:27.213559+00
01a07757-a310-74d2-923e-2772731c0b68,01a07757-90f6-7ca2-9931-c03ede6acaf9,01a07757-931c-7ca1-9d6f-312706d6944e,01a07757-a224-7902-a4bd-38595eec05b7,f,2026-09-06 15:30:27.026135+00
01a07757-a310-74d2-923e-278fcf627434,01a07757-90f6-7ca2-9931-c03ede6acaf9,01a07757-931c-7ca1-9d6f-31416005945b,01a07757-a224-7902-a4bd-38595eec05b7,f,2026-09-06 15:30:27.026135+00
01a07757-a310-74d2-923e-279bc78058bd,01a07757-99b6-7ff0-bf13-83dd6ad07a1e,01a07757-9dea-7652-b802-95683ec3887c,01a07757-a30a-74b0-b100-93a1abd088bf,f,2026-09-06 15:30:27.213559+00
01a07757-a310-74d2-923e-27a152854eea,01a07757-90f6-7ca2-9931-c03ede6acaf9,01a07757-931c-7ca1-9d6f-312706d6944e,01a07757-a224-7902-a4bd-38595eec05b7,f,2026-09-06 15:30:27.026135+00
01a07757-a311-78e1-8fa2-35b5896081ea,01a07757-99b6-7ff0-bf13-83dd6ad07a1e,01a07757-9d0c-7a21-91f4-6213ed06ddd5,01a07757-a30a-74b0-b100-93a1abd088bf,f,2026-09-06 15:30:27.213559+00
01a07757-a311-78e1-8fa2-35c7dcf2933b,01a07757-90f6-7ca2-9931-c03ede6acaf9,01a07757-931c-7ca1-9d6f-31416005945b,01a07757-a224-7902-a4bd-38595eec05b7,f,2026-09-06 15:30:27.026135+00
01a07757-a311-78e1-8fa2-35d3db58e2c3,01a07757-99b6-7ff0-bf13-83dd6ad07a1e,01a07757-9dea-7652-b802-95683ec3887c,01a07757-a30a-74b0-b100-93a1abd088bf,f,2026-09-06 15:30:27.213559+00
01a07757-a311-78e1-8fa2-35e322b5b59c,01a07757-90f6-7ca2-9931-c03ede6acaf9,01a07757-931c-7ca1-9d6f-312706d6944e,01a07757-a224-7902-a4bd-38595eec05b7,f,2026-09-06 15:30:27.026135+00
01a07757-a311-78e1-8fa2-35fcc4c04d7a,01a07757-99b6-7ff0-bf13-83dd6ad07a1e,01a07757-9d0c-7a21-91f4-6213ed06ddd5,01a07757-a30a-74b0-b100-93a1abd088bf,f,2026-09-06 15:30:27.213559+00
01a07757-a311-78e1-8fa2-3603fe43f7a4,01a07757-90f6-7ca2-9931-c03ede6acaf9,01a07757-931c-7ca1-9d6f-31416005945b,01a07757-a224-7902-a4bd-38595eec05b7,f,2026-09-06 15:30:27.026135+00
01a07757-a311-78e1-8fa2-361bc02da457,01a07757-99b6-7ff0-bf13-83dd6ad07a1e,01a07757-9dea-7652-b802-95683ec3887c,01a07757-a30a-74b0-b100-93a1abd088bf,f,2026-09-06 15:30:27.213559+00
01a07757-a312-7f13-aa43-3be28a85aa97,01a07757-99b6-7ff0-bf13-83dd6ad07a1e,01a07757-9d0c-7a21-91f4-6213ed06ddd5,01a07757-a30a-74b0-b100-93a1abd088bf,f,2026-09-06 15:30:27.213559+00
01a07757-a312-7f13-aa43-3bfe21ad4a10,01a07757-90f6-7ca2-9931-c03ede6acaf9,01a07757-931c-7ca1-9d6f-316f7c956a91,01a07757-a224-7902-a4bd-386420a25e01,f,2026-09-06 15:30:27.026135+00
01a07757-a313-71f1-823f-d2886fc44442,01a07757-99b6-7ff0-bf13-83dd6ad07a1e,01a07757-9df2-7483-9d35-d23aae7110aa,01a07757-a30a-74b0-b100-93b0f702e039,f,2026-09-06 15:30:27.213559+00
01a07757-a313-71f1-823f-d29831449bbc,01a07757-90f6-7ca2-9931-c03ede6acaf9,01a07757-931c-7ca1-9d6f-318153cc61df,01a07757-a224-7902-a4bd-386420a25e01,f,2026-09-06 15:30:27.026135+00
01a07757-a313-71f1-823f-d2a22e9a1103,01a07757-90f6-7ca2-9931-c03ede6acaf9,01a07757-931c-7ca1-9d6f-316f7c956a91,01a07757-a224-7902-a4bd-386420a25e01,f,2026-09-06 15:30:27.026135+00
01a07757-a313-71f1-823f-d2bacc4a7c7d,01a07757-99b6-7ff0-bf13-83dd6ad07a1e,01a07757-9d99-75a1-ab8c-1e3d5be60add,01a07757-a30a-74b0-b100-93b0f702e039,f,2026-09-06 15:30:27.213559+00
01a07757-a313-71f1-823f-d2cbd7a34cf1,01a07757-90f6-7ca2-9931-c03ede6acaf9,01a07757-931c-7ca1-9d6f-318153cc61df,01a07757-a224-7902-a4bd-386420a25e01,f,2026-09-06 15:30:27.026135+00
01a07757-a313-71f1-823f-d2d7117be08a,01a07757-99b6-7ff0-bf13-83dd6ad07a1e,01a07757-9df2-7483-9d35-d23aae7110aa,01a07757-a30a-74b0-b100-93b0f702e039,f,2026-09-06 15:30:27.213559+00
01a07757-a313-71f1-823f-d2e4f2db8c38,01a07757-90f6-7ca2-9931-c03ede6acaf9,01a07757-931c-7ca1-9d6f-316f7c956a91,01a07757-a224-7902-a4bd-386420a25e01,f,2026-09-06 15:30:27.026135+00
01a07757-a313-71f1-823f-d2f01103f086,01a07757-99b6-7ff0-bf13-83dd6ad07a1e,01a07757-9d99-75a1-ab8c-1e3d5be60add,01a07757-a30a-74b0-b100-93b0f702e039,f,2026-09-06 15:30:27.213559+00
01a07757-a314-7d92-9185-edc731845deb,01a07757-90f6-7ca2-9931-c03ede6acaf9,01a07757-931c-7ca1-9d6f-318153cc61df,01a07757-a224-7902-a4bd-386420a25e01,f,2026-09-06 15:30:27.026135+00
01a07757-a314-7d92-9185-edda7b18d9b6,01a07757-99b6-7ff0-bf13-83dd6ad07a1e,01a07757-9df2-7483-9d35-d23aae7110aa,01a07757-a30a-74b0-b100-93b0f702e039,f,2026-09-06 15:30:27.213559+00
01a07757-a314-7d92-9185-ede0ad666ed2,01a07757-99b6-7ff0-bf13-83dd6ad07a1e,01a07757-9d99-75a1-ab8c-1e3d5be60add,01a07757-a30a-74b0-b100-93b0f702e039,f,2026-09-06 15:30:27.213559+00
01a07757-a315-78f2-86f7-3fdd7893bdb9,01a07757-90f6-7ca2-9931-c03ede6acaf9,01a07757-931c-7ca1-9d6f-31ac88ab00ff,01a07757-a224-7902-a4bd-387023b13857,f,2026-09-06 15:30:27.026135+00
01a07757-a315-78f2-86f7-3fe550f4497d,01a07757-90f6-7ca2-9931-c03ede6acaf9,01a07757-931c-7ca1-9d6f-31cc53a5965a,01a07757-a224-7902-a4bd-387023b13857,f,2026-09-06 15:30:27.026135+00
01a07757-a315-78f2-86f7-3ff6949bf1e8,01a07757-90f6-7ca2-9931-c03ede6acaf9,01a07757-931c-7ca1-9d6f-31ac88ab00ff,01a07757-a224-7902-a4bd-387023b13857,f,2026-09-06 15:30:27.026135+00
01a07757-a315-78f2-86f7-40005ca653c6,01a07757-90f6-7ca2-9931-c03ede6acaf9,01a07757-931c-7ca1-9d6f-31cc53a5965a,01a07757-a224-7902-a4bd-387023b13857,f,2026-09-06 15:30:27.026135+00
01a07757-a316-72f1-b442-7e989a1d5925,01a07757-90f6-7ca2-9931-c03ede6acaf9,01a07757-931c-7ca1-9d6f-31ac88ab00ff,01a07757-a224-7902-a4bd-387023b13857,f,2026-09-06 15:30:27.026135+00
01a07757-a316-72f1-b442-7eaddac88853,01a07757-90f6-7ca2-9931-c03ede6acaf9,01a07757-931c-7ca1-9d6f-31cc53a5965a,01a07757-a224-7902-a4bd-387023b13857,f,2026-09-06 15:30:27.026135+00
01a07757-a316-72f1-b442-7ebe532e28d7,01a07757-90f6-7ca2-9931-c03ede6acaf9,01a07757-931c-7ca1-9d6f-31e77acd14f3,01a07757-a224-7902-a4bd-3883e68826eb,f,2026-09-06 15:30:27.026135+00
01a07757-a317-7212-b0a1-1ac979007a9c,01a07757-90f6-7ca2-9931-c03ede6acaf9,01a07757-931c-7ca1-9d6f-32053e819309,01a07757-a224-7902-a4bd-3883e68826eb,f,2026-09-06 15:30:27.026135+00
01a07757-a317-7212-b0a1-1adee091327b,01a07757-90f6-7ca2-9931-c03ede6acaf9,01a07757-931c-7ca1-9d6f-31e77acd14f3,01a07757-a224-7902-a4bd-3883e68826eb,f,2026-09-06 15:30:27.026135+00
01a07757-a317-7212-b0a1-1aed86a2434f,01a07757-90f6-7ca2-9931-c03ede6acaf9,01a07757-931c-7ca1-9d6f-32053e819309,01a07757-a224-7902-a4bd-3883e68826eb,f,2026-09-06 15:30:27.026135+00
01a07757-a318-78a1-8d2f-ace36f1130dc,01a07757-90f6-7ca2-9931-c03ede6acaf9,01a07757-931c-7ca1-9d6f-31e77acd14f3,01a07757-a224-7902-a4bd-3883e68826eb,f,2026-09-06 15:30:27.026135+00
01a07757-a318-78a1-8d2f-acfd8228df7d,01a07757-90f6-7ca2-9931-c03ede6acaf9,01a07757-931c-7ca1-9d6f-32053e819309,01a07757-a224-7902-a4bd-3883e68826eb,f,2026-09-06 15:30:27.026135+00
01a07757-a318-78a1-8d2f-ad08aec5a432,01a07757-90f6-7ca2-9931-c03ede6acaf9,01a07757-931c-7ca1-9d6f-32289ba1fd61,01a07757-a224-7902-a4bd-389e5dd17c83,f,2026-09-06 15:30:27.026135+00
01a07757-a319-7870-a7ef-c4e3ba185333,01a07757-90f6-7ca2-9931-c03ede6acaf9,01a07757-931c-7ca1-9d6f-32438d20ab8b,01a07757-a224-7902-a4bd-389e5dd17c83,f,2026-09-06 15:30:27.026135+00
01a07757-a319-7870-a7ef-c4f3dc687588,01a07757-90f6-7ca2-9931-c03ede6acaf9,01a07757-931c-7ca1-9d6f-32289ba1fd61,01a07757-a224-7902-a4bd-389e5dd17c83,f,2026-09-06 15:30:27.026135+00
01a07757-a319-7870-a7ef-c5085e10117c,01a07757-90f6-7ca2-9931-c03ede6acaf9,01a07757-931c-7ca1-9d6f-32438d20ab8b,01a07757-a224-7902-a4bd-389e5dd17c83,f,2026-09-06 15:30:27.026135+00
01a07757-a31a-7691-8b8a-26ae92ce02f7,01a07757-90f6-7ca2-9931-c03ede6acaf9,01a07757-931c-7ca1-9d6f-32289ba1fd61,01a07757-a224-7902-a4bd-389e5dd17c83,f,2026-09-06 15:30:27.026135+00
01a07757-a31a-7691-8b8a-26b2a68d9505,01a07757-90f6-7ca2-9931-c03ede6acaf9,01a07757-931c-7ca1-9d6f-32438d20ab8b,01a07757-a224-7902-a4bd-389e5dd17c83,f,2026-09-06 15:30:27.026135+00
01a07757-a31b-7753-af12-6b404d2b915c,01a07757-90f6-7ca2-9931-c03ede6acaf9,01a07757-931c-7ca1-9d6f-3262c517ca0e,01a07757-a224-7902-a4bd-38a82fb8a475,f,2026-09-06 15:30:27.026135+00
01a07757-a31b-7753-af12-6b56568cd396,01a07757-90f6-7ca2-9931-c03ede6acaf9,01a07757-931c-7ca1-9d6f-328948314fce,01a07757-a224-7902-a4bd-38a82fb8a475,f,2026-09-06 15:30:27.026135+00
01a07757-a31c-72a3-ab66-fcafd926a114,01a07757-90f6-7ca2-9931-c03ede6acaf9,01a07757-931c-7ca1-9d6f-3262c517ca0e,01a07757-a224-7902-a4bd-38a82fb8a475,f,2026-09-06 15:30:27.026135+00
01a07757-a31c-72a3-ab66-fcbf6e1232d1,01a07757-90f6-7ca2-9931-c03ede6acaf9,01a07757-931c-7ca1-9d6f-328948314fce,01a07757-a224-7902-a4bd-38a82fb8a475,f,2026-09-06 15:30:27.026135+00
01a07757-a31c-72a3-ab66-fcc7fad1ed8b,01a07757-90f6-7ca2-9931-c03ede6acaf9,01a07757-931c-7ca1-9d6f-3262c517ca0e,01a07757-a224-7902-a4bd-38a82fb8a475,f,2026-09-06 15:30:27.026135+00
01a07757-a31d-7263-b1b5-6c88aa6bfefc,01a07757-90f6-7ca2-9931-c03ede6acaf9,01a07757-931c-7ca1-9d6f-328948314fce,01a07757-a224-7902-a4bd-38a82fb8a475,f,2026-09-06 15:30:27.026135+00
01a07757-a31e-78a2-9115-cdf06417b0e2,01a07757-90f6-7ca2-9931-c03ede6acaf9,01a07757-931c-7ca1-9d6f-32a0c0997d1f,01a07757-a224-7902-a4bd-38b73a3d53b1,f,2026-09-06 15:30:27.026135+00
01a07757-a31e-78a2-9115-ce04538c4f7e,01a07757-90f6-7ca2-9931-c03ede6acaf9,01a07757-931c-7ca1-9d6f-32cde009c3ec,01a07757-a224-7902-a4bd-38b73a3d53b1,f,2026-09-06 15:30:27.026135+00
01a07757-a31e-78a2-9115-ce1628d2980b,01a07757-90f6-7ca2-9931-c03ede6acaf9,01a07757-931c-7ca1-9d6f-32a0c0997d1f,01a07757-a224-7902-a4bd-38b73a3d53b1,f,2026-09-06 15:30:27.026135+00
01a07757-a31e-78a2-9115-ce2c859193ea,01a07757-90f6-7ca2-9931-c03ede6acaf9,01a07757-931c-7ca1-9d6f-32cde009c3ec,01a07757-a224-7902-a4bd-38b73a3d53b1,f,2026-09-06 15:30:27.026135+00
01a07757-a31f-75d3-acd2-5820e3682853,01a07757-90f6-7ca2-9931-c03ede6acaf9,01a07757-931c-7ca1-9d6f-32a0c0997d1f,01a07757-a224-7902-a4bd-38b73a3d53b1,f,2026-09-06 15:30:27.026135+00
01a07757-a31f-75d3-acd2-583a0f7135df,01a07757-90f6-7ca2-9931-c03ede6acaf9,01a07757-931c-7ca1-9d6f-32cde009c3ec,01a07757-a224-7902-a4bd-38b73a3d53b1,f,2026-09-06 15:30:27.026135+00
01a07757-a320-72f0-944c-f47db9955154,01a07757-90f6-7ca2-9931-c03ede6acaf9,01a07757-931c-7ca1-9d6f-32e2d863eb0f,01a07757-a224-7902-a4bd-38d853a275ee,f,2026-09-06 15:30:27.026135+00
01a07757-a320-72f0-944c-f48ea5e30331,01a07757-90f6-7ca2-9931-c03ede6acaf9,01a07757-931c-7ca1-9d6f-3303ae5226da,01a07757-a224-7902-a4bd-38d853a275ee,f,2026-09-06 15:30:27.026135+00
01a07757-a320-72f0-944c-f49736b584ed,01a07757-90f6-7ca2-9931-c03ede6acaf9,01a07757-931c-7ca1-9d6f-32e2d863eb0f,01a07757-a224-7902-a4bd-38d853a275ee,f,2026-09-06 15:30:27.026135+00
01a07757-a321-72c1-a799-2a00210dfd2e,01a07757-90f6-7ca2-9931-c03ede6acaf9,01a07757-931c-7ca1-9d6f-3303ae5226da,01a07757-a224-7902-a4bd-38d853a275ee,f,2026-09-06 15:30:27.026135+00
01a07757-a321-72c1-a799-2a1dc3be08d8,01a07757-90f6-7ca2-9931-c03ede6acaf9,01a07757-931c-7ca1-9d6f-32e2d863eb0f,01a07757-a224-7902-a4bd-38d853a275ee,f,2026-09-06 15:30:27.026135+00
01a07757-a321-72c1-a799-2a2c6021ff50,01a07757-90f6-7ca2-9931-c03ede6acaf9,01a07757-931c-7ca1-9d6f-3303ae5226da,01a07757-a224-7902-a4bd-38d853a275ee,f,2026-09-06 15:30:27.026135+00
01a07757-a322-7fb1-ae10-cfc7e73b5789,01a07757-90f6-7ca2-9931-c03ede6acaf9,01a07757-931c-7ca1-9d6f-332bed5d3760,01a07757-a224-7902-a4bd-38fb04236464,f,2026-09-06 15:30:27.026135+00
01a07757-a322-7fb1-ae10-cfda3df2eaf7,01a07757-90f6-7ca2-9931-c03ede6acaf9,01a07757-931c-7ca1-9d6f-33475ee3beb4,01a07757-a224-7902-a4bd-38fb04236464,f,2026-09-06 15:30:27.026135+00
01a07757-a323-70e1-9761-b0a95fcb7815,01a07757-90f6-7ca2-9931-c03ede6acaf9,01a07757-931c-7ca1-9d6f-332bed5d3760,01a07757-a224-7902-a4bd-38fb04236464,f,2026-09-06 15:30:27.026135+00
01a07757-a323-70e1-9761-b0b1237f700f,01a07757-90f6-7ca2-9931-c03ede6acaf9,01a07757-931c-7ca1-9d6f-33475ee3beb4,01a07757-a224-7902-a4bd-38fb04236464,f,2026-09-06 15:30:27.026135+00
01a07757-a323-70e1-9761-b0caabc93047,01a07757-90f6-7ca2-9931-c03ede6acaf9,01a07757-931c-7ca1-9d6f-332bed5d3760,01a07757-a224-7902-a4bd-38fb04236464,f,2026-09-06 15:30:27.026135+00
01a07757-a323-70e1-9761-b0dccd9c513d,01a07757-90f6-7ca2-9931-c03ede6acaf9,01a07757-931c-7ca1-9d6f-33475ee3beb4,01a07757-a224-7902-a4bd-38fb04236464,f,2026-09-06 15:30:27.026135+00
01a07757-a324-70c0-af46-c6ace3da7bf0,01a07757-90f6-7ca2-9931-c03ede6acaf9,01a07757-931c-7ca1-9d6f-336a4f95a06c,01a07757-a224-7902-a4bd-39036be81164,f,2026-09-06 15:30:27.026135+00
01a07757-a324-70c0-af46-c6b259d8c649,01a07757-90f6-7ca2-9931-c03ede6acaf9,01a07757-931c-7ca1-9d6f-3383db13eb9e,01a07757-a224-7902-a4bd-39036be81164,f,2026-09-06 15:30:27.026135+00
01a07757-a325-7ea0-9ebb-11f88bccb475,01a07757-90f6-7ca2-9931-c03ede6acaf9,01a07757-931c-7ca1-9d6f-336a4f95a06c,01a07757-a224-7902-a4bd-39036be81164,f,2026-09-06 15:30:27.026135+00
01a07757-a325-7ea0-9ebb-120d95b2f526,01a07757-90f6-7ca2-9931-c03ede6acaf9,01a07757-931c-7ca1-9d6f-3383db13eb9e,01a07757-a224-7902-a4bd-39036be81164,f,2026-09-06 15:30:27.026135+00
01a07757-a325-7ea0-9ebb-121654094618,01a07757-90f6-7ca2-9931-c03ede6acaf9,01a07757-931c-7ca1-9d6f-336a4f95a06c,01a07757-a224-7902-a4bd-39036be81164,f,2026-09-06 15:30:27.026135+00
01a07757-a325-7ea0-9ebb-1221ec013c0a,01a07757-90f6-7ca2-9931-c03ede6acaf9,01a07757-931c-7ca1-9d6f-3383db13eb9e,01a07757-a224-7902-a4bd-39036be81164,f,2026-09-06 15:30:27.026135+00
01a07757-a326-77a0-bdf4-d30a5b989317,01a07757-90f6-7ca2-9931-c03ede6acaf9,01a07757-931c-7ca1-9d6f-33a273ff8636,01a07757-a224-7902-a4bd-3921f5a6f6cb,f,2026-09-06 15:30:27.026135+00
01a07757-a326-77a0-bdf4-d316b70b1fde,01a07757-90f6-7ca2-9931-c03ede6acaf9,01a07757-931c-7ca1-9d6f-33cac9be95e5,01a07757-a224-7902-a4bd-3921f5a6f6cb,f,2026-09-06 15:30:27.026135+00
01a07757-a327-7cb2-b4b9-d17da98f30de,01a07757-90f6-7ca2-9931-c03ede6acaf9,01a07757-931c-7ca1-9d6f-33a273ff8636,01a07757-a224-7902-a4bd-3921f5a6f6cb,f,2026-09-06 15:30:27.026135+00
01a07757-a327-7cb2-b4b9-d1843cc4e395,01a07757-90f6-7ca2-9931-c03ede6acaf9,01a07757-931c-7ca1-9d6f-33cac9be95e5,01a07757-a224-7902-a4bd-3921f5a6f6cb,f,2026-09-06 15:30:27.026135+00
01a07757-a327-7cb2-b4b9-d191335d2c3a,01a07757-90f6-7ca2-9931-c03ede6acaf9,01a07757-931c-7ca1-9d6f-33a273ff8636,01a07757-a224-7902-a4bd-3921f5a6f6cb,f,2026-09-06 15:30:27.026135+00
01a07757-a328-76a3-b726-0522427fdcae,01a07757-90f6-7ca2-9931-c03ede6acaf9,01a07757-931c-7ca1-9d6f-33cac9be95e5,01a07757-a224-7902-a4bd-3921f5a6f6cb,f,2026-09-06 15:30:27.026135+00
01a07757-a328-76a3-b726-053be06de3a1,01a07757-90f6-7ca2-9931-c03ede6acaf9,01a07757-931c-7ca1-9d6f-33ef42913064,01a07757-a224-7902-a4bd-393649e358b4,f,2026-09-06 15:30:27.026135+00
01a07757-a329-7d51-a0d5-a29c2f8835c8,01a07757-90f6-7ca2-9931-c03ede6acaf9,01a07757-931c-7ca1-9d6f-340a1f7382c6,01a07757-a224-7902-a4bd-393649e358b4,f,2026-09-06 15:30:27.026135+00
01a07757-a329-7d51-a0d5-a2a434f85f64,01a07757-90f6-7ca2-9931-c03ede6acaf9,01a07757-931c-7ca1-9d6f-33ef42913064,01a07757-a224-7902-a4bd-393649e358b4,f,2026-09-06 15:30:27.026135+00
01a07757-a329-7d51-a0d5-a2b287d760c0,01a07757-90f6-7ca2-9931-c03ede6acaf9,01a07757-931c-7ca1-9d6f-340a1f7382c6,01a07757-a224-7902-a4bd-393649e358b4,f,2026-09-06 15:30:27.026135+00
01a07757-a329-7d51-a0d5-a2c75cde3649,01a07757-90f6-7ca2-9931-c03ede6acaf9,01a07757-931c-7ca1-9d6f-33ef42913064,01a07757-a224-7902-a4bd-393649e358b4,f,2026-09-06 15:30:27.026135+00
01a07757-a329-7d51-a0d5-a2dfba87aa4e,01a07757-90f6-7ca2-9931-c03ede6acaf9,01a07757-931c-7ca1-9d6f-340a1f7382c6,01a07757-a224-7902-a4bd-393649e358b4,f,2026-09-06 15:30:27.026135+00
01a07757-a32a-7ad3-87ac-733e84526d7b,01a07757-90f6-7ca2-9931-c03ede6acaf9,01a07757-931c-7ca1-9d6f-342d8fb1680a,01a07757-a224-7902-a4bd-394fbb2c6984,f,2026-09-06 15:30:27.026135+00
01a07757-a32a-7ad3-87ac-734a8f396f2b,01a07757-90f6-7ca2-9931-c03ede6acaf9,01a07757-931c-7ca1-9d6f-34401a1730e0,01a07757-a224-7902-a4bd-394fbb2c6984,f,2026-09-06 15:30:27.026135+00
01a07757-a32b-7142-9a83-623a7badee0f,01a07757-90f6-7ca2-9931-c03ede6acaf9,01a07757-931c-7ca1-9d6f-342d8fb1680a,01a07757-a224-7902-a4bd-394fbb2c6984,f,2026-09-06 15:30:27.026135+00
01a07757-a32b-7142-9a83-6244f7662085,01a07757-90f6-7ca2-9931-c03ede6acaf9,01a07757-931c-7ca1-9d6f-34401a1730e0,01a07757-a224-7902-a4bd-394fbb2c6984,f,2026-09-06 15:30:27.026135+00
01a07757-a32b-7142-9a83-625a68c681ab,01a07757-90f6-7ca2-9931-c03ede6acaf9,01a07757-931c-7ca1-9d6f-342d8fb1680a,01a07757-a224-7902-a4bd-394fbb2c6984,f,2026-09-06 15:30:27.026135+00
01a07757-a32b-7142-9a83-6261a5b18f44,01a07757-90f6-7ca2-9931-c03ede6acaf9,01a07757-931c-7ca1-9d6f-34401a1730e0,01a07757-a224-7902-a4bd-394fbb2c6984,f,2026-09-06 15:30:27.026135+00
01a07757-a32c-7a32-b3be-632789287e4e,01a07757-90f6-7ca2-9931-c03ede6acaf9,01a07757-931c-7ca1-9d6f-346b4aea6344,01a07757-a224-7902-a4bd-395edb606ba0,f,2026-09-06 15:30:27.026135+00
01a07757-a32c-7a32-b3be-6333eefa1abe,01a07757-90f6-7ca2-9931-c03ede6acaf9,01a07757-931c-7ca1-9d6f-348aaf42df06,01a07757-a224-7902-a4bd-395edb606ba0,f,2026-09-06 15:30:27.026135+00
01a07757-a32c-7a32-b3be-634e40fa9d5c,01a07757-90f6-7ca2-9931-c03ede6acaf9,01a07757-931c-7ca1-9d6f-346b4aea6344,01a07757-a224-7902-a4bd-395edb606ba0,f,2026-09-06 15:30:27.026135+00
01a07757-a32d-79f0-82ae-bf1a04fe2dc2,01a07757-90f6-7ca2-9931-c03ede6acaf9,01a07757-931c-7ca1-9d6f-348aaf42df06,01a07757-a224-7902-a4bd-395edb606ba0,f,2026-09-06 15:30:27.026135+00
01a07757-a32d-79f0-82ae-bf29bb98f82a,01a07757-90f6-7ca2-9931-c03ede6acaf9,01a07757-931c-7ca1-9d6f-346b4aea6344,01a07757-a224-7902-a4bd-395edb606ba0,f,2026-09-06 15:30:27.026135+00
01a07757-a32d-79f0-82ae-bf3b4f996502,01a07757-90f6-7ca2-9931-c03ede6acaf9,01a07757-931c-7ca1-9d6f-348aaf42df06,01a07757-a224-7902-a4bd-395edb606ba0,f,2026-09-06 15:30:27.026135+00
01a07757-a32e-7183-ab2e-8239296d51f5,01a07757-90f6-7ca2-9931-c03ede6acaf9,01a07757-931c-7ca1-9d6f-34afa100ef83,01a07757-a224-7902-a4bd-39638c9a5566,f,2026-09-06 15:30:27.026135+00
01a07757-a32e-7183-ab2e-824eaf8ebe13,01a07757-90f6-7ca2-9931-c03ede6acaf9,01a07757-931c-7ca1-9d6f-34c85ae94f45,01a07757-a224-7902-a4bd-39638c9a5566,f,2026-09-06 15:30:27.026135+00
01a07757-a32e-7183-ab2e-825fc186aa63,01a07757-90f6-7ca2-9931-c03ede6acaf9,01a07757-931c-7ca1-9d6f-34afa100ef83,01a07757-a224-7902-a4bd-39638c9a5566,f,2026-09-06 15:30:27.026135+00
01a07757-a32e-7183-ab2e-8263e8c00807,01a07757-90f6-7ca2-9931-c03ede6acaf9,01a07757-931c-7ca1-9d6f-34c85ae94f45,01a07757-a224-7902-a4bd-39638c9a5566,f,2026-09-06 15:30:27.026135+00
01a07757-a32e-7183-ab2e-8275e256186a,01a07757-90f6-7ca2-9931-c03ede6acaf9,01a07757-931c-7ca1-9d6f-34afa100ef83,01a07757-a224-7902-a4bd-39638c9a5566,f,2026-09-06 15:30:27.026135+00
01a07757-a32e-7183-ab2e-8283705cd889,01a07757-90f6-7ca2-9931-c03ede6acaf9,01a07757-931c-7ca1-9d6f-34c85ae94f45,01a07757-a224-7902-a4bd-39638c9a5566,f,2026-09-06 15:30:27.026135+00
01a07757-a32f-7422-b472-5afa8e1f2d80,01a07757-90f6-7ca2-9931-c03ede6acaf9,01a07757-931c-7ca1-9d6f-34e4da83fe7e,01a07757-a224-7902-a4bd-39773b1da0ba,f,2026-09-06 15:30:27.026135+00
01a07757-a32f-7422-b472-5b090cb986e5,01a07757-90f6-7ca2-9931-c03ede6acaf9,01a07757-931c-7ca1-9d6f-3508ccd99dfc,01a07757-a224-7902-a4bd-39773b1da0ba,f,2026-09-06 15:30:27.026135+00
01a07757-a32f-7422-b472-5b1274358cda,01a07757-90f6-7ca2-9931-c03ede6acaf9,01a07757-931c-7ca1-9d6f-34e4da83fe7e,01a07757-a224-7902-a4bd-39773b1da0ba,f,2026-09-06 15:30:27.026135+00
01a07757-a330-7133-91b2-aa3a289a807d,01a07757-90f6-7ca2-9931-c03ede6acaf9,01a07757-931c-7ca1-9d6f-3508ccd99dfc,01a07757-a224-7902-a4bd-39773b1da0ba,f,2026-09-06 15:30:27.026135+00
01a07757-a330-7133-91b2-aa4f8516f3ff,01a07757-90f6-7ca2-9931-c03ede6acaf9,01a07757-931c-7ca1-9d6f-34e4da83fe7e,01a07757-a224-7902-a4bd-39773b1da0ba,f,2026-09-06 15:30:27.026135+00
01a07757-a330-7133-91b2-aa5f789f07d9,01a07757-90f6-7ca2-9931-c03ede6acaf9,01a07757-931c-7ca1-9d6f-3508ccd99dfc,01a07757-a224-7902-a4bd-39773b1da0ba,f,2026-09-06 15:30:27.026135+00
01a07757-a331-75a1-8dee-d95290076a5a,01a07757-90f6-7ca2-9931-c03ede6acaf9,01a07757-931c-7ca1-9d6f-3524b6cd932a,01a07757-a224-7902-a4bd-3989bceecaab,f,2026-09-06 15:30:27.026135+00
01a07757-a331-75a1-8dee-d9659f77ccfd,01a07757-90f6-7ca2-9931-c03ede6acaf9,01a07757-931c-7ca1-9d6f-354cd0036933,01a07757-a224-7902-a4bd-3989bceecaab,f,2026-09-06 15:30:27.026135+00
01a07757-a331-75a1-8dee-d97ada51d79a,01a07757-90f6-7ca2-9931-c03ede6acaf9,01a07757-931c-7ca1-9d6f-3524b6cd932a,01a07757-a224-7902-a4bd-3989bceecaab,f,2026-09-06 15:30:27.026135+00
01a07757-a331-75a1-8dee-d98791fe5734,01a07757-90f6-7ca2-9931-c03ede6acaf9,01a07757-931c-7ca1-9d6f-354cd0036933,01a07757-a224-7902-a4bd-3989bceecaab,f,2026-09-06 15:30:27.026135+00
01a07757-a331-75a1-8dee-d99c335d057e,01a07757-90f6-7ca2-9931-c03ede6acaf9,01a07757-931c-7ca1-9d6f-3524b6cd932a,01a07757-a224-7902-a4bd-3989bceecaab,f,2026-09-06 15:30:27.026135+00
01a07757-a332-7860-922d-2821b4c57abe,01a07757-90f6-7ca2-9931-c03ede6acaf9,01a07757-931c-7ca1-9d6f-354cd0036933,01a07757-a224-7902-a4bd-3989bceecaab,f,2026-09-06 15:30:27.026135+00
01a07757-a332-7860-922d-2839d2cfa0aa,01a07757-90f6-7ca2-9931-c03ede6acaf9,01a07757-931c-7ca1-9d6f-3566dc546093,01a07757-a224-7902-a4bd-39924f7e2683,f,2026-09-06 15:30:27.026135+00
01a07757-a333-71c1-a6c5-9e42d6db333e,01a07757-90f6-7ca2-9931-c03ede6acaf9,01a07757-931c-7ca1-9d6f-358c9f502ce8,01a07757-a224-7902-a4bd-39924f7e2683,f,2026-09-06 15:30:27.026135+00
01a07757-a333-71c1-a6c5-9e5f5414ba0f,01a07757-90f6-7ca2-9931-c03ede6acaf9,01a07757-931c-7ca1-9d6f-3566dc546093,01a07757-a224-7902-a4bd-39924f7e2683,f,2026-09-06 15:30:27.026135+00
01a07757-a333-71c1-a6c5-9e66473b194d,01a07757-90f6-7ca2-9931-c03ede6acaf9,01a07757-931c-7ca1-9d6f-358c9f502ce8,01a07757-a224-7902-a4bd-39924f7e2683,f,2026-09-06 15:30:27.026135+00
01a07757-a333-71c1-a6c5-9e73e1911ca1,01a07757-90f6-7ca2-9931-c03ede6acaf9,01a07757-931c-7ca1-9d6f-3566dc546093,01a07757-a224-7902-a4bd-39924f7e2683,f,2026-09-06 15:30:27.026135+00
01a07757-a333-71c1-a6c5-9e8d1fc73125,01a07757-90f6-7ca2-9931-c03ede6acaf9,01a07757-931c-7ca1-9d6f-358c9f502ce8,01a07757-a224-7902-a4bd-39924f7e2683,f,2026-09-06 15:30:27.026135+00
01a07757-a334-71e2-a4e5-bce5d95baa0f,01a07757-90f6-7ca2-9931-c03ede6acaf9,01a07757-931c-7ca1-9d6f-35acdaee2b65,01a07757-a224-7902-a4bd-39afbc6a5ac2,f,2026-09-06 15:30:27.026135+00
01a07757-a334-71e2-a4e5-bcf64f15af72,01a07757-90f6-7ca2-9931-c03ede6acaf9,01a07757-931c-7ca1-9d6f-35cf23c3583a,01a07757-a224-7902-a4bd-39afbc6a5ac2,f,2026-09-06 15:30:27.026135+00
01a07757-a334-71e2-a4e5-bd067791d3a8,01a07757-90f6-7ca2-9931-c03ede6acaf9,01a07757-931c-7ca1-9d6f-35acdaee2b65,01a07757-a224-7902-a4bd-39afbc6a5ac2,f,2026-09-06 15:30:27.026135+00
01a07757-a334-71e2-a4e5-bd1b29bfa30b,01a07757-90f6-7ca2-9931-c03ede6acaf9,01a07757-931c-7ca1-9d6f-35cf23c3583a,01a07757-a224-7902-a4bd-39afbc6a5ac2,f,2026-09-06 15:30:27.026135+00
01a07757-a335-7943-b09a-86bc736563b3,01a07757-90f6-7ca2-9931-c03ede6acaf9,01a07757-931c-7ca1-9d6f-35acdaee2b65,01a07757-a224-7902-a4bd-39afbc6a5ac2,f,2026-09-06 15:30:27.026135+00
01a07757-a335-7943-b09a-86c89b12540a,01a07757-90f6-7ca2-9931-c03ede6acaf9,01a07757-931c-7ca1-9d6f-35cf23c3583a,01a07757-a224-7902-a4bd-39afbc6a5ac2,f,2026-09-06 15:30:27.026135+00
01a07757-a335-7943-b09a-86db43cda385,01a07757-90f6-7ca2-9931-c03ede6acaf9,01a07757-931c-7ca1-9d6f-35ee3c7f2e22,01a07757-a224-7902-a4bd-39bda12991ab,f,2026-09-06 15:30:27.026135+00
01a07757-a336-7572-8c29-6af53b558830,01a07757-90f6-7ca2-9931-c03ede6acaf9,01a07757-931c-7ca1-9d6f-360d48a700e6,01a07757-a224-7902-a4bd-39bda12991ab,f,2026-09-06 15:30:27.026135+00
01a07757-a336-7572-8c29-6b07959fb71f,01a07757-90f6-7ca2-9931-c03ede6acaf9,01a07757-931c-7ca1-9d6f-35ee3c7f2e22,01a07757-a224-7902-a4bd-39bda12991ab,f,2026-09-06 15:30:27.026135+00
01a07757-a336-7572-8c29-6b1f5323da0e,01a07757-90f6-7ca2-9931-c03ede6acaf9,01a07757-931c-7ca1-9d6f-360d48a700e6,01a07757-a224-7902-a4bd-39bda12991ab,f,2026-09-06 15:30:27.026135+00
01a07757-a337-79d3-adcb-f5a254cb0635,01a07757-90f6-7ca2-9931-c03ede6acaf9,01a07757-931c-7ca1-9d6f-35ee3c7f2e22,01a07757-a224-7902-a4bd-39bda12991ab,f,2026-09-06 15:30:27.026135+00
01a07757-a337-79d3-adcb-f5bdc1b57724,01a07757-90f6-7ca2-9931-c03ede6acaf9,01a07757-931c-7ca1-9d6f-360d48a700e6,01a07757-a224-7902-a4bd-39bda12991ab,f,2026-09-06 15:30:27.026135+00
01a07757-a337-79d3-adcb-f5cf81b87830,01a07757-90f6-7ca2-9931-c03ede6acaf9,01a07757-931c-7ca1-9d6f-362126b9bb54,01a07757-a224-7902-a4bd-39cba471e480,f,2026-09-06 15:30:27.026135+00
01a07757-a338-70d3-af01-97eb06342a63,01a07757-90f6-7ca2-9931-c03ede6acaf9,01a07757-931c-7ca1-9d6f-364ea849709a,01a07757-a224-7902-a4bd-39cba471e480,f,2026-09-06 15:30:27.026135+00
01a07757-a338-70d3-af01-982e5cbac3c8,01a07757-90f6-7ca2-9931-c03ede6acaf9,01a07757-931c-7ca1-9d6f-362126b9bb54,01a07757-a224-7902-a4bd-39cba471e480,f,2026-09-06 15:30:27.026135+00
01a07757-a338-70d3-af01-9838fbf0af15,01a07757-90f6-7ca2-9931-c03ede6acaf9,01a07757-931c-7ca1-9d6f-364ea849709a,01a07757-a224-7902-a4bd-39cba471e480,f,2026-09-06 15:30:27.026135+00
01a07757-a338-70d3-af01-984b5e625783,01a07757-90f6-7ca2-9931-c03ede6acaf9,01a07757-931c-7ca1-9d6f-362126b9bb54,01a07757-a224-7902-a4bd-39cba471e480,f,2026-09-06 15:30:27.026135+00
01a07757-a339-79a2-8182-5b31cc07b3a0,01a07757-90f6-7ca2-9931-c03ede6acaf9,01a07757-931c-7ca1-9d6f-364ea849709a,01a07757-a224-7902-a4bd-39cba471e480,f,2026-09-06 15:30:27.026135+00
01a07757-a33b-7a62-bd64-24197c407778,01a07757-99b6-7ff0-bf13-83dd6ad07a1e,01a07757-9db2-7eb2-957e-31c7c8a22794,01a07757-a338-70d3-af01-97fe890c348b,f,2026-09-06 15:30:27.25857+00
01a07757-a33b-7a62-bd64-242c4e7fade9,01a07757-99b6-7ff0-bf13-83dd6ad07a1e,01a07757-9dcb-76e1-8828-1f242afd1d85,01a07757-a338-70d3-af01-97fe890c348b,f,2026-09-06 15:30:27.25857+00
01a07757-a33b-7a62-bd64-2432f8d42cc6,01a07757-99b6-7ff0-bf13-83dd6ad07a1e,01a07757-9db2-7eb2-957e-31c7c8a22794,01a07757-a338-70d3-af01-97fe890c348b,f,2026-09-06 15:30:27.25857+00
01a07757-a33c-7d33-ae8f-922c517322e2,01a07757-99b6-7ff0-bf13-83dd6ad07a1e,01a07757-9dcb-76e1-8828-1f242afd1d85,01a07757-a338-70d3-af01-97fe890c348b,f,2026-09-06 15:30:27.25857+00
01a07757-a33c-7d33-ae8f-92380cbacc88,01a07757-99b6-7ff0-bf13-83dd6ad07a1e,01a07757-9db2-7eb2-957e-31c7c8a22794,01a07757-a338-70d3-af01-97fe890c348b,f,2026-09-06 15:30:27.25857+00
01a07757-a33c-7d33-ae8f-924f2d563e52,01a07757-99b6-7ff0-bf13-83dd6ad07a1e,01a07757-9dcb-76e1-8828-1f242afd1d85,01a07757-a338-70d3-af01-97fe890c348b,f,2026-09-06 15:30:27.25857+00
01a07757-a33d-7150-99ff-3fe8944dea12,01a07757-99b6-7ff0-bf13-83dd6ad07a1e,01a07757-9dcb-76e1-8828-1f242afd1d85,01a07757-a338-70d3-af01-980ba233fc3c,f,2026-09-06 15:30:27.25857+00
01a07757-a33d-7150-99ff-3ff3569ced15,01a07757-99b6-7ff0-bf13-83dd6ad07a1e,01a07757-9dea-7652-b802-95683ec3887c,01a07757-a338-70d3-af01-980ba233fc3c,f,2026-09-06 15:30:27.25857+00
01a07757-a33e-70b0-9a0c-38a2b90ee54a,01a07757-99b6-7ff0-bf13-83dd6ad07a1e,01a07757-9dcb-76e1-8828-1f242afd1d85,01a07757-a338-70d3-af01-980ba233fc3c,f,2026-09-06 15:30:27.25857+00
01a07757-a33e-70b0-9a0c-38b6a20012e7,01a07757-99b6-7ff0-bf13-83dd6ad07a1e,01a07757-9dea-7652-b802-95683ec3887c,01a07757-a338-70d3-af01-980ba233fc3c,f,2026-09-06 15:30:27.25857+00
01a07757-a33e-70b0-9a0c-38c5a01582a1,01a07757-99b6-7ff0-bf13-83dd6ad07a1e,01a07757-9dcb-76e1-8828-1f242afd1d85,01a07757-a338-70d3-af01-980ba233fc3c,f,2026-09-06 15:30:27.25857+00
01a07757-a33e-70b0-9a0c-38d827b7b7fa,01a07757-99b6-7ff0-bf13-83dd6ad07a1e,01a07757-9dea-7652-b802-95683ec3887c,01a07757-a338-70d3-af01-980ba233fc3c,f,2026-09-06 15:30:27.25857+00
01a07757-a33f-7ba0-8cba-9ae55f0a47b3,01a07757-99b6-7ff0-bf13-83dd6ad07a1e,01a07757-9dea-7652-b802-95683ec3887c,01a07757-a338-70d3-af01-9811dcde8966,f,2026-09-06 15:30:27.25857+00
01a07757-a340-7943-a84f-17ef22e8e33f,01a07757-99b6-7ff0-bf13-83dd6ad07a1e,01a07757-9df2-7483-9d35-d23aae7110aa,01a07757-a338-70d3-af01-9811dcde8966,f,2026-09-06 15:30:27.25857+00
01a07757-a340-7943-a84f-17f9d4abd907,01a07757-99b6-7ff0-bf13-83dd6ad07a1e,01a07757-9dea-7652-b802-95683ec3887c,01a07757-a338-70d3-af01-9811dcde8966,f,2026-09-06 15:30:27.25857+00
01a07757-a340-7943-a84f-1800331a914a,01a07757-99b6-7ff0-bf13-83dd6ad07a1e,01a07757-9df2-7483-9d35-d23aae7110aa,01a07757-a338-70d3-af01-9811dcde8966,f,2026-09-06 15:30:27.25857+00
01a07757-a341-70b3-b67f-7b52cf5caade,01a07757-99b6-7ff0-bf13-83dd6ad07a1e,01a07757-9dea-7652-b802-95683ec3887c,01a07757-a338-70d3-af01-9811dcde8966,f,2026-09-06 15:30:27.25857+00
01a07757-a341-70b3-b67f-7b6e2d5d9c38,01a07757-99b6-7ff0-bf13-83dd6ad07a1e,01a07757-9df2-7483-9d35-d23aae7110aa,01a07757-a338-70d3-af01-9811dcde8966,f,2026-09-06 15:30:27.25857+00
01a07757-a3da-7650-a5c9-984a461651a9,01a07757-99b6-7ff0-bf13-83dd6ad07a1e,01a07757-9dea-7652-b802-95683ec3887c,01a07757-a3cd-72a3-b11c-387c4b80a796,f,2026-09-06 15:30:27.4078+00
01a07757-a3db-7f02-9cb6-c40b047ace7a,01a07757-99b6-7ff0-bf13-83dd6ad07a1e,01a07757-9d99-75a1-ab8c-1e3d5be60add,01a07757-a3cd-72a3-b11c-387c4b80a796,f,2026-09-06 15:30:27.4078+00
01a07757-a3db-7f02-9cb6-c41b52d7b3a8,01a07757-99b6-7ff0-bf13-83dd6ad07a1e,01a07757-9dea-7652-b802-95683ec3887c,01a07757-a3cd-72a3-b11c-387c4b80a796,f,2026-09-06 15:30:27.4078+00
01a07757-a3db-7f02-9cb6-c4289a4c1160,01a07757-99b6-7ff0-bf13-83dd6ad07a1e,01a07757-9d99-75a1-ab8c-1e3d5be60add,01a07757-a3cd-72a3-b11c-387c4b80a796,f,2026-09-06 15:30:27.4078+00
01a07757-a3dc-78e2-a8e4-3529a30552d3,01a07757-99b6-7ff0-bf13-83dd6ad07a1e,01a07757-9dea-7652-b802-95683ec3887c,01a07757-a3cd-72a3-b11c-387c4b80a796,f,2026-09-06 15:30:27.4078+00
01a07757-a3dc-78e2-a8e4-353d69664849,01a07757-99b6-7ff0-bf13-83dd6ad07a1e,01a07757-9d99-75a1-ab8c-1e3d5be60add,01a07757-a3cd-72a3-b11c-387c4b80a796,f,2026-09-06 15:30:27.4078+00
01a07757-a3dd-7fb3-8998-46f0846cb849,01a07757-99b6-7ff0-bf13-83dd6ad07a1e,01a07757-9df2-7483-9d35-d23aae7110aa,01a07757-a3cd-72a3-b11c-388788f1cbc9,f,2026-09-06 15:30:27.4078+00
01a07757-a3dd-7fb3-8998-470635e63ca2,01a07757-99b6-7ff0-bf13-83dd6ad07a1e,01a07757-9db2-7eb2-957e-31c7c8a22794,01a07757-a3cd-72a3-b11c-388788f1cbc9,f,2026-09-06 15:30:27.4078+00
01a07757-a3de-72e3-95e3-e0e377a0a497,01a07757-99b6-7ff0-bf13-83dd6ad07a1e,01a07757-9df2-7483-9d35-d23aae7110aa,01a07757-a3cd-72a3-b11c-388788f1cbc9,f,2026-09-06 15:30:27.4078+00
01a07757-a3de-72e3-95e3-e0f89152d3e2,01a07757-99b6-7ff0-bf13-83dd6ad07a1e,01a07757-9db2-7eb2-957e-31c7c8a22794,01a07757-a3cd-72a3-b11c-388788f1cbc9,f,2026-09-06 15:30:27.4078+00
01a07757-a3de-72e3-95e3-e10c665ab3d6,01a07757-99b6-7ff0-bf13-83dd6ad07a1e,01a07757-9df2-7483-9d35-d23aae7110aa,01a07757-a3cd-72a3-b11c-388788f1cbc9,f,2026-09-06 15:30:27.4078+00
01a07757-a3de-72e3-95e3-e11e8f2343a2,01a07757-99b6-7ff0-bf13-83dd6ad07a1e,01a07757-9db2-7eb2-957e-31c7c8a22794,01a07757-a3cd-72a3-b11c-388788f1cbc9,f,2026-09-06 15:30:27.4078+00
01a07757-a3df-74b2-a368-fb14b79dd743,01a07757-99b6-7ff0-bf13-83dd6ad07a1e,01a07757-9d0c-7a21-91f4-6213ed06ddd5,01a07757-a3cd-72a3-b11c-389bb2a86fb5,f,2026-09-06 15:30:27.4078+00
01a07757-a3e0-7ff2-9322-8407756d5124,01a07757-99b6-7ff0-bf13-83dd6ad07a1e,01a07757-9dcb-76e1-8828-1f242afd1d85,01a07757-a3cd-72a3-b11c-389bb2a86fb5,f,2026-09-06 15:30:27.4078+00
01a07757-a3e0-7ff2-9322-841c3e98f87f,01a07757-99b6-7ff0-bf13-83dd6ad07a1e,01a07757-9d0c-7a21-91f4-6213ed06ddd5,01a07757-a3cd-72a3-b11c-389bb2a86fb5,f,2026-09-06 15:30:27.4078+00
01a07757-a3e0-7ff2-9322-8428b648ef8d,01a07757-99b6-7ff0-bf13-83dd6ad07a1e,01a07757-9dcb-76e1-8828-1f242afd1d85,01a07757-a3cd-72a3-b11c-389bb2a86fb5,f,2026-09-06 15:30:27.4078+00
01a07757-a3e1-7f21-902c-4f52526360cb,01a07757-99b6-7ff0-bf13-83dd6ad07a1e,01a07757-9d0c-7a21-91f4-6213ed06ddd5,01a07757-a3cd-72a3-b11c-389bb2a86fb5,f,2026-09-06 15:30:27.4078+00
01a07757-a3e1-7f21-902c-4f60d3339b09,01a07757-99b6-7ff0-bf13-83dd6ad07a1e,01a07757-9dcb-76e1-8828-1f242afd1d85,01a07757-a3cd-72a3-b11c-389bb2a86fb5,f,2026-09-06 15:30:27.4078+00
01a07757-a3ef-7ce2-8a21-b1d951331336,01a07757-99b6-7ff0-bf13-83dd6ad07a1e,01a07757-9d0c-7a21-91f4-6213ed06ddd5,01a07757-a3ec-7dc0-a145-f7ea36668042,f,2026-09-06 15:30:27.43856+00
01a07757-a3ef-7ce2-8a21-b1ed0125a930,01a07757-99b6-7ff0-bf13-83dd6ad07a1e,01a07757-9df2-7483-9d35-d23aae7110aa,01a07757-a3ec-7dc0-a145-f7ea36668042,f,2026-09-06 15:30:27.43856+00
01a07757-a3f0-78a3-aa53-76c79a2e00f5,01a07757-99b6-7ff0-bf13-83dd6ad07a1e,01a07757-9d0c-7a21-91f4-6213ed06ddd5,01a07757-a3ec-7dc0-a145-f7ea36668042,f,2026-09-06 15:30:27.43856+00
01a07757-a3f0-78a3-aa53-76d1d0899e58,01a07757-99b6-7ff0-bf13-83dd6ad07a1e,01a07757-9df2-7483-9d35-d23aae7110aa,01a07757-a3ec-7dc0-a145-f7ea36668042,f,2026-09-06 15:30:27.43856+00
01a07757-a3f0-78a3-aa53-76efa3c76cc8,01a07757-99b6-7ff0-bf13-83dd6ad07a1e,01a07757-9d0c-7a21-91f4-6213ed06ddd5,01a07757-a3ec-7dc0-a145-f7ea36668042,f,2026-09-06 15:30:27.43856+00
01a07757-a3f0-78a3-aa53-76f0bba8504f,01a07757-99b6-7ff0-bf13-83dd6ad07a1e,01a07757-9df2-7483-9d35-d23aae7110aa,01a07757-a3ec-7dc0-a145-f7ea36668042,f,2026-09-06 15:30:27.43856+00
01a07757-a3f1-7c00-9369-2c8e03df5170,01a07757-99b6-7ff0-bf13-83dd6ad07a1e,01a07757-9d99-75a1-ab8c-1e3d5be60add,01a07757-a3ec-7dc0-a145-f7f3e29ba0f9,f,2026-09-06 15:30:27.43856+00
01a07757-a3f1-7c00-9369-2c989dd45211,01a07757-99b6-7ff0-bf13-83dd6ad07a1e,01a07757-9d0c-7a21-91f4-6213ed06ddd5,01a07757-a3ec-7dc0-a145-f7f3e29ba0f9,f,2026-09-06 15:30:27.43856+00
01a07757-a3f2-7762-ab46-9a683e16ea09,01a07757-99b6-7ff0-bf13-83dd6ad07a1e,01a07757-9d99-75a1-ab8c-1e3d5be60add,01a07757-a3ec-7dc0-a145-f7f3e29ba0f9,f,2026-09-06 15:30:27.43856+00
01a07757-a3f2-7762-ab46-9a72724c982f,01a07757-99b6-7ff0-bf13-83dd6ad07a1e,01a07757-9d0c-7a21-91f4-6213ed06ddd5,01a07757-a3ec-7dc0-a145-f7f3e29ba0f9,f,2026-09-06 15:30:27.43856+00
01a07757-a3f2-7762-ab46-9a86e3f7b9eb,01a07757-99b6-7ff0-bf13-83dd6ad07a1e,01a07757-9d99-75a1-ab8c-1e3d5be60add,01a07757-a3ec-7dc0-a145-f7f3e29ba0f9,f,2026-09-06 15:30:27.43856+00
01a07757-a3f2-7762-ab46-9a971443c94c,01a07757-99b6-7ff0-bf13-83dd6ad07a1e,01a07757-9d0c-7a21-91f4-6213ed06ddd5,01a07757-a3ec-7dc0-a145-f7f3e29ba0f9,f,2026-09-06 15:30:27.43856+00
01a07757-a3f3-7a52-ba19-72d9e4cb9c42,01a07757-99b6-7ff0-bf13-83dd6ad07a1e,01a07757-9db2-7eb2-957e-31c7c8a22794,01a07757-a3ec-7dc0-a145-f801e6f566c0,f,2026-09-06 15:30:27.43856+00
01a07757-a3f3-7a52-ba19-72eb056c56cf,01a07757-99b6-7ff0-bf13-83dd6ad07a1e,01a07757-9d99-75a1-ab8c-1e3d5be60add,01a07757-a3ec-7dc0-a145-f801e6f566c0,f,2026-09-06 15:30:27.43856+00
01a07757-a3f3-7a52-ba19-72ff668ed72b,01a07757-99b6-7ff0-bf13-83dd6ad07a1e,01a07757-9db2-7eb2-957e-31c7c8a22794,01a07757-a3ec-7dc0-a145-f801e6f566c0,f,2026-09-06 15:30:27.43856+00
01a07757-a3f3-7a52-ba19-730dcabff2d6,01a07757-99b6-7ff0-bf13-83dd6ad07a1e,01a07757-9d99-75a1-ab8c-1e3d5be60add,01a07757-a3ec-7dc0-a145-f801e6f566c0,f,2026-09-06 15:30:27.43856+00
01a07757-a3f3-7a52-ba19-731a28cfdc1b,01a07757-99b6-7ff0-bf13-83dd6ad07a1e,01a07757-9db2-7eb2-957e-31c7c8a22794,01a07757-a3ec-7dc0-a145-f801e6f566c0,f,2026-09-06 15:30:27.43856+00
01a07757-a3f4-73a2-9e82-bf66a3b9b788,01a07757-99b6-7ff0-bf13-83dd6ad07a1e,01a07757-9d99-75a1-ab8c-1e3d5be60add,01a07757-a3ec-7dc0-a145-f801e6f566c0,f,2026-09-06 15:30:27.43856+00
01a07757-a444-7f40-954f-fda77ee071c6,01a07757-99b6-7ff0-bf13-83dd6ad07a1e,01a07757-9d0c-7a21-91f4-6213ed06ddd5,01a07757-a441-7281-b78d-f7b00473c435,f,2026-09-06 15:30:27.523955+00
01a07757-a445-7f10-9b0e-f8bd5726e22b,01a07757-99b6-7ff0-bf13-83dd6ad07a1e,01a07757-9dea-7652-b802-95683ec3887c,01a07757-a441-7281-b78d-f7b00473c435,f,2026-09-06 15:30:27.523955+00
01a07757-a445-7f10-9b0e-f8c1f967c512,01a07757-99b6-7ff0-bf13-83dd6ad07a1e,01a07757-9d0c-7a21-91f4-6213ed06ddd5,01a07757-a441-7281-b78d-f7b00473c435,f,2026-09-06 15:30:27.523955+00
01a07757-a445-7f10-9b0e-f8dfbec5f3c1,01a07757-99b6-7ff0-bf13-83dd6ad07a1e,01a07757-9dea-7652-b802-95683ec3887c,01a07757-a441-7281-b78d-f7b00473c435,f,2026-09-06 15:30:27.523955+00
01a07757-a445-7f10-9b0e-f8e6647beb18,01a07757-99b6-7ff0-bf13-83dd6ad07a1e,01a07757-9d0c-7a21-91f4-6213ed06ddd5,01a07757-a441-7281-b78d-f7b00473c435,f,2026-09-06 15:30:27.523955+00
01a07757-a445-7f10-9b0e-f8f0e4d85c3d,01a07757-99b6-7ff0-bf13-83dd6ad07a1e,01a07757-9dea-7652-b802-95683ec3887c,01a07757-a441-7281-b78d-f7b00473c435,f,2026-09-06 15:30:27.523955+00
01a07757-a446-7e02-9f28-b216e2ff4c6b,01a07757-99b6-7ff0-bf13-83dd6ad07a1e,01a07757-9d99-75a1-ab8c-1e3d5be60add,01a07757-a441-7281-b78d-f7c72109826d,f,2026-09-06 15:30:27.523955+00
01a07757-a446-7e02-9f28-b225549271df,01a07757-99b6-7ff0-bf13-83dd6ad07a1e,01a07757-9df2-7483-9d35-d23aae7110aa,01a07757-a441-7281-b78d-f7c72109826d,f,2026-09-06 15:30:27.523955+00
01a07757-a447-7d83-be9c-5e35004b3f8c,01a07757-99b6-7ff0-bf13-83dd6ad07a1e,01a07757-9d99-75a1-ab8c-1e3d5be60add,01a07757-a441-7281-b78d-f7c72109826d,f,2026-09-06 15:30:27.523955+00
01a07757-a447-7d83-be9c-5e4bc6ba4a66,01a07757-99b6-7ff0-bf13-83dd6ad07a1e,01a07757-9df2-7483-9d35-d23aae7110aa,01a07757-a441-7281-b78d-f7c72109826d,f,2026-09-06 15:30:27.523955+00
01a07757-a447-7d83-be9c-5e5f06eda424,01a07757-99b6-7ff0-bf13-83dd6ad07a1e,01a07757-9d99-75a1-ab8c-1e3d5be60add,01a07757-a441-7281-b78d-f7c72109826d,f,2026-09-06 15:30:27.523955+00
01a07757-a447-7d83-be9c-5e6f9ae6360b,01a07757-99b6-7ff0-bf13-83dd6ad07a1e,01a07757-9df2-7483-9d35-d23aae7110aa,01a07757-a441-7281-b78d-f7c72109826d,f,2026-09-06 15:30:27.523955+00
01a07757-a448-7700-b8ba-7262a18598ac,01a07757-99b6-7ff0-bf13-83dd6ad07a1e,01a07757-9db2-7eb2-957e-31c7c8a22794,01a07757-a441-7281-b78d-f7d6e2f11e5a,f,2026-09-06 15:30:27.523955+00
01a07757-a448-7700-b8ba-727c106fd314,01a07757-99b6-7ff0-bf13-83dd6ad07a1e,01a07757-9d0c-7a21-91f4-6213ed06ddd5,01a07757-a441-7281-b78d-f7d6e2f11e5a,f,2026-09-06 15:30:27.523955+00
01a07757-a448-7700-b8ba-728375d97b55,01a07757-99b6-7ff0-bf13-83dd6ad07a1e,01a07757-9db2-7eb2-957e-31c7c8a22794,01a07757-a441-7281-b78d-f7d6e2f11e5a,f,2026-09-06 15:30:27.523955+00
01a07757-a448-7700-b8ba-7292d7c66b2f,01a07757-99b6-7ff0-bf13-83dd6ad07a1e,01a07757-9d0c-7a21-91f4-6213ed06ddd5,01a07757-a441-7281-b78d-f7d6e2f11e5a,f,2026-09-06 15:30:27.523955+00
01a07757-a448-7700-b8ba-72a6a00ea66c,01a07757-99b6-7ff0-bf13-83dd6ad07a1e,01a07757-9db2-7eb2-957e-31c7c8a22794,01a07757-a441-7281-b78d-f7d6e2f11e5a,f,2026-09-06 15:30:27.523955+00
01a07757-a448-7700-b8ba-72b4dafbd189,01a07757-99b6-7ff0-bf13-83dd6ad07a1e,01a07757-9d0c-7a21-91f4-6213ed06ddd5,01a07757-a441-7281-b78d-f7d6e2f11e5a,f,2026-09-06 15:30:27.523955+00
01a07757-a466-7532-9122-cb50cca5d0c8,01a07757-99b6-7ff0-bf13-83dd6ad07a1e,01a07757-9dea-7652-b802-95683ec3887c,01a07757-a462-7970-8bdb-7ab3d76a84ef,f,2026-09-06 15:30:27.558052+00
01a07757-a467-7380-8f8a-bb9422987724,01a07757-99b6-7ff0-bf13-83dd6ad07a1e,01a07757-9d0c-7a21-91f4-6213ed06ddd5,01a07757-a462-7970-8bdb-7ab3d76a84ef,f,2026-09-06 15:30:27.558052+00
01a07757-a467-7380-8f8a-bba5e5611562,01a07757-99b6-7ff0-bf13-83dd6ad07a1e,01a07757-9dea-7652-b802-95683ec3887c,01a07757-a462-7970-8bdb-7ab3d76a84ef,f,2026-09-06 15:30:27.558052+00
01a07757-a467-7380-8f8a-bbbb6723d1d7,01a07757-99b6-7ff0-bf13-83dd6ad07a1e,01a07757-9d0c-7a21-91f4-6213ed06ddd5,01a07757-a462-7970-8bdb-7ab3d76a84ef,f,2026-09-06 15:30:27.558052+00
01a07757-a468-7453-94db-244f802fdb1f,01a07757-99b6-7ff0-bf13-83dd6ad07a1e,01a07757-9dea-7652-b802-95683ec3887c,01a07757-a462-7970-8bdb-7ab3d76a84ef,f,2026-09-06 15:30:27.558052+00
01a07757-a468-7453-94db-2451df1f4621,01a07757-99b6-7ff0-bf13-83dd6ad07a1e,01a07757-9d0c-7a21-91f4-6213ed06ddd5,01a07757-a462-7970-8bdb-7ab3d76a84ef,f,2026-09-06 15:30:27.558052+00
01a07757-a46a-7e82-b27f-43372d3c82fe,01a07757-99b6-7ff0-bf13-83dd6ad07a1e,01a07757-9df2-7483-9d35-d23aae7110aa,01a07757-a462-7970-8bdb-7ac4f6b6e24a,f,2026-09-06 15:30:27.558052+00
01a07757-a46a-7e82-b27f-434cecd39d45,01a07757-99b6-7ff0-bf13-83dd6ad07a1e,01a07757-9d99-75a1-ab8c-1e3d5be60add,01a07757-a462-7970-8bdb-7ac4f6b6e24a,f,2026-09-06 15:30:27.558052+00
01a07757-a46a-7e82-b27f-435c00d3424c,01a07757-99b6-7ff0-bf13-83dd6ad07a1e,01a07757-9df2-7483-9d35-d23aae7110aa,01a07757-a462-7970-8bdb-7ac4f6b6e24a,f,2026-09-06 15:30:27.558052+00
01a07757-a46b-7411-9aed-ffc90ee9fc45,01a07757-99b6-7ff0-bf13-83dd6ad07a1e,01a07757-9d99-75a1-ab8c-1e3d5be60add,01a07757-a462-7970-8bdb-7ac4f6b6e24a,f,2026-09-06 15:30:27.558052+00
01a07757-a46b-7411-9aed-ffd4358ad811,01a07757-99b6-7ff0-bf13-83dd6ad07a1e,01a07757-9df2-7483-9d35-d23aae7110aa,01a07757-a462-7970-8bdb-7ac4f6b6e24a,f,2026-09-06 15:30:27.558052+00
01a07757-a46b-7411-9aed-ffe4406223e5,01a07757-99b6-7ff0-bf13-83dd6ad07a1e,01a07757-9d99-75a1-ab8c-1e3d5be60add,01a07757-a462-7970-8bdb-7ac4f6b6e24a,f,2026-09-06 15:30:27.558052+00
01a07757-a46c-7242-a43c-7189d6d2fc7e,01a07757-99b6-7ff0-bf13-83dd6ad07a1e,01a07757-9d0c-7a21-91f4-6213ed06ddd5,01a07757-a462-7970-8bdb-7ada37ad537f,f,2026-09-06 15:30:27.558052+00
01a07757-a46d-7f20-9a4d-9948b1c3642a,01a07757-99b6-7ff0-bf13-83dd6ad07a1e,01a07757-9db2-7eb2-957e-31c7c8a22794,01a07757-a462-7970-8bdb-7ada37ad537f,f,2026-09-06 15:30:27.558052+00
01a07757-a46d-7f20-9a4d-9951098bb731,01a07757-99b6-7ff0-bf13-83dd6ad07a1e,01a07757-9d0c-7a21-91f4-6213ed06ddd5,01a07757-a462-7970-8bdb-7ada37ad537f,f,2026-09-06 15:30:27.558052+00
01a07757-a46d-7f20-9a4d-9967f6850f54,01a07757-99b6-7ff0-bf13-83dd6ad07a1e,01a07757-9db2-7eb2-957e-31c7c8a22794,01a07757-a462-7970-8bdb-7ada37ad537f,f,2026-09-06 15:30:27.558052+00
01a07757-a46d-7f20-9a4d-997a070c4dfd,01a07757-99b6-7ff0-bf13-83dd6ad07a1e,01a07757-9d0c-7a21-91f4-6213ed06ddd5,01a07757-a462-7970-8bdb-7ada37ad537f,f,2026-09-06 15:30:27.558052+00
01a07757-a46e-7a72-be72-117de8f0b4ea,01a07757-99b6-7ff0-bf13-83dd6ad07a1e,01a07757-9db2-7eb2-957e-31c7c8a22794,01a07757-a462-7970-8bdb-7ada37ad537f,f,2026-09-06 15:30:27.558052+00
01a07757-a491-73e0-bbbf-87756b0785bb,01a07757-99b6-7ff0-bf13-83dd6ad07a1e,01a07757-9df2-7483-9d35-d23aae7110aa,01a07757-a48d-7e82-b81f-17cfdad4772d,f,2026-09-06 15:30:27.600423+00
01a07757-a491-73e0-bbbf-878ff5bd718a,01a07757-99b6-7ff0-bf13-83dd6ad07a1e,01a07757-9db2-7eb2-957e-31c7c8a22794,01a07757-a48d-7e82-b81f-17cfdad4772d,f,2026-09-06 15:30:27.600423+00
01a07757-a492-7c93-b673-df64113ee65c,01a07757-99b6-7ff0-bf13-83dd6ad07a1e,01a07757-9df2-7483-9d35-d23aae7110aa,01a07757-a48d-7e82-b81f-17cfdad4772d,f,2026-09-06 15:30:27.600423+00
01a07757-a492-7c93-b673-df7609dcba31,01a07757-99b6-7ff0-bf13-83dd6ad07a1e,01a07757-9db2-7eb2-957e-31c7c8a22794,01a07757-a48d-7e82-b81f-17cfdad4772d,f,2026-09-06 15:30:27.600423+00
01a07757-a492-7c93-b673-df8a0266765a,01a07757-99b6-7ff0-bf13-83dd6ad07a1e,01a07757-9df2-7483-9d35-d23aae7110aa,01a07757-a48d-7e82-b81f-17cfdad4772d,f,2026-09-06 15:30:27.600423+00
01a07757-a492-7c93-b673-df9a2d071cc6,01a07757-99b6-7ff0-bf13-83dd6ad07a1e,01a07757-9db2-7eb2-957e-31c7c8a22794,01a07757-a48d-7e82-b81f-17cfdad4772d,f,2026-09-06 15:30:27.600423+00
01a07757-a493-7411-8a0f-c7d840cd220c,01a07757-99b6-7ff0-bf13-83dd6ad07a1e,01a07757-9d0c-7a21-91f4-6213ed06ddd5,01a07757-a48d-7e82-b81f-17dc1a3314f3,f,2026-09-06 15:30:27.600423+00
01a07757-a494-7f10-85e2-b889e2f0ec27,01a07757-99b6-7ff0-bf13-83dd6ad07a1e,01a07757-9dcb-76e1-8828-1f242afd1d85,01a07757-a48d-7e82-b81f-17dc1a3314f3,f,2026-09-06 15:30:27.600423+00
01a07757-a494-7f10-85e2-b898a2d8f75e,01a07757-99b6-7ff0-bf13-83dd6ad07a1e,01a07757-9d0c-7a21-91f4-6213ed06ddd5,01a07757-a48d-7e82-b81f-17dc1a3314f3,f,2026-09-06 15:30:27.600423+00
01a07757-a494-7f10-85e2-b8a93e459d94,01a07757-99b6-7ff0-bf13-83dd6ad07a1e,01a07757-9dcb-76e1-8828-1f242afd1d85,01a07757-a48d-7e82-b81f-17dc1a3314f3,f,2026-09-06 15:30:27.600423+00
01a07757-a495-7983-b3fc-16c5f8586ed9,01a07757-99b6-7ff0-bf13-83dd6ad07a1e,01a07757-9d0c-7a21-91f4-6213ed06ddd5,01a07757-a48d-7e82-b81f-17dc1a3314f3,f,2026-09-06 15:30:27.600423+00
01a07757-a495-7983-b3fc-16db34340ce2,01a07757-99b6-7ff0-bf13-83dd6ad07a1e,01a07757-9dcb-76e1-8828-1f242afd1d85,01a07757-a48d-7e82-b81f-17dc1a3314f3,f,2026-09-06 15:30:27.600423+00
01a07757-a496-7c93-8e84-24f11aad874d,01a07757-99b6-7ff0-bf13-83dd6ad07a1e,01a07757-9d99-75a1-ab8c-1e3d5be60add,01a07757-a48d-7e82-b81f-17ef9e3019df,f,2026-09-06 15:30:27.600423+00
01a07757-a497-78e2-89a3-52ee181e432d,01a07757-99b6-7ff0-bf13-83dd6ad07a1e,01a07757-9dea-7652-b802-95683ec3887c,01a07757-a48d-7e82-b81f-17ef9e3019df,f,2026-09-06 15:30:27.600423+00
01a07757-a497-78e2-89a3-52f9e2eda1d0,01a07757-99b6-7ff0-bf13-83dd6ad07a1e,01a07757-9d99-75a1-ab8c-1e3d5be60add,01a07757-a48d-7e82-b81f-17ef9e3019df,f,2026-09-06 15:30:27.600423+00
01a07757-a497-78e2-89a3-530a1ae99b14,01a07757-99b6-7ff0-bf13-83dd6ad07a1e,01a07757-9dea-7652-b802-95683ec3887c,01a07757-a48d-7e82-b81f-17ef9e3019df,f,2026-09-06 15:30:27.600423+00
01a07757-a498-7e03-a40f-db4b672c7e7a,01a07757-99b6-7ff0-bf13-83dd6ad07a1e,01a07757-9d99-75a1-ab8c-1e3d5be60add,01a07757-a48d-7e82-b81f-17ef9e3019df,f,2026-09-06 15:30:27.600423+00
01a07757-a498-7e03-a40f-db5b579c252b,01a07757-99b6-7ff0-bf13-83dd6ad07a1e,01a07757-9dea-7652-b802-95683ec3887c,01a07757-a48d-7e82-b81f-17ef9e3019df,f,2026-09-06 15:30:27.600423+00
01a07757-a4b5-7400-8a92-55b2ee578c9c,01a07757-99b6-7ff0-bf13-83dd6ad07a1e,01a07757-9d99-75a1-ab8c-1e3d5be60add,01a07757-a4b2-70f3-85b3-a29aefe5568b,f,2026-09-06 15:30:27.637156+00
01a07757-a4b6-7d51-be51-c0b89dc2b821,01a07757-99b6-7ff0-bf13-83dd6ad07a1e,01a07757-9d0c-7a21-91f4-6213ed06ddd5,01a07757-a4b2-70f3-85b3-a29aefe5568b,f,2026-09-06 15:30:27.637156+00
01a07757-a4b6-7d51-be51-c0c98f681c47,01a07757-99b6-7ff0-bf13-83dd6ad07a1e,01a07757-9d99-75a1-ab8c-1e3d5be60add,01a07757-a4b2-70f3-85b3-a29aefe5568b,f,2026-09-06 15:30:27.637156+00
01a07757-a4b6-7d51-be51-c0dba4dcd719,01a07757-99b6-7ff0-bf13-83dd6ad07a1e,01a07757-9d0c-7a21-91f4-6213ed06ddd5,01a07757-a4b2-70f3-85b3-a29aefe5568b,f,2026-09-06 15:30:27.637156+00
01a07757-a4b6-7d51-be51-c0e861510cef,01a07757-99b6-7ff0-bf13-83dd6ad07a1e,01a07757-9d99-75a1-ab8c-1e3d5be60add,01a07757-a4b2-70f3-85b3-a29aefe5568b,f,2026-09-06 15:30:27.637156+00
01a07757-a4b6-7d51-be51-c0f4de4cc867,01a07757-99b6-7ff0-bf13-83dd6ad07a1e,01a07757-9d0c-7a21-91f4-6213ed06ddd5,01a07757-a4b2-70f3-85b3-a29aefe5568b,f,2026-09-06 15:30:27.637156+00
01a07757-a4b7-76c1-8ee9-834590943026,01a07757-99b6-7ff0-bf13-83dd6ad07a1e,01a07757-9db2-7eb2-957e-31c7c8a22794,01a07757-a4b2-70f3-85b3-a2a3886894e9,f,2026-09-06 15:30:27.637156+00
01a07757-a4b7-76c1-8ee9-835e90b7d9b4,01a07757-99b6-7ff0-bf13-83dd6ad07a1e,01a07757-9d99-75a1-ab8c-1e3d5be60add,01a07757-a4b2-70f3-85b3-a2a3886894e9,f,2026-09-06 15:30:27.637156+00
01a07757-a4b8-7920-89cc-8fb00f5b25cb,01a07757-99b6-7ff0-bf13-83dd6ad07a1e,01a07757-9db2-7eb2-957e-31c7c8a22794,01a07757-a4b2-70f3-85b3-a2a3886894e9,f,2026-09-06 15:30:27.637156+00
01a07757-a4b8-7920-89cc-8fc82a118b32,01a07757-99b6-7ff0-bf13-83dd6ad07a1e,01a07757-9d99-75a1-ab8c-1e3d5be60add,01a07757-a4b2-70f3-85b3-a2a3886894e9,f,2026-09-06 15:30:27.637156+00
01a07757-a4b8-7920-89cc-8fd6759a6df0,01a07757-99b6-7ff0-bf13-83dd6ad07a1e,01a07757-9db2-7eb2-957e-31c7c8a22794,01a07757-a4b2-70f3-85b3-a2a3886894e9,f,2026-09-06 15:30:27.637156+00
01a07757-a4b9-7d50-a75b-daf0ce46e425,01a07757-99b6-7ff0-bf13-83dd6ad07a1e,01a07757-9d99-75a1-ab8c-1e3d5be60add,01a07757-a4b2-70f3-85b3-a2a3886894e9,f,2026-09-06 15:30:27.637156+00
01a07757-a4ba-7a12-b7d2-88c6553c1371,01a07757-99b6-7ff0-bf13-83dd6ad07a1e,01a07757-9dcb-76e1-8828-1f242afd1d85,01a07757-a4b2-70f3-85b3-a2be731d7f95,f,2026-09-06 15:30:27.637156+00
01a07757-a4ba-7a12-b7d2-88d20a3a28dc,01a07757-99b6-7ff0-bf13-83dd6ad07a1e,01a07757-9db2-7eb2-957e-31c7c8a22794,01a07757-a4b2-70f3-85b3-a2be731d7f95,f,2026-09-06 15:30:27.637156+00
01a07757-a4ba-7a12-b7d2-88e019f5744a,01a07757-99b6-7ff0-bf13-83dd6ad07a1e,01a07757-9dcb-76e1-8828-1f242afd1d85,01a07757-a4b2-70f3-85b3-a2be731d7f95,f,2026-09-06 15:30:27.637156+00
01a07757-a4bb-7402-9f35-312a1ce61e51,01a07757-99b6-7ff0-bf13-83dd6ad07a1e,01a07757-9db2-7eb2-957e-31c7c8a22794,01a07757-a4b2-70f3-85b3-a2be731d7f95,f,2026-09-06 15:30:27.637156+00
01a07757-a4bb-7402-9f35-3130960f9a3b,01a07757-99b6-7ff0-bf13-83dd6ad07a1e,01a07757-9dcb-76e1-8828-1f242afd1d85,01a07757-a4b2-70f3-85b3-a2be731d7f95,f,2026-09-06 15:30:27.637156+00
01a07757-a4bb-7402-9f35-314228dc0c73,01a07757-99b6-7ff0-bf13-83dd6ad07a1e,01a07757-9db2-7eb2-957e-31c7c8a22794,01a07757-a4b2-70f3-85b3-a2be731d7f95,f,2026-09-06 15:30:27.637156+00
01a07757-a565-7ed2-a116-e1a116d319bf,01a07757-90f6-7ca2-9931-c03ede6acaf9,01a07757-931c-7ca1-9d6f-3660f137bd81,01a07757-a536-7d53-927f-4c4ea8937e2e,f,2026-09-06 15:30:27.812062+00
01a07757-a565-7ed2-a116-e1b0772a5acd,01a07757-90f6-7ca2-9931-c03ede6acaf9,01a07757-931c-7ca1-9d6f-3689bd3e9173,01a07757-a536-7d53-927f-4c4ea8937e2e,f,2026-09-06 15:30:27.812062+00
01a07757-a565-7ed2-a116-e1cf64c0f1d3,01a07757-90f6-7ca2-9931-c03ede6acaf9,01a07757-931c-7ca1-9d6f-3660f137bd81,01a07757-a536-7d53-927f-4c4ea8937e2e,f,2026-09-06 15:30:27.812062+00
01a07757-a566-7d12-a7b6-f5f5b5aad4ee,01a07757-90f6-7ca2-9931-c03ede6acaf9,01a07757-931c-7ca1-9d6f-3689bd3e9173,01a07757-a536-7d53-927f-4c4ea8937e2e,f,2026-09-06 15:30:27.812062+00
01a07757-a566-7d12-a7b6-f60f78146054,01a07757-90f6-7ca2-9931-c03ede6acaf9,01a07757-931c-7ca1-9d6f-3660f137bd81,01a07757-a536-7d53-927f-4c4ea8937e2e,f,2026-09-06 15:30:27.812062+00
01a07757-a566-7d12-a7b6-f613c7e0b618,01a07757-90f6-7ca2-9931-c03ede6acaf9,01a07757-931c-7ca1-9d6f-3689bd3e9173,01a07757-a536-7d53-927f-4c4ea8937e2e,f,2026-09-06 15:30:27.812062+00
01a07757-a567-7293-9731-5d118810476b,01a07757-90f6-7ca2-9931-c03ede6acaf9,01a07757-931c-7ca1-9d6f-36a76c0c077d,01a07757-a536-7d53-927f-4c5c402af6a6,f,2026-09-06 15:30:27.812062+00
01a07757-a567-7293-9731-5d255eb8992d,01a07757-90f6-7ca2-9931-c03ede6acaf9,01a07757-931c-7ca1-9d6f-36c2f732de94,01a07757-a536-7d53-927f-4c5c402af6a6,f,2026-09-06 15:30:27.812062+00
01a07757-a568-7d71-bf13-964ad1ec6505,01a07757-90f6-7ca2-9931-c03ede6acaf9,01a07757-931c-7ca1-9d6f-36a76c0c077d,01a07757-a536-7d53-927f-4c5c402af6a6,f,2026-09-06 15:30:27.812062+00
01a07757-a568-7d71-bf13-9659b5200b21,01a07757-90f6-7ca2-9931-c03ede6acaf9,01a07757-931c-7ca1-9d6f-36c2f732de94,01a07757-a536-7d53-927f-4c5c402af6a6,f,2026-09-06 15:30:27.812062+00
01a07757-a568-7d71-bf13-966603806039,01a07757-90f6-7ca2-9931-c03ede6acaf9,01a07757-931c-7ca1-9d6f-36a76c0c077d,01a07757-a536-7d53-927f-4c5c402af6a6,f,2026-09-06 15:30:27.812062+00
01a07757-a568-7d71-bf13-967fb9f41109,01a07757-90f6-7ca2-9931-c03ede6acaf9,01a07757-931c-7ca1-9d6f-36c2f732de94,01a07757-a536-7d53-927f-4c5c402af6a6,f,2026-09-06 15:30:27.812062+00
01a07757-a569-74c2-b480-09a6f0a82204,01a07757-90f6-7ca2-9931-c03ede6acaf9,01a07757-931c-7ca1-9d6f-36e6927d7e9c,01a07757-a536-7d53-927f-4c624d01079f,f,2026-09-06 15:30:27.812062+00
01a07757-a56a-7943-a508-877b302b7484,01a07757-90f6-7ca2-9931-c03ede6acaf9,01a07757-931d-7ef2-883f-b152bc6fdbfe,01a07757-a536-7d53-927f-4c624d01079f,f,2026-09-06 15:30:27.812062+00
01a07757-a56a-7943-a508-878ea6e7ddb1,01a07757-90f6-7ca2-9931-c03ede6acaf9,01a07757-931c-7ca1-9d6f-36e6927d7e9c,01a07757-a536-7d53-927f-4c624d01079f,f,2026-09-06 15:30:27.812062+00
01a07757-a56a-7943-a508-87921af9b8d6,01a07757-90f6-7ca2-9931-c03ede6acaf9,01a07757-931d-7ef2-883f-b152bc6fdbfe,01a07757-a536-7d53-927f-4c624d01079f,f,2026-09-06 15:30:27.812062+00
01a07757-a56a-7943-a508-87adfe37b44b,01a07757-90f6-7ca2-9931-c03ede6acaf9,01a07757-931c-7ca1-9d6f-36e6927d7e9c,01a07757-a536-7d53-927f-4c624d01079f,f,2026-09-06 15:30:27.812062+00
01a07757-a56b-7c21-8f35-ac56de14321f,01a07757-90f6-7ca2-9931-c03ede6acaf9,01a07757-931d-7ef2-883f-b152bc6fdbfe,01a07757-a536-7d53-927f-4c624d01079f,f,2026-09-06 15:30:27.812062+00
01a07757-a56b-7c21-8f35-ac65646466e9,01a07757-90f6-7ca2-9931-c03ede6acaf9,01a07757-931d-7ef2-883f-b176f268c6af,01a07757-a536-7d53-927f-4c7946282549,f,2026-09-06 15:30:27.812062+00
01a07757-a56c-7150-a411-548b1e74616a,01a07757-90f6-7ca2-9931-c03ede6acaf9,01a07757-931d-7ef2-883f-b1990f56def2,01a07757-a536-7d53-927f-4c7946282549,f,2026-09-06 15:30:27.812062+00
01a07757-a56c-7150-a411-54927fa7c0e4,01a07757-90f6-7ca2-9931-c03ede6acaf9,01a07757-931d-7ef2-883f-b176f268c6af,01a07757-a536-7d53-927f-4c7946282549,f,2026-09-06 15:30:27.812062+00
01a07757-a56c-7150-a411-54a89e64be45,01a07757-90f6-7ca2-9931-c03ede6acaf9,01a07757-931d-7ef2-883f-b1990f56def2,01a07757-a536-7d53-927f-4c7946282549,f,2026-09-06 15:30:27.812062+00
01a07757-a56d-74e3-a3c5-657a342d147a,01a07757-90f6-7ca2-9931-c03ede6acaf9,01a07757-931d-7ef2-883f-b176f268c6af,01a07757-a536-7d53-927f-4c7946282549,f,2026-09-06 15:30:27.812062+00
01a07757-a56d-74e3-a3c5-6585d5501f44,01a07757-90f6-7ca2-9931-c03ede6acaf9,01a07757-931d-7ef2-883f-b1990f56def2,01a07757-a536-7d53-927f-4c7946282549,f,2026-09-06 15:30:27.812062+00
01a07757-a56e-7621-aca4-93ba06b095cd,01a07757-90f6-7ca2-9931-c03ede6acaf9,01a07757-931d-7ef2-883f-b1b853b63bbd,01a07757-a536-7d53-927f-4c881208acdf,f,2026-09-06 15:30:27.812062+00
01a07757-a56e-7621-aca4-93ce226ff3c5,01a07757-90f6-7ca2-9931-c03ede6acaf9,01a07757-931d-7ef2-883f-b1dcea44965e,01a07757-a536-7d53-927f-4c881208acdf,f,2026-09-06 15:30:27.812062+00
01a07757-a56f-73b2-8bf0-6c97220099a2,01a07757-90f6-7ca2-9931-c03ede6acaf9,01a07757-931d-7ef2-883f-b1b853b63bbd,01a07757-a536-7d53-927f-4c881208acdf,f,2026-09-06 15:30:27.812062+00
01a07757-a56f-73b2-8bf0-6ca2ae451446,01a07757-90f6-7ca2-9931-c03ede6acaf9,01a07757-931d-7ef2-883f-b1dcea44965e,01a07757-a536-7d53-927f-4c881208acdf,f,2026-09-06 15:30:27.812062+00
01a07757-a56f-73b2-8bf0-6cb9c7c0c059,01a07757-90f6-7ca2-9931-c03ede6acaf9,01a07757-931d-7ef2-883f-b1b853b63bbd,01a07757-a536-7d53-927f-4c881208acdf,f,2026-09-06 15:30:27.812062+00
01a07757-a56f-73b2-8bf0-6cc4ae2efdb4,01a07757-90f6-7ca2-9931-c03ede6acaf9,01a07757-931d-7ef2-883f-b1dcea44965e,01a07757-a536-7d53-927f-4c881208acdf,f,2026-09-06 15:30:27.812062+00
01a07757-a570-7122-844f-85176a22174c,01a07757-90f6-7ca2-9931-c03ede6acaf9,01a07757-931d-7ef2-883f-b1f0211fc21c,01a07757-a536-7d53-927f-4c943a8894ee,f,2026-09-06 15:30:27.812062+00
01a07757-a570-7122-844f-85284394661f,01a07757-90f6-7ca2-9931-c03ede6acaf9,01a07757-931d-7ef2-883f-b21f072ab5dd,01a07757-a536-7d53-927f-4c943a8894ee,f,2026-09-06 15:30:27.812062+00
01a07757-a570-7122-844f-853dad0ea177,01a07757-90f6-7ca2-9931-c03ede6acaf9,01a07757-931d-7ef2-883f-b1f0211fc21c,01a07757-a536-7d53-927f-4c943a8894ee,f,2026-09-06 15:30:27.812062+00
01a07757-a570-7122-844f-85477e48c866,01a07757-90f6-7ca2-9931-c03ede6acaf9,01a07757-931d-7ef2-883f-b21f072ab5dd,01a07757-a536-7d53-927f-4c943a8894ee,f,2026-09-06 15:30:27.812062+00
01a07757-a570-7122-844f-855efb98476f,01a07757-90f6-7ca2-9931-c03ede6acaf9,01a07757-931d-7ef2-883f-b1f0211fc21c,01a07757-a536-7d53-927f-4c943a8894ee,f,2026-09-06 15:30:27.812062+00
01a07757-a571-7cb1-9c16-6b9bd8fcf29d,01a07757-90f6-7ca2-9931-c03ede6acaf9,01a07757-931d-7ef2-883f-b21f072ab5dd,01a07757-a536-7d53-927f-4c943a8894ee,f,2026-09-06 15:30:27.812062+00
01a07757-a571-7cb1-9c16-6ba3b44007ec,01a07757-90f6-7ca2-9931-c03ede6acaf9,01a07757-931d-7ef2-883f-b237334f29ca,01a07757-a536-7d53-927f-4cae15d38f60,f,2026-09-06 15:30:27.812062+00
01a07757-a571-7cb1-9c16-6bb2d3e39bc4,01a07757-90f6-7ca2-9931-c03ede6acaf9,01a07757-931d-7ef2-883f-b2579868e177,01a07757-a536-7d53-927f-4cae15d38f60,f,2026-09-06 15:30:27.812062+00
01a07757-a572-7841-95f4-18913ea47ee0,01a07757-90f6-7ca2-9931-c03ede6acaf9,01a07757-931d-7ef2-883f-b237334f29ca,01a07757-a536-7d53-927f-4cae15d38f60,f,2026-09-06 15:30:27.812062+00
01a07757-a572-7841-95f4-18ab8a1125f3,01a07757-90f6-7ca2-9931-c03ede6acaf9,01a07757-931d-7ef2-883f-b2579868e177,01a07757-a536-7d53-927f-4cae15d38f60,f,2026-09-06 15:30:27.812062+00
01a07757-a572-7841-95f4-18b6414dc37e,01a07757-90f6-7ca2-9931-c03ede6acaf9,01a07757-931d-7ef2-883f-b237334f29ca,01a07757-a536-7d53-927f-4cae15d38f60,f,2026-09-06 15:30:27.812062+00
01a07757-a572-7841-95f4-18c608f6524b,01a07757-90f6-7ca2-9931-c03ede6acaf9,01a07757-931d-7ef2-883f-b2579868e177,01a07757-a536-7d53-927f-4cae15d38f60,f,2026-09-06 15:30:27.812062+00
01a07757-a573-7db2-88f9-ced4750fd802,01a07757-90f6-7ca2-9931-c03ede6acaf9,01a07757-931d-7ef2-883f-b278a4a6751f,01a07757-a536-7d53-927f-4cb6b12dcad6,f,2026-09-06 15:30:27.812062+00
01a07757-a573-7db2-88f9-cee6f9726c7a,01a07757-90f6-7ca2-9931-c03ede6acaf9,01a07757-931d-7ef2-883f-b29356605a70,01a07757-a536-7d53-927f-4cb6b12dcad6,f,2026-09-06 15:30:27.812062+00
01a07757-a573-7db2-88f9-cef604cc7f8b,01a07757-90f6-7ca2-9931-c03ede6acaf9,01a07757-931d-7ef2-883f-b278a4a6751f,01a07757-a536-7d53-927f-4cb6b12dcad6,f,2026-09-06 15:30:27.812062+00
01a07757-a574-7e33-98b2-3c9afbeb3656,01a07757-90f6-7ca2-9931-c03ede6acaf9,01a07757-931d-7ef2-883f-b29356605a70,01a07757-a536-7d53-927f-4cb6b12dcad6,f,2026-09-06 15:30:27.812062+00
01a07757-a574-7e33-98b2-3ca354cbe37e,01a07757-90f6-7ca2-9931-c03ede6acaf9,01a07757-931d-7ef2-883f-b278a4a6751f,01a07757-a536-7d53-927f-4cb6b12dcad6,f,2026-09-06 15:30:27.812062+00
01a07757-a574-7e33-98b2-3cb08364bced,01a07757-90f6-7ca2-9931-c03ede6acaf9,01a07757-931d-7ef2-883f-b29356605a70,01a07757-a536-7d53-927f-4cb6b12dcad6,f,2026-09-06 15:30:27.812062+00
01a07757-a575-7a13-9cbc-dd2bd0fb7f82,01a07757-90f6-7ca2-9931-c03ede6acaf9,01a07757-931d-7ef2-883f-b2b0979ae10f,01a07757-a536-7d53-927f-4cc98277ed14,f,2026-09-06 15:30:27.812062+00
01a07757-a575-7a13-9cbc-dd32798f23dc,01a07757-90f6-7ca2-9931-c03ede6acaf9,01a07757-931d-7ef2-883f-b2d2df45025b,01a07757-a536-7d53-927f-4cc98277ed14,f,2026-09-06 15:30:27.812062+00
01a07757-a575-7a13-9cbc-dd4ffaea104a,01a07757-90f6-7ca2-9931-c03ede6acaf9,01a07757-931d-7ef2-883f-b2b0979ae10f,01a07757-a536-7d53-927f-4cc98277ed14,f,2026-09-06 15:30:27.812062+00
01a07757-a576-7df2-9936-343a638d7665,01a07757-90f6-7ca2-9931-c03ede6acaf9,01a07757-931d-7ef2-883f-b2d2df45025b,01a07757-a536-7d53-927f-4cc98277ed14,f,2026-09-06 15:30:27.812062+00
01a07757-a576-7df2-9936-3447f365e0f1,01a07757-90f6-7ca2-9931-c03ede6acaf9,01a07757-931d-7ef2-883f-b2b0979ae10f,01a07757-a536-7d53-927f-4cc98277ed14,f,2026-09-06 15:30:27.812062+00
01a07757-a576-7df2-9936-3451be7b8582,01a07757-90f6-7ca2-9931-c03ede6acaf9,01a07757-931d-7ef2-883f-b2d2df45025b,01a07757-a536-7d53-927f-4cc98277ed14,f,2026-09-06 15:30:27.812062+00
01a07757-a577-7150-a888-3e2760c61efe,01a07757-90f6-7ca2-9931-c03ede6acaf9,01a07757-931d-7ef2-883f-b2f07e5231f3,01a07757-a536-7d53-927f-4cdade34e84d,f,2026-09-06 15:30:27.812062+00
01a07757-a577-7150-a888-3e37d37d7838,01a07757-90f6-7ca2-9931-c03ede6acaf9,01a07757-931d-7ef2-883f-b314416f980f,01a07757-a536-7d53-927f-4cdade34e84d,f,2026-09-06 15:30:27.812062+00
01a07757-a577-7150-a888-3e458db7ebdf,01a07757-90f6-7ca2-9931-c03ede6acaf9,01a07757-931d-7ef2-883f-b2f07e5231f3,01a07757-a536-7d53-927f-4cdade34e84d,f,2026-09-06 15:30:27.812062+00
01a07757-a577-7150-a888-3e572178867f,01a07757-90f6-7ca2-9931-c03ede6acaf9,01a07757-931d-7ef2-883f-b314416f980f,01a07757-a536-7d53-927f-4cdade34e84d,f,2026-09-06 15:30:27.812062+00
01a07757-a578-7f91-b56c-6772206d0a49,01a07757-90f6-7ca2-9931-c03ede6acaf9,01a07757-931d-7ef2-883f-b2f07e5231f3,01a07757-a536-7d53-927f-4cdade34e84d,f,2026-09-06 15:30:27.812062+00
01a07757-a578-7f91-b56c-678369b0c3ba,01a07757-90f6-7ca2-9931-c03ede6acaf9,01a07757-931d-7ef2-883f-b314416f980f,01a07757-a536-7d53-927f-4cdade34e84d,f,2026-09-06 15:30:27.812062+00
01a07757-a578-7f91-b56c-679e263a616d,01a07757-90f6-7ca2-9931-c03ede6acaf9,01a07757-931d-7ef2-883f-b33857f0f452,01a07757-a536-7d53-927f-4ced0040a1db,f,2026-09-06 15:30:27.812062+00
01a07757-a579-7bc2-aab0-82736e68238f,01a07757-90f6-7ca2-9931-c03ede6acaf9,01a07757-931d-7ef2-883f-b359fb53434d,01a07757-a536-7d53-927f-4ced0040a1db,f,2026-09-06 15:30:27.812062+00
01a07757-a579-7bc2-aab0-828b5e82457b,01a07757-90f6-7ca2-9931-c03ede6acaf9,01a07757-931d-7ef2-883f-b33857f0f452,01a07757-a536-7d53-927f-4ced0040a1db,f,2026-09-06 15:30:27.812062+00
01a07757-a579-7bc2-aab0-8294e2a6df4a,01a07757-90f6-7ca2-9931-c03ede6acaf9,01a07757-931d-7ef2-883f-b359fb53434d,01a07757-a536-7d53-927f-4ced0040a1db,f,2026-09-06 15:30:27.812062+00
01a07757-a579-7bc2-aab0-82af669a79f8,01a07757-90f6-7ca2-9931-c03ede6acaf9,01a07757-931d-7ef2-883f-b33857f0f452,01a07757-a536-7d53-927f-4ced0040a1db,f,2026-09-06 15:30:27.812062+00
01a07757-a57a-7760-a9d1-deb7b0465d61,01a07757-90f6-7ca2-9931-c03ede6acaf9,01a07757-931d-7ef2-883f-b359fb53434d,01a07757-a536-7d53-927f-4ced0040a1db,f,2026-09-06 15:30:27.812062+00
01a07757-a57a-7760-a9d1-dec004e33eab,01a07757-90f6-7ca2-9931-c03ede6acaf9,01a07757-931d-7ef2-883f-b37a51a26db2,01a07757-a536-7d53-927f-4cfaddad0728,f,2026-09-06 15:30:27.812062+00
01a07757-a57b-7882-879a-2c3d3272a883,01a07757-90f6-7ca2-9931-c03ede6acaf9,01a07757-931d-7ef2-883f-b39b3a3f9c87,01a07757-a536-7d53-927f-4cfaddad0728,f,2026-09-06 15:30:27.812062+00
01a07757-a57b-7882-879a-2c43f6ed8397,01a07757-90f6-7ca2-9931-c03ede6acaf9,01a07757-931d-7ef2-883f-b37a51a26db2,01a07757-a536-7d53-927f-4cfaddad0728,f,2026-09-06 15:30:27.812062+00
01a07757-a57b-7882-879a-2c5bdda203de,01a07757-90f6-7ca2-9931-c03ede6acaf9,01a07757-931d-7ef2-883f-b39b3a3f9c87,01a07757-a536-7d53-927f-4cfaddad0728,f,2026-09-06 15:30:27.812062+00
01a07757-a57b-7882-879a-2c678fedeb4c,01a07757-90f6-7ca2-9931-c03ede6acaf9,01a07757-931d-7ef2-883f-b37a51a26db2,01a07757-a536-7d53-927f-4cfaddad0728,f,2026-09-06 15:30:27.812062+00
01a07757-a57b-7882-879a-2c7c323e8e89,01a07757-90f6-7ca2-9931-c03ede6acaf9,01a07757-931d-7ef2-883f-b39b3a3f9c87,01a07757-a536-7d53-927f-4cfaddad0728,f,2026-09-06 15:30:27.812062+00
01a07757-a57c-7343-a573-2223edf8e555,01a07757-90f6-7ca2-9931-c03ede6acaf9,01a07757-931d-7ef2-883f-b3b0f116e650,01a07757-a536-7d53-927f-4d028c878f1b,f,2026-09-06 15:30:27.812062+00
01a07757-a57d-7d22-982d-3e6bbfb84b1f,01a07757-90f6-7ca2-9931-c03ede6acaf9,01a07757-931d-7ef2-883f-b3dc718378fb,01a07757-a536-7d53-927f-4d028c878f1b,f,2026-09-06 15:30:27.812062+00
01a07757-a57d-7d22-982d-3e766cf13264,01a07757-90f6-7ca2-9931-c03ede6acaf9,01a07757-931d-7ef2-883f-b3b0f116e650,01a07757-a536-7d53-927f-4d028c878f1b,f,2026-09-06 15:30:27.812062+00
01a07757-a57d-7d22-982d-3e8dfb5c3b39,01a07757-90f6-7ca2-9931-c03ede6acaf9,01a07757-931d-7ef2-883f-b3dc718378fb,01a07757-a536-7d53-927f-4d028c878f1b,f,2026-09-06 15:30:27.812062+00
01a07757-a57d-7d22-982d-3e980a2545e2,01a07757-90f6-7ca2-9931-c03ede6acaf9,01a07757-931d-7ef2-883f-b3b0f116e650,01a07757-a536-7d53-927f-4d028c878f1b,f,2026-09-06 15:30:27.812062+00
01a07757-a57d-7d22-982d-3eabd3aa6bc1,01a07757-90f6-7ca2-9931-c03ede6acaf9,01a07757-931d-7ef2-883f-b3dc718378fb,01a07757-a536-7d53-927f-4d028c878f1b,f,2026-09-06 15:30:27.812062+00
01a07757-a57e-7543-8608-62d23d2a39a7,01a07757-90f6-7ca2-9931-c03ede6acaf9,01a07757-931d-7ef2-883f-b3fbb5bfdb7e,01a07757-a536-7d53-927f-4d1e5610fa02,f,2026-09-06 15:30:27.812062+00
01a07757-a57e-7543-8608-62e281ad9124,01a07757-90f6-7ca2-9931-c03ede6acaf9,01a07757-931d-7ef2-883f-b41478d4173e,01a07757-a536-7d53-927f-4d1e5610fa02,f,2026-09-06 15:30:27.812062+00
01a07757-a57f-7383-9681-ac553f475f6e,01a07757-90f6-7ca2-9931-c03ede6acaf9,01a07757-931d-7ef2-883f-b3fbb5bfdb7e,01a07757-a536-7d53-927f-4d1e5610fa02,f,2026-09-06 15:30:27.812062+00
01a07757-a57f-7383-9681-ac6028569524,01a07757-90f6-7ca2-9931-c03ede6acaf9,01a07757-931d-7ef2-883f-b41478d4173e,01a07757-a536-7d53-927f-4d1e5610fa02,f,2026-09-06 15:30:27.812062+00
01a07757-a57f-7383-9681-ac75aa446bb7,01a07757-90f6-7ca2-9931-c03ede6acaf9,01a07757-931d-7ef2-883f-b3fbb5bfdb7e,01a07757-a536-7d53-927f-4d1e5610fa02,f,2026-09-06 15:30:27.812062+00
01a07757-a57f-7383-9681-ac84a1f598bc,01a07757-90f6-7ca2-9931-c03ede6acaf9,01a07757-931d-7ef2-883f-b41478d4173e,01a07757-a536-7d53-927f-4d1e5610fa02,f,2026-09-06 15:30:27.812062+00
01a07757-a580-7181-99d8-76248e167a21,01a07757-90f6-7ca2-9931-c03ede6acaf9,01a07757-931d-7ef2-883f-b4377b7dfece,01a07757-a536-7d53-927f-4d2036335d81,f,2026-09-06 15:30:27.812062+00
01a07757-a580-7181-99d8-7637ddbfb6b5,01a07757-90f6-7ca2-9931-c03ede6acaf9,01a07757-931d-7ef2-883f-b45d2fc66489,01a07757-a536-7d53-927f-4d2036335d81,f,2026-09-06 15:30:27.812062+00
01a07757-a581-71d1-a732-898dbf1440fc,01a07757-90f6-7ca2-9931-c03ede6acaf9,01a07757-931d-7ef2-883f-b4377b7dfece,01a07757-a536-7d53-927f-4d2036335d81,f,2026-09-06 15:30:27.812062+00
01a07757-a581-71d1-a732-899e74c7ce1c,01a07757-90f6-7ca2-9931-c03ede6acaf9,01a07757-931d-7ef2-883f-b45d2fc66489,01a07757-a536-7d53-927f-4d2036335d81,f,2026-09-06 15:30:27.812062+00
01a07757-a581-71d1-a732-89a74e097237,01a07757-90f6-7ca2-9931-c03ede6acaf9,01a07757-931d-7ef2-883f-b4377b7dfece,01a07757-a536-7d53-927f-4d2036335d81,f,2026-09-06 15:30:27.812062+00
01a07757-a581-71d1-a732-89b1ad84fc60,01a07757-90f6-7ca2-9931-c03ede6acaf9,01a07757-931d-7ef2-883f-b45d2fc66489,01a07757-a536-7d53-927f-4d2036335d81,f,2026-09-06 15:30:27.812062+00
01a07757-a582-74c3-afaf-71c54b4c2162,01a07757-90f6-7ca2-9931-c03ede6acaf9,01a07757-931d-7ef2-883f-b4791d9530cc,01a07757-a536-7d53-927f-4d37144e7fa8,f,2026-09-06 15:30:27.812062+00
01a07757-a582-74c3-afaf-71d66ece7781,01a07757-90f6-7ca2-9931-c03ede6acaf9,01a07757-931e-7f31-85a6-7a99f807a2ca,01a07757-a536-7d53-927f-4d37144e7fa8,f,2026-09-06 15:30:27.812062+00
01a07757-a582-74c3-afaf-71e42b054da7,01a07757-90f6-7ca2-9931-c03ede6acaf9,01a07757-931d-7ef2-883f-b4791d9530cc,01a07757-a536-7d53-927f-4d37144e7fa8,f,2026-09-06 15:30:27.812062+00
01a07757-a583-7da2-b9ce-0ef7b220b046,01a07757-90f6-7ca2-9931-c03ede6acaf9,01a07757-931e-7f31-85a6-7a99f807a2ca,01a07757-a536-7d53-927f-4d37144e7fa8,f,2026-09-06 15:30:27.812062+00
01a07757-a583-7da2-b9ce-0f0a105e1d5f,01a07757-90f6-7ca2-9931-c03ede6acaf9,01a07757-931d-7ef2-883f-b4791d9530cc,01a07757-a536-7d53-927f-4d37144e7fa8,f,2026-09-06 15:30:27.812062+00
01a07757-a583-7da2-b9ce-0f159e860c45,01a07757-90f6-7ca2-9931-c03ede6acaf9,01a07757-931e-7f31-85a6-7a99f807a2ca,01a07757-a536-7d53-927f-4d37144e7fa8,f,2026-09-06 15:30:27.812062+00
01a07757-a584-7ac2-be13-887c1b49b00f,01a07757-90f6-7ca2-9931-c03ede6acaf9,01a07757-931e-7f31-85a6-7ab994ba5d16,01a07757-a536-7d53-927f-4d4b1102b2f0,f,2026-09-06 15:30:27.812062+00
01a07757-a584-7ac2-be13-888452fe7e94,01a07757-90f6-7ca2-9931-c03ede6acaf9,01a07757-931e-7f31-85a6-7adf4a00a449,01a07757-a536-7d53-927f-4d4b1102b2f0,f,2026-09-06 15:30:27.812062+00
01a07757-a584-7ac2-be13-889c2960b6e5,01a07757-90f6-7ca2-9931-c03ede6acaf9,01a07757-931e-7f31-85a6-7ab994ba5d16,01a07757-a536-7d53-927f-4d4b1102b2f0,f,2026-09-06 15:30:27.812062+00
01a07757-a585-7411-b7cb-64700751d13d,01a07757-90f6-7ca2-9931-c03ede6acaf9,01a07757-931e-7f31-85a6-7adf4a00a449,01a07757-a536-7d53-927f-4d4b1102b2f0,f,2026-09-06 15:30:27.812062+00
01a07757-a585-7411-b7cb-64807dcfd263,01a07757-90f6-7ca2-9931-c03ede6acaf9,01a07757-931e-7f31-85a6-7ab994ba5d16,01a07757-a536-7d53-927f-4d4b1102b2f0,f,2026-09-06 15:30:27.812062+00
01a07757-a585-7411-b7cb-649ef85c780f,01a07757-90f6-7ca2-9931-c03ede6acaf9,01a07757-931e-7f31-85a6-7adf4a00a449,01a07757-a536-7d53-927f-4d4b1102b2f0,f,2026-09-06 15:30:27.812062+00
01a07757-a586-78c1-9514-0f4fec0e0a81,01a07757-90f6-7ca2-9931-c03ede6acaf9,01a07757-931e-7f31-85a6-7afb880d50ea,01a07757-a536-7d53-927f-4d5b1624b0cb,f,2026-09-06 15:30:27.812062+00
01a07757-a586-78c1-9514-0f54d53e530f,01a07757-90f6-7ca2-9931-c03ede6acaf9,01a07757-931e-7f31-85a6-7b1487ede237,01a07757-a536-7d53-927f-4d5b1624b0cb,f,2026-09-06 15:30:27.812062+00
01a07757-a586-78c1-9514-0f6947cc29c9,01a07757-90f6-7ca2-9931-c03ede6acaf9,01a07757-931e-7f31-85a6-7afb880d50ea,01a07757-a536-7d53-927f-4d5b1624b0cb,f,2026-09-06 15:30:27.812062+00
01a07757-a586-78c1-9514-0f7556d755d6,01a07757-90f6-7ca2-9931-c03ede6acaf9,01a07757-931e-7f31-85a6-7b1487ede237,01a07757-a536-7d53-927f-4d5b1624b0cb,f,2026-09-06 15:30:27.812062+00
01a07757-a586-78c1-9514-0f818db22034,01a07757-90f6-7ca2-9931-c03ede6acaf9,01a07757-931e-7f31-85a6-7afb880d50ea,01a07757-a536-7d53-927f-4d5b1624b0cb,f,2026-09-06 15:30:27.812062+00
01a07757-a586-78c1-9514-0f9424f0802d,01a07757-90f6-7ca2-9931-c03ede6acaf9,01a07757-931e-7f31-85a6-7b1487ede237,01a07757-a536-7d53-927f-4d5b1624b0cb,f,2026-09-06 15:30:27.812062+00
01a07757-a587-7360-bba4-b2e884763b17,01a07757-90f6-7ca2-9931-c03ede6acaf9,01a07757-931e-7f31-85a6-7b3a534208f5,01a07757-a536-7d53-927f-4d63c22c5e51,f,2026-09-06 15:30:27.812062+00
01a07757-a587-7360-bba4-b2f4d0646f9a,01a07757-90f6-7ca2-9931-c03ede6acaf9,01a07757-931e-7f31-85a6-7b591b1bec36,01a07757-a536-7d53-927f-4d63c22c5e51,f,2026-09-06 15:30:27.812062+00
01a07757-a587-7360-bba4-b3086b27c9d4,01a07757-90f6-7ca2-9931-c03ede6acaf9,01a07757-931e-7f31-85a6-7b3a534208f5,01a07757-a536-7d53-927f-4d63c22c5e51,f,2026-09-06 15:30:27.812062+00
01a07757-a588-7140-9512-ce333b59f6de,01a07757-90f6-7ca2-9931-c03ede6acaf9,01a07757-931e-7f31-85a6-7b591b1bec36,01a07757-a536-7d53-927f-4d63c22c5e51,f,2026-09-06 15:30:27.812062+00
01a07757-a588-7140-9512-ce4b3ab9087e,01a07757-90f6-7ca2-9931-c03ede6acaf9,01a07757-931e-7f31-85a6-7b3a534208f5,01a07757-a536-7d53-927f-4d63c22c5e51,f,2026-09-06 15:30:27.812062+00
01a07757-a588-7140-9512-ce59a6a61a73,01a07757-90f6-7ca2-9931-c03ede6acaf9,01a07757-931e-7f31-85a6-7b591b1bec36,01a07757-a536-7d53-927f-4d63c22c5e51,f,2026-09-06 15:30:27.812062+00
01a07757-a589-7521-b642-6b6f57184183,01a07757-90f6-7ca2-9931-c03ede6acaf9,01a07757-931e-7f31-85a6-7b7abcd47dc2,01a07757-a536-7d53-927f-4d746d770a02,f,2026-09-06 15:30:27.812062+00
01a07757-a589-7521-b642-6b75efc23ae9,01a07757-90f6-7ca2-9931-c03ede6acaf9,01a07757-931e-7f31-85a6-7b9944e0eb2b,01a07757-a536-7d53-927f-4d746d770a02,f,2026-09-06 15:30:27.812062+00
01a07757-a589-7521-b642-6b812b8406c8,01a07757-90f6-7ca2-9931-c03ede6acaf9,01a07757-931e-7f31-85a6-7b7abcd47dc2,01a07757-a536-7d53-927f-4d746d770a02,f,2026-09-06 15:30:27.812062+00
01a07757-a589-7521-b642-6b91cf4268e2,01a07757-90f6-7ca2-9931-c03ede6acaf9,01a07757-931e-7f31-85a6-7b9944e0eb2b,01a07757-a536-7d53-927f-4d746d770a02,f,2026-09-06 15:30:27.812062+00
01a07757-a589-7521-b642-6ba83e005a50,01a07757-90f6-7ca2-9931-c03ede6acaf9,01a07757-931e-7f31-85a6-7b7abcd47dc2,01a07757-a536-7d53-927f-4d746d770a02,f,2026-09-06 15:30:27.812062+00
01a07757-a589-7521-b642-6bbe1300d05e,01a07757-90f6-7ca2-9931-c03ede6acaf9,01a07757-931e-7f31-85a6-7b9944e0eb2b,01a07757-a536-7d53-927f-4d746d770a02,f,2026-09-06 15:30:27.812062+00
01a07757-a58a-70a1-93d8-342ad1f18709,01a07757-90f6-7ca2-9931-c03ede6acaf9,01a07757-931e-7f31-85a6-7bb36c055563,01a07757-a536-7d53-927f-4d84f636503e,f,2026-09-06 15:30:27.812062+00
01a07757-a58a-70a1-93d8-343f3703b111,01a07757-90f6-7ca2-9931-c03ede6acaf9,01a07757-931e-7f31-85a6-7bd411094922,01a07757-a536-7d53-927f-4d84f636503e,f,2026-09-06 15:30:27.812062+00
01a07757-a58b-7173-b6d1-f40b1ac1dfab,01a07757-90f6-7ca2-9931-c03ede6acaf9,01a07757-931e-7f31-85a6-7bb36c055563,01a07757-a536-7d53-927f-4d84f636503e,f,2026-09-06 15:30:27.812062+00
01a07757-a58b-7173-b6d1-f4199616bcb1,01a07757-90f6-7ca2-9931-c03ede6acaf9,01a07757-931e-7f31-85a6-7bd411094922,01a07757-a536-7d53-927f-4d84f636503e,f,2026-09-06 15:30:27.812062+00
01a07757-a58b-7173-b6d1-f4234d81c0ee,01a07757-90f6-7ca2-9931-c03ede6acaf9,01a07757-931e-7f31-85a6-7bb36c055563,01a07757-a536-7d53-927f-4d84f636503e,f,2026-09-06 15:30:27.812062+00
01a07757-a58b-7173-b6d1-f435c2a613af,01a07757-90f6-7ca2-9931-c03ede6acaf9,01a07757-931e-7f31-85a6-7bd411094922,01a07757-a536-7d53-927f-4d84f636503e,f,2026-09-06 15:30:27.812062+00
01a07757-a58c-7e43-a955-8f217d6f68ca,01a07757-90f6-7ca2-9931-c03ede6acaf9,01a07757-931e-7f31-85a6-7bf4dd6cdf19,01a07757-a536-7d53-927f-4d9d5ab22930,f,2026-09-06 15:30:27.812062+00
01a07757-a58c-7e43-a955-8f39308a6510,01a07757-90f6-7ca2-9931-c03ede6acaf9,01a07757-931e-7f31-85a6-7c1138f53a9d,01a07757-a536-7d53-927f-4d9d5ab22930,f,2026-09-06 15:30:27.812062+00
01a07757-a58c-7e43-a955-8f440e2b18d9,01a07757-90f6-7ca2-9931-c03ede6acaf9,01a07757-931e-7f31-85a6-7bf4dd6cdf19,01a07757-a536-7d53-927f-4d9d5ab22930,f,2026-09-06 15:30:27.812062+00
01a07757-a58c-7e43-a955-8f52ff3227cf,01a07757-90f6-7ca2-9931-c03ede6acaf9,01a07757-931e-7f31-85a6-7c1138f53a9d,01a07757-a536-7d53-927f-4d9d5ab22930,f,2026-09-06 15:30:27.812062+00
01a07757-a58c-7e43-a955-8f6311b01da0,01a07757-90f6-7ca2-9931-c03ede6acaf9,01a07757-931e-7f31-85a6-7bf4dd6cdf19,01a07757-a536-7d53-927f-4d9d5ab22930,f,2026-09-06 15:30:27.812062+00
01a07757-a58c-7e43-a955-8f73f34f9e19,01a07757-90f6-7ca2-9931-c03ede6acaf9,01a07757-931e-7f31-85a6-7c1138f53a9d,01a07757-a536-7d53-927f-4d9d5ab22930,f,2026-09-06 15:30:27.812062+00
01a07757-a58d-7193-b6ca-f839faa1b988,01a07757-90f6-7ca2-9931-c03ede6acaf9,01a07757-931e-7f31-85a6-7c3d62a2bc22,01a07757-a536-7d53-927f-4da6238948f5,f,2026-09-06 15:30:27.812062+00
01a07757-a58d-7193-b6ca-f84a98bd909e,01a07757-90f6-7ca2-9931-c03ede6acaf9,01a07757-931e-7f31-85a6-7c53bd5150a1,01a07757-a536-7d53-927f-4da6238948f5,f,2026-09-06 15:30:27.812062+00
01a07757-a58d-7193-b6ca-f8551131cdb6,01a07757-90f6-7ca2-9931-c03ede6acaf9,01a07757-931e-7f31-85a6-7c3d62a2bc22,01a07757-a536-7d53-927f-4da6238948f5,f,2026-09-06 15:30:27.812062+00
01a07757-a58e-71e3-b973-eee7415b46c4,01a07757-90f6-7ca2-9931-c03ede6acaf9,01a07757-931e-7f31-85a6-7c53bd5150a1,01a07757-a536-7d53-927f-4da6238948f5,f,2026-09-06 15:30:27.812062+00
01a07757-a58e-71e3-b973-eeff776dc120,01a07757-90f6-7ca2-9931-c03ede6acaf9,01a07757-931e-7f31-85a6-7c3d62a2bc22,01a07757-a536-7d53-927f-4da6238948f5,f,2026-09-06 15:30:27.812062+00
01a07757-a58e-71e3-b973-ef0648a4f3f2,01a07757-90f6-7ca2-9931-c03ede6acaf9,01a07757-931e-7f31-85a6-7c53bd5150a1,01a07757-a536-7d53-927f-4da6238948f5,f,2026-09-06 15:30:27.812062+00
01a07757-a58f-7891-9c0f-bd5e359af02e,01a07757-90f6-7ca2-9931-c03ede6acaf9,01a07757-931e-7f31-85a6-7c7241ecef3e,01a07757-a536-7d53-927f-4db201452568,f,2026-09-06 15:30:27.812062+00
01a07757-a58f-7891-9c0f-bd66ffe294fc,01a07757-90f6-7ca2-9931-c03ede6acaf9,01a07757-931e-7f31-85a6-7c9b9f23999d,01a07757-a536-7d53-927f-4db201452568,f,2026-09-06 15:30:27.812062+00
01a07757-a58f-7891-9c0f-bd7bd839d431,01a07757-90f6-7ca2-9931-c03ede6acaf9,01a07757-931e-7f31-85a6-7c7241ecef3e,01a07757-a536-7d53-927f-4db201452568,f,2026-09-06 15:30:27.812062+00
01a07757-a58f-7891-9c0f-bd84f55d2507,01a07757-90f6-7ca2-9931-c03ede6acaf9,01a07757-931e-7f31-85a6-7c9b9f23999d,01a07757-a536-7d53-927f-4db201452568,f,2026-09-06 15:30:27.812062+00
01a07757-a590-7013-9550-ffdf3dd38a94,01a07757-90f6-7ca2-9931-c03ede6acaf9,01a07757-931e-7f31-85a6-7c7241ecef3e,01a07757-a536-7d53-927f-4db201452568,f,2026-09-06 15:30:27.812062+00
01a07757-a590-7013-9550-ffe73caf8ab3,01a07757-90f6-7ca2-9931-c03ede6acaf9,01a07757-931e-7f31-85a6-7c9b9f23999d,01a07757-a536-7d53-927f-4db201452568,f,2026-09-06 15:30:27.812062+00
01a07757-a590-7013-9550-fffb93a5349d,01a07757-90f6-7ca2-9931-c03ede6acaf9,01a07757-931e-7f31-85a6-7cbf18a4446b,01a07757-a536-7d53-927f-4dc03a3ba7e8,f,2026-09-06 15:30:27.812062+00
01a07757-a591-78f0-a752-d6f9f452dbea,01a07757-90f6-7ca2-9931-c03ede6acaf9,01a07757-931f-7852-a7a0-9d973019f77d,01a07757-a536-7d53-927f-4dc03a3ba7e8,f,2026-09-06 15:30:27.812062+00
01a07757-a591-78f0-a752-d70437b6ab4c,01a07757-90f6-7ca2-9931-c03ede6acaf9,01a07757-931e-7f31-85a6-7cbf18a4446b,01a07757-a536-7d53-927f-4dc03a3ba7e8,f,2026-09-06 15:30:27.812062+00
01a07757-a591-78f0-a752-d71902b8d431,01a07757-90f6-7ca2-9931-c03ede6acaf9,01a07757-931f-7852-a7a0-9d973019f77d,01a07757-a536-7d53-927f-4dc03a3ba7e8,f,2026-09-06 15:30:27.812062+00
01a07757-a591-78f0-a752-d7261ef77b61,01a07757-90f6-7ca2-9931-c03ede6acaf9,01a07757-931e-7f31-85a6-7cbf18a4446b,01a07757-a536-7d53-927f-4dc03a3ba7e8,f,2026-09-06 15:30:27.812062+00
01a07757-a591-78f0-a752-d73a0a10ad0c,01a07757-90f6-7ca2-9931-c03ede6acaf9,01a07757-931f-7852-a7a0-9d973019f77d,01a07757-a536-7d53-927f-4dc03a3ba7e8,f,2026-09-06 15:30:27.812062+00
01a07757-a592-75b0-911f-7a8e105d7c5a,01a07757-90f6-7ca2-9931-c03ede6acaf9,01a07757-931f-7852-a7a0-9db0d2ad5083,01a07757-a536-7d53-927f-4dd5b72a7c33,f,2026-09-06 15:30:27.812062+00
01a07757-a592-75b0-911f-7a9b47c62a17,01a07757-90f6-7ca2-9931-c03ede6acaf9,01a07757-931f-7852-a7a0-9dddb918cebc,01a07757-a536-7d53-927f-4dd5b72a7c33,f,2026-09-06 15:30:27.812062+00
01a07757-a592-75b0-911f-7aae187b4bfc,01a07757-90f6-7ca2-9931-c03ede6acaf9,01a07757-931f-7852-a7a0-9db0d2ad5083,01a07757-a536-7d53-927f-4dd5b72a7c33,f,2026-09-06 15:30:27.812062+00
01a07757-a593-7ab1-82d2-d317096c9e91,01a07757-90f6-7ca2-9931-c03ede6acaf9,01a07757-931f-7852-a7a0-9dddb918cebc,01a07757-a536-7d53-927f-4dd5b72a7c33,f,2026-09-06 15:30:27.812062+00
01a07757-a593-7ab1-82d2-d32475b9d402,01a07757-90f6-7ca2-9931-c03ede6acaf9,01a07757-931f-7852-a7a0-9db0d2ad5083,01a07757-a536-7d53-927f-4dd5b72a7c33,f,2026-09-06 15:30:27.812062+00
01a07757-a593-7ab1-82d2-d33972f2ca3f,01a07757-90f6-7ca2-9931-c03ede6acaf9,01a07757-931f-7852-a7a0-9dddb918cebc,01a07757-a536-7d53-927f-4dd5b72a7c33,f,2026-09-06 15:30:27.812062+00
01a07757-a593-7ab1-82d2-d34b99f5a04e,01a07757-90f6-7ca2-9931-c03ede6acaf9,01a07757-931f-7852-a7a0-9df02f8cb0b3,01a07757-a537-74a3-a019-0d44bdb7d553,f,2026-09-06 15:30:27.812062+00
01a07757-a594-7ce1-8708-b69b2466883c,01a07757-90f6-7ca2-9931-c03ede6acaf9,01a07757-931f-7852-a7a0-9e1affdd11f5,01a07757-a537-74a3-a019-0d44bdb7d553,f,2026-09-06 15:30:27.812062+00
01a07757-a594-7ce1-8708-b6a0cdeb76ef,01a07757-90f6-7ca2-9931-c03ede6acaf9,01a07757-931f-7852-a7a0-9df02f8cb0b3,01a07757-a537-74a3-a019-0d44bdb7d553,f,2026-09-06 15:30:27.812062+00
01a07757-a594-7ce1-8708-b6b4ca60bee5,01a07757-90f6-7ca2-9931-c03ede6acaf9,01a07757-931f-7852-a7a0-9e1affdd11f5,01a07757-a537-74a3-a019-0d44bdb7d553,f,2026-09-06 15:30:27.812062+00
01a07757-a594-7ce1-8708-b6c386dafd2d,01a07757-90f6-7ca2-9931-c03ede6acaf9,01a07757-931f-7852-a7a0-9df02f8cb0b3,01a07757-a537-74a3-a019-0d44bdb7d553,f,2026-09-06 15:30:27.812062+00
01a07757-a594-7ce1-8708-b6d96f5daf6f,01a07757-90f6-7ca2-9931-c03ede6acaf9,01a07757-931f-7852-a7a0-9e1affdd11f5,01a07757-a537-74a3-a019-0d44bdb7d553,f,2026-09-06 15:30:27.812062+00
01a07757-a595-74c3-adca-d4d6f30ba82d,01a07757-90f6-7ca2-9931-c03ede6acaf9,01a07757-931f-7852-a7a0-9e3bc7d18722,01a07757-a537-74a3-a019-0d53f2ff7502,f,2026-09-06 15:30:27.812062+00
01a07757-a596-7982-8aee-a5f076a26247,01a07757-90f6-7ca2-9931-c03ede6acaf9,01a07757-931f-7852-a7a0-9e55989ea11e,01a07757-a537-74a3-a019-0d53f2ff7502,f,2026-09-06 15:30:27.812062+00
01a07757-a596-7982-8aee-a60068ea485e,01a07757-90f6-7ca2-9931-c03ede6acaf9,01a07757-931f-7852-a7a0-9e3bc7d18722,01a07757-a537-74a3-a019-0d53f2ff7502,f,2026-09-06 15:30:27.812062+00
01a07757-a596-7982-8aee-a61c2262b49e,01a07757-90f6-7ca2-9931-c03ede6acaf9,01a07757-931f-7852-a7a0-9e55989ea11e,01a07757-a537-74a3-a019-0d53f2ff7502,f,2026-09-06 15:30:27.812062+00
01a07757-a596-7982-8aee-a6222d945d0a,01a07757-90f6-7ca2-9931-c03ede6acaf9,01a07757-931f-7852-a7a0-9e3bc7d18722,01a07757-a537-74a3-a019-0d53f2ff7502,f,2026-09-06 15:30:27.812062+00
01a07757-a596-7982-8aee-a63562acf0d6,01a07757-90f6-7ca2-9931-c03ede6acaf9,01a07757-931f-7852-a7a0-9e55989ea11e,01a07757-a537-74a3-a019-0d53f2ff7502,f,2026-09-06 15:30:27.812062+00
01a07757-a597-73b2-b278-6d9e1c074811,01a07757-90f6-7ca2-9931-c03ede6acaf9,01a07757-931f-7852-a7a0-9e75ac3daead,01a07757-a537-74a3-a019-0d67ab9c037f,f,2026-09-06 15:30:27.812062+00
01a07757-a597-73b2-b278-6da46dfdd6a8,01a07757-90f6-7ca2-9931-c03ede6acaf9,01a07757-931f-7852-a7a0-9e9c01a6c94a,01a07757-a537-74a3-a019-0d67ab9c037f,f,2026-09-06 15:30:27.812062+00
01a07757-a597-73b2-b278-6db97485ade1,01a07757-90f6-7ca2-9931-c03ede6acaf9,01a07757-931f-7852-a7a0-9e75ac3daead,01a07757-a537-74a3-a019-0d67ab9c037f,f,2026-09-06 15:30:27.812062+00
01a07757-a597-73b2-b278-6dc97662e393,01a07757-90f6-7ca2-9931-c03ede6acaf9,01a07757-931f-7852-a7a0-9e9c01a6c94a,01a07757-a537-74a3-a019-0d67ab9c037f,f,2026-09-06 15:30:27.812062+00
01a07757-a597-73b2-b278-6ddd2a55481b,01a07757-90f6-7ca2-9931-c03ede6acaf9,01a07757-931f-7852-a7a0-9e75ac3daead,01a07757-a537-74a3-a019-0d67ab9c037f,f,2026-09-06 15:30:27.812062+00
01a07757-a598-7741-86e4-3643e47ed80a,01a07757-90f6-7ca2-9931-c03ede6acaf9,01a07757-931f-7852-a7a0-9e9c01a6c94a,01a07757-a537-74a3-a019-0d67ab9c037f,f,2026-09-06 15:30:27.812062+00
01a07757-a598-7741-86e4-365be7b3cbcc,01a07757-90f6-7ca2-9931-c03ede6acaf9,01a07757-931f-7852-a7a0-9eb1afa20cba,01a07757-a537-74a3-a019-0d72ff92e76b,f,2026-09-06 15:30:27.812062+00
01a07757-a598-7741-86e4-36656bc74f32,01a07757-90f6-7ca2-9931-c03ede6acaf9,01a07757-931f-7852-a7a0-9ed924c5374b,01a07757-a537-74a3-a019-0d72ff92e76b,f,2026-09-06 15:30:27.812062+00
01a07757-a599-7011-8900-263a027b39c8,01a07757-90f6-7ca2-9931-c03ede6acaf9,01a07757-931f-7852-a7a0-9eb1afa20cba,01a07757-a537-74a3-a019-0d72ff92e76b,f,2026-09-06 15:30:27.812062+00
01a07757-a599-7011-8900-26420b405bf0,01a07757-90f6-7ca2-9931-c03ede6acaf9,01a07757-931f-7852-a7a0-9ed924c5374b,01a07757-a537-74a3-a019-0d72ff92e76b,f,2026-09-06 15:30:27.812062+00
01a07757-a599-7011-8900-265d8cc813c0,01a07757-90f6-7ca2-9931-c03ede6acaf9,01a07757-931f-7852-a7a0-9eb1afa20cba,01a07757-a537-74a3-a019-0d72ff92e76b,f,2026-09-06 15:30:27.812062+00
01a07757-a599-7011-8900-2661c1e9b438,01a07757-90f6-7ca2-9931-c03ede6acaf9,01a07757-931f-7852-a7a0-9ed924c5374b,01a07757-a537-74a3-a019-0d72ff92e76b,f,2026-09-06 15:30:27.812062+00
01a07757-a59a-76e0-adaa-801501a2ffdf,01a07757-90f6-7ca2-9931-c03ede6acaf9,01a07757-931f-7852-a7a0-9efae6528c56,01a07757-a537-74a3-a019-0d8dd00825f4,f,2026-09-06 15:30:27.812062+00
01a07757-a59a-76e0-adaa-802a48c61256,01a07757-90f6-7ca2-9931-c03ede6acaf9,01a07757-931f-7852-a7a0-9f10e8eec96c,01a07757-a537-74a3-a019-0d8dd00825f4,f,2026-09-06 15:30:27.812062+00
01a07757-a59a-76e0-adaa-803df2ed3c5c,01a07757-90f6-7ca2-9931-c03ede6acaf9,01a07757-931f-7852-a7a0-9efae6528c56,01a07757-a537-74a3-a019-0d8dd00825f4,f,2026-09-06 15:30:27.812062+00
01a07757-a59a-76e0-adaa-80447178c58f,01a07757-90f6-7ca2-9931-c03ede6acaf9,01a07757-931f-7852-a7a0-9f10e8eec96c,01a07757-a537-74a3-a019-0d8dd00825f4,f,2026-09-06 15:30:27.812062+00
01a07757-a59b-7081-8b50-9249fbe2b837,01a07757-90f6-7ca2-9931-c03ede6acaf9,01a07757-931f-7852-a7a0-9efae6528c56,01a07757-a537-74a3-a019-0d8dd00825f4,f,2026-09-06 15:30:27.812062+00
01a07757-a59b-7081-8b50-9250600ccef7,01a07757-90f6-7ca2-9931-c03ede6acaf9,01a07757-931f-7852-a7a0-9f10e8eec96c,01a07757-a537-74a3-a019-0d8dd00825f4,f,2026-09-06 15:30:27.812062+00
01a07757-a59b-7081-8b50-926992eedc28,01a07757-90f6-7ca2-9931-c03ede6acaf9,01a07757-931f-7852-a7a0-9f32165caf12,01a07757-a537-74a3-a019-0d9db7b8a490,f,2026-09-06 15:30:27.812062+00
01a07757-a59c-7a31-bc74-a4b0d7fdac2d,01a07757-90f6-7ca2-9931-c03ede6acaf9,01a07757-931f-7852-a7a0-9f5c2d9585fa,01a07757-a537-74a3-a019-0d9db7b8a490,f,2026-09-06 15:30:27.812062+00
01a07757-a59c-7a31-bc74-a4c58956176f,01a07757-90f6-7ca2-9931-c03ede6acaf9,01a07757-931f-7852-a7a0-9f32165caf12,01a07757-a537-74a3-a019-0d9db7b8a490,f,2026-09-06 15:30:27.812062+00
01a07757-a59c-7a31-bc74-a4d8334d0b7b,01a07757-90f6-7ca2-9931-c03ede6acaf9,01a07757-931f-7852-a7a0-9f5c2d9585fa,01a07757-a537-74a3-a019-0d9db7b8a490,f,2026-09-06 15:30:27.812062+00
01a07757-a59c-7a31-bc74-a4eebac45a13,01a07757-90f6-7ca2-9931-c03ede6acaf9,01a07757-931f-7852-a7a0-9f32165caf12,01a07757-a537-74a3-a019-0d9db7b8a490,f,2026-09-06 15:30:27.812062+00
01a07757-a59c-7a31-bc74-a4ff48d055dd,01a07757-90f6-7ca2-9931-c03ede6acaf9,01a07757-931f-7852-a7a0-9f5c2d9585fa,01a07757-a537-74a3-a019-0d9db7b8a490,f,2026-09-06 15:30:27.812062+00
01a07757-a59d-76e2-984c-bff5f8e0785d,01a07757-90f6-7ca2-9931-c03ede6acaf9,01a07757-931f-7852-a7a0-9f779e322c90,01a07757-a537-74a3-a019-0dacbafc1942,f,2026-09-06 15:30:27.812062+00
01a07757-a59d-76e2-984c-c0045a8bc13e,01a07757-90f6-7ca2-9931-c03ede6acaf9,01a07757-931f-7852-a7a0-9f9aba454f81,01a07757-a537-74a3-a019-0dacbafc1942,f,2026-09-06 15:30:27.812062+00
01a07757-a59d-76e2-984c-c01b7763a2d1,01a07757-90f6-7ca2-9931-c03ede6acaf9,01a07757-931f-7852-a7a0-9f779e322c90,01a07757-a537-74a3-a019-0dacbafc1942,f,2026-09-06 15:30:27.812062+00
01a07757-a59d-76e2-984c-c0238adb6119,01a07757-90f6-7ca2-9931-c03ede6acaf9,01a07757-931f-7852-a7a0-9f9aba454f81,01a07757-a537-74a3-a019-0dacbafc1942,f,2026-09-06 15:30:27.812062+00
01a07757-a59e-7511-9612-f516f1edd8eb,01a07757-90f6-7ca2-9931-c03ede6acaf9,01a07757-931f-7852-a7a0-9f779e322c90,01a07757-a537-74a3-a019-0dacbafc1942,f,2026-09-06 15:30:27.812062+00
01a07757-a59e-7511-9612-f5280df231cd,01a07757-90f6-7ca2-9931-c03ede6acaf9,01a07757-931f-7852-a7a0-9f9aba454f81,01a07757-a537-74a3-a019-0dacbafc1942,f,2026-09-06 15:30:27.812062+00
01a07757-a59e-7511-9612-f53189901370,01a07757-90f6-7ca2-9931-c03ede6acaf9,01a07757-931f-7852-a7a0-9fbd9300e37b,01a07757-a537-74a3-a019-0db5786f75d5,f,2026-09-06 15:30:27.812062+00
01a07757-a59e-7511-9612-f54ae493e662,01a07757-90f6-7ca2-9931-c03ede6acaf9,01a07757-931f-7852-a7a0-9fd59927585d,01a07757-a537-74a3-a019-0db5786f75d5,f,2026-09-06 15:30:27.812062+00
01a07757-a59f-7991-9820-1d5e966d982c,01a07757-90f6-7ca2-9931-c03ede6acaf9,01a07757-931f-7852-a7a0-9fbd9300e37b,01a07757-a537-74a3-a019-0db5786f75d5,f,2026-09-06 15:30:27.812062+00
01a07757-a59f-7991-9820-1d62fa4a9d21,01a07757-90f6-7ca2-9931-c03ede6acaf9,01a07757-931f-7852-a7a0-9fd59927585d,01a07757-a537-74a3-a019-0db5786f75d5,f,2026-09-06 15:30:27.812062+00
01a07757-a59f-7991-9820-1d7494b42630,01a07757-90f6-7ca2-9931-c03ede6acaf9,01a07757-931f-7852-a7a0-9fbd9300e37b,01a07757-a537-74a3-a019-0db5786f75d5,f,2026-09-06 15:30:27.812062+00
01a07757-a59f-7991-9820-1d8a7ec960a4,01a07757-90f6-7ca2-9931-c03ede6acaf9,01a07757-931f-7852-a7a0-9fd59927585d,01a07757-a537-74a3-a019-0db5786f75d5,f,2026-09-06 15:30:27.812062+00
01a07757-a5a0-7411-8521-1bd978e635d7,01a07757-90f6-7ca2-9931-c03ede6acaf9,01a07757-931f-7852-a7a0-9ffc716fed59,01a07757-a537-74a3-a019-0dc4ea2188d0,f,2026-09-06 15:30:27.812062+00
01a07757-a5a0-7411-8521-1befcd1b9160,01a07757-90f6-7ca2-9931-c03ede6acaf9,01a07757-931f-7852-a7a0-a011be0d0be7,01a07757-a537-74a3-a019-0dc4ea2188d0,f,2026-09-06 15:30:27.812062+00
01a07757-a5a0-7411-8521-1bfb02c08e4f,01a07757-90f6-7ca2-9931-c03ede6acaf9,01a07757-931f-7852-a7a0-9ffc716fed59,01a07757-a537-74a3-a019-0dc4ea2188d0,f,2026-09-06 15:30:27.812062+00
01a07757-a5a1-7711-8a27-cea27f0caf3c,01a07757-90f6-7ca2-9931-c03ede6acaf9,01a07757-931f-7852-a7a0-a011be0d0be7,01a07757-a537-74a3-a019-0dc4ea2188d0,f,2026-09-06 15:30:27.812062+00
01a07757-a5a1-7711-8a27-ceb215c09dc9,01a07757-90f6-7ca2-9931-c03ede6acaf9,01a07757-931f-7852-a7a0-9ffc716fed59,01a07757-a537-74a3-a019-0dc4ea2188d0,f,2026-09-06 15:30:27.812062+00
01a07757-a5a1-7711-8a27-cec7f86cc7a7,01a07757-90f6-7ca2-9931-c03ede6acaf9,01a07757-931f-7852-a7a0-a011be0d0be7,01a07757-a537-74a3-a019-0dc4ea2188d0,f,2026-09-06 15:30:27.812062+00
01a07757-a5a2-7a80-b55a-f323cee608f7,01a07757-90f6-7ca2-9931-c03ede6acaf9,01a07757-931f-7852-a7a0-a03be359d76d,01a07757-a537-74a3-a019-0dded5e1eb68,f,2026-09-06 15:30:27.812062+00
01a07757-a5a2-7a80-b55a-f33bd045031f,01a07757-90f6-7ca2-9931-c03ede6acaf9,01a07757-931f-7852-a7a0-a0515efd6b79,01a07757-a537-74a3-a019-0dded5e1eb68,f,2026-09-06 15:30:27.812062+00
01a07757-a5a2-7a80-b55a-f3478b4dfaf2,01a07757-90f6-7ca2-9931-c03ede6acaf9,01a07757-931f-7852-a7a0-a03be359d76d,01a07757-a537-74a3-a019-0dded5e1eb68,f,2026-09-06 15:30:27.812062+00
01a07757-a5a3-7151-8316-8d1214a9d737,01a07757-90f6-7ca2-9931-c03ede6acaf9,01a07757-931f-7852-a7a0-a0515efd6b79,01a07757-a537-74a3-a019-0dded5e1eb68,f,2026-09-06 15:30:27.812062+00
01a07757-a5a3-7151-8316-8d2f1667c19c,01a07757-90f6-7ca2-9931-c03ede6acaf9,01a07757-931f-7852-a7a0-a03be359d76d,01a07757-a537-74a3-a019-0dded5e1eb68,f,2026-09-06 15:30:27.812062+00
01a07757-a5a3-7151-8316-8d3652dc6c25,01a07757-90f6-7ca2-9931-c03ede6acaf9,01a07757-931f-7852-a7a0-a0515efd6b79,01a07757-a537-74a3-a019-0dded5e1eb68,f,2026-09-06 15:30:27.812062+00
01a07757-a5a4-76d0-90cc-d4d215a7df34,01a07757-90f6-7ca2-9931-c03ede6acaf9,01a07757-931f-7852-a7a0-a07404373ab6,01a07757-a537-74a3-a019-0debf7a37478,f,2026-09-06 15:30:27.812062+00
01a07757-a5a4-76d0-90cc-d4ed63b1ab7e,01a07757-90f6-7ca2-9931-c03ede6acaf9,01a07757-931f-7852-a7a0-a0921462e291,01a07757-a537-74a3-a019-0debf7a37478,f,2026-09-06 15:30:27.812062+00
01a07757-a5a4-76d0-90cc-d4fbda58b0ac,01a07757-90f6-7ca2-9931-c03ede6acaf9,01a07757-931f-7852-a7a0-a07404373ab6,01a07757-a537-74a3-a019-0debf7a37478,f,2026-09-06 15:30:27.812062+00
01a07757-a5a5-7f33-917d-bb9a008b1f42,01a07757-90f6-7ca2-9931-c03ede6acaf9,01a07757-931f-7852-a7a0-a0921462e291,01a07757-a537-74a3-a019-0debf7a37478,f,2026-09-06 15:30:27.812062+00
01a07757-a5a5-7f33-917d-bbabd0a6f84a,01a07757-90f6-7ca2-9931-c03ede6acaf9,01a07757-931f-7852-a7a0-a07404373ab6,01a07757-a537-74a3-a019-0debf7a37478,f,2026-09-06 15:30:27.812062+00
01a07757-a5a5-7f33-917d-bbbec30c791a,01a07757-90f6-7ca2-9931-c03ede6acaf9,01a07757-931f-7852-a7a0-a0921462e291,01a07757-a537-74a3-a019-0debf7a37478,f,2026-09-06 15:30:27.812062+00
01a07757-a5a6-7851-a616-7610266e774b,01a07757-90f6-7ca2-9931-c03ede6acaf9,01a07757-931f-7852-a7a0-a0bd5b1ac043,01a07757-a537-74a3-a019-0dfe810228b4,f,2026-09-06 15:30:27.812062+00
01a07757-a5a7-7272-8733-354e03ca72b7,01a07757-90f6-7ca2-9931-c03ede6acaf9,01a07757-931f-7852-a7a0-a0d7e73f76d9,01a07757-a537-74a3-a019-0dfe810228b4,f,2026-09-06 15:30:27.812062+00
01a07757-a5a7-7272-8733-3553b040efd3,01a07757-90f6-7ca2-9931-c03ede6acaf9,01a07757-931f-7852-a7a0-a0bd5b1ac043,01a07757-a537-74a3-a019-0dfe810228b4,f,2026-09-06 15:30:27.812062+00
01a07757-a5a7-7272-8733-356a11a2cac8,01a07757-90f6-7ca2-9931-c03ede6acaf9,01a07757-931f-7852-a7a0-a0d7e73f76d9,01a07757-a537-74a3-a019-0dfe810228b4,f,2026-09-06 15:30:27.812062+00
01a07757-a5a7-7272-8733-357aafc5b9fc,01a07757-90f6-7ca2-9931-c03ede6acaf9,01a07757-931f-7852-a7a0-a0bd5b1ac043,01a07757-a537-74a3-a019-0dfe810228b4,f,2026-09-06 15:30:27.812062+00
01a07757-a5a8-7292-aa5f-27f0b0b2b14b,01a07757-90f6-7ca2-9931-c03ede6acaf9,01a07757-931f-7852-a7a0-a0d7e73f76d9,01a07757-a537-74a3-a019-0dfe810228b4,f,2026-09-06 15:30:27.812062+00
01a07757-a5a8-7292-aa5f-280c84ddec73,01a07757-90f6-7ca2-9931-c03ede6acaf9,01a07757-931f-7852-a7a0-a0f0c39cc2c4,01a07757-a537-74a3-a019-0e05cb0d8a36,f,2026-09-06 15:30:27.812062+00
01a07757-a5a9-7b43-9032-48fd7338e5d8,01a07757-90f6-7ca2-9931-c03ede6acaf9,01a07757-931f-7852-a7a0-a1116b317c0d,01a07757-a537-74a3-a019-0e05cb0d8a36,f,2026-09-06 15:30:27.812062+00
01a07757-a5a9-7b43-9032-490e054a50cf,01a07757-90f6-7ca2-9931-c03ede6acaf9,01a07757-931f-7852-a7a0-a0f0c39cc2c4,01a07757-a537-74a3-a019-0e05cb0d8a36,f,2026-09-06 15:30:27.812062+00
01a07757-a5a9-7b43-9032-491a2e5d9283,01a07757-90f6-7ca2-9931-c03ede6acaf9,01a07757-931f-7852-a7a0-a1116b317c0d,01a07757-a537-74a3-a019-0e05cb0d8a36,f,2026-09-06 15:30:27.812062+00
01a07757-a5a9-7b43-9032-492aecc43dd6,01a07757-90f6-7ca2-9931-c03ede6acaf9,01a07757-931f-7852-a7a0-a0f0c39cc2c4,01a07757-a537-74a3-a019-0e05cb0d8a36,f,2026-09-06 15:30:27.812062+00
01a07757-a5a9-7b43-9032-493651b8dad7,01a07757-90f6-7ca2-9931-c03ede6acaf9,01a07757-931f-7852-a7a0-a1116b317c0d,01a07757-a537-74a3-a019-0e05cb0d8a36,f,2026-09-06 15:30:27.812062+00
01a07757-a5aa-7310-a29c-73a1d56c2595,01a07757-90f6-7ca2-9931-c03ede6acaf9,01a07757-931f-7852-a7a0-a132d42d661c,01a07757-a537-74a3-a019-0e1111f1ed18,f,2026-09-06 15:30:27.812062+00
01a07757-a5aa-7310-a29c-73b5609a04e8,01a07757-90f6-7ca2-9931-c03ede6acaf9,01a07757-931f-7852-a7a0-a159ce2d4698,01a07757-a537-74a3-a019-0e1111f1ed18,f,2026-09-06 15:30:27.812062+00
01a07757-a5aa-7310-a29c-73c3f5f666aa,01a07757-90f6-7ca2-9931-c03ede6acaf9,01a07757-931f-7852-a7a0-a132d42d661c,01a07757-a537-74a3-a019-0e1111f1ed18,f,2026-09-06 15:30:27.812062+00
01a07757-a5aa-7310-a29c-73dc47ff409e,01a07757-90f6-7ca2-9931-c03ede6acaf9,01a07757-931f-7852-a7a0-a159ce2d4698,01a07757-a537-74a3-a019-0e1111f1ed18,f,2026-09-06 15:30:27.812062+00
01a07757-a5aa-7310-a29c-73e646c2ca6f,01a07757-90f6-7ca2-9931-c03ede6acaf9,01a07757-931f-7852-a7a0-a132d42d661c,01a07757-a537-74a3-a019-0e1111f1ed18,f,2026-09-06 15:30:27.812062+00
01a07757-a5ab-77e0-bed7-89e25b2c5206,01a07757-90f6-7ca2-9931-c03ede6acaf9,01a07757-931f-7852-a7a0-a159ce2d4698,01a07757-a537-74a3-a019-0e1111f1ed18,f,2026-09-06 15:30:27.812062+00
01a07757-a5ab-77e0-bed7-89f029077063,01a07757-90f6-7ca2-9931-c03ede6acaf9,01a07757-931f-7852-a7a0-a17d0ef20ed4,01a07757-a537-74a3-a019-0e20bc27a922,f,2026-09-06 15:30:27.812062+00
01a07757-a5ac-7ac3-abab-8c5d0e7b469b,01a07757-90f6-7ca2-9931-c03ede6acaf9,01a07757-931f-7852-a7a0-a1914a238078,01a07757-a537-74a3-a019-0e20bc27a922,f,2026-09-06 15:30:27.812062+00
01a07757-a5ac-7ac3-abab-8c6dfa83c9b4,01a07757-90f6-7ca2-9931-c03ede6acaf9,01a07757-931f-7852-a7a0-a17d0ef20ed4,01a07757-a537-74a3-a019-0e20bc27a922,f,2026-09-06 15:30:27.812062+00
01a07757-a5ac-7ac3-abab-8c7a173ce907,01a07757-90f6-7ca2-9931-c03ede6acaf9,01a07757-931f-7852-a7a0-a1914a238078,01a07757-a537-74a3-a019-0e20bc27a922,f,2026-09-06 15:30:27.812062+00
01a07757-a5ac-7ac3-abab-8c80de62e92c,01a07757-90f6-7ca2-9931-c03ede6acaf9,01a07757-931f-7852-a7a0-a17d0ef20ed4,01a07757-a537-74a3-a019-0e20bc27a922,f,2026-09-06 15:30:27.812062+00
01a07757-a5ac-7ac3-abab-8c9401175963,01a07757-90f6-7ca2-9931-c03ede6acaf9,01a07757-931f-7852-a7a0-a1914a238078,01a07757-a537-74a3-a019-0e20bc27a922,f,2026-09-06 15:30:27.812062+00
01a07757-a5ad-79b3-b863-4540e0886e4f,01a07757-90f6-7ca2-9931-c03ede6acaf9,01a07757-931f-7852-a7a0-a1b97fa6c31c,01a07757-a537-74a3-a019-0e3afdd563b3,f,2026-09-06 15:30:27.812062+00
01a07757-a5ad-79b3-b863-4557781a823e,01a07757-90f6-7ca2-9931-c03ede6acaf9,01a07757-931f-7852-a7a0-a1d20593b8fd,01a07757-a537-74a3-a019-0e3afdd563b3,f,2026-09-06 15:30:27.812062+00
01a07757-a5ad-79b3-b863-4561dcf68d80,01a07757-90f6-7ca2-9931-c03ede6acaf9,01a07757-931f-7852-a7a0-a1b97fa6c31c,01a07757-a537-74a3-a019-0e3afdd563b3,f,2026-09-06 15:30:27.812062+00
01a07757-a5ad-79b3-b863-457b7d1fc709,01a07757-90f6-7ca2-9931-c03ede6acaf9,01a07757-931f-7852-a7a0-a1d20593b8fd,01a07757-a537-74a3-a019-0e3afdd563b3,f,2026-09-06 15:30:27.812062+00
01a07757-a5ae-79f2-aa28-395da06acbe7,01a07757-90f6-7ca2-9931-c03ede6acaf9,01a07757-931f-7852-a7a0-a1b97fa6c31c,01a07757-a537-74a3-a019-0e3afdd563b3,f,2026-09-06 15:30:27.812062+00
01a07757-a5ae-79f2-aa28-396dc360b3db,01a07757-90f6-7ca2-9931-c03ede6acaf9,01a07757-931f-7852-a7a0-a1d20593b8fd,01a07757-a537-74a3-a019-0e3afdd563b3,f,2026-09-06 15:30:27.812062+00
01a07757-a5ae-79f2-aa28-3970b90c0fde,01a07757-90f6-7ca2-9931-c03ede6acaf9,01a07757-931f-7852-a7a0-a1f3a421f367,01a07757-a537-74a3-a019-0e463f410bda,f,2026-09-06 15:30:27.812062+00
01a07757-a5af-7ab2-998d-4564851c1800,01a07757-90f6-7ca2-9931-c03ede6acaf9,01a07757-931f-7852-a7a0-a21286c836a3,01a07757-a537-74a3-a019-0e463f410bda,f,2026-09-06 15:30:27.812062+00
01a07757-a5af-7ab2-998d-45760355b408,01a07757-90f6-7ca2-9931-c03ede6acaf9,01a07757-931f-7852-a7a0-a1f3a421f367,01a07757-a537-74a3-a019-0e463f410bda,f,2026-09-06 15:30:27.812062+00
01a07757-a5af-7ab2-998d-458e80d9dc0a,01a07757-90f6-7ca2-9931-c03ede6acaf9,01a07757-931f-7852-a7a0-a21286c836a3,01a07757-a537-74a3-a019-0e463f410bda,f,2026-09-06 15:30:27.812062+00
01a07757-a5af-7ab2-998d-459a5e79f7ae,01a07757-90f6-7ca2-9931-c03ede6acaf9,01a07757-931f-7852-a7a0-a1f3a421f367,01a07757-a537-74a3-a019-0e463f410bda,f,2026-09-06 15:30:27.812062+00
01a07757-a5af-7ab2-998d-45af15e4df8c,01a07757-90f6-7ca2-9931-c03ede6acaf9,01a07757-931f-7852-a7a0-a21286c836a3,01a07757-a537-74a3-a019-0e463f410bda,f,2026-09-06 15:30:27.812062+00
01a07757-a5b0-79f0-821d-90c8e7d96224,01a07757-90f6-7ca2-9931-c03ede6acaf9,01a07757-931f-7852-a7a0-a232c9a732de,01a07757-a537-74a3-a019-0e5ba952c602,f,2026-09-06 15:30:27.812062+00
01a07757-a5b1-7162-80bd-41a10235f700,01a07757-90f6-7ca2-9931-c03ede6acaf9,01a07757-931f-7852-a7a0-a252dbb54dd9,01a07757-a537-74a3-a019-0e5ba952c602,f,2026-09-06 15:30:27.812062+00
01a07757-a5b1-7162-80bd-41b53fbc79a2,01a07757-90f6-7ca2-9931-c03ede6acaf9,01a07757-931f-7852-a7a0-a232c9a732de,01a07757-a537-74a3-a019-0e5ba952c602,f,2026-09-06 15:30:27.812062+00
01a07757-a5b1-7162-80bd-41c061be3484,01a07757-90f6-7ca2-9931-c03ede6acaf9,01a07757-931f-7852-a7a0-a252dbb54dd9,01a07757-a537-74a3-a019-0e5ba952c602,f,2026-09-06 15:30:27.812062+00
01a07757-a5b1-7162-80bd-41d04743498d,01a07757-90f6-7ca2-9931-c03ede6acaf9,01a07757-931f-7852-a7a0-a232c9a732de,01a07757-a537-74a3-a019-0e5ba952c602,f,2026-09-06 15:30:27.812062+00
01a07757-a5b1-7162-80bd-41ebdf9e8828,01a07757-90f6-7ca2-9931-c03ede6acaf9,01a07757-931f-7852-a7a0-a252dbb54dd9,01a07757-a537-74a3-a019-0e5ba952c602,f,2026-09-06 15:30:27.812062+00
01a07757-a5b2-70f1-a924-fdf286dde345,01a07757-90f6-7ca2-9931-c03ede6acaf9,01a07757-931f-7852-a7a0-a278d49bf95b,01a07757-a537-74a3-a019-0e6a3db32798,f,2026-09-06 15:30:27.812062+00
01a07757-a5b3-7371-bace-be931cc075bc,01a07757-90f6-7ca2-9931-c03ede6acaf9,01a07757-931f-7852-a7a0-a298c53db29e,01a07757-a537-74a3-a019-0e6a3db32798,f,2026-09-06 15:30:27.812062+00
01a07757-a5b3-7371-bace-beab7f249636,01a07757-90f6-7ca2-9931-c03ede6acaf9,01a07757-931f-7852-a7a0-a278d49bf95b,01a07757-a537-74a3-a019-0e6a3db32798,f,2026-09-06 15:30:27.812062+00
01a07757-a5b3-7371-bace-bebda141febb,01a07757-90f6-7ca2-9931-c03ede6acaf9,01a07757-931f-7852-a7a0-a298c53db29e,01a07757-a537-74a3-a019-0e6a3db32798,f,2026-09-06 15:30:27.812062+00
01a07757-a5b3-7371-bace-bec04c7be14e,01a07757-90f6-7ca2-9931-c03ede6acaf9,01a07757-931f-7852-a7a0-a278d49bf95b,01a07757-a537-74a3-a019-0e6a3db32798,f,2026-09-06 15:30:27.812062+00
01a07757-a5b3-7371-bace-bede15913248,01a07757-90f6-7ca2-9931-c03ede6acaf9,01a07757-931f-7852-a7a0-a298c53db29e,01a07757-a537-74a3-a019-0e6a3db32798,f,2026-09-06 15:30:27.812062+00
01a07757-a5b4-7323-ad6a-b53f37d89a93,01a07757-90f6-7ca2-9931-c03ede6acaf9,01a07757-931f-7852-a7a0-a2b4ec9fb499,01a07757-a537-74a3-a019-0e737ed7c12e,f,2026-09-06 15:30:27.812062+00
01a07757-a5b4-7323-ad6a-b543c781fccc,01a07757-90f6-7ca2-9931-c03ede6acaf9,01a07757-931f-7852-a7a0-a2db6441d866,01a07757-a537-74a3-a019-0e737ed7c12e,f,2026-09-06 15:30:27.812062+00
01a07757-a5b5-7082-bf94-cb82c2adddc4,01a07757-90f6-7ca2-9931-c03ede6acaf9,01a07757-931f-7852-a7a0-a2b4ec9fb499,01a07757-a537-74a3-a019-0e737ed7c12e,f,2026-09-06 15:30:27.812062+00
01a07757-a5b5-7082-bf94-cb9b7d87c8a5,01a07757-90f6-7ca2-9931-c03ede6acaf9,01a07757-931f-7852-a7a0-a2db6441d866,01a07757-a537-74a3-a019-0e737ed7c12e,f,2026-09-06 15:30:27.812062+00
01a07757-a5b5-7082-bf94-cbab89d8feb4,01a07757-90f6-7ca2-9931-c03ede6acaf9,01a07757-931f-7852-a7a0-a2b4ec9fb499,01a07757-a537-74a3-a019-0e737ed7c12e,f,2026-09-06 15:30:27.812062+00
01a07757-a5b5-7082-bf94-cbbf1a0f5d70,01a07757-90f6-7ca2-9931-c03ede6acaf9,01a07757-931f-7852-a7a0-a2db6441d866,01a07757-a537-74a3-a019-0e737ed7c12e,f,2026-09-06 15:30:27.812062+00
01a07757-a5b6-7283-b424-e5bb07e36207,01a07757-90f6-7ca2-9931-c03ede6acaf9,01a07757-931f-7852-a7a0-a2f5ef373ed1,01a07757-a537-74a3-a019-0e86a7d5ba65,f,2026-09-06 15:30:27.812062+00
01a07757-a5b7-7ee0-85f3-d3fe8f336175,01a07757-90f6-7ca2-9931-c03ede6acaf9,01a07757-931f-7852-a7a0-a31a14bd6975,01a07757-a537-74a3-a019-0e86a7d5ba65,f,2026-09-06 15:30:27.812062+00
01a07757-a5b7-7ee0-85f3-d40e56d36a96,01a07757-90f6-7ca2-9931-c03ede6acaf9,01a07757-931f-7852-a7a0-a2f5ef373ed1,01a07757-a537-74a3-a019-0e86a7d5ba65,f,2026-09-06 15:30:27.812062+00
01a07757-a5b7-7ee0-85f3-d4186b0c5adc,01a07757-90f6-7ca2-9931-c03ede6acaf9,01a07757-931f-7852-a7a0-a31a14bd6975,01a07757-a537-74a3-a019-0e86a7d5ba65,f,2026-09-06 15:30:27.812062+00
01a07757-a5b7-7ee0-85f3-d42c91db6cf7,01a07757-90f6-7ca2-9931-c03ede6acaf9,01a07757-931f-7852-a7a0-a2f5ef373ed1,01a07757-a537-74a3-a019-0e86a7d5ba65,f,2026-09-06 15:30:27.812062+00
01a07757-a5b8-71c3-a2e8-468c4a872191,01a07757-90f6-7ca2-9931-c03ede6acaf9,01a07757-931f-7852-a7a0-a31a14bd6975,01a07757-a537-74a3-a019-0e86a7d5ba65,f,2026-09-06 15:30:27.812062+00
01a07757-a5b8-71c3-a2e8-46910bff3ee3,01a07757-90f6-7ca2-9931-c03ede6acaf9,01a07757-931f-7852-a7a0-a338a9df493e,01a07757-a537-74a3-a019-0e95c13dbd4b,f,2026-09-06 15:30:27.812062+00
01a07757-a5b9-7f83-8153-e8858b047125,01a07757-90f6-7ca2-9931-c03ede6acaf9,01a07757-931f-7852-a7a0-a35dc817742d,01a07757-a537-74a3-a019-0e95c13dbd4b,f,2026-09-06 15:30:27.812062+00
01a07757-a5b9-7f83-8153-e89e09c06e15,01a07757-90f6-7ca2-9931-c03ede6acaf9,01a07757-931f-7852-a7a0-a338a9df493e,01a07757-a537-74a3-a019-0e95c13dbd4b,f,2026-09-06 15:30:27.812062+00
01a07757-a5b9-7f83-8153-e8a44da95287,01a07757-90f6-7ca2-9931-c03ede6acaf9,01a07757-931f-7852-a7a0-a35dc817742d,01a07757-a537-74a3-a019-0e95c13dbd4b,f,2026-09-06 15:30:27.812062+00
01a07757-a5b9-7f83-8153-e8b4b830c137,01a07757-90f6-7ca2-9931-c03ede6acaf9,01a07757-931f-7852-a7a0-a338a9df493e,01a07757-a537-74a3-a019-0e95c13dbd4b,f,2026-09-06 15:30:27.812062+00
01a07757-a5ba-7512-8185-91a14e56dfc4,01a07757-90f6-7ca2-9931-c03ede6acaf9,01a07757-931f-7852-a7a0-a35dc817742d,01a07757-a537-74a3-a019-0e95c13dbd4b,f,2026-09-06 15:30:27.812062+00
01a07757-a5ba-7512-8185-91b6f0ee1898,01a07757-90f6-7ca2-9931-c03ede6acaf9,01a07757-931f-7852-a7a0-a37cdf9d2319,01a07757-a537-74a3-a019-0eaba0102191,f,2026-09-06 15:30:27.812062+00
01a07757-a5bb-7222-84b4-5aa12aa157e9,01a07757-90f6-7ca2-9931-c03ede6acaf9,01a07757-931f-7852-a7a0-a391ab7db53a,01a07757-a537-74a3-a019-0eaba0102191,f,2026-09-06 15:30:27.812062+00
01a07757-a5bb-7222-84b4-5ab85a5ebdc5,01a07757-90f6-7ca2-9931-c03ede6acaf9,01a07757-931f-7852-a7a0-a37cdf9d2319,01a07757-a537-74a3-a019-0eaba0102191,f,2026-09-06 15:30:27.812062+00
01a07757-a5bb-7222-84b4-5ac51641e3b0,01a07757-90f6-7ca2-9931-c03ede6acaf9,01a07757-931f-7852-a7a0-a391ab7db53a,01a07757-a537-74a3-a019-0eaba0102191,f,2026-09-06 15:30:27.812062+00
01a07757-a5bc-7ea2-8e72-ae34b4cd983b,01a07757-90f6-7ca2-9931-c03ede6acaf9,01a07757-931f-7852-a7a0-a37cdf9d2319,01a07757-a537-74a3-a019-0eaba0102191,f,2026-09-06 15:30:27.812062+00
01a07757-a5bc-7ea2-8e72-ae4bdd86c899,01a07757-90f6-7ca2-9931-c03ede6acaf9,01a07757-931f-7852-a7a0-a391ab7db53a,01a07757-a537-74a3-a019-0eaba0102191,f,2026-09-06 15:30:27.812062+00
01a07757-a5bc-7ea2-8e72-ae588b789cb9,01a07757-90f6-7ca2-9931-c03ede6acaf9,01a07757-931f-7852-a7a0-a3b00271e2ba,01a07757-a537-74a3-a019-0ebad89c25b0,f,2026-09-06 15:30:27.812062+00
01a07757-a5bd-7d31-a530-390eab9dd260,01a07757-90f6-7ca2-9931-c03ede6acaf9,01a07757-931f-7852-a7a0-a3d3257ddd4e,01a07757-a537-74a3-a019-0ebad89c25b0,f,2026-09-06 15:30:27.812062+00
01a07757-a5bd-7d31-a530-391c95764d68,01a07757-90f6-7ca2-9931-c03ede6acaf9,01a07757-931f-7852-a7a0-a3b00271e2ba,01a07757-a537-74a3-a019-0ebad89c25b0,f,2026-09-06 15:30:27.812062+00
01a07757-a5bd-7d31-a530-392337c7d61f,01a07757-90f6-7ca2-9931-c03ede6acaf9,01a07757-931f-7852-a7a0-a3d3257ddd4e,01a07757-a537-74a3-a019-0ebad89c25b0,f,2026-09-06 15:30:27.812062+00
01a07757-a5bd-7d31-a530-3931a7a668de,01a07757-90f6-7ca2-9931-c03ede6acaf9,01a07757-931f-7852-a7a0-a3b00271e2ba,01a07757-a537-74a3-a019-0ebad89c25b0,f,2026-09-06 15:30:27.812062+00
01a07757-a5bd-7d31-a530-39498f12b5df,01a07757-90f6-7ca2-9931-c03ede6acaf9,01a07757-931f-7852-a7a0-a3d3257ddd4e,01a07757-a537-74a3-a019-0ebad89c25b0,f,2026-09-06 15:30:27.812062+00
01a07757-a5be-7e52-84ed-dd8d0b144a10,01a07757-90f6-7ca2-9931-c03ede6acaf9,01a07757-931f-7852-a7a0-a3f71d3c3aa9,01a07757-a537-74a3-a019-0ecd29402449,f,2026-09-06 15:30:27.812062+00
01a07757-a5be-7e52-84ed-dd9cb54f3472,01a07757-90f6-7ca2-9931-c03ede6acaf9,01a07757-931f-7852-a7a0-a41a71284e5d,01a07757-a537-74a3-a019-0ecd29402449,f,2026-09-06 15:30:27.812062+00
01a07757-a5be-7e52-84ed-dda9a6ac521c,01a07757-90f6-7ca2-9931-c03ede6acaf9,01a07757-931f-7852-a7a0-a3f71d3c3aa9,01a07757-a537-74a3-a019-0ecd29402449,f,2026-09-06 15:30:27.812062+00
01a07757-a5bf-77e3-a906-82f24201672b,01a07757-90f6-7ca2-9931-c03ede6acaf9,01a07757-931f-7852-a7a0-a41a71284e5d,01a07757-a537-74a3-a019-0ecd29402449,f,2026-09-06 15:30:27.812062+00
01a07757-a5bf-77e3-a906-830c2e321253,01a07757-90f6-7ca2-9931-c03ede6acaf9,01a07757-931f-7852-a7a0-a3f71d3c3aa9,01a07757-a537-74a3-a019-0ecd29402449,f,2026-09-06 15:30:27.812062+00
01a07757-a5bf-77e3-a906-8317847e2843,01a07757-90f6-7ca2-9931-c03ede6acaf9,01a07757-931f-7852-a7a0-a41a71284e5d,01a07757-a537-74a3-a019-0ecd29402449,f,2026-09-06 15:30:27.812062+00
01a07757-a5c0-7ac3-99eb-b9c336dfc8d6,01a07757-90f6-7ca2-9931-c03ede6acaf9,01a07757-931f-7852-a7a0-a43c9916b843,01a07757-a537-74a3-a019-0edc8f687974,f,2026-09-06 15:30:27.812062+00
01a07757-a5c0-7ac3-99eb-b9dac2d9547f,01a07757-90f6-7ca2-9931-c03ede6acaf9,01a07757-931f-7852-a7a0-a4557db13905,01a07757-a537-74a3-a019-0edc8f687974,f,2026-09-06 15:30:27.812062+00
01a07757-a5c0-7ac3-99eb-b9ea2c9576fc,01a07757-90f6-7ca2-9931-c03ede6acaf9,01a07757-931f-7852-a7a0-a43c9916b843,01a07757-a537-74a3-a019-0edc8f687974,f,2026-09-06 15:30:27.812062+00
01a07757-a5c0-7ac3-99eb-b9fe912b7a2b,01a07757-90f6-7ca2-9931-c03ede6acaf9,01a07757-931f-7852-a7a0-a4557db13905,01a07757-a537-74a3-a019-0edc8f687974,f,2026-09-06 15:30:27.812062+00
01a07757-a5c0-7ac3-99eb-ba04f44c952c,01a07757-90f6-7ca2-9931-c03ede6acaf9,01a07757-931f-7852-a7a0-a43c9916b843,01a07757-a537-74a3-a019-0edc8f687974,f,2026-09-06 15:30:27.812062+00
01a07757-a5c1-7e31-a084-fc2b27e25893,01a07757-90f6-7ca2-9931-c03ede6acaf9,01a07757-931f-7852-a7a0-a4557db13905,01a07757-a537-74a3-a019-0edc8f687974,f,2026-09-06 15:30:27.812062+00
01a07757-a5c1-7e31-a084-fc377980c307,01a07757-90f6-7ca2-9931-c03ede6acaf9,01a07757-931f-7852-a7a0-a475526bfff9,01a07757-a537-74a3-a019-0ee8dd16b90f,f,2026-09-06 15:30:27.812062+00
01a07757-a5c2-7c82-929d-bee132c7403b,01a07757-90f6-7ca2-9931-c03ede6acaf9,01a07757-931f-7852-a7a0-a494eb43cf9f,01a07757-a537-74a3-a019-0ee8dd16b90f,f,2026-09-06 15:30:27.812062+00
01a07757-a5c2-7c82-929d-bef76d1c178e,01a07757-90f6-7ca2-9931-c03ede6acaf9,01a07757-931f-7852-a7a0-a475526bfff9,01a07757-a537-74a3-a019-0ee8dd16b90f,f,2026-09-06 15:30:27.812062+00
01a07757-a5c2-7c82-929d-bf0cbf3fbf3a,01a07757-90f6-7ca2-9931-c03ede6acaf9,01a07757-931f-7852-a7a0-a494eb43cf9f,01a07757-a537-74a3-a019-0ee8dd16b90f,f,2026-09-06 15:30:27.812062+00
01a07757-a5c2-7c82-929d-bf147e909f0a,01a07757-90f6-7ca2-9931-c03ede6acaf9,01a07757-931f-7852-a7a0-a475526bfff9,01a07757-a537-74a3-a019-0ee8dd16b90f,f,2026-09-06 15:30:27.812062+00
01a07757-a5c3-7932-878f-306dc62f642b,01a07757-90f6-7ca2-9931-c03ede6acaf9,01a07757-931f-7852-a7a0-a494eb43cf9f,01a07757-a537-74a3-a019-0ee8dd16b90f,f,2026-09-06 15:30:27.812062+00
01a07757-a5c3-7932-878f-3078dc3db133,01a07757-90f6-7ca2-9931-c03ede6acaf9,01a07757-931f-7852-a7a0-a4b7a1439fd8,01a07757-a537-74a3-a019-0ef89e670abe,f,2026-09-06 15:30:27.812062+00
01a07757-a5c4-7a51-a343-95a32850c4e9,01a07757-90f6-7ca2-9931-c03ede6acaf9,01a07757-931f-7852-a7a0-a4da11487e65,01a07757-a537-74a3-a019-0ef89e670abe,f,2026-09-06 15:30:27.812062+00
01a07757-a5c4-7a51-a343-95b79e319443,01a07757-90f6-7ca2-9931-c03ede6acaf9,01a07757-931f-7852-a7a0-a4b7a1439fd8,01a07757-a537-74a3-a019-0ef89e670abe,f,2026-09-06 15:30:27.812062+00
01a07757-a5c4-7a51-a343-95c5f02d7c1a,01a07757-90f6-7ca2-9931-c03ede6acaf9,01a07757-931f-7852-a7a0-a4da11487e65,01a07757-a537-74a3-a019-0ef89e670abe,f,2026-09-06 15:30:27.812062+00
01a07757-a5c4-7a51-a343-95d51d89244c,01a07757-90f6-7ca2-9931-c03ede6acaf9,01a07757-931f-7852-a7a0-a4b7a1439fd8,01a07757-a537-74a3-a019-0ef89e670abe,f,2026-09-06 15:30:27.812062+00
01a07757-a5c4-7a51-a343-95e2b1b6d1b7,01a07757-90f6-7ca2-9931-c03ede6acaf9,01a07757-931f-7852-a7a0-a4da11487e65,01a07757-a537-74a3-a019-0ef89e670abe,f,2026-09-06 15:30:27.812062+00
01a07757-a5c5-75d2-ac13-0033fa1179b0,01a07757-90f6-7ca2-9931-c03ede6acaf9,01a07757-9320-7450-bf66-11d540ffcada,01a07757-a537-74a3-a019-0f01ec031029,f,2026-09-06 15:30:27.812062+00
01a07757-a5c5-75d2-ac13-004120e84b97,01a07757-90f6-7ca2-9931-c03ede6acaf9,01a07757-9320-7450-bf66-11f1c61fd431,01a07757-a537-74a3-a019-0f01ec031029,f,2026-09-06 15:30:27.812062+00
01a07757-a5c5-75d2-ac13-005f972cac5c,01a07757-90f6-7ca2-9931-c03ede6acaf9,01a07757-9320-7450-bf66-11d540ffcada,01a07757-a537-74a3-a019-0f01ec031029,f,2026-09-06 15:30:27.812062+00
01a07757-a5c6-72b3-8bb5-a61daaf4f391,01a07757-90f6-7ca2-9931-c03ede6acaf9,01a07757-9320-7450-bf66-11f1c61fd431,01a07757-a537-74a3-a019-0f01ec031029,f,2026-09-06 15:30:27.812062+00
01a07757-a5c6-72b3-8bb5-a62cef24be2f,01a07757-90f6-7ca2-9931-c03ede6acaf9,01a07757-9320-7450-bf66-11d540ffcada,01a07757-a537-74a3-a019-0f01ec031029,f,2026-09-06 15:30:27.812062+00
01a07757-a5c6-72b3-8bb5-a63ee1b8c0a4,01a07757-90f6-7ca2-9931-c03ede6acaf9,01a07757-9320-7450-bf66-11f1c61fd431,01a07757-a537-74a3-a019-0f01ec031029,f,2026-09-06 15:30:27.812062+00
01a07757-a5c7-7ae0-8130-f40c94464013,01a07757-90f6-7ca2-9931-c03ede6acaf9,01a07757-9320-7450-bf66-12149c56ffb9,01a07757-a537-74a3-a019-0f135c87fc91,f,2026-09-06 15:30:27.812062+00
01a07757-a5c7-7ae0-8130-f41857885cf1,01a07757-90f6-7ca2-9931-c03ede6acaf9,01a07757-9320-7450-bf66-123a2a163750,01a07757-a537-74a3-a019-0f135c87fc91,f,2026-09-06 15:30:27.812062+00
01a07757-a5c7-7ae0-8130-f42b78cf4fca,01a07757-90f6-7ca2-9931-c03ede6acaf9,01a07757-9320-7450-bf66-12149c56ffb9,01a07757-a537-74a3-a019-0f135c87fc91,f,2026-09-06 15:30:27.812062+00
01a07757-a5c7-7ae0-8130-f43ed8c164b1,01a07757-90f6-7ca2-9931-c03ede6acaf9,01a07757-9320-7450-bf66-123a2a163750,01a07757-a537-74a3-a019-0f135c87fc91,f,2026-09-06 15:30:27.812062+00
01a07757-a5c7-7ae0-8130-f44e0ef4dbce,01a07757-90f6-7ca2-9931-c03ede6acaf9,01a07757-9320-7450-bf66-12149c56ffb9,01a07757-a537-74a3-a019-0f135c87fc91,f,2026-09-06 15:30:27.812062+00
01a07757-a5c8-7321-8b6e-efaff113889e,01a07757-90f6-7ca2-9931-c03ede6acaf9,01a07757-9320-7450-bf66-123a2a163750,01a07757-a537-74a3-a019-0f135c87fc91,f,2026-09-06 15:30:27.812062+00
01a07757-a5c8-7321-8b6e-efb3fbaeaa56,01a07757-90f6-7ca2-9931-c03ede6acaf9,01a07757-9320-7450-bf66-1257311ce46b,01a07757-a537-74a3-a019-0f2e1696126b,f,2026-09-06 15:30:27.812062+00
01a07757-a5c8-7321-8b6e-efcbcf218b30,01a07757-90f6-7ca2-9931-c03ede6acaf9,01a07757-9320-7450-bf66-12700aec9365,01a07757-a537-74a3-a019-0f2e1696126b,f,2026-09-06 15:30:27.812062+00
01a07757-a5c8-7321-8b6e-efd727d9dc23,01a07757-90f6-7ca2-9931-c03ede6acaf9,01a07757-9320-7450-bf66-1257311ce46b,01a07757-a537-74a3-a019-0f2e1696126b,f,2026-09-06 15:30:27.812062+00
01a07757-a5c9-7873-bf66-7fb705de189e,01a07757-90f6-7ca2-9931-c03ede6acaf9,01a07757-9320-7450-bf66-12700aec9365,01a07757-a537-74a3-a019-0f2e1696126b,f,2026-09-06 15:30:27.812062+00
01a07757-a5c9-7873-bf66-7fc7f671ed2b,01a07757-90f6-7ca2-9931-c03ede6acaf9,01a07757-9320-7450-bf66-1257311ce46b,01a07757-a537-74a3-a019-0f2e1696126b,f,2026-09-06 15:30:27.812062+00
01a07757-a5c9-7873-bf66-7fdf98706340,01a07757-90f6-7ca2-9931-c03ede6acaf9,01a07757-9320-7450-bf66-12700aec9365,01a07757-a537-74a3-a019-0f2e1696126b,f,2026-09-06 15:30:27.812062+00
01a07757-a5ca-7da2-af45-860ee2b4d230,01a07757-90f6-7ca2-9931-c03ede6acaf9,01a07757-9320-7450-bf66-129356973b04,01a07757-a537-74a3-a019-0f3e50cfd457,f,2026-09-06 15:30:27.812062+00
01a07757-a5ca-7da2-af45-8614d1524798,01a07757-90f6-7ca2-9931-c03ede6acaf9,01a07757-9320-7450-bf66-12b04b5b4ca8,01a07757-a537-74a3-a019-0f3e50cfd457,f,2026-09-06 15:30:27.812062+00
01a07757-a5ca-7da2-af45-862b38fb77d6,01a07757-90f6-7ca2-9931-c03ede6acaf9,01a07757-9320-7450-bf66-129356973b04,01a07757-a537-74a3-a019-0f3e50cfd457,f,2026-09-06 15:30:27.812062+00
01a07757-a5ca-7da2-af45-8637629d2edd,01a07757-90f6-7ca2-9931-c03ede6acaf9,01a07757-9320-7450-bf66-12b04b5b4ca8,01a07757-a537-74a3-a019-0f3e50cfd457,f,2026-09-06 15:30:27.812062+00
01a07757-a5ca-7da2-af45-8648ac4c0ed2,01a07757-90f6-7ca2-9931-c03ede6acaf9,01a07757-9320-7450-bf66-129356973b04,01a07757-a537-74a3-a019-0f3e50cfd457,f,2026-09-06 15:30:27.812062+00
01a07757-a5ca-7da2-af45-86549369a9bb,01a07757-90f6-7ca2-9931-c03ede6acaf9,01a07757-9320-7450-bf66-12b04b5b4ca8,01a07757-a537-74a3-a019-0f3e50cfd457,f,2026-09-06 15:30:27.812062+00
01a07757-a5cb-7990-badb-f8e4f95ad06f,01a07757-90f6-7ca2-9931-c03ede6acaf9,01a07757-9320-7450-bf66-12d33b9f40d2,01a07757-a537-74a3-a019-0f4d080f6d61,f,2026-09-06 15:30:27.812062+00
01a07757-a5cb-7990-badb-f8f9339e5114,01a07757-90f6-7ca2-9931-c03ede6acaf9,01a07757-9320-7450-bf66-12f806ad85f9,01a07757-a537-74a3-a019-0f4d080f6d61,f,2026-09-06 15:30:27.812062+00
01a07757-a5cb-7990-badb-f905ed70c817,01a07757-90f6-7ca2-9931-c03ede6acaf9,01a07757-9320-7450-bf66-12d33b9f40d2,01a07757-a537-74a3-a019-0f4d080f6d61,f,2026-09-06 15:30:27.812062+00
01a07757-a5cc-7880-bec0-779c210dd814,01a07757-90f6-7ca2-9931-c03ede6acaf9,01a07757-9320-7450-bf66-12f806ad85f9,01a07757-a537-74a3-a019-0f4d080f6d61,f,2026-09-06 15:30:27.812062+00
01a07757-a5cc-7880-bec0-77a0e6187b8a,01a07757-90f6-7ca2-9931-c03ede6acaf9,01a07757-9320-7450-bf66-12d33b9f40d2,01a07757-a537-74a3-a019-0f4d080f6d61,f,2026-09-06 15:30:27.812062+00
01a07757-a5cc-7880-bec0-77b314f7e57f,01a07757-90f6-7ca2-9931-c03ede6acaf9,01a07757-9320-7450-bf66-12f806ad85f9,01a07757-a537-74a3-a019-0f4d080f6d61,f,2026-09-06 15:30:27.812062+00
01a07757-a5cd-79c1-a097-bb28829da740,01a07757-90f6-7ca2-9931-c03ede6acaf9,01a07757-9320-7450-bf66-1317aa3cee98,01a07757-a537-74a3-a019-0f5548c914cd,f,2026-09-06 15:30:27.812062+00
01a07757-a5cd-79c1-a097-bb3f3aabe081,01a07757-90f6-7ca2-9931-c03ede6acaf9,01a07757-9320-7450-bf66-1338b110de8b,01a07757-a537-74a3-a019-0f5548c914cd,f,2026-09-06 15:30:27.812062+00
01a07757-a5cd-79c1-a097-bb4763b7ff9d,01a07757-90f6-7ca2-9931-c03ede6acaf9,01a07757-9320-7450-bf66-1317aa3cee98,01a07757-a537-74a3-a019-0f5548c914cd,f,2026-09-06 15:30:27.812062+00
01a07757-a5cd-79c1-a097-bb57eb38e716,01a07757-90f6-7ca2-9931-c03ede6acaf9,01a07757-9320-7450-bf66-1338b110de8b,01a07757-a537-74a3-a019-0f5548c914cd,f,2026-09-06 15:30:27.812062+00
01a07757-a5cd-79c1-a097-bb6a72271c06,01a07757-90f6-7ca2-9931-c03ede6acaf9,01a07757-9320-7450-bf66-1317aa3cee98,01a07757-a537-74a3-a019-0f5548c914cd,f,2026-09-06 15:30:27.812062+00
01a07757-a5cd-79c1-a097-bb7171b4214d,01a07757-90f6-7ca2-9931-c03ede6acaf9,01a07757-9320-7450-bf66-1338b110de8b,01a07757-a537-74a3-a019-0f5548c914cd,f,2026-09-06 15:30:27.812062+00
01a07757-a5ce-7273-8cd9-a881117bcc6a,01a07757-90f6-7ca2-9931-c03ede6acaf9,01a07757-9320-7450-bf66-1359484cab4d,01a07757-a537-74a3-a019-0f6f2ab3ee28,f,2026-09-06 15:30:27.812062+00
01a07757-a5ce-7273-8cd9-a89358f47caf,01a07757-90f6-7ca2-9931-c03ede6acaf9,01a07757-9320-7450-bf66-137845580739,01a07757-a537-74a3-a019-0f6f2ab3ee28,f,2026-09-06 15:30:27.812062+00
01a07757-a5ce-7273-8cd9-a8a26c4111ce,01a07757-90f6-7ca2-9931-c03ede6acaf9,01a07757-9320-7450-bf66-1359484cab4d,01a07757-a537-74a3-a019-0f6f2ab3ee28,f,2026-09-06 15:30:27.812062+00
01a07757-a5ce-7273-8cd9-a8badd8b1cb8,01a07757-90f6-7ca2-9931-c03ede6acaf9,01a07757-9320-7450-bf66-137845580739,01a07757-a537-74a3-a019-0f6f2ab3ee28,f,2026-09-06 15:30:27.812062+00
01a07757-a5cf-7b82-8506-dcce0c660a68,01a07757-90f6-7ca2-9931-c03ede6acaf9,01a07757-9320-7450-bf66-1359484cab4d,01a07757-a537-74a3-a019-0f6f2ab3ee28,f,2026-09-06 15:30:27.812062+00
01a07757-a5cf-7b82-8506-dcd72750c1cb,01a07757-90f6-7ca2-9931-c03ede6acaf9,01a07757-9320-7450-bf66-137845580739,01a07757-a537-74a3-a019-0f6f2ab3ee28,f,2026-09-06 15:30:27.812062+00
01a07757-a5cf-7b82-8506-dce51d450e1d,01a07757-90f6-7ca2-9931-c03ede6acaf9,01a07757-9320-7450-bf66-139ee7891152,01a07757-a537-74a3-a019-0f7ce4e5c130,f,2026-09-06 15:30:27.812062+00
01a07757-a5cf-7b82-8506-dcfcfe83647d,01a07757-90f6-7ca2-9931-c03ede6acaf9,01a07757-9320-7450-bf66-13b62bfbab1d,01a07757-a537-74a3-a019-0f7ce4e5c130,f,2026-09-06 15:30:27.812062+00
01a07757-a5d0-7421-a690-ddd4eaa4f315,01a07757-90f6-7ca2-9931-c03ede6acaf9,01a07757-9320-7450-bf66-139ee7891152,01a07757-a537-74a3-a019-0f7ce4e5c130,f,2026-09-06 15:30:27.812062+00
01a07757-a5d0-7421-a690-dde642f79195,01a07757-90f6-7ca2-9931-c03ede6acaf9,01a07757-9320-7450-bf66-13b62bfbab1d,01a07757-a537-74a3-a019-0f7ce4e5c130,f,2026-09-06 15:30:27.812062+00
01a07757-a5d0-7421-a690-ddf19f1ceeb9,01a07757-90f6-7ca2-9931-c03ede6acaf9,01a07757-9320-7450-bf66-139ee7891152,01a07757-a537-74a3-a019-0f7ce4e5c130,f,2026-09-06 15:30:27.812062+00
01a07757-a5d0-7421-a690-de09946eef13,01a07757-90f6-7ca2-9931-c03ede6acaf9,01a07757-9320-7450-bf66-13b62bfbab1d,01a07757-a537-74a3-a019-0f7ce4e5c130,f,2026-09-06 15:30:27.812062+00
01a07757-a5d1-79f2-8590-2a97352356ce,01a07757-90f6-7ca2-9931-c03ede6acaf9,01a07757-9321-7ac3-8214-c6396c1ca056,01a07757-a537-74a3-a019-0f84667b39b9,f,2026-09-06 15:30:27.812062+00
01a07757-a5d1-79f2-8590-2aa3c3f18768,01a07757-90f6-7ca2-9931-c03ede6acaf9,01a07757-9321-7ac3-8214-c6510155c6fd,01a07757-a537-74a3-a019-0f84667b39b9,f,2026-09-06 15:30:27.812062+00
01a07757-a5d1-79f2-8590-2abbf05b6d2b,01a07757-90f6-7ca2-9931-c03ede6acaf9,01a07757-9321-7ac3-8214-c6396c1ca056,01a07757-a537-74a3-a019-0f84667b39b9,f,2026-09-06 15:30:27.812062+00
01a07757-a5d1-79f2-8590-2ac19aaf587b,01a07757-90f6-7ca2-9931-c03ede6acaf9,01a07757-9321-7ac3-8214-c6510155c6fd,01a07757-a537-74a3-a019-0f84667b39b9,f,2026-09-06 15:30:27.812062+00
01a07757-a5d2-7180-8e37-b93bbc658e36,01a07757-90f6-7ca2-9931-c03ede6acaf9,01a07757-9321-7ac3-8214-c6396c1ca056,01a07757-a537-74a3-a019-0f84667b39b9,f,2026-09-06 15:30:27.812062+00
01a07757-a5d2-7180-8e37-b9422bb9f404,01a07757-90f6-7ca2-9931-c03ede6acaf9,01a07757-9321-7ac3-8214-c6510155c6fd,01a07757-a537-74a3-a019-0f84667b39b9,f,2026-09-06 15:30:27.812062+00
01a07757-a5d2-7180-8e37-b95741dadb73,01a07757-90f6-7ca2-9931-c03ede6acaf9,01a07757-9321-7ac3-8214-c67ccf945eb8,01a07757-a537-74a3-a019-0f947dcf527c,f,2026-09-06 15:30:27.812062+00
01a07757-a5d3-7e81-93fc-397d0792ef79,01a07757-90f6-7ca2-9931-c03ede6acaf9,01a07757-9321-7ac3-8214-c699a0c043a8,01a07757-a537-74a3-a019-0f947dcf527c,f,2026-09-06 15:30:27.812062+00
01a07757-a5d3-7e81-93fc-398e8b7ae03a,01a07757-90f6-7ca2-9931-c03ede6acaf9,01a07757-9321-7ac3-8214-c67ccf945eb8,01a07757-a537-74a3-a019-0f947dcf527c,f,2026-09-06 15:30:27.812062+00
01a07757-a5d3-7e81-93fc-39979bf1342c,01a07757-90f6-7ca2-9931-c03ede6acaf9,01a07757-9321-7ac3-8214-c699a0c043a8,01a07757-a537-74a3-a019-0f947dcf527c,f,2026-09-06 15:30:27.812062+00
01a07757-a5d3-7e81-93fc-39abbb2fb541,01a07757-90f6-7ca2-9931-c03ede6acaf9,01a07757-9321-7ac3-8214-c67ccf945eb8,01a07757-a537-74a3-a019-0f947dcf527c,f,2026-09-06 15:30:27.812062+00
01a07757-a5d3-7e81-93fc-39b85292f8de,01a07757-90f6-7ca2-9931-c03ede6acaf9,01a07757-9321-7ac3-8214-c699a0c043a8,01a07757-a537-74a3-a019-0f947dcf527c,f,2026-09-06 15:30:27.812062+00
01a07757-a5d4-7a60-8cd8-ea4016bdb19e,01a07757-90f6-7ca2-9931-c03ede6acaf9,01a07757-9321-7ac3-8214-c6ba4fd34dd1,01a07757-a537-74a3-a019-0fa94177f5e0,f,2026-09-06 15:30:27.812062+00
01a07757-a5d4-7a60-8cd8-ea54b25ff724,01a07757-90f6-7ca2-9931-c03ede6acaf9,01a07757-9321-7ac3-8214-c6d3ee880af6,01a07757-a537-74a3-a019-0fa94177f5e0,f,2026-09-06 15:30:27.812062+00
01a07757-a5d4-7a60-8cd8-ea680c54f730,01a07757-90f6-7ca2-9931-c03ede6acaf9,01a07757-9321-7ac3-8214-c6ba4fd34dd1,01a07757-a537-74a3-a019-0fa94177f5e0,f,2026-09-06 15:30:27.812062+00
01a07757-a5d4-7a60-8cd8-ea7039a22905,01a07757-90f6-7ca2-9931-c03ede6acaf9,01a07757-9321-7ac3-8214-c6d3ee880af6,01a07757-a537-74a3-a019-0fa94177f5e0,f,2026-09-06 15:30:27.812062+00
01a07757-a5d5-7c11-acb9-52f60c29bb9e,01a07757-90f6-7ca2-9931-c03ede6acaf9,01a07757-9321-7ac3-8214-c6ba4fd34dd1,01a07757-a537-74a3-a019-0fa94177f5e0,f,2026-09-06 15:30:27.812062+00
01a07757-a5d5-7c11-acb9-530b34130130,01a07757-90f6-7ca2-9931-c03ede6acaf9,01a07757-9321-7ac3-8214-c6d3ee880af6,01a07757-a537-74a3-a019-0fa94177f5e0,f,2026-09-06 15:30:27.812062+00
01a07757-a5d5-7c11-acb9-531a6ab170e8,01a07757-90f6-7ca2-9931-c03ede6acaf9,01a07757-9321-7ac3-8214-c6f4e798101c,01a07757-a537-74a3-a019-0fb512e1d98c,f,2026-09-06 15:30:27.812062+00
01a07757-a5d5-7c11-acb9-53226df31656,01a07757-90f6-7ca2-9931-c03ede6acaf9,01a07757-9321-7ac3-8214-c71d4ec31e27,01a07757-a537-74a3-a019-0fb512e1d98c,f,2026-09-06 15:30:27.812062+00
01a07757-a5d6-7772-a88e-85a503234608,01a07757-90f6-7ca2-9931-c03ede6acaf9,01a07757-9321-7ac3-8214-c6f4e798101c,01a07757-a537-74a3-a019-0fb512e1d98c,f,2026-09-06 15:30:27.812062+00
01a07757-a5d6-7772-a88e-85b907d2fc0a,01a07757-90f6-7ca2-9931-c03ede6acaf9,01a07757-9321-7ac3-8214-c71d4ec31e27,01a07757-a537-74a3-a019-0fb512e1d98c,f,2026-09-06 15:30:27.812062+00
01a07757-a5d6-7772-a88e-85c2677b00fb,01a07757-90f6-7ca2-9931-c03ede6acaf9,01a07757-9321-7ac3-8214-c6f4e798101c,01a07757-a537-74a3-a019-0fb512e1d98c,f,2026-09-06 15:30:27.812062+00
01a07757-a5d6-7772-a88e-85da19f06503,01a07757-90f6-7ca2-9931-c03ede6acaf9,01a07757-9321-7ac3-8214-c71d4ec31e27,01a07757-a537-74a3-a019-0fb512e1d98c,f,2026-09-06 15:30:27.812062+00
01a07757-a5d7-7e80-a811-f63f0dcfb1a7,01a07757-90f6-7ca2-9931-c03ede6acaf9,01a07757-9321-7ac3-8214-c73804665465,01a07757-a537-74a3-a019-0fc4a88ddad9,f,2026-09-06 15:30:27.812062+00
01a07757-a5d7-7e80-a811-f64f8f9afb85,01a07757-90f6-7ca2-9931-c03ede6acaf9,01a07757-9321-7ac3-8214-c7528fc7bc56,01a07757-a537-74a3-a019-0fc4a88ddad9,f,2026-09-06 15:30:27.812062+00
01a07757-a5d7-7e80-a811-f65e932c7850,01a07757-90f6-7ca2-9931-c03ede6acaf9,01a07757-9321-7ac3-8214-c73804665465,01a07757-a537-74a3-a019-0fc4a88ddad9,f,2026-09-06 15:30:27.812062+00
01a07757-a5d7-7e80-a811-f66a6806037c,01a07757-90f6-7ca2-9931-c03ede6acaf9,01a07757-9321-7ac3-8214-c7528fc7bc56,01a07757-a537-74a3-a019-0fc4a88ddad9,f,2026-09-06 15:30:27.812062+00
01a07757-a5d7-7e80-a811-f67dbfe5c826,01a07757-90f6-7ca2-9931-c03ede6acaf9,01a07757-9321-7ac3-8214-c73804665465,01a07757-a537-74a3-a019-0fc4a88ddad9,f,2026-09-06 15:30:27.812062+00
01a07757-a5d8-7d71-a196-b64523934fea,01a07757-90f6-7ca2-9931-c03ede6acaf9,01a07757-9321-7ac3-8214-c7528fc7bc56,01a07757-a537-74a3-a019-0fc4a88ddad9,f,2026-09-06 15:30:27.812062+00
01a07757-a5d8-7d71-a196-b65cc15259aa,01a07757-90f6-7ca2-9931-c03ede6acaf9,01a07757-9322-76d3-9eb1-d4be0e966009,01a07757-a537-74a3-a019-0fd419bfd186,f,2026-09-06 15:30:27.812062+00
01a07757-a5d8-7d71-a196-b66e131b06af,01a07757-90f6-7ca2-9931-c03ede6acaf9,01a07757-9322-76d3-9eb1-d4dfbd8ddc98,01a07757-a537-74a3-a019-0fd419bfd186,f,2026-09-06 15:30:27.812062+00
01a07757-a5d8-7d71-a196-b67b2134e322,01a07757-90f6-7ca2-9931-c03ede6acaf9,01a07757-9322-76d3-9eb1-d4be0e966009,01a07757-a537-74a3-a019-0fd419bfd186,f,2026-09-06 15:30:27.812062+00
01a07757-a5d9-7fc1-afff-0a60bbfd7c1d,01a07757-90f6-7ca2-9931-c03ede6acaf9,01a07757-9322-76d3-9eb1-d4dfbd8ddc98,01a07757-a537-74a3-a019-0fd419bfd186,f,2026-09-06 15:30:27.812062+00
01a07757-a5d9-7fc1-afff-0a7e6b962504,01a07757-90f6-7ca2-9931-c03ede6acaf9,01a07757-9322-76d3-9eb1-d4be0e966009,01a07757-a537-74a3-a019-0fd419bfd186,f,2026-09-06 15:30:27.812062+00
01a07757-a5d9-7fc1-afff-0a8752f2be62,01a07757-90f6-7ca2-9931-c03ede6acaf9,01a07757-9322-76d3-9eb1-d4dfbd8ddc98,01a07757-a537-74a3-a019-0fd419bfd186,f,2026-09-06 15:30:27.812062+00
01a07757-a5d9-7fc1-afff-0a9a0d04d80f,01a07757-90f6-7ca2-9931-c03ede6acaf9,01a07757-9322-76d3-9eb1-d4f0a5bf7a1e,01a07757-a537-74a3-a019-0fef856e58a4,f,2026-09-06 15:30:27.812062+00
01a07757-a5da-72f1-b040-11202f3818f3,01a07757-90f6-7ca2-9931-c03ede6acaf9,01a07757-9322-76d3-9eb1-d51ab3955c39,01a07757-a537-74a3-a019-0fef856e58a4,f,2026-09-06 15:30:27.812062+00
01a07757-a5da-72f1-b040-113637863109,01a07757-90f6-7ca2-9931-c03ede6acaf9,01a07757-9322-76d3-9eb1-d4f0a5bf7a1e,01a07757-a537-74a3-a019-0fef856e58a4,f,2026-09-06 15:30:27.812062+00
01a07757-a5da-72f1-b040-114bd585305c,01a07757-90f6-7ca2-9931-c03ede6acaf9,01a07757-9322-76d3-9eb1-d51ab3955c39,01a07757-a537-74a3-a019-0fef856e58a4,f,2026-09-06 15:30:27.812062+00
01a07757-a5da-72f1-b040-1157bf068bfd,01a07757-90f6-7ca2-9931-c03ede6acaf9,01a07757-9322-76d3-9eb1-d4f0a5bf7a1e,01a07757-a537-74a3-a019-0fef856e58a4,f,2026-09-06 15:30:27.812062+00
01a07757-a5da-72f1-b040-116cabdd34fd,01a07757-90f6-7ca2-9931-c03ede6acaf9,01a07757-9322-76d3-9eb1-d51ab3955c39,01a07757-a537-74a3-a019-0fef856e58a4,f,2026-09-06 15:30:27.812062+00
01a07757-a5db-78d2-b86c-f8df446b448c,01a07757-90f6-7ca2-9931-c03ede6acaf9,01a07757-9322-76d3-9eb1-d539a599abc6,01a07757-a537-74a3-a019-0ffd96554961,f,2026-09-06 15:30:27.812062+00
01a07757-a5db-78d2-b86c-f8ecdb6ef508,01a07757-90f6-7ca2-9931-c03ede6acaf9,01a07757-9322-76d3-9eb1-d55f054f8620,01a07757-a537-74a3-a019-0ffd96554961,f,2026-09-06 15:30:27.812062+00
01a07757-a5db-78d2-b86c-f8ff45935658,01a07757-90f6-7ca2-9931-c03ede6acaf9,01a07757-9322-76d3-9eb1-d539a599abc6,01a07757-a537-74a3-a019-0ffd96554961,f,2026-09-06 15:30:27.812062+00
01a07757-a5db-78d2-b86c-f901414d7d20,01a07757-90f6-7ca2-9931-c03ede6acaf9,01a07757-9322-76d3-9eb1-d55f054f8620,01a07757-a537-74a3-a019-0ffd96554961,f,2026-09-06 15:30:27.812062+00
01a07757-a5dc-7de0-b25f-7b0be0e278b7,01a07757-90f6-7ca2-9931-c03ede6acaf9,01a07757-9322-76d3-9eb1-d539a599abc6,01a07757-a537-74a3-a019-0ffd96554961,f,2026-09-06 15:30:27.812062+00
01a07757-a5dc-7de0-b25f-7b1bda492e2e,01a07757-90f6-7ca2-9931-c03ede6acaf9,01a07757-9322-76d3-9eb1-d55f054f8620,01a07757-a537-74a3-a019-0ffd96554961,f,2026-09-06 15:30:27.812062+00
01a07757-a5dc-7de0-b25f-7b2c82e38eaf,01a07757-90f6-7ca2-9931-c03ede6acaf9,01a07757-9322-76d3-9eb1-d577bd18c85d,01a07757-a537-74a3-a019-1000d8233e03,f,2026-09-06 15:30:27.812062+00
01a07757-a5dd-72f3-978c-18a9eb997cf7,01a07757-90f6-7ca2-9931-c03ede6acaf9,01a07757-9322-76d3-9eb1-d5940a891306,01a07757-a537-74a3-a019-1000d8233e03,f,2026-09-06 15:30:27.812062+00
01a07757-a5dd-72f3-978c-18b117b57008,01a07757-90f6-7ca2-9931-c03ede6acaf9,01a07757-9322-76d3-9eb1-d577bd18c85d,01a07757-a537-74a3-a019-1000d8233e03,f,2026-09-06 15:30:27.812062+00
01a07757-a5dd-72f3-978c-18c49bda7b14,01a07757-90f6-7ca2-9931-c03ede6acaf9,01a07757-9322-76d3-9eb1-d5940a891306,01a07757-a537-74a3-a019-1000d8233e03,f,2026-09-06 15:30:27.812062+00
01a07757-a5dd-72f3-978c-18d2b852611c,01a07757-90f6-7ca2-9931-c03ede6acaf9,01a07757-9322-76d3-9eb1-d577bd18c85d,01a07757-a537-74a3-a019-1000d8233e03,f,2026-09-06 15:30:27.812062+00
01a07757-a5dd-72f3-978c-18e22cffc12a,01a07757-90f6-7ca2-9931-c03ede6acaf9,01a07757-9322-76d3-9eb1-d5940a891306,01a07757-a537-74a3-a019-1000d8233e03,f,2026-09-06 15:30:27.812062+00
01a07757-a5de-7c71-a808-a4f19e990aef,01a07757-90f6-7ca2-9931-c03ede6acaf9,01a07757-9324-7242-8d26-6040bbd3ae50,01a07757-a537-74a3-a019-10115f064fc0,f,2026-09-06 15:30:27.812062+00
01a07757-a5de-7c71-a808-a505e8991b7a,01a07757-90f6-7ca2-9931-c03ede6acaf9,01a07757-9324-7242-8d26-6069e169fff9,01a07757-a537-74a3-a019-10115f064fc0,f,2026-09-06 15:30:27.812062+00
01a07757-a5de-7c71-a808-a518291b6250,01a07757-90f6-7ca2-9931-c03ede6acaf9,01a07757-9324-7242-8d26-6040bbd3ae50,01a07757-a537-74a3-a019-10115f064fc0,f,2026-09-06 15:30:27.812062+00
01a07757-a5de-7c71-a808-a5256e1e4896,01a07757-90f6-7ca2-9931-c03ede6acaf9,01a07757-9324-7242-8d26-6069e169fff9,01a07757-a537-74a3-a019-10115f064fc0,f,2026-09-06 15:30:27.812062+00
01a07757-a5df-7330-88c8-fd3640713e66,01a07757-90f6-7ca2-9931-c03ede6acaf9,01a07757-9324-7242-8d26-6040bbd3ae50,01a07757-a537-74a3-a019-10115f064fc0,f,2026-09-06 15:30:27.812062+00
01a07757-a5df-7330-88c8-fd465c9ff1e9,01a07757-90f6-7ca2-9931-c03ede6acaf9,01a07757-9324-7242-8d26-6069e169fff9,01a07757-a537-74a3-a019-10115f064fc0,f,2026-09-06 15:30:27.812062+00
01a07757-a5df-7330-88c8-fd5a8d95b30c,01a07757-90f6-7ca2-9931-c03ede6acaf9,01a07757-9324-7242-8d26-608027db0451,01a07757-a537-74a3-a019-10261d278501,f,2026-09-06 15:30:27.812062+00
01a07757-a5e0-7c00-bd11-daf02e5e21b3,01a07757-90f6-7ca2-9931-c03ede6acaf9,01a07757-9324-7242-8d26-60a929c9edef,01a07757-a537-74a3-a019-10261d278501,f,2026-09-06 15:30:27.812062+00
01a07757-a5e0-7c00-bd11-db0bed7e7281,01a07757-90f6-7ca2-9931-c03ede6acaf9,01a07757-9324-7242-8d26-608027db0451,01a07757-a537-74a3-a019-10261d278501,f,2026-09-06 15:30:27.812062+00
01a07757-a5e0-7c00-bd11-db14a615caa8,01a07757-90f6-7ca2-9931-c03ede6acaf9,01a07757-9324-7242-8d26-60a929c9edef,01a07757-a537-74a3-a019-10261d278501,f,2026-09-06 15:30:27.812062+00
01a07757-a5e0-7c00-bd11-db2d39755429,01a07757-90f6-7ca2-9931-c03ede6acaf9,01a07757-9324-7242-8d26-608027db0451,01a07757-a537-74a3-a019-10261d278501,f,2026-09-06 15:30:27.812062+00
01a07757-a5e0-7c00-bd11-db326597c035,01a07757-90f6-7ca2-9931-c03ede6acaf9,01a07757-9324-7242-8d26-60a929c9edef,01a07757-a537-74a3-a019-10261d278501,f,2026-09-06 15:30:27.812062+00
01a07757-a5e1-7380-b3a2-d855e649967e,01a07757-90f6-7ca2-9931-c03ede6acaf9,01a07757-9324-7242-8d26-60c97d6341d1,01a07757-a537-74a3-a019-103729a6eed5,f,2026-09-06 15:30:27.812062+00
01a07757-a5e1-7380-b3a2-d861f5b317a4,01a07757-90f6-7ca2-9931-c03ede6acaf9,01a07757-9324-7242-8d26-60ef8d63f7f9,01a07757-a537-74a3-a019-103729a6eed5,f,2026-09-06 15:30:27.812062+00
01a07757-a5e1-7380-b3a2-d87822c063e7,01a07757-90f6-7ca2-9931-c03ede6acaf9,01a07757-9324-7242-8d26-60c97d6341d1,01a07757-a537-74a3-a019-103729a6eed5,f,2026-09-06 15:30:27.812062+00
01a07757-a5e2-7623-a4ac-c3e4bf1d2c21,01a07757-90f6-7ca2-9931-c03ede6acaf9,01a07757-9324-7242-8d26-60ef8d63f7f9,01a07757-a537-74a3-a019-103729a6eed5,f,2026-09-06 15:30:27.812062+00
01a07757-a5e2-7623-a4ac-c3f51cc9a96d,01a07757-90f6-7ca2-9931-c03ede6acaf9,01a07757-9324-7242-8d26-60c97d6341d1,01a07757-a537-74a3-a019-103729a6eed5,f,2026-09-06 15:30:27.812062+00
01a07757-a5e2-7623-a4ac-c4024f03cab4,01a07757-90f6-7ca2-9931-c03ede6acaf9,01a07757-9324-7242-8d26-60ef8d63f7f9,01a07757-a537-74a3-a019-103729a6eed5,f,2026-09-06 15:30:27.812062+00
01a07757-a5e2-7623-a4ac-c41307fe35c3,01a07757-90f6-7ca2-9931-c03ede6acaf9,01a07757-9324-7242-8d26-61055b795de2,01a07757-a537-74a3-a019-10443a95fc94,f,2026-09-06 15:30:27.812062+00
01a07757-a5e3-7cf0-8268-0f87715ef6eb,01a07757-90f6-7ca2-9931-c03ede6acaf9,01a07757-9324-7242-8d26-6127dc6faac1,01a07757-a537-74a3-a019-10443a95fc94,f,2026-09-06 15:30:27.812062+00
01a07757-a5e3-7cf0-8268-0f96a1fd8dd4,01a07757-90f6-7ca2-9931-c03ede6acaf9,01a07757-9324-7242-8d26-61055b795de2,01a07757-a537-74a3-a019-10443a95fc94,f,2026-09-06 15:30:27.812062+00
01a07757-a5e3-7cf0-8268-0fab8c5b6ef7,01a07757-90f6-7ca2-9931-c03ede6acaf9,01a07757-9324-7242-8d26-6127dc6faac1,01a07757-a537-74a3-a019-10443a95fc94,f,2026-09-06 15:30:27.812062+00
01a07757-a5e3-7cf0-8268-0fb1dcfa7eff,01a07757-90f6-7ca2-9931-c03ede6acaf9,01a07757-9324-7242-8d26-61055b795de2,01a07757-a537-74a3-a019-10443a95fc94,f,2026-09-06 15:30:27.812062+00
01a07757-a5e3-7cf0-8268-0fcf5978b65a,01a07757-90f6-7ca2-9931-c03ede6acaf9,01a07757-9324-7242-8d26-6127dc6faac1,01a07757-a537-74a3-a019-10443a95fc94,f,2026-09-06 15:30:27.812062+00
01a07757-a5e4-79b1-a621-c7add53df18d,01a07757-90f6-7ca2-9931-c03ede6acaf9,01a07757-9324-7242-8d26-614f31b83a2e,01a07757-a537-74a3-a019-105d64ef2165,f,2026-09-06 15:30:27.812062+00
01a07757-a5e4-79b1-a621-c7b3d87cd253,01a07757-90f6-7ca2-9931-c03ede6acaf9,01a07757-9324-7242-8d26-616104161ee5,01a07757-a537-74a3-a019-105d64ef2165,f,2026-09-06 15:30:27.812062+00
01a07757-a5e5-73e0-96c0-ccc6bc9f9d41,01a07757-90f6-7ca2-9931-c03ede6acaf9,01a07757-9324-7242-8d26-614f31b83a2e,01a07757-a537-74a3-a019-105d64ef2165,f,2026-09-06 15:30:27.812062+00
01a07757-a5e5-73e0-96c0-ccde53bdd727,01a07757-90f6-7ca2-9931-c03ede6acaf9,01a07757-9324-7242-8d26-616104161ee5,01a07757-a537-74a3-a019-105d64ef2165,f,2026-09-06 15:30:27.812062+00
01a07757-a5e5-73e0-96c0-cceaf63d8451,01a07757-90f6-7ca2-9931-c03ede6acaf9,01a07757-9324-7242-8d26-614f31b83a2e,01a07757-a537-74a3-a019-105d64ef2165,f,2026-09-06 15:30:27.812062+00
01a07757-a5e5-73e0-96c0-ccf4ea2a6dbe,01a07757-90f6-7ca2-9931-c03ede6acaf9,01a07757-9324-7242-8d26-616104161ee5,01a07757-a537-74a3-a019-105d64ef2165,f,2026-09-06 15:30:27.812062+00
01a07757-a5e5-73e0-96c0-cd01ca783935,01a07757-90f6-7ca2-9931-c03ede6acaf9,01a07757-9324-7242-8d26-618ac5a66d70,01a07757-a537-74a3-a019-106b80796e45,f,2026-09-06 15:30:27.812062+00
01a07757-a5e6-76c2-8092-bf04907ca8de,01a07757-90f6-7ca2-9931-c03ede6acaf9,01a07757-9324-7242-8d26-61a5fa6019b9,01a07757-a537-74a3-a019-106b80796e45,f,2026-09-06 15:30:27.812062+00
01a07757-a5e6-76c2-8092-bf1feb34f8e2,01a07757-90f6-7ca2-9931-c03ede6acaf9,01a07757-9324-7242-8d26-618ac5a66d70,01a07757-a537-74a3-a019-106b80796e45,f,2026-09-06 15:30:27.812062+00
01a07757-a5e6-76c2-8092-bf2ee2880cff,01a07757-90f6-7ca2-9931-c03ede6acaf9,01a07757-9324-7242-8d26-61a5fa6019b9,01a07757-a537-74a3-a019-106b80796e45,f,2026-09-06 15:30:27.812062+00
01a07757-a5e6-76c2-8092-bf33de1173bb,01a07757-90f6-7ca2-9931-c03ede6acaf9,01a07757-9324-7242-8d26-618ac5a66d70,01a07757-a537-74a3-a019-106b80796e45,f,2026-09-06 15:30:27.812062+00
01a07757-a5e6-76c2-8092-bf41c4c76de6,01a07757-90f6-7ca2-9931-c03ede6acaf9,01a07757-9324-7242-8d26-61a5fa6019b9,01a07757-a537-74a3-a019-106b80796e45,f,2026-09-06 15:30:27.812062+00
01a07757-a5e7-7243-84e0-a58f5c0d1754,01a07757-90f6-7ca2-9931-c03ede6acaf9,01a07757-9324-7242-8d26-61cce467e8b3,01a07757-a537-74a3-a019-1071df8794e2,f,2026-09-06 15:30:27.812062+00
01a07757-a5e7-7243-84e0-a59640780905,01a07757-90f6-7ca2-9931-c03ede6acaf9,01a07757-9324-7242-8d26-61e9d95963f8,01a07757-a537-74a3-a019-1071df8794e2,f,2026-09-06 15:30:27.812062+00
01a07757-a5e7-7243-84e0-a5af32463e9c,01a07757-90f6-7ca2-9931-c03ede6acaf9,01a07757-9324-7242-8d26-61cce467e8b3,01a07757-a537-74a3-a019-1071df8794e2,f,2026-09-06 15:30:27.812062+00
01a07757-a5e7-7243-84e0-a5b6854aa451,01a07757-90f6-7ca2-9931-c03ede6acaf9,01a07757-9324-7242-8d26-61e9d95963f8,01a07757-a537-74a3-a019-1071df8794e2,f,2026-09-06 15:30:27.812062+00
01a07757-a5e8-7b13-ae27-5c01d805c40e,01a07757-90f6-7ca2-9931-c03ede6acaf9,01a07757-9324-7242-8d26-61cce467e8b3,01a07757-a537-74a3-a019-1071df8794e2,f,2026-09-06 15:30:27.812062+00
01a07757-a5e8-7b13-ae27-5c19c404c2a6,01a07757-90f6-7ca2-9931-c03ede6acaf9,01a07757-9324-7242-8d26-61e9d95963f8,01a07757-a537-74a3-a019-1071df8794e2,f,2026-09-06 15:30:27.812062+00
01a07757-a5e8-7b13-ae27-5c23950c1abf,01a07757-90f6-7ca2-9931-c03ede6acaf9,01a07757-9324-7242-8d26-620efaa4e242,01a07757-a537-74a3-a019-108acf8b6d2b,f,2026-09-06 15:30:27.812062+00
01a07757-a5e8-7b13-ae27-5c3d79b34752,01a07757-90f6-7ca2-9931-c03ede6acaf9,01a07757-9324-7242-8d26-622080e76755,01a07757-a537-74a3-a019-108acf8b6d2b,f,2026-09-06 15:30:27.812062+00
01a07757-a5e9-7283-b344-44d2924425c5,01a07757-90f6-7ca2-9931-c03ede6acaf9,01a07757-9324-7242-8d26-620efaa4e242,01a07757-a537-74a3-a019-108acf8b6d2b,f,2026-09-06 15:30:27.812062+00
01a07757-a5e9-7283-b344-44e2763d3f69,01a07757-90f6-7ca2-9931-c03ede6acaf9,01a07757-9324-7242-8d26-622080e76755,01a07757-a537-74a3-a019-108acf8b6d2b,f,2026-09-06 15:30:27.812062+00
01a07757-a5e9-7283-b344-44f6d25453d3,01a07757-90f6-7ca2-9931-c03ede6acaf9,01a07757-9324-7242-8d26-620efaa4e242,01a07757-a537-74a3-a019-108acf8b6d2b,f,2026-09-06 15:30:27.812062+00
01a07757-a5e9-7283-b344-45046ce1f3cd,01a07757-90f6-7ca2-9931-c03ede6acaf9,01a07757-9324-7242-8d26-622080e76755,01a07757-a537-74a3-a019-108acf8b6d2b,f,2026-09-06 15:30:27.812062+00
01a07757-a5ea-7b50-9a29-947140466a72,01a07757-90f6-7ca2-9931-c03ede6acaf9,01a07757-9324-7242-8d26-624ba956ccb8,01a07757-a537-74a3-a019-109d721c48b8,f,2026-09-06 15:30:27.812062+00
01a07757-a5ea-7b50-9a29-948b4fa29ae3,01a07757-90f6-7ca2-9931-c03ede6acaf9,01a07757-9324-7242-8d26-626d1f771eac,01a07757-a537-74a3-a019-109d721c48b8,f,2026-09-06 15:30:27.812062+00
01a07757-a5ea-7b50-9a29-949f245a6283,01a07757-90f6-7ca2-9931-c03ede6acaf9,01a07757-9324-7242-8d26-624ba956ccb8,01a07757-a537-74a3-a019-109d721c48b8,f,2026-09-06 15:30:27.812062+00
01a07757-a5ea-7b50-9a29-94ad47b390ff,01a07757-90f6-7ca2-9931-c03ede6acaf9,01a07757-9324-7242-8d26-626d1f771eac,01a07757-a537-74a3-a019-109d721c48b8,f,2026-09-06 15:30:27.812062+00
01a07757-a5ea-7b50-9a29-94b6d6eb68ec,01a07757-90f6-7ca2-9931-c03ede6acaf9,01a07757-9324-7242-8d26-624ba956ccb8,01a07757-a537-74a3-a019-109d721c48b8,f,2026-09-06 15:30:27.812062+00
01a07757-a5eb-7b91-b9aa-3c4e27b66564,01a07757-90f6-7ca2-9931-c03ede6acaf9,01a07757-9324-7242-8d26-626d1f771eac,01a07757-a537-74a3-a019-109d721c48b8,f,2026-09-06 15:30:27.812062+00
01a07757-a5eb-7b91-b9aa-3c5560a5f222,01a07757-90f6-7ca2-9931-c03ede6acaf9,01a07757-9324-7242-8d26-628aedffde86,01a07757-a537-74a3-a019-10ace17a0d08,f,2026-09-06 15:30:27.812062+00
01a07757-a5eb-7b91-b9aa-3c66d18699d3,01a07757-90f6-7ca2-9931-c03ede6acaf9,01a07757-9324-7242-8d26-62ad78dd678d,01a07757-a537-74a3-a019-10ace17a0d08,f,2026-09-06 15:30:27.812062+00
01a07757-a5ec-7270-b469-d818788cfebf,01a07757-90f6-7ca2-9931-c03ede6acaf9,01a07757-9324-7242-8d26-628aedffde86,01a07757-a537-74a3-a019-10ace17a0d08,f,2026-09-06 15:30:27.812062+00
01a07757-a5ec-7270-b469-d82267984e85,01a07757-90f6-7ca2-9931-c03ede6acaf9,01a07757-9324-7242-8d26-62ad78dd678d,01a07757-a537-74a3-a019-10ace17a0d08,f,2026-09-06 15:30:27.812062+00
01a07757-a5ec-7270-b469-d8375ed008c0,01a07757-90f6-7ca2-9931-c03ede6acaf9,01a07757-9324-7242-8d26-628aedffde86,01a07757-a537-74a3-a019-10ace17a0d08,f,2026-09-06 15:30:27.812062+00
01a07757-a5ec-7270-b469-d84bb1fd5cce,01a07757-90f6-7ca2-9931-c03ede6acaf9,01a07757-9324-7242-8d26-62ad78dd678d,01a07757-a537-74a3-a019-10ace17a0d08,f,2026-09-06 15:30:27.812062+00
01a07757-a5ed-7350-960a-37aa7f045108,01a07757-90f6-7ca2-9931-c03ede6acaf9,01a07757-9324-7242-8d26-62c9076e00ef,01a07757-a537-74a3-a019-10b6bd06165d,f,2026-09-06 15:30:27.812062+00
01a07757-a5ed-7350-960a-37b8ced910f6,01a07757-90f6-7ca2-9931-c03ede6acaf9,01a07757-9324-7242-8d26-62e62f41f7e9,01a07757-a537-74a3-a019-10b6bd06165d,f,2026-09-06 15:30:27.812062+00
01a07757-a5ee-7b41-9dca-61abf34d8785,01a07757-90f6-7ca2-9931-c03ede6acaf9,01a07757-9324-7242-8d26-62c9076e00ef,01a07757-a537-74a3-a019-10b6bd06165d,f,2026-09-06 15:30:27.812062+00
01a07757-a5ee-7b41-9dca-61bb9c50b075,01a07757-90f6-7ca2-9931-c03ede6acaf9,01a07757-9324-7242-8d26-62e62f41f7e9,01a07757-a537-74a3-a019-10b6bd06165d,f,2026-09-06 15:30:27.812062+00
01a07757-a5ee-7b41-9dca-61c0745b379a,01a07757-90f6-7ca2-9931-c03ede6acaf9,01a07757-9324-7242-8d26-62c9076e00ef,01a07757-a537-74a3-a019-10b6bd06165d,f,2026-09-06 15:30:27.812062+00
01a07757-a5ee-7b41-9dca-61d33eaba6a2,01a07757-90f6-7ca2-9931-c03ede6acaf9,01a07757-9324-7242-8d26-62e62f41f7e9,01a07757-a537-74a3-a019-10b6bd06165d,f,2026-09-06 15:30:27.812062+00
01a07757-a5ef-7101-8b4f-82257adfd0d8,01a07757-90f6-7ca2-9931-c03ede6acaf9,01a07757-9324-7242-8d26-6300a1b49729,01a07757-a537-74a3-a019-10c810b6475f,f,2026-09-06 15:30:27.812062+00
01a07757-a5ef-7101-8b4f-82314ca1ad76,01a07757-90f6-7ca2-9931-c03ede6acaf9,01a07757-9324-7242-8d26-632443c376c7,01a07757-a537-74a3-a019-10c810b6475f,f,2026-09-06 15:30:27.812062+00
01a07757-a5ef-7101-8b4f-8247393b53fd,01a07757-90f6-7ca2-9931-c03ede6acaf9,01a07757-9324-7242-8d26-6300a1b49729,01a07757-a537-74a3-a019-10c810b6475f,f,2026-09-06 15:30:27.812062+00
01a07757-a5ef-7101-8b4f-8255b79d9e5a,01a07757-90f6-7ca2-9931-c03ede6acaf9,01a07757-9324-7242-8d26-632443c376c7,01a07757-a537-74a3-a019-10c810b6475f,f,2026-09-06 15:30:27.812062+00
01a07757-a5ef-7101-8b4f-826b43ededaf,01a07757-90f6-7ca2-9931-c03ede6acaf9,01a07757-9324-7242-8d26-6300a1b49729,01a07757-a537-74a3-a019-10c810b6475f,f,2026-09-06 15:30:27.812062+00
01a07757-a5ef-7101-8b4f-827a90e30108,01a07757-90f6-7ca2-9931-c03ede6acaf9,01a07757-9324-7242-8d26-632443c376c7,01a07757-a537-74a3-a019-10c810b6475f,f,2026-09-06 15:30:27.812062+00
01a07757-a5f0-7950-9732-1dd5a0f12766,01a07757-90f6-7ca2-9931-c03ede6acaf9,01a07757-9324-7242-8d26-63468d8d033e,01a07757-a537-74a3-a019-10d2f12c16f2,f,2026-09-06 15:30:27.812062+00
01a07757-a5f0-7950-9732-1de8c57ec7e4,01a07757-90f6-7ca2-9931-c03ede6acaf9,01a07757-9324-7242-8d26-636532d1bcc4,01a07757-a537-74a3-a019-10d2f12c16f2,f,2026-09-06 15:30:27.812062+00
01a07757-a5f0-7950-9732-1dfb38650cc2,01a07757-90f6-7ca2-9931-c03ede6acaf9,01a07757-9324-7242-8d26-63468d8d033e,01a07757-a537-74a3-a019-10d2f12c16f2,f,2026-09-06 15:30:27.812062+00
01a07757-a5f0-7950-9732-1e0dc62bab76,01a07757-90f6-7ca2-9931-c03ede6acaf9,01a07757-9324-7242-8d26-636532d1bcc4,01a07757-a537-74a3-a019-10d2f12c16f2,f,2026-09-06 15:30:27.812062+00
01a07757-a5f1-7512-aed6-6278ef1aa94d,01a07757-90f6-7ca2-9931-c03ede6acaf9,01a07757-9324-7242-8d26-63468d8d033e,01a07757-a537-74a3-a019-10d2f12c16f2,f,2026-09-06 15:30:27.812062+00
01a07757-a5f1-7512-aed6-628d30bef771,01a07757-90f6-7ca2-9931-c03ede6acaf9,01a07757-9324-7242-8d26-636532d1bcc4,01a07757-a537-74a3-a019-10d2f12c16f2,f,2026-09-06 15:30:27.812062+00
01a07757-a5f1-7512-aed6-6299adbf371d,01a07757-90f6-7ca2-9931-c03ede6acaf9,01a07757-9324-7242-8d26-63856ca0ab90,01a07757-a537-74a3-a019-10e77d7f4147,f,2026-09-06 15:30:27.812062+00
01a07757-a5f2-7ab0-8a20-92055cc5e6c1,01a07757-90f6-7ca2-9931-c03ede6acaf9,01a07757-9324-7242-8d26-63aa22d36c05,01a07757-a537-74a3-a019-10e77d7f4147,f,2026-09-06 15:30:27.812062+00
01a07757-a5f2-7ab0-8a20-9212724b08c1,01a07757-90f6-7ca2-9931-c03ede6acaf9,01a07757-9324-7242-8d26-63856ca0ab90,01a07757-a537-74a3-a019-10e77d7f4147,f,2026-09-06 15:30:27.812062+00
01a07757-a5f2-7ab0-8a20-92210b743bb3,01a07757-90f6-7ca2-9931-c03ede6acaf9,01a07757-9324-7242-8d26-63aa22d36c05,01a07757-a537-74a3-a019-10e77d7f4147,f,2026-09-06 15:30:27.812062+00
01a07757-a5f2-7ab0-8a20-923bd08a403b,01a07757-90f6-7ca2-9931-c03ede6acaf9,01a07757-9324-7242-8d26-63856ca0ab90,01a07757-a537-74a3-a019-10e77d7f4147,f,2026-09-06 15:30:27.812062+00
01a07757-a5f3-7110-b3e4-241823663558,01a07757-90f6-7ca2-9931-c03ede6acaf9,01a07757-9324-7242-8d26-63aa22d36c05,01a07757-a537-74a3-a019-10e77d7f4147,f,2026-09-06 15:30:27.812062+00
01a07757-a5f3-7110-b3e4-24206fd910af,01a07757-90f6-7ca2-9931-c03ede6acaf9,01a07757-9324-7242-8d26-63ca45541446,01a07757-a537-74a3-a019-10faa5629151,f,2026-09-06 15:30:27.812062+00
01a07757-a5f3-7110-b3e4-2430fedade5c,01a07757-90f6-7ca2-9931-c03ede6acaf9,01a07757-9324-7242-8d26-63e739669bfb,01a07757-a537-74a3-a019-10faa5629151,f,2026-09-06 15:30:27.812062+00
01a07757-a5f4-7bb1-884c-1630143d0da4,01a07757-90f6-7ca2-9931-c03ede6acaf9,01a07757-9324-7242-8d26-63ca45541446,01a07757-a537-74a3-a019-10faa5629151,f,2026-09-06 15:30:27.812062+00
01a07757-a5f4-7bb1-884c-164770ca038e,01a07757-90f6-7ca2-9931-c03ede6acaf9,01a07757-9324-7242-8d26-63e739669bfb,01a07757-a537-74a3-a019-10faa5629151,f,2026-09-06 15:30:27.812062+00
01a07757-a5f4-7bb1-884c-165086c95932,01a07757-90f6-7ca2-9931-c03ede6acaf9,01a07757-9324-7242-8d26-63ca45541446,01a07757-a537-74a3-a019-10faa5629151,f,2026-09-06 15:30:27.812062+00
01a07757-a5f4-7bb1-884c-16660c5b0632,01a07757-90f6-7ca2-9931-c03ede6acaf9,01a07757-9324-7242-8d26-63e739669bfb,01a07757-a537-74a3-a019-10faa5629151,f,2026-09-06 15:30:27.812062+00
01a07757-a5f5-7023-82c1-6707a38538ad,01a07757-90f6-7ca2-9931-c03ede6acaf9,01a07757-9326-7163-8c83-78c7ab3393fc,01a07757-a537-74a3-a019-1105535cd6fa,f,2026-09-06 15:30:27.812062+00
01a07757-a5f5-7023-82c1-671a16d64252,01a07757-90f6-7ca2-9931-c03ede6acaf9,01a07757-9326-7163-8c83-78e3ca612b93,01a07757-a537-74a3-a019-1105535cd6fa,f,2026-09-06 15:30:27.812062+00
01a07757-a5f5-7023-82c1-6729a668366a,01a07757-90f6-7ca2-9931-c03ede6acaf9,01a07757-9326-7163-8c83-78c7ab3393fc,01a07757-a537-74a3-a019-1105535cd6fa,f,2026-09-06 15:30:27.812062+00
01a07757-a5f5-7023-82c1-673184d5ac49,01a07757-90f6-7ca2-9931-c03ede6acaf9,01a07757-9326-7163-8c83-78e3ca612b93,01a07757-a537-74a3-a019-1105535cd6fa,f,2026-09-06 15:30:27.812062+00
01a07757-a5f5-7023-82c1-6741abd0120c,01a07757-90f6-7ca2-9931-c03ede6acaf9,01a07757-9326-7163-8c83-78c7ab3393fc,01a07757-a537-74a3-a019-1105535cd6fa,f,2026-09-06 15:30:27.812062+00
01a07757-a5f6-7de2-9d70-b8d79a2fecc9,01a07757-90f6-7ca2-9931-c03ede6acaf9,01a07757-9326-7163-8c83-78e3ca612b93,01a07757-a537-74a3-a019-1105535cd6fa,f,2026-09-06 15:30:27.812062+00
01a07757-a5f6-7de2-9d70-b8e17942c28f,01a07757-90f6-7ca2-9931-c03ede6acaf9,01a07757-9326-7163-8c83-79083c18b69e,01a07757-a537-74a3-a019-111a45f2576e,f,2026-09-06 15:30:27.812062+00
01a07757-a5f6-7de2-9d70-b8fc3843ed31,01a07757-90f6-7ca2-9931-c03ede6acaf9,01a07757-9326-7163-8c83-792957e15b0a,01a07757-a537-74a3-a019-111a45f2576e,f,2026-09-06 15:30:27.812062+00
01a07757-a5f7-7940-ba56-536aa07b2fa1,01a07757-90f6-7ca2-9931-c03ede6acaf9,01a07757-9326-7163-8c83-79083c18b69e,01a07757-a537-74a3-a019-111a45f2576e,f,2026-09-06 15:30:27.812062+00
01a07757-a5f7-7940-ba56-537148ba5c77,01a07757-90f6-7ca2-9931-c03ede6acaf9,01a07757-9326-7163-8c83-792957e15b0a,01a07757-a537-74a3-a019-111a45f2576e,f,2026-09-06 15:30:27.812062+00
01a07757-a5f7-7940-ba56-53848242a014,01a07757-90f6-7ca2-9931-c03ede6acaf9,01a07757-9326-7163-8c83-79083c18b69e,01a07757-a537-74a3-a019-111a45f2576e,f,2026-09-06 15:30:27.812062+00
01a07757-a5f7-7940-ba56-5391496d6fd2,01a07757-90f6-7ca2-9931-c03ede6acaf9,01a07757-9326-7163-8c83-792957e15b0a,01a07757-a537-74a3-a019-111a45f2576e,f,2026-09-06 15:30:27.812062+00
01a07757-a5f8-7651-ae59-16265b2f2c8c,01a07757-90f6-7ca2-9931-c03ede6acaf9,01a07757-9326-7163-8c83-794be9076f0b,01a07757-a537-74a3-a019-11295cc27a87,f,2026-09-06 15:30:27.812062+00
01a07757-a5f8-7651-ae59-163c82f17407,01a07757-90f6-7ca2-9931-c03ede6acaf9,01a07757-9326-7163-8c83-79697b3aa196,01a07757-a537-74a3-a019-11295cc27a87,f,2026-09-06 15:30:27.812062+00
01a07757-a5f8-7651-ae59-164fcd0d1211,01a07757-90f6-7ca2-9931-c03ede6acaf9,01a07757-9326-7163-8c83-794be9076f0b,01a07757-a537-74a3-a019-11295cc27a87,f,2026-09-06 15:30:27.812062+00
01a07757-a5f9-7e62-94ff-01436c8872a2,01a07757-90f6-7ca2-9931-c03ede6acaf9,01a07757-9326-7163-8c83-79697b3aa196,01a07757-a537-74a3-a019-11295cc27a87,f,2026-09-06 15:30:27.812062+00
01a07757-a5f9-7e62-94ff-015fa3335ec2,01a07757-90f6-7ca2-9931-c03ede6acaf9,01a07757-9326-7163-8c83-794be9076f0b,01a07757-a537-74a3-a019-11295cc27a87,f,2026-09-06 15:30:27.812062+00
01a07757-a5f9-7e62-94ff-016883e45aa2,01a07757-90f6-7ca2-9931-c03ede6acaf9,01a07757-9326-7163-8c83-79697b3aa196,01a07757-a537-74a3-a019-11295cc27a87,f,2026-09-06 15:30:27.812062+00
01a07757-a5fa-7291-bb58-8da70355f9af,01a07757-90f6-7ca2-9931-c03ede6acaf9,01a07757-9326-7163-8c83-798f108fc3d4,01a07757-a537-74a3-a019-1133830911eb,f,2026-09-06 15:30:27.812062+00
01a07757-a5fa-7291-bb58-8db29426a6f4,01a07757-90f6-7ca2-9931-c03ede6acaf9,01a07757-9326-7163-8c83-79a1b38a8afb,01a07757-a537-74a3-a019-1133830911eb,f,2026-09-06 15:30:27.812062+00
01a07757-a5fa-7291-bb58-8dcbbd8b9a91,01a07757-90f6-7ca2-9931-c03ede6acaf9,01a07757-9326-7163-8c83-798f108fc3d4,01a07757-a537-74a3-a019-1133830911eb,f,2026-09-06 15:30:27.812062+00
01a07757-a5fa-7291-bb58-8ddad317fc09,01a07757-90f6-7ca2-9931-c03ede6acaf9,01a07757-9326-7163-8c83-79a1b38a8afb,01a07757-a537-74a3-a019-1133830911eb,f,2026-09-06 15:30:27.812062+00
01a07757-a5fa-7291-bb58-8decd5ffc945,01a07757-90f6-7ca2-9931-c03ede6acaf9,01a07757-9326-7163-8c83-798f108fc3d4,01a07757-a537-74a3-a019-1133830911eb,f,2026-09-06 15:30:27.812062+00
01a07757-a5fb-7033-8296-d37ae89d8435,01a07757-90f6-7ca2-9931-c03ede6acaf9,01a07757-9326-7163-8c83-79a1b38a8afb,01a07757-a537-74a3-a019-1133830911eb,f,2026-09-06 15:30:27.812062+00
01a07757-a5fb-7033-8296-d38ce5cde20e,01a07757-90f6-7ca2-9931-c03ede6acaf9,01a07757-9326-7163-8c83-79c5cce49165,01a07757-a537-74a3-a019-11464d96f883,f,2026-09-06 15:30:27.812062+00
01a07757-a5fb-7033-8296-d391d3f9b1f6,01a07757-90f6-7ca2-9931-c03ede6acaf9,01a07757-9326-7163-8c83-79e657870b00,01a07757-a537-74a3-a019-11464d96f883,f,2026-09-06 15:30:27.812062+00
01a07757-a5fb-7033-8296-d3adfd7962ac,01a07757-90f6-7ca2-9931-c03ede6acaf9,01a07757-9326-7163-8c83-79c5cce49165,01a07757-a537-74a3-a019-11464d96f883,f,2026-09-06 15:30:27.812062+00
01a07757-a5fc-7283-9eb1-911915a7050f,01a07757-90f6-7ca2-9931-c03ede6acaf9,01a07757-9326-7163-8c83-79e657870b00,01a07757-a537-74a3-a019-11464d96f883,f,2026-09-06 15:30:27.812062+00
01a07757-a5fc-7283-9eb1-91264779a33f,01a07757-90f6-7ca2-9931-c03ede6acaf9,01a07757-9326-7163-8c83-79c5cce49165,01a07757-a537-74a3-a019-11464d96f883,f,2026-09-06 15:30:27.812062+00
01a07757-a5fc-7283-9eb1-913570802e15,01a07757-90f6-7ca2-9931-c03ede6acaf9,01a07757-9326-7163-8c83-79e657870b00,01a07757-a537-74a3-a019-11464d96f883,f,2026-09-06 15:30:27.812062+00
01a07757-a5fd-7f01-a3c7-f7f996ce2813,01a07757-90f6-7ca2-9931-c03ede6acaf9,01a07757-9326-7163-8c83-7a0fb456d49b,01a07757-a537-74a3-a019-115f03c79d50,f,2026-09-06 15:30:27.812062+00
01a07757-a5fd-7f01-a3c7-f80bf61c8393,01a07757-90f6-7ca2-9931-c03ede6acaf9,01a07757-9326-7163-8c83-7a295a85c903,01a07757-a537-74a3-a019-115f03c79d50,f,2026-09-06 15:30:27.812062+00
01a07757-a5fd-7f01-a3c7-f815c55053e0,01a07757-90f6-7ca2-9931-c03ede6acaf9,01a07757-9326-7163-8c83-7a0fb456d49b,01a07757-a537-74a3-a019-115f03c79d50,f,2026-09-06 15:30:27.812062+00
01a07757-a5fd-7f01-a3c7-f8222720e39a,01a07757-90f6-7ca2-9931-c03ede6acaf9,01a07757-9326-7163-8c83-7a295a85c903,01a07757-a537-74a3-a019-115f03c79d50,f,2026-09-06 15:30:27.812062+00
01a07757-a5fd-7f01-a3c7-f83298825efa,01a07757-90f6-7ca2-9931-c03ede6acaf9,01a07757-9326-7163-8c83-7a0fb456d49b,01a07757-a537-74a3-a019-115f03c79d50,f,2026-09-06 15:30:27.812062+00
01a07757-a5fd-7f01-a3c7-f84a14bb4d4f,01a07757-90f6-7ca2-9931-c03ede6acaf9,01a07757-9326-7163-8c83-7a295a85c903,01a07757-a537-74a3-a019-115f03c79d50,f,2026-09-06 15:30:27.812062+00
01a07757-a5fe-7302-a1ca-612590313eab,01a07757-90f6-7ca2-9931-c03ede6acaf9,01a07757-9326-7163-8c83-7a4b73ac56b7,01a07757-a537-74a3-a019-11686a0c1feb,f,2026-09-06 15:30:27.812062+00
01a07757-a5fe-7302-a1ca-6137563d6d35,01a07757-90f6-7ca2-9931-c03ede6acaf9,01a07757-9326-7163-8c83-7a6f1c971bf6,01a07757-a537-74a3-a019-11686a0c1feb,f,2026-09-06 15:30:27.812062+00
01a07757-a5fe-7302-a1ca-6145e96b5b72,01a07757-90f6-7ca2-9931-c03ede6acaf9,01a07757-9326-7163-8c83-7a4b73ac56b7,01a07757-a537-74a3-a019-11686a0c1feb,f,2026-09-06 15:30:27.812062+00
01a07757-a5fe-7302-a1ca-615de35d0255,01a07757-90f6-7ca2-9931-c03ede6acaf9,01a07757-9326-7163-8c83-7a6f1c971bf6,01a07757-a537-74a3-a019-11686a0c1feb,f,2026-09-06 15:30:27.812062+00
01a07757-a5ff-76b2-aaa2-2166de2f7eac,01a07757-90f6-7ca2-9931-c03ede6acaf9,01a07757-9326-7163-8c83-7a4b73ac56b7,01a07757-a537-74a3-a019-11686a0c1feb,f,2026-09-06 15:30:27.812062+00
01a07757-a5ff-76b2-aaa2-217f65bb1dd1,01a07757-90f6-7ca2-9931-c03ede6acaf9,01a07757-9326-7163-8c83-7a6f1c971bf6,01a07757-a537-74a3-a019-11686a0c1feb,f,2026-09-06 15:30:27.812062+00
01a07757-a5ff-76b2-aaa2-2189262c9d5e,01a07757-90f6-7ca2-9931-c03ede6acaf9,01a07757-9326-7163-8c83-7a8f71398fb3,01a07757-a537-74a3-a019-11723d487938,f,2026-09-06 15:30:27.812062+00
01a07757-a600-7350-acfc-9dd0b12926c2,01a07757-90f6-7ca2-9931-c03ede6acaf9,01a07757-9326-7163-8c83-7aae987e6807,01a07757-a537-74a3-a019-11723d487938,f,2026-09-06 15:30:27.812062+00
01a07757-a600-7350-acfc-9ded6a52f428,01a07757-90f6-7ca2-9931-c03ede6acaf9,01a07757-9326-7163-8c83-7a8f71398fb3,01a07757-a537-74a3-a019-11723d487938,f,2026-09-06 15:30:27.812062+00
01a07757-a600-7350-acfc-9dfadda2d303,01a07757-90f6-7ca2-9931-c03ede6acaf9,01a07757-9326-7163-8c83-7aae987e6807,01a07757-a537-74a3-a019-11723d487938,f,2026-09-06 15:30:27.812062+00
01a07757-a600-7350-acfc-9e0e48d48ef4,01a07757-90f6-7ca2-9931-c03ede6acaf9,01a07757-9326-7163-8c83-7a8f71398fb3,01a07757-a537-74a3-a019-11723d487938,f,2026-09-06 15:30:27.812062+00
01a07757-a600-7350-acfc-9e11b57b84e2,01a07757-90f6-7ca2-9931-c03ede6acaf9,01a07757-9326-7163-8c83-7aae987e6807,01a07757-a537-74a3-a019-11723d487938,f,2026-09-06 15:30:27.812062+00
01a07757-a601-75d1-ad2f-1fd89a94dcdf,01a07757-90f6-7ca2-9931-c03ede6acaf9,01a07757-9326-7163-8c83-7ac6a19f86e2,01a07757-a537-74a3-a019-118f409c86be,f,2026-09-06 15:30:27.812062+00
01a07757-a601-75d1-ad2f-1fe240ab3680,01a07757-90f6-7ca2-9931-c03ede6acaf9,01a07757-9326-7163-8c83-7aedf7bd794e,01a07757-a537-74a3-a019-118f409c86be,f,2026-09-06 15:30:27.812062+00
01a07757-a601-75d1-ad2f-1ffe536d9a50,01a07757-90f6-7ca2-9931-c03ede6acaf9,01a07757-9326-7163-8c83-7ac6a19f86e2,01a07757-a537-74a3-a019-118f409c86be,f,2026-09-06 15:30:27.812062+00
01a07757-a601-75d1-ad2f-2005a0832995,01a07757-90f6-7ca2-9931-c03ede6acaf9,01a07757-9326-7163-8c83-7aedf7bd794e,01a07757-a537-74a3-a019-118f409c86be,f,2026-09-06 15:30:27.812062+00
01a07757-a601-75d1-ad2f-20149a9d765e,01a07757-90f6-7ca2-9931-c03ede6acaf9,01a07757-9326-7163-8c83-7ac6a19f86e2,01a07757-a537-74a3-a019-118f409c86be,f,2026-09-06 15:30:27.812062+00
01a07757-a601-75d1-ad2f-20268a9e06cf,01a07757-90f6-7ca2-9931-c03ede6acaf9,01a07757-9326-7163-8c83-7aedf7bd794e,01a07757-a537-74a3-a019-118f409c86be,f,2026-09-06 15:30:27.812062+00
01a07757-a602-7880-b99c-9389fee0aa8e,01a07757-90f6-7ca2-9931-c03ede6acaf9,01a07757-9326-7163-8c83-7b0d237edb59,01a07757-a537-74a3-a019-1194515dda56,f,2026-09-06 15:30:27.812062+00
01a07757-a602-7880-b99c-939e69838020,01a07757-90f6-7ca2-9931-c03ede6acaf9,01a07757-9326-7163-8c83-7b21a6e172d5,01a07757-a537-74a3-a019-1194515dda56,f,2026-09-06 15:30:27.812062+00
01a07757-a602-7880-b99c-93a86068029f,01a07757-90f6-7ca2-9931-c03ede6acaf9,01a07757-9326-7163-8c83-7b0d237edb59,01a07757-a537-74a3-a019-1194515dda56,f,2026-09-06 15:30:27.812062+00
01a07757-a602-7880-b99c-93bb0d6e0c49,01a07757-90f6-7ca2-9931-c03ede6acaf9,01a07757-9326-7163-8c83-7b21a6e172d5,01a07757-a537-74a3-a019-1194515dda56,f,2026-09-06 15:30:27.812062+00
01a07757-a603-7f23-9546-29d2fa1db774,01a07757-90f6-7ca2-9931-c03ede6acaf9,01a07757-9326-7163-8c83-7b0d237edb59,01a07757-a537-74a3-a019-1194515dda56,f,2026-09-06 15:30:27.812062+00
01a07757-a603-7f23-9546-29ef09a81a35,01a07757-90f6-7ca2-9931-c03ede6acaf9,01a07757-9326-7163-8c83-7b21a6e172d5,01a07757-a537-74a3-a019-1194515dda56,f,2026-09-06 15:30:27.812062+00
01a07757-a603-7f23-9546-29f1c8a315f8,01a07757-90f6-7ca2-9931-c03ede6acaf9,01a07757-9326-7163-8c83-7b4e5f59cee7,01a07757-a537-74a3-a019-11a704618b57,f,2026-09-06 15:30:27.812062+00
01a07757-a603-7f23-9546-2a09480273a7,01a07757-90f6-7ca2-9931-c03ede6acaf9,01a07757-9326-7163-8c83-7b6e6a71ca3f,01a07757-a537-74a3-a019-11a704618b57,f,2026-09-06 15:30:27.812062+00
01a07757-a604-7681-8ad2-d24ecffc6d1d,01a07757-90f6-7ca2-9931-c03ede6acaf9,01a07757-9326-7163-8c83-7b4e5f59cee7,01a07757-a537-74a3-a019-11a704618b57,f,2026-09-06 15:30:27.812062+00
01a07757-a604-7681-8ad2-d25d4ee272bc,01a07757-90f6-7ca2-9931-c03ede6acaf9,01a07757-9326-7163-8c83-7b6e6a71ca3f,01a07757-a537-74a3-a019-11a704618b57,f,2026-09-06 15:30:27.812062+00
01a07757-a604-7681-8ad2-d26a1998f820,01a07757-90f6-7ca2-9931-c03ede6acaf9,01a07757-9326-7163-8c83-7b4e5f59cee7,01a07757-a537-74a3-a019-11a704618b57,f,2026-09-06 15:30:27.812062+00
01a07757-a604-7681-8ad2-d27eaad3427d,01a07757-90f6-7ca2-9931-c03ede6acaf9,01a07757-9326-7163-8c83-7b6e6a71ca3f,01a07757-a537-74a3-a019-11a704618b57,f,2026-09-06 15:30:27.812062+00
01a07757-a604-7681-8ad2-d28506603923,01a07757-90f6-7ca2-9931-c03ede6acaf9,01a07757-9326-7163-8c83-7b857d26561d,01a07757-a537-74a3-a019-11bd3c776933,f,2026-09-06 15:30:27.812062+00
01a07757-a605-7db3-9e8e-d3d79dad426f,01a07757-90f6-7ca2-9931-c03ede6acaf9,01a07757-9326-7163-8c83-7ba6ff285231,01a07757-a537-74a3-a019-11bd3c776933,f,2026-09-06 15:30:27.812062+00
01a07757-a605-7db3-9e8e-d3e5bae553e2,01a07757-90f6-7ca2-9931-c03ede6acaf9,01a07757-9326-7163-8c83-7b857d26561d,01a07757-a537-74a3-a019-11bd3c776933,f,2026-09-06 15:30:27.812062+00
01a07757-a605-7db3-9e8e-d3f79255f46d,01a07757-90f6-7ca2-9931-c03ede6acaf9,01a07757-9326-7163-8c83-7ba6ff285231,01a07757-a537-74a3-a019-11bd3c776933,f,2026-09-06 15:30:27.812062+00
01a07757-a605-7db3-9e8e-d4039cb20994,01a07757-90f6-7ca2-9931-c03ede6acaf9,01a07757-9326-7163-8c83-7b857d26561d,01a07757-a537-74a3-a019-11bd3c776933,f,2026-09-06 15:30:27.812062+00
01a07757-a605-7db3-9e8e-d41cb528d0e1,01a07757-90f6-7ca2-9931-c03ede6acaf9,01a07757-9326-7163-8c83-7ba6ff285231,01a07757-a537-74a3-a019-11bd3c776933,f,2026-09-06 15:30:27.812062+00
01a07757-a606-72a1-87ed-ebc76ca0df9e,01a07757-90f6-7ca2-9931-c03ede6acaf9,01a07757-9326-7163-8c83-7bc84eb9f3ab,01a07757-a537-74a3-a019-11c9364eea74,f,2026-09-06 15:30:27.812062+00
01a07757-a606-72a1-87ed-ebd9b08b3726,01a07757-90f6-7ca2-9931-c03ede6acaf9,01a07757-9326-7163-8c83-7be866c5eae3,01a07757-a537-74a3-a019-11c9364eea74,f,2026-09-06 15:30:27.812062+00
01a07757-a606-72a1-87ed-ebe1915f1ef6,01a07757-90f6-7ca2-9931-c03ede6acaf9,01a07757-9326-7163-8c83-7bc84eb9f3ab,01a07757-a537-74a3-a019-11c9364eea74,f,2026-09-06 15:30:27.812062+00
01a07757-a606-72a1-87ed-ebf66a224402,01a07757-90f6-7ca2-9931-c03ede6acaf9,01a07757-9326-7163-8c83-7be866c5eae3,01a07757-a537-74a3-a019-11c9364eea74,f,2026-09-06 15:30:27.812062+00
01a07757-a607-7101-ad44-68ef7b0ee542,01a07757-90f6-7ca2-9931-c03ede6acaf9,01a07757-9326-7163-8c83-7bc84eb9f3ab,01a07757-a537-74a3-a019-11c9364eea74,f,2026-09-06 15:30:27.812062+00
01a07757-a607-7101-ad44-68f344ed0390,01a07757-90f6-7ca2-9931-c03ede6acaf9,01a07757-9326-7163-8c83-7be866c5eae3,01a07757-a537-74a3-a019-11c9364eea74,f,2026-09-06 15:30:27.812062+00
01a07757-a608-7a41-888a-a89c932d2e0c,01a07757-90f6-7ca2-9931-c03ede6acaf9,01a07757-9326-7163-8c83-7c08e8f85b17,01a07757-a537-74a3-a019-11d5d78031bb,f,2026-09-06 15:30:27.812062+00
01a07757-a608-7a41-888a-a8a9ceac4e59,01a07757-90f6-7ca2-9931-c03ede6acaf9,01a07757-9326-7163-8c83-7c23eb26ec4c,01a07757-a537-74a3-a019-11d5d78031bb,f,2026-09-06 15:30:27.812062+00
01a07757-a608-7a41-888a-a8ba23cb2cf7,01a07757-90f6-7ca2-9931-c03ede6acaf9,01a07757-9326-7163-8c83-7c08e8f85b17,01a07757-a537-74a3-a019-11d5d78031bb,f,2026-09-06 15:30:27.812062+00
01a07757-a608-7a41-888a-a8c585ea91ee,01a07757-90f6-7ca2-9931-c03ede6acaf9,01a07757-9326-7163-8c83-7c23eb26ec4c,01a07757-a537-74a3-a019-11d5d78031bb,f,2026-09-06 15:30:27.812062+00
01a07757-a608-7a41-888a-a8d730179a63,01a07757-90f6-7ca2-9931-c03ede6acaf9,01a07757-9326-7163-8c83-7c08e8f85b17,01a07757-a537-74a3-a019-11d5d78031bb,f,2026-09-06 15:30:27.812062+00
01a07757-a609-71e0-9681-4f916dec7fc1,01a07757-90f6-7ca2-9931-c03ede6acaf9,01a07757-9326-7163-8c83-7c23eb26ec4c,01a07757-a537-74a3-a019-11d5d78031bb,f,2026-09-06 15:30:27.812062+00
01a07757-a7a7-7ef3-843a-8104ff32e32e,01a07757-90f6-7ca2-9931-c03ede6acaf9,01a07757-9326-7163-8c83-7c4f3de883d0,01a07757-a785-7bd1-a8ec-a7d6b95cdd3b,f,2026-09-06 15:30:28.390981+00
01a07757-a7a7-7ef3-843a-8111b2076743,01a07757-90f6-7ca2-9931-c03ede6acaf9,01a07757-9326-7163-8c83-7c6a503c55b9,01a07757-a785-7bd1-a8ec-a7d6b95cdd3b,f,2026-09-06 15:30:28.390981+00
01a07757-a7a8-7bf2-8435-24af637f64af,01a07757-90f6-7ca2-9931-c03ede6acaf9,01a07757-9326-7163-8c83-7c4f3de883d0,01a07757-a785-7bd1-a8ec-a7d6b95cdd3b,f,2026-09-06 15:30:28.390981+00
01a07757-a7a8-7bf2-8435-24b188c2b53d,01a07757-90f6-7ca2-9931-c03ede6acaf9,01a07757-9326-7163-8c83-7c6a503c55b9,01a07757-a785-7bd1-a8ec-a7d6b95cdd3b,f,2026-09-06 15:30:28.390981+00
01a07757-a7a8-7bf2-8435-24cb68be6d42,01a07757-90f6-7ca2-9931-c03ede6acaf9,01a07757-9326-7163-8c83-7c4f3de883d0,01a07757-a785-7bd1-a8ec-a7d6b95cdd3b,f,2026-09-06 15:30:28.390981+00
01a07757-a7a8-7bf2-8435-24dbec4b0e3e,01a07757-90f6-7ca2-9931-c03ede6acaf9,01a07757-9326-7163-8c83-7c6a503c55b9,01a07757-a785-7bd1-a8ec-a7d6b95cdd3b,f,2026-09-06 15:30:28.390981+00
01a07757-a7a9-7642-824a-c0806ab4a839,01a07757-90f6-7ca2-9931-c03ede6acaf9,01a07757-9326-7163-8c83-7c8e2680f9ed,01a07757-a785-7bd1-a8ec-a7e0959422db,f,2026-09-06 15:30:28.390981+00
01a07757-a7a9-7642-824a-c09889834b6f,01a07757-90f6-7ca2-9931-c03ede6acaf9,01a07757-9326-7163-8c83-7cadc04e10ed,01a07757-a785-7bd1-a8ec-a7e0959422db,f,2026-09-06 15:30:28.390981+00
01a07757-a7a9-7642-824a-c0ada8379779,01a07757-90f6-7ca2-9931-c03ede6acaf9,01a07757-9326-7163-8c83-7c8e2680f9ed,01a07757-a785-7bd1-a8ec-a7e0959422db,f,2026-09-06 15:30:28.390981+00
01a07757-a7a9-7642-824a-c0b9036a30e6,01a07757-90f6-7ca2-9931-c03ede6acaf9,01a07757-9326-7163-8c83-7cadc04e10ed,01a07757-a785-7bd1-a8ec-a7e0959422db,f,2026-09-06 15:30:28.390981+00
01a07757-a7a9-7642-824a-c0c1f660f479,01a07757-90f6-7ca2-9931-c03ede6acaf9,01a07757-9326-7163-8c83-7c8e2680f9ed,01a07757-a785-7bd1-a8ec-a7e0959422db,f,2026-09-06 15:30:28.390981+00
01a07757-a7aa-7fe3-8f89-a009b1f4062e,01a07757-90f6-7ca2-9931-c03ede6acaf9,01a07757-9326-7163-8c83-7cadc04e10ed,01a07757-a785-7bd1-a8ec-a7e0959422db,f,2026-09-06 15:30:28.390981+00
01a07757-a7aa-7fe3-8f89-a01316f82263,01a07757-90f6-7ca2-9931-c03ede6acaf9,01a07757-9326-7163-8c83-7cc9f0b42f09,01a07757-a785-7bd1-a8ec-a7fbbc8804a5,f,2026-09-06 15:30:28.390981+00
01a07757-a7aa-7fe3-8f89-a0249057a3ae,01a07757-90f6-7ca2-9931-c03ede6acaf9,01a07757-9326-7163-8c83-7ce5adfc0a14,01a07757-a785-7bd1-a8ec-a7fbbc8804a5,f,2026-09-06 15:30:28.390981+00
01a07757-a7aa-7fe3-8f89-a03a0ae91dc5,01a07757-90f6-7ca2-9931-c03ede6acaf9,01a07757-9326-7163-8c83-7cc9f0b42f09,01a07757-a785-7bd1-a8ec-a7fbbc8804a5,f,2026-09-06 15:30:28.390981+00
01a07757-a7aa-7fe3-8f89-a0416a5cc26d,01a07757-90f6-7ca2-9931-c03ede6acaf9,01a07757-9326-7163-8c83-7ce5adfc0a14,01a07757-a785-7bd1-a8ec-a7fbbc8804a5,f,2026-09-06 15:30:28.390981+00
01a07757-a7ab-7003-879a-42e3187d9197,01a07757-90f6-7ca2-9931-c03ede6acaf9,01a07757-9326-7163-8c83-7cc9f0b42f09,01a07757-a785-7bd1-a8ec-a7fbbc8804a5,f,2026-09-06 15:30:28.390981+00
01a07757-a7ab-7003-879a-42fa8a533107,01a07757-90f6-7ca2-9931-c03ede6acaf9,01a07757-9326-7163-8c83-7ce5adfc0a14,01a07757-a785-7bd1-a8ec-a7fbbc8804a5,f,2026-09-06 15:30:28.390981+00
01a07757-a7ab-7003-879a-4309c9c17d02,01a07757-90f6-7ca2-9931-c03ede6acaf9,01a07757-9326-7163-8c83-7d07b5898789,01a07757-a785-7bd1-a8ec-a80b5decb7b3,f,2026-09-06 15:30:28.390981+00
01a07757-a7ab-7003-879a-431eb935099e,01a07757-90f6-7ca2-9931-c03ede6acaf9,01a07757-9326-7163-8c83-7d2dd052032c,01a07757-a785-7bd1-a8ec-a80b5decb7b3,f,2026-09-06 15:30:28.390981+00
01a07757-a7ac-7802-83e5-45c7aae90dd2,01a07757-90f6-7ca2-9931-c03ede6acaf9,01a07757-9326-7163-8c83-7d07b5898789,01a07757-a785-7bd1-a8ec-a80b5decb7b3,f,2026-09-06 15:30:28.390981+00
01a07757-a7ac-7802-83e5-45d963c84550,01a07757-90f6-7ca2-9931-c03ede6acaf9,01a07757-9326-7163-8c83-7d2dd052032c,01a07757-a785-7bd1-a8ec-a80b5decb7b3,f,2026-09-06 15:30:28.390981+00
01a07757-a7ac-7802-83e5-45ee180f93be,01a07757-90f6-7ca2-9931-c03ede6acaf9,01a07757-9326-7163-8c83-7d07b5898789,01a07757-a785-7bd1-a8ec-a80b5decb7b3,f,2026-09-06 15:30:28.390981+00
01a07757-a7ac-7802-83e5-45f968f58dce,01a07757-90f6-7ca2-9931-c03ede6acaf9,01a07757-9326-7163-8c83-7d2dd052032c,01a07757-a785-7bd1-a8ec-a80b5decb7b3,f,2026-09-06 15:30:28.390981+00
01a07757-a7ad-7531-802a-cd4f7b6a2a3c,01a07757-90f6-7ca2-9931-c03ede6acaf9,01a07757-9326-7163-8c83-7d4c6d79f3f4,01a07757-a785-7bd1-a8ec-a818d64160aa,f,2026-09-06 15:30:28.390981+00
01a07757-a7ad-7531-802a-cd55e4c9187f,01a07757-90f6-7ca2-9931-c03ede6acaf9,01a07757-9326-7163-8c83-7d615a649564,01a07757-a785-7bd1-a8ec-a818d64160aa,f,2026-09-06 15:30:28.390981+00
01a07757-a7ad-7531-802a-cd6d03de70b3,01a07757-90f6-7ca2-9931-c03ede6acaf9,01a07757-9326-7163-8c83-7d4c6d79f3f4,01a07757-a785-7bd1-a8ec-a818d64160aa,f,2026-09-06 15:30:28.390981+00
01a07757-a7ad-7531-802a-cd7cd8c39a2a,01a07757-90f6-7ca2-9931-c03ede6acaf9,01a07757-9326-7163-8c83-7d615a649564,01a07757-a785-7bd1-a8ec-a818d64160aa,f,2026-09-06 15:30:28.390981+00
01a07757-a7ad-7531-802a-cd8df71895a4,01a07757-90f6-7ca2-9931-c03ede6acaf9,01a07757-9326-7163-8c83-7d4c6d79f3f4,01a07757-a785-7bd1-a8ec-a818d64160aa,f,2026-09-06 15:30:28.390981+00
01a07757-a7ad-7531-802a-cd92b813128d,01a07757-90f6-7ca2-9931-c03ede6acaf9,01a07757-9326-7163-8c83-7d615a649564,01a07757-a785-7bd1-a8ec-a818d64160aa,f,2026-09-06 15:30:28.390981+00
01a07757-a7ae-75a0-8c25-d646ca314e1e,01a07757-90f6-7ca2-9931-c03ede6acaf9,01a07757-9326-7163-8c83-7d8e39fe7daa,01a07757-a785-7bd1-a8ec-a8283143084d,f,2026-09-06 15:30:28.390981+00
01a07757-a7ae-75a0-8c25-d65ec44471be,01a07757-90f6-7ca2-9931-c03ede6acaf9,01a07757-9326-7163-8c83-7da98355d62a,01a07757-a785-7bd1-a8ec-a8283143084d,f,2026-09-06 15:30:28.390981+00
01a07757-a7ae-75a0-8c25-d66eb135e9b0,01a07757-90f6-7ca2-9931-c03ede6acaf9,01a07757-9326-7163-8c83-7d8e39fe7daa,01a07757-a785-7bd1-a8ec-a8283143084d,f,2026-09-06 15:30:28.390981+00
01a07757-a7ae-75a0-8c25-d67f3c114786,01a07757-90f6-7ca2-9931-c03ede6acaf9,01a07757-9326-7163-8c83-7da98355d62a,01a07757-a785-7bd1-a8ec-a8283143084d,f,2026-09-06 15:30:28.390981+00
01a07757-a7ae-75a0-8c25-d68b696a6ae2,01a07757-90f6-7ca2-9931-c03ede6acaf9,01a07757-9326-7163-8c83-7d8e39fe7daa,01a07757-a785-7bd1-a8ec-a8283143084d,f,2026-09-06 15:30:28.390981+00
01a07757-a7af-7102-a2e5-89451f4f54fb,01a07757-90f6-7ca2-9931-c03ede6acaf9,01a07757-9326-7163-8c83-7da98355d62a,01a07757-a785-7bd1-a8ec-a8283143084d,f,2026-09-06 15:30:28.390981+00
01a07757-a7af-7102-a2e5-895f3ac68e08,01a07757-90f6-7ca2-9931-c03ede6acaf9,01a07757-9326-7163-8c83-7dc77c15bec7,01a07757-a785-7bd1-a8ec-a8365a145a53,f,2026-09-06 15:30:28.390981+00
01a07757-a7af-7102-a2e5-896c448c08ee,01a07757-90f6-7ca2-9931-c03ede6acaf9,01a07757-9326-7163-8c83-7de8b665e03d,01a07757-a785-7bd1-a8ec-a8365a145a53,f,2026-09-06 15:30:28.390981+00
01a07757-a7af-7102-a2e5-8973c712a4b2,01a07757-90f6-7ca2-9931-c03ede6acaf9,01a07757-9326-7163-8c83-7dc77c15bec7,01a07757-a785-7bd1-a8ec-a8365a145a53,f,2026-09-06 15:30:28.390981+00
01a07757-a7af-7102-a2e5-8988387b5407,01a07757-90f6-7ca2-9931-c03ede6acaf9,01a07757-9326-7163-8c83-7de8b665e03d,01a07757-a785-7bd1-a8ec-a8365a145a53,f,2026-09-06 15:30:28.390981+00
01a07757-a7b0-7840-8aed-87c83e66055c,01a07757-90f6-7ca2-9931-c03ede6acaf9,01a07757-9326-7163-8c83-7dc77c15bec7,01a07757-a785-7bd1-a8ec-a8365a145a53,f,2026-09-06 15:30:28.390981+00
01a07757-a7b0-7840-8aed-87de43345bf1,01a07757-90f6-7ca2-9931-c03ede6acaf9,01a07757-9326-7163-8c83-7de8b665e03d,01a07757-a785-7bd1-a8ec-a8365a145a53,f,2026-09-06 15:30:28.390981+00
01a07757-a7b0-7840-8aed-87efcdee9042,01a07757-90f6-7ca2-9931-c03ede6acaf9,01a07757-9326-7163-8c83-7e0c575d6a6c,01a07757-a785-7bd1-a8ec-a84bf580db74,f,2026-09-06 15:30:28.390981+00
01a07757-a7b0-7840-8aed-87ff317352d1,01a07757-90f6-7ca2-9931-c03ede6acaf9,01a07757-9326-7163-8c83-7e2e979d3896,01a07757-a785-7bd1-a8ec-a84bf580db74,f,2026-09-06 15:30:28.390981+00
01a07757-a7b0-7840-8aed-88009fd71306,01a07757-90f6-7ca2-9931-c03ede6acaf9,01a07757-9326-7163-8c83-7e0c575d6a6c,01a07757-a785-7bd1-a8ec-a84bf580db74,f,2026-09-06 15:30:28.390981+00
01a07757-a7b1-7d42-a11c-f5009542c952,01a07757-90f6-7ca2-9931-c03ede6acaf9,01a07757-9326-7163-8c83-7e2e979d3896,01a07757-a785-7bd1-a8ec-a84bf580db74,f,2026-09-06 15:30:28.390981+00
01a07757-a7b1-7d42-a11c-f513829be9cf,01a07757-90f6-7ca2-9931-c03ede6acaf9,01a07757-9326-7163-8c83-7e0c575d6a6c,01a07757-a785-7bd1-a8ec-a84bf580db74,f,2026-09-06 15:30:28.390981+00
01a07757-a7b1-7d42-a11c-f5235c3751e6,01a07757-90f6-7ca2-9931-c03ede6acaf9,01a07757-9326-7163-8c83-7e2e979d3896,01a07757-a785-7bd1-a8ec-a84bf580db74,f,2026-09-06 15:30:28.390981+00
01a07757-a7b1-7d42-a11c-f53b074261a6,01a07757-90f6-7ca2-9931-c03ede6acaf9,01a07757-9326-7163-8c83-7e4843ef09e9,01a07757-a785-7bd1-a8ec-a851f4dc2538,f,2026-09-06 15:30:28.390981+00
01a07757-a7b1-7d42-a11c-f54058b8ca01,01a07757-90f6-7ca2-9931-c03ede6acaf9,01a07757-9326-7163-8c83-7e64d325d3f0,01a07757-a785-7bd1-a8ec-a851f4dc2538,f,2026-09-06 15:30:28.390981+00
01a07757-a7b2-7683-ae81-1fbccd5d17bc,01a07757-90f6-7ca2-9931-c03ede6acaf9,01a07757-9326-7163-8c83-7e4843ef09e9,01a07757-a785-7bd1-a8ec-a851f4dc2538,f,2026-09-06 15:30:28.390981+00
01a07757-a7b2-7683-ae81-1fc864af2163,01a07757-90f6-7ca2-9931-c03ede6acaf9,01a07757-9326-7163-8c83-7e64d325d3f0,01a07757-a785-7bd1-a8ec-a851f4dc2538,f,2026-09-06 15:30:28.390981+00
01a07757-a7b2-7683-ae81-1fd4216c19dd,01a07757-90f6-7ca2-9931-c03ede6acaf9,01a07757-9326-7163-8c83-7e4843ef09e9,01a07757-a785-7bd1-a8ec-a851f4dc2538,f,2026-09-06 15:30:28.390981+00
01a07757-a7b2-7683-ae81-1fe89b841a60,01a07757-90f6-7ca2-9931-c03ede6acaf9,01a07757-9326-7163-8c83-7e64d325d3f0,01a07757-a785-7bd1-a8ec-a851f4dc2538,f,2026-09-06 15:30:28.390981+00
01a07757-a7b2-7683-ae81-1ffd6ba1dd7d,01a07757-90f6-7ca2-9931-c03ede6acaf9,01a07757-9326-7163-8c83-7e820f388ded,01a07757-a785-7bd1-a8ec-a86923fb0fcb,f,2026-09-06 15:30:28.390981+00
01a07757-a7b3-7671-bb26-66152cd82d5a,01a07757-90f6-7ca2-9931-c03ede6acaf9,01a07757-9326-7163-8c83-7eab4ad09006,01a07757-a785-7bd1-a8ec-a86923fb0fcb,f,2026-09-06 15:30:28.390981+00
01a07757-a7b3-7671-bb26-6623bf320adf,01a07757-90f6-7ca2-9931-c03ede6acaf9,01a07757-9326-7163-8c83-7e820f388ded,01a07757-a785-7bd1-a8ec-a86923fb0fcb,f,2026-09-06 15:30:28.390981+00
01a07757-a7b3-7671-bb26-66323b00b768,01a07757-90f6-7ca2-9931-c03ede6acaf9,01a07757-9326-7163-8c83-7eab4ad09006,01a07757-a785-7bd1-a8ec-a86923fb0fcb,f,2026-09-06 15:30:28.390981+00
01a07757-a7b3-7671-bb26-6642a18a2879,01a07757-90f6-7ca2-9931-c03ede6acaf9,01a07757-9326-7163-8c83-7e820f388ded,01a07757-a785-7bd1-a8ec-a86923fb0fcb,f,2026-09-06 15:30:28.390981+00
01a07757-a7b3-7671-bb26-665d20e36e87,01a07757-90f6-7ca2-9931-c03ede6acaf9,01a07757-9326-7163-8c83-7eab4ad09006,01a07757-a785-7bd1-a8ec-a86923fb0fcb,f,2026-09-06 15:30:28.390981+00
01a07757-a7b4-7ab2-8619-6c09b686e8df,01a07757-90f6-7ca2-9931-c03ede6acaf9,01a07757-9326-7163-8c83-7ec08b7fbc58,01a07757-a785-7bd1-a8ec-a875983a8da3,f,2026-09-06 15:30:28.390981+00
01a07757-a7b4-7ab2-8619-6c1d9cb86261,01a07757-90f6-7ca2-9931-c03ede6acaf9,01a07757-9326-7163-8c83-7ee3d2f74b9e,01a07757-a785-7bd1-a8ec-a875983a8da3,f,2026-09-06 15:30:28.390981+00
01a07757-a7b4-7ab2-8619-6c211dac4a6b,01a07757-90f6-7ca2-9931-c03ede6acaf9,01a07757-9326-7163-8c83-7ec08b7fbc58,01a07757-a785-7bd1-a8ec-a875983a8da3,f,2026-09-06 15:30:28.390981+00
01a07757-a7b4-7ab2-8619-6c339ee3048e,01a07757-90f6-7ca2-9931-c03ede6acaf9,01a07757-9326-7163-8c83-7ee3d2f74b9e,01a07757-a785-7bd1-a8ec-a875983a8da3,f,2026-09-06 15:30:28.390981+00
01a07757-a7b4-7ab2-8619-6c4978046844,01a07757-90f6-7ca2-9931-c03ede6acaf9,01a07757-9326-7163-8c83-7ec08b7fbc58,01a07757-a785-7bd1-a8ec-a875983a8da3,f,2026-09-06 15:30:28.390981+00
01a07757-a7b4-7ab2-8619-6c5dd18f03e3,01a07757-90f6-7ca2-9931-c03ede6acaf9,01a07757-9326-7163-8c83-7ee3d2f74b9e,01a07757-a785-7bd1-a8ec-a875983a8da3,f,2026-09-06 15:30:28.390981+00
01a07757-a7b5-7d02-b08c-35766dab8e3f,01a07757-90f6-7ca2-9931-c03ede6acaf9,01a07757-9326-7163-8c83-7f0e8d1ee070,01a07757-a785-7bd1-a8ec-a8896dea62cf,f,2026-09-06 15:30:28.390981+00
01a07757-a7b5-7d02-b08c-3581ff0db435,01a07757-90f6-7ca2-9931-c03ede6acaf9,01a07757-9326-7163-8c83-7f2c3bb0446e,01a07757-a785-7bd1-a8ec-a8896dea62cf,f,2026-09-06 15:30:28.390981+00
01a07757-a7b5-7d02-b08c-359623f2dd88,01a07757-90f6-7ca2-9931-c03ede6acaf9,01a07757-9326-7163-8c83-7f0e8d1ee070,01a07757-a785-7bd1-a8ec-a8896dea62cf,f,2026-09-06 15:30:28.390981+00
01a07757-a7b5-7d02-b08c-35a2abe2eab4,01a07757-90f6-7ca2-9931-c03ede6acaf9,01a07757-9326-7163-8c83-7f2c3bb0446e,01a07757-a785-7bd1-a8ec-a8896dea62cf,f,2026-09-06 15:30:28.390981+00
01a07757-a7b5-7d02-b08c-35ba227a3db1,01a07757-90f6-7ca2-9931-c03ede6acaf9,01a07757-9326-7163-8c83-7f0e8d1ee070,01a07757-a785-7bd1-a8ec-a8896dea62cf,f,2026-09-06 15:30:28.390981+00
01a07757-a7b5-7d02-b08c-35c63e959460,01a07757-90f6-7ca2-9931-c03ede6acaf9,01a07757-9326-7163-8c83-7f2c3bb0446e,01a07757-a785-7bd1-a8ec-a8896dea62cf,f,2026-09-06 15:30:28.390981+00
01a07757-a7b6-76e1-b786-ecba3dde809d,01a07757-90f6-7ca2-9931-c03ede6acaf9,01a07757-9326-7163-8c83-7f4643768a55,01a07757-a785-7bd1-a8ec-a8900c5035e6,f,2026-09-06 15:30:28.390981+00
01a07757-a7b6-76e1-b786-ecc434201c14,01a07757-90f6-7ca2-9931-c03ede6acaf9,01a07757-9326-7163-8c83-7f6700d41203,01a07757-a785-7bd1-a8ec-a8900c5035e6,f,2026-09-06 15:30:28.390981+00
01a07757-a7b6-76e1-b786-ecdda3892ba4,01a07757-90f6-7ca2-9931-c03ede6acaf9,01a07757-9326-7163-8c83-7f4643768a55,01a07757-a785-7bd1-a8ec-a8900c5035e6,f,2026-09-06 15:30:28.390981+00
01a07757-a7b6-76e1-b786-ece6ebe6b093,01a07757-90f6-7ca2-9931-c03ede6acaf9,01a07757-9326-7163-8c83-7f6700d41203,01a07757-a785-7bd1-a8ec-a8900c5035e6,f,2026-09-06 15:30:28.390981+00
01a07757-a7b6-76e1-b786-ecf77365cd3b,01a07757-90f6-7ca2-9931-c03ede6acaf9,01a07757-9326-7163-8c83-7f4643768a55,01a07757-a785-7bd1-a8ec-a8900c5035e6,f,2026-09-06 15:30:28.390981+00
01a07757-a7b6-76e1-b786-ed00f5c8173b,01a07757-90f6-7ca2-9931-c03ede6acaf9,01a07757-9326-7163-8c83-7f6700d41203,01a07757-a785-7bd1-a8ec-a8900c5035e6,f,2026-09-06 15:30:28.390981+00
01a07757-a7b7-7bb3-95f8-8155f396ac9f,01a07757-90f6-7ca2-9931-c03ede6acaf9,01a07757-9326-7163-8c83-7f8a46c9536b,01a07757-a785-7bd1-a8ec-a8adb40a36da,f,2026-09-06 15:30:28.390981+00
01a07757-a7b7-7bb3-95f8-816df9d0019e,01a07757-90f6-7ca2-9931-c03ede6acaf9,01a07757-9326-7163-8c83-7fa1ca5d706c,01a07757-a785-7bd1-a8ec-a8adb40a36da,f,2026-09-06 15:30:28.390981+00
01a07757-a7b7-7bb3-95f8-817562f4c671,01a07757-90f6-7ca2-9931-c03ede6acaf9,01a07757-9326-7163-8c83-7f8a46c9536b,01a07757-a785-7bd1-a8ec-a8adb40a36da,f,2026-09-06 15:30:28.390981+00
01a07757-a7b7-7bb3-95f8-81859e608e98,01a07757-90f6-7ca2-9931-c03ede6acaf9,01a07757-9326-7163-8c83-7fa1ca5d706c,01a07757-a785-7bd1-a8ec-a8adb40a36da,f,2026-09-06 15:30:28.390981+00
01a07757-a7b7-7bb3-95f8-819760a43833,01a07757-90f6-7ca2-9931-c03ede6acaf9,01a07757-9326-7163-8c83-7f8a46c9536b,01a07757-a785-7bd1-a8ec-a8adb40a36da,f,2026-09-06 15:30:28.390981+00
01a07757-a7b8-7d91-a8e0-a3b74608bb24,01a07757-90f6-7ca2-9931-c03ede6acaf9,01a07757-9326-7163-8c83-7fa1ca5d706c,01a07757-a785-7bd1-a8ec-a8adb40a36da,f,2026-09-06 15:30:28.390981+00
01a07757-a7b8-7d91-a8e0-a3c6d57ee760,01a07757-90f6-7ca2-9931-c03ede6acaf9,01a07757-9326-7163-8c83-7fcba840ac77,01a07757-a785-7bd1-a8ec-a8b9c8408114,f,2026-09-06 15:30:28.390981+00
01a07757-a7b8-7d91-a8e0-a3d9659dc9d9,01a07757-90f6-7ca2-9931-c03ede6acaf9,01a07757-9326-7163-8c83-7fe923a2ba23,01a07757-a785-7bd1-a8ec-a8b9c8408114,f,2026-09-06 15:30:28.390981+00
01a07757-a7b8-7d91-a8e0-a3eb822c897f,01a07757-90f6-7ca2-9931-c03ede6acaf9,01a07757-9326-7163-8c83-7fcba840ac77,01a07757-a785-7bd1-a8ec-a8b9c8408114,f,2026-09-06 15:30:28.390981+00
01a07757-a7b9-7033-b41c-1530d1a20426,01a07757-90f6-7ca2-9931-c03ede6acaf9,01a07757-9326-7163-8c83-7fe923a2ba23,01a07757-a785-7bd1-a8ec-a8b9c8408114,f,2026-09-06 15:30:28.390981+00
01a07757-a7b9-7033-b41c-15457b115d61,01a07757-90f6-7ca2-9931-c03ede6acaf9,01a07757-9326-7163-8c83-7fcba840ac77,01a07757-a785-7bd1-a8ec-a8b9c8408114,f,2026-09-06 15:30:28.390981+00
01a07757-a7b9-7033-b41c-1553b9bcae59,01a07757-90f6-7ca2-9931-c03ede6acaf9,01a07757-9326-7163-8c83-7fe923a2ba23,01a07757-a785-7bd1-a8ec-a8b9c8408114,f,2026-09-06 15:30:28.390981+00
01a07757-a7b9-7033-b41c-156bd0a15088,01a07757-90f6-7ca2-9931-c03ede6acaf9,01a07757-932d-7a30-ad58-6d0815876ea0,01a07757-a785-7bd1-a8ec-a8c7835f42ea,f,2026-09-06 15:30:28.390981+00
01a07757-a7ba-7701-9852-bd8b8f9fd139,01a07757-90f6-7ca2-9931-c03ede6acaf9,01a07757-932d-7a30-ad58-6d21b0a6b959,01a07757-a785-7bd1-a8ec-a8c7835f42ea,f,2026-09-06 15:30:28.390981+00
01a07757-a7ba-7701-9852-bd9ff8187651,01a07757-90f6-7ca2-9931-c03ede6acaf9,01a07757-932d-7a30-ad58-6d0815876ea0,01a07757-a785-7bd1-a8ec-a8c7835f42ea,f,2026-09-06 15:30:28.390981+00
01a07757-a7ba-7701-9852-bda1d1fa9f7e,01a07757-90f6-7ca2-9931-c03ede6acaf9,01a07757-932d-7a30-ad58-6d21b0a6b959,01a07757-a785-7bd1-a8ec-a8c7835f42ea,f,2026-09-06 15:30:28.390981+00
01a07757-a7ba-7701-9852-bdb5296e5704,01a07757-90f6-7ca2-9931-c03ede6acaf9,01a07757-932d-7a30-ad58-6d0815876ea0,01a07757-a785-7bd1-a8ec-a8c7835f42ea,f,2026-09-06 15:30:28.390981+00
01a07757-a7bb-75f0-a65c-05dc8b49564a,01a07757-90f6-7ca2-9931-c03ede6acaf9,01a07757-932d-7a30-ad58-6d21b0a6b959,01a07757-a785-7bd1-a8ec-a8c7835f42ea,f,2026-09-06 15:30:28.390981+00
01a07757-a7bb-75f0-a65c-05e7867c028b,01a07757-90f6-7ca2-9931-c03ede6acaf9,01a07757-932d-7a30-ad58-6d4723d2e6f6,01a07757-a785-7bd1-a8ec-a8db8d13ddb9,f,2026-09-06 15:30:28.390981+00
01a07757-a7bc-7de1-b04f-16d475564896,01a07757-90f6-7ca2-9931-c03ede6acaf9,01a07757-932d-7a30-ad58-6d605d576093,01a07757-a785-7bd1-a8ec-a8db8d13ddb9,f,2026-09-06 15:30:28.390981+00
01a07757-a7bc-7de1-b04f-16e35d29cab0,01a07757-90f6-7ca2-9931-c03ede6acaf9,01a07757-932d-7a30-ad58-6d4723d2e6f6,01a07757-a785-7bd1-a8ec-a8db8d13ddb9,f,2026-09-06 15:30:28.390981+00
01a07757-a7bc-7de1-b04f-16f44fdf9f9f,01a07757-90f6-7ca2-9931-c03ede6acaf9,01a07757-932d-7a30-ad58-6d605d576093,01a07757-a785-7bd1-a8ec-a8db8d13ddb9,f,2026-09-06 15:30:28.390981+00
01a07757-a7bc-7de1-b04f-1706b8b0ee48,01a07757-90f6-7ca2-9931-c03ede6acaf9,01a07757-932d-7a30-ad58-6d4723d2e6f6,01a07757-a785-7bd1-a8ec-a8db8d13ddb9,f,2026-09-06 15:30:28.390981+00
01a07757-a7bc-7de1-b04f-1711e701d437,01a07757-90f6-7ca2-9931-c03ede6acaf9,01a07757-932d-7a30-ad58-6d605d576093,01a07757-a785-7bd1-a8ec-a8db8d13ddb9,f,2026-09-06 15:30:28.390981+00
01a07757-a7bd-7931-b593-a840bb766d9d,01a07757-90f6-7ca2-9931-c03ede6acaf9,01a07757-932d-7a30-ad58-6d84993b23aa,01a07757-a785-7bd1-a8ec-a8e8b7781446,f,2026-09-06 15:30:28.390981+00
01a07757-a7bd-7931-b593-a85f0661b857,01a07757-90f6-7ca2-9931-c03ede6acaf9,01a07757-932d-7a30-ad58-6da8a34ee3cd,01a07757-a785-7bd1-a8ec-a8e8b7781446,f,2026-09-06 15:30:28.390981+00
01a07757-a7bd-7931-b593-a863d9caca4f,01a07757-90f6-7ca2-9931-c03ede6acaf9,01a07757-932d-7a30-ad58-6d84993b23aa,01a07757-a785-7bd1-a8ec-a8e8b7781446,f,2026-09-06 15:30:28.390981+00
01a07757-a7be-7cf2-8037-235652f14fdf,01a07757-90f6-7ca2-9931-c03ede6acaf9,01a07757-932d-7a30-ad58-6da8a34ee3cd,01a07757-a785-7bd1-a8ec-a8e8b7781446,f,2026-09-06 15:30:28.390981+00
01a07757-a7be-7cf2-8037-236c8a61c66e,01a07757-90f6-7ca2-9931-c03ede6acaf9,01a07757-932d-7a30-ad58-6d84993b23aa,01a07757-a785-7bd1-a8ec-a8e8b7781446,f,2026-09-06 15:30:28.390981+00
01a07757-a7be-7cf2-8037-2378f30b46d1,01a07757-90f6-7ca2-9931-c03ede6acaf9,01a07757-932d-7a30-ad58-6da8a34ee3cd,01a07757-a785-7bd1-a8ec-a8e8b7781446,f,2026-09-06 15:30:28.390981+00
01a07757-a7bf-72f3-8738-b47837a2106a,01a07757-90f6-7ca2-9931-c03ede6acaf9,01a07757-932d-7a30-ad58-6dc820330dc4,01a07757-a785-7bd1-a8ec-a8fc3edb2cc8,f,2026-09-06 15:30:28.390981+00
01a07757-a7bf-72f3-8738-b48f0386cf61,01a07757-90f6-7ca2-9931-c03ede6acaf9,01a07757-932d-7a30-ad58-6de913a1d005,01a07757-a785-7bd1-a8ec-a8fc3edb2cc8,f,2026-09-06 15:30:28.390981+00
01a07757-a7bf-72f3-8738-b497e2de3fc3,01a07757-90f6-7ca2-9931-c03ede6acaf9,01a07757-932d-7a30-ad58-6dc820330dc4,01a07757-a785-7bd1-a8ec-a8fc3edb2cc8,f,2026-09-06 15:30:28.390981+00
01a07757-a7bf-72f3-8738-b4ad2b2296fa,01a07757-90f6-7ca2-9931-c03ede6acaf9,01a07757-932d-7a30-ad58-6de913a1d005,01a07757-a785-7bd1-a8ec-a8fc3edb2cc8,f,2026-09-06 15:30:28.390981+00
01a07757-a7bf-72f3-8738-b4b85d6e090e,01a07757-90f6-7ca2-9931-c03ede6acaf9,01a07757-932d-7a30-ad58-6dc820330dc4,01a07757-a785-7bd1-a8ec-a8fc3edb2cc8,f,2026-09-06 15:30:28.390981+00
01a07757-a7c0-7961-9d46-3449946b6772,01a07757-90f6-7ca2-9931-c03ede6acaf9,01a07757-932d-7a30-ad58-6de913a1d005,01a07757-a785-7bd1-a8ec-a8fc3edb2cc8,f,2026-09-06 15:30:28.390981+00
01a07757-a7c0-7961-9d46-3456a56d9da5,01a07757-90f6-7ca2-9931-c03ede6acaf9,01a07757-932d-7a30-ad58-6e0f9d613be6,01a07757-a785-7bd1-a8ec-a90b4009cb9b,f,2026-09-06 15:30:28.390981+00
01a07757-a7c0-7961-9d46-346186d85372,01a07757-90f6-7ca2-9931-c03ede6acaf9,01a07757-932d-7a30-ad58-6e272b82c40d,01a07757-a785-7bd1-a8ec-a90b4009cb9b,f,2026-09-06 15:30:28.390981+00
01a07757-a7c0-7961-9d46-3476c1983a68,01a07757-90f6-7ca2-9931-c03ede6acaf9,01a07757-932d-7a30-ad58-6e0f9d613be6,01a07757-a785-7bd1-a8ec-a90b4009cb9b,f,2026-09-06 15:30:28.390981+00
01a07757-a7c1-7f30-b52c-9c111debd73a,01a07757-90f6-7ca2-9931-c03ede6acaf9,01a07757-932d-7a30-ad58-6e272b82c40d,01a07757-a785-7bd1-a8ec-a90b4009cb9b,f,2026-09-06 15:30:28.390981+00
01a07757-a7c1-7f30-b52c-9c23e0fff7b7,01a07757-90f6-7ca2-9931-c03ede6acaf9,01a07757-932d-7a30-ad58-6e0f9d613be6,01a07757-a785-7bd1-a8ec-a90b4009cb9b,f,2026-09-06 15:30:28.390981+00
01a07757-a7c1-7f30-b52c-9c3dd7a9e170,01a07757-90f6-7ca2-9931-c03ede6acaf9,01a07757-932d-7a30-ad58-6e272b82c40d,01a07757-a785-7bd1-a8ec-a90b4009cb9b,f,2026-09-06 15:30:28.390981+00
01a07757-a7c2-7931-8de6-0c9ae77b45e8,01a07757-90f6-7ca2-9931-c03ede6acaf9,01a07757-932d-7a30-ad58-6e4340000120,01a07757-a785-7bd1-a8ec-a9157e728328,f,2026-09-06 15:30:28.390981+00
01a07757-a7c2-7931-8de6-0ca30f52eb75,01a07757-90f6-7ca2-9931-c03ede6acaf9,01a07757-932d-7a30-ad58-6e66174ffc1d,01a07757-a785-7bd1-a8ec-a9157e728328,f,2026-09-06 15:30:28.390981+00
01a07757-a7c2-7931-8de6-0cbdbfd3de72,01a07757-90f6-7ca2-9931-c03ede6acaf9,01a07757-932d-7a30-ad58-6e4340000120,01a07757-a785-7bd1-a8ec-a9157e728328,f,2026-09-06 15:30:28.390981+00
01a07757-a7c2-7931-8de6-0cc3fd30fc69,01a07757-90f6-7ca2-9931-c03ede6acaf9,01a07757-932d-7a30-ad58-6e66174ffc1d,01a07757-a785-7bd1-a8ec-a9157e728328,f,2026-09-06 15:30:28.390981+00
01a07757-a7c2-7931-8de6-0cdb4eb059b7,01a07757-90f6-7ca2-9931-c03ede6acaf9,01a07757-932d-7a30-ad58-6e4340000120,01a07757-a785-7bd1-a8ec-a9157e728328,f,2026-09-06 15:30:28.390981+00
01a07757-a7c3-7cd0-9fb8-89b8a8ca6951,01a07757-90f6-7ca2-9931-c03ede6acaf9,01a07757-932d-7a30-ad58-6e66174ffc1d,01a07757-a785-7bd1-a8ec-a9157e728328,f,2026-09-06 15:30:28.390981+00
01a07757-a7c3-7cd0-9fb8-89cc8d04541c,01a07757-90f6-7ca2-9931-c03ede6acaf9,01a07757-932d-7a30-ad58-6e87b7008020,01a07757-a785-7bd1-a8ec-a92db680052a,f,2026-09-06 15:30:28.390981+00
01a07757-a7c4-7633-b2ac-fe5719eec6cb,01a07757-90f6-7ca2-9931-c03ede6acaf9,01a07757-932d-7a30-ad58-6ea4032354bb,01a07757-a785-7bd1-a8ec-a92db680052a,f,2026-09-06 15:30:28.390981+00
01a07757-a7c4-7633-b2ac-fe6c958dffa1,01a07757-90f6-7ca2-9931-c03ede6acaf9,01a07757-932d-7a30-ad58-6e87b7008020,01a07757-a785-7bd1-a8ec-a92db680052a,f,2026-09-06 15:30:28.390981+00
01a07757-a7c4-7633-b2ac-fe7fa6d8c764,01a07757-90f6-7ca2-9931-c03ede6acaf9,01a07757-932d-7a30-ad58-6ea4032354bb,01a07757-a785-7bd1-a8ec-a92db680052a,f,2026-09-06 15:30:28.390981+00
01a07757-a7c4-7633-b2ac-fe879949797a,01a07757-90f6-7ca2-9931-c03ede6acaf9,01a07757-932d-7a30-ad58-6e87b7008020,01a07757-a785-7bd1-a8ec-a92db680052a,f,2026-09-06 15:30:28.390981+00
01a07757-a7c4-7633-b2ac-fe9f2efe04e2,01a07757-90f6-7ca2-9931-c03ede6acaf9,01a07757-932d-7a30-ad58-6ea4032354bb,01a07757-a785-7bd1-a8ec-a92db680052a,f,2026-09-06 15:30:28.390981+00
01a07757-a7c5-7461-a930-445312cbd366,01a07757-90f6-7ca2-9931-c03ede6acaf9,01a07757-932d-7a30-ad58-6ec0dd44cb5a,01a07757-a785-7bd1-a8ec-a93b6d127c57,f,2026-09-06 15:30:28.390981+00
01a07757-a7c5-7461-a930-446c5e1d1e8c,01a07757-90f6-7ca2-9931-c03ede6acaf9,01a07757-932d-7a30-ad58-6eef576abccc,01a07757-a785-7bd1-a8ec-a93b6d127c57,f,2026-09-06 15:30:28.390981+00
01a07757-a7c5-7461-a930-4477ca4b4cb3,01a07757-90f6-7ca2-9931-c03ede6acaf9,01a07757-932d-7a30-ad58-6ec0dd44cb5a,01a07757-a785-7bd1-a8ec-a93b6d127c57,f,2026-09-06 15:30:28.390981+00
01a07757-a7c6-7ed3-8cdd-f6a4cc12736b,01a07757-90f6-7ca2-9931-c03ede6acaf9,01a07757-932d-7a30-ad58-6eef576abccc,01a07757-a785-7bd1-a8ec-a93b6d127c57,f,2026-09-06 15:30:28.390981+00
01a07757-a7c6-7ed3-8cdd-f6b55dd7934f,01a07757-90f6-7ca2-9931-c03ede6acaf9,01a07757-932d-7a30-ad58-6ec0dd44cb5a,01a07757-a785-7bd1-a8ec-a93b6d127c57,f,2026-09-06 15:30:28.390981+00
01a07757-a7c6-7ed3-8cdd-f6c5e62306fb,01a07757-90f6-7ca2-9931-c03ede6acaf9,01a07757-932d-7a30-ad58-6eef576abccc,01a07757-a785-7bd1-a8ec-a93b6d127c57,f,2026-09-06 15:30:28.390981+00
01a07757-a7c6-7ed3-8cdd-f6dcf704f58f,01a07757-90f6-7ca2-9931-c03ede6acaf9,01a07757-932d-7a30-ad58-6f0988c793ed,01a07757-a785-7bd1-a8ec-a947e28a7d89,f,2026-09-06 15:30:28.390981+00
01a07757-a7c7-7511-ae25-5dceebdc8ef6,01a07757-90f6-7ca2-9931-c03ede6acaf9,01a07757-932d-7a30-ad58-6f2b02ae5059,01a07757-a785-7bd1-a8ec-a947e28a7d89,f,2026-09-06 15:30:28.390981+00
01a07757-a7c7-7511-ae25-5dd16c0606d4,01a07757-90f6-7ca2-9931-c03ede6acaf9,01a07757-932d-7a30-ad58-6f0988c793ed,01a07757-a785-7bd1-a8ec-a947e28a7d89,f,2026-09-06 15:30:28.390981+00
01a07757-a7c7-7511-ae25-5de36dcad963,01a07757-90f6-7ca2-9931-c03ede6acaf9,01a07757-932d-7a30-ad58-6f2b02ae5059,01a07757-a785-7bd1-a8ec-a947e28a7d89,f,2026-09-06 15:30:28.390981+00
01a07757-a7c7-7511-ae25-5dfaffe9dbc9,01a07757-90f6-7ca2-9931-c03ede6acaf9,01a07757-932d-7a30-ad58-6f0988c793ed,01a07757-a785-7bd1-a8ec-a947e28a7d89,f,2026-09-06 15:30:28.390981+00
01a07757-a7c7-7511-ae25-5e0ad9679ba2,01a07757-90f6-7ca2-9931-c03ede6acaf9,01a07757-932d-7a30-ad58-6f2b02ae5059,01a07757-a785-7bd1-a8ec-a947e28a7d89,f,2026-09-06 15:30:28.390981+00
01a07757-a7c8-7b52-a0f5-146c155cd928,01a07757-90f6-7ca2-9931-c03ede6acaf9,01a07757-932d-7a30-ad58-6f4fa49e6797,01a07757-a785-7bd1-a8ec-a9578d5fe51d,f,2026-09-06 15:30:28.390981+00
01a07757-a7c8-7b52-a0f5-1477ccf463da,01a07757-90f6-7ca2-9931-c03ede6acaf9,01a07757-932d-7a30-ad58-6f6f7c3cef42,01a07757-a785-7bd1-a8ec-a9578d5fe51d,f,2026-09-06 15:30:28.390981+00
01a07757-a7c8-7b52-a0f5-148ca300aec2,01a07757-90f6-7ca2-9931-c03ede6acaf9,01a07757-932d-7a30-ad58-6f4fa49e6797,01a07757-a785-7bd1-a8ec-a9578d5fe51d,f,2026-09-06 15:30:28.390981+00
01a07757-a7c8-7b52-a0f5-14904237b627,01a07757-90f6-7ca2-9931-c03ede6acaf9,01a07757-932d-7a30-ad58-6f6f7c3cef42,01a07757-a785-7bd1-a8ec-a9578d5fe51d,f,2026-09-06 15:30:28.390981+00
01a07757-a7c8-7b52-a0f5-14a0ff8de77a,01a07757-90f6-7ca2-9931-c03ede6acaf9,01a07757-932d-7a30-ad58-6f4fa49e6797,01a07757-a785-7bd1-a8ec-a9578d5fe51d,f,2026-09-06 15:30:28.390981+00
01a07757-a7c8-7b52-a0f5-14b4f3048104,01a07757-90f6-7ca2-9931-c03ede6acaf9,01a07757-932d-7a30-ad58-6f6f7c3cef42,01a07757-a785-7bd1-a8ec-a9578d5fe51d,f,2026-09-06 15:30:28.390981+00
01a07757-a7c9-7631-aedd-81234a5a114a,01a07757-90f6-7ca2-9931-c03ede6acaf9,01a07757-932d-7a30-ad58-6f87fec7b706,01a07757-a785-7bd1-a8ec-a966d45d9cd3,f,2026-09-06 15:30:28.390981+00
01a07757-a7ca-7cc1-9989-cd4f0ce42e3b,01a07757-90f6-7ca2-9931-c03ede6acaf9,01a07757-932d-7a30-ad58-6fa7fe5d6451,01a07757-a785-7bd1-a8ec-a966d45d9cd3,f,2026-09-06 15:30:28.390981+00
01a07757-a7ca-7cc1-9989-cd578648bd16,01a07757-90f6-7ca2-9931-c03ede6acaf9,01a07757-932d-7a30-ad58-6f87fec7b706,01a07757-a785-7bd1-a8ec-a966d45d9cd3,f,2026-09-06 15:30:28.390981+00
01a07757-a7ca-7cc1-9989-cd63b35e2347,01a07757-90f6-7ca2-9931-c03ede6acaf9,01a07757-932d-7a30-ad58-6fa7fe5d6451,01a07757-a785-7bd1-a8ec-a966d45d9cd3,f,2026-09-06 15:30:28.390981+00
01a07757-a7ca-7cc1-9989-cd7d6404c713,01a07757-90f6-7ca2-9931-c03ede6acaf9,01a07757-932d-7a30-ad58-6f87fec7b706,01a07757-a785-7bd1-a8ec-a966d45d9cd3,f,2026-09-06 15:30:28.390981+00
01a07757-a7ca-7cc1-9989-cd831f4cb8bf,01a07757-90f6-7ca2-9931-c03ede6acaf9,01a07757-932d-7a30-ad58-6fa7fe5d6451,01a07757-a785-7bd1-a8ec-a966d45d9cd3,f,2026-09-06 15:30:28.390981+00
01a07757-a7cb-7f61-8206-5bc08e066829,01a07757-90f6-7ca2-9931-c03ede6acaf9,01a07757-932d-7a30-ad58-6fc18e2a3db3,01a07757-a785-7bd1-a8ec-a97c8beb806c,f,2026-09-06 15:30:28.390981+00
01a07757-a7cb-7f61-8206-5bdae9ece918,01a07757-90f6-7ca2-9931-c03ede6acaf9,01a07757-932d-7a30-ad58-6fe2e767cb37,01a07757-a785-7bd1-a8ec-a97c8beb806c,f,2026-09-06 15:30:28.390981+00
01a07757-a7cb-7f61-8206-5be106d88d2b,01a07757-90f6-7ca2-9931-c03ede6acaf9,01a07757-932d-7a30-ad58-6fc18e2a3db3,01a07757-a785-7bd1-a8ec-a97c8beb806c,f,2026-09-06 15:30:28.390981+00
01a07757-a7cb-7f61-8206-5bf11938dd93,01a07757-90f6-7ca2-9931-c03ede6acaf9,01a07757-932d-7a30-ad58-6fe2e767cb37,01a07757-a785-7bd1-a8ec-a97c8beb806c,f,2026-09-06 15:30:28.390981+00
01a07757-a7cc-7243-845d-41c166705c09,01a07757-90f6-7ca2-9931-c03ede6acaf9,01a07757-932d-7a30-ad58-6fc18e2a3db3,01a07757-a785-7bd1-a8ec-a97c8beb806c,f,2026-09-06 15:30:28.390981+00
01a07757-a7cc-7243-845d-41d20aa29322,01a07757-90f6-7ca2-9931-c03ede6acaf9,01a07757-932d-7a30-ad58-6fe2e767cb37,01a07757-a785-7bd1-a8ec-a97c8beb806c,f,2026-09-06 15:30:28.390981+00
01a07757-a7cd-79e1-a823-a1fc172faa87,01a07757-90f6-7ca2-9931-c03ede6acaf9,01a07757-932d-7a30-ad58-70064f8da022,01a07757-a785-7bd1-a8ec-a9849cc84dab,f,2026-09-06 15:30:28.390981+00
01a07757-a7cd-79e1-a823-a209cbbfafc5,01a07757-90f6-7ca2-9931-c03ede6acaf9,01a07757-932d-7a30-ad58-702a3ef1879e,01a07757-a785-7bd1-a8ec-a9849cc84dab,f,2026-09-06 15:30:28.390981+00
01a07757-a7cd-79e1-a823-a21b9f09a4c6,01a07757-90f6-7ca2-9931-c03ede6acaf9,01a07757-932d-7a30-ad58-70064f8da022,01a07757-a785-7bd1-a8ec-a9849cc84dab,f,2026-09-06 15:30:28.390981+00
01a07757-a7cd-79e1-a823-a22bd8ce34dc,01a07757-90f6-7ca2-9931-c03ede6acaf9,01a07757-932d-7a30-ad58-702a3ef1879e,01a07757-a785-7bd1-a8ec-a9849cc84dab,f,2026-09-06 15:30:28.390981+00
01a07757-a7cd-79e1-a823-a23045fe07f1,01a07757-90f6-7ca2-9931-c03ede6acaf9,01a07757-932d-7a30-ad58-70064f8da022,01a07757-a785-7bd1-a8ec-a9849cc84dab,f,2026-09-06 15:30:28.390981+00
01a07757-a7cd-79e1-a823-a24f8cd4329a,01a07757-90f6-7ca2-9931-c03ede6acaf9,01a07757-932d-7a30-ad58-702a3ef1879e,01a07757-a785-7bd1-a8ec-a9849cc84dab,f,2026-09-06 15:30:28.390981+00
01a07757-a7ce-7a23-8d0d-505885acce1e,01a07757-90f6-7ca2-9931-c03ede6acaf9,01a07757-932d-7a30-ad58-704c31f9ce4c,01a07757-a785-7bd1-a8ec-a99ec21b63f9,f,2026-09-06 15:30:28.390981+00
01a07757-a7ce-7a23-8d0d-506f11a98a31,01a07757-90f6-7ca2-9931-c03ede6acaf9,01a07757-932d-7a30-ad58-7060189fb53e,01a07757-a785-7bd1-a8ec-a99ec21b63f9,f,2026-09-06 15:30:28.390981+00
01a07757-a7ce-7a23-8d0d-507a52496acf,01a07757-90f6-7ca2-9931-c03ede6acaf9,01a07757-932d-7a30-ad58-704c31f9ce4c,01a07757-a785-7bd1-a8ec-a99ec21b63f9,f,2026-09-06 15:30:28.390981+00
01a07757-a7ce-7a23-8d0d-5081bb71dda7,01a07757-90f6-7ca2-9931-c03ede6acaf9,01a07757-932d-7a30-ad58-7060189fb53e,01a07757-a785-7bd1-a8ec-a99ec21b63f9,f,2026-09-06 15:30:28.390981+00
01a07757-a7ce-7a23-8d0d-509e4c0d835b,01a07757-90f6-7ca2-9931-c03ede6acaf9,01a07757-932d-7a30-ad58-704c31f9ce4c,01a07757-a785-7bd1-a8ec-a99ec21b63f9,f,2026-09-06 15:30:28.390981+00
01a07757-a7cf-7770-a5c0-b9645904d315,01a07757-90f6-7ca2-9931-c03ede6acaf9,01a07757-932d-7a30-ad58-7060189fb53e,01a07757-a785-7bd1-a8ec-a99ec21b63f9,f,2026-09-06 15:30:28.390981+00
01a07757-a7cf-7770-a5c0-b97a44dda0a6,01a07757-90f6-7ca2-9931-c03ede6acaf9,01a07757-932d-7a30-ad58-708ac113247a,01a07757-a785-7bd1-a8ec-a9a938da96e6,f,2026-09-06 15:30:28.390981+00
01a07757-a7d0-7b53-b77d-4f4a74ad3a04,01a07757-90f6-7ca2-9931-c03ede6acaf9,01a07757-932d-7a30-ad58-70a4e823b933,01a07757-a785-7bd1-a8ec-a9a938da96e6,f,2026-09-06 15:30:28.390981+00
01a07757-a7d0-7b53-b77d-4f548a5939f4,01a07757-90f6-7ca2-9931-c03ede6acaf9,01a07757-932d-7a30-ad58-708ac113247a,01a07757-a785-7bd1-a8ec-a9a938da96e6,f,2026-09-06 15:30:28.390981+00
01a07757-a7d0-7b53-b77d-4f6e66e0ba76,01a07757-90f6-7ca2-9931-c03ede6acaf9,01a07757-932d-7a30-ad58-70a4e823b933,01a07757-a785-7bd1-a8ec-a9a938da96e6,f,2026-09-06 15:30:28.390981+00
01a07757-a7d0-7b53-b77d-4f7921848c8e,01a07757-90f6-7ca2-9931-c03ede6acaf9,01a07757-932d-7a30-ad58-708ac113247a,01a07757-a785-7bd1-a8ec-a9a938da96e6,f,2026-09-06 15:30:28.390981+00
01a07757-a7d0-7b53-b77d-4f899483fe24,01a07757-90f6-7ca2-9931-c03ede6acaf9,01a07757-932d-7a30-ad58-70a4e823b933,01a07757-a785-7bd1-a8ec-a9a938da96e6,f,2026-09-06 15:30:28.390981+00
01a07757-a7d1-7ea2-b546-93bc07287c9f,01a07757-90f6-7ca2-9931-c03ede6acaf9,01a07757-932d-7a30-ad58-70cd2d942f39,01a07757-a785-7bd1-a8ec-a9bd59773bd1,f,2026-09-06 15:30:28.390981+00
01a07757-a7d1-7ea2-b546-93c20069da5f,01a07757-90f6-7ca2-9931-c03ede6acaf9,01a07757-932d-7a30-ad58-70e3a76c360c,01a07757-a785-7bd1-a8ec-a9bd59773bd1,f,2026-09-06 15:30:28.390981+00
01a07757-a7d1-7ea2-b546-93d811a0021a,01a07757-90f6-7ca2-9931-c03ede6acaf9,01a07757-932d-7a30-ad58-70cd2d942f39,01a07757-a785-7bd1-a8ec-a9bd59773bd1,f,2026-09-06 15:30:28.390981+00
01a07757-a7d1-7ea2-b546-93e6a8cb29b5,01a07757-90f6-7ca2-9931-c03ede6acaf9,01a07757-932d-7a30-ad58-70e3a76c360c,01a07757-a785-7bd1-a8ec-a9bd59773bd1,f,2026-09-06 15:30:28.390981+00
01a07757-a7d2-78d0-905b-6519fa532d49,01a07757-90f6-7ca2-9931-c03ede6acaf9,01a07757-932d-7a30-ad58-70cd2d942f39,01a07757-a785-7bd1-a8ec-a9bd59773bd1,f,2026-09-06 15:30:28.390981+00
01a07757-a7d2-78d0-905b-65288ea6ad65,01a07757-90f6-7ca2-9931-c03ede6acaf9,01a07757-932d-7a30-ad58-70e3a76c360c,01a07757-a785-7bd1-a8ec-a9bd59773bd1,f,2026-09-06 15:30:28.390981+00
01a07757-a7d2-78d0-905b-65305025ecab,01a07757-90f6-7ca2-9931-c03ede6acaf9,01a07757-932d-7a30-ad58-7109207bbb75,01a07757-a785-7bd1-a8ec-a9c8a223616e,f,2026-09-06 15:30:28.390981+00
01a07757-a7d2-78d0-905b-654891e05555,01a07757-90f6-7ca2-9931-c03ede6acaf9,01a07757-932d-7a30-ad58-71260c97f3e4,01a07757-a785-7bd1-a8ec-a9c8a223616e,f,2026-09-06 15:30:28.390981+00
01a07757-a7d3-7560-a6f0-5f96c58552bd,01a07757-90f6-7ca2-9931-c03ede6acaf9,01a07757-932d-7a30-ad58-7109207bbb75,01a07757-a785-7bd1-a8ec-a9c8a223616e,f,2026-09-06 15:30:28.390981+00
01a07757-a7d3-7560-a6f0-5fa593ef47b0,01a07757-90f6-7ca2-9931-c03ede6acaf9,01a07757-932d-7a30-ad58-71260c97f3e4,01a07757-a785-7bd1-a8ec-a9c8a223616e,f,2026-09-06 15:30:28.390981+00
01a07757-a7d3-7560-a6f0-5fba973670ba,01a07757-90f6-7ca2-9931-c03ede6acaf9,01a07757-932d-7a30-ad58-7109207bbb75,01a07757-a785-7bd1-a8ec-a9c8a223616e,f,2026-09-06 15:30:28.390981+00
01a07757-a7d3-7560-a6f0-5fc596d7f35d,01a07757-90f6-7ca2-9931-c03ede6acaf9,01a07757-932d-7a30-ad58-71260c97f3e4,01a07757-a785-7bd1-a8ec-a9c8a223616e,f,2026-09-06 15:30:28.390981+00
01a07757-a7d4-7183-96d7-5fe79ed34082,01a07757-90f6-7ca2-9931-c03ede6acaf9,01a07757-932d-7a30-ad58-71471dc1f8fb,01a07757-a785-7bd1-a8ec-a9d8198cd444,f,2026-09-06 15:30:28.390981+00
01a07757-a7d4-7183-96d7-5ffba03fa6bd,01a07757-90f6-7ca2-9931-c03ede6acaf9,01a07757-932d-7a30-ad58-716af7b40a89,01a07757-a785-7bd1-a8ec-a9d8198cd444,f,2026-09-06 15:30:28.390981+00
01a07757-a7d4-7183-96d7-600ba86adcbb,01a07757-90f6-7ca2-9931-c03ede6acaf9,01a07757-932d-7a30-ad58-71471dc1f8fb,01a07757-a785-7bd1-a8ec-a9d8198cd444,f,2026-09-06 15:30:28.390981+00
01a07757-a7d4-7183-96d7-6012d7830da7,01a07757-90f6-7ca2-9931-c03ede6acaf9,01a07757-932d-7a30-ad58-716af7b40a89,01a07757-a785-7bd1-a8ec-a9d8198cd444,f,2026-09-06 15:30:28.390981+00
01a07757-a7d4-7183-96d7-60286ee2ed3c,01a07757-90f6-7ca2-9931-c03ede6acaf9,01a07757-932d-7a30-ad58-71471dc1f8fb,01a07757-a785-7bd1-a8ec-a9d8198cd444,f,2026-09-06 15:30:28.390981+00
01a07757-a7d4-7183-96d7-60327477a1f6,01a07757-90f6-7ca2-9931-c03ede6acaf9,01a07757-932d-7a30-ad58-716af7b40a89,01a07757-a785-7bd1-a8ec-a9d8198cd444,f,2026-09-06 15:30:28.390981+00
01a07757-a7d5-7492-9d0b-0f198c57ce48,01a07757-90f6-7ca2-9931-c03ede6acaf9,01a07757-932d-7a30-ad58-71828cee862b,01a07757-a785-7bd1-a8ec-a9ef20c25bf0,f,2026-09-06 15:30:28.390981+00
01a07757-a7d6-7c71-a0fd-367ac00213a0,01a07757-90f6-7ca2-9931-c03ede6acaf9,01a07757-932d-7a30-ad58-71abe0d95927,01a07757-a785-7bd1-a8ec-a9ef20c25bf0,f,2026-09-06 15:30:28.390981+00
01a07757-a7d6-7c71-a0fd-36869ac223f4,01a07757-90f6-7ca2-9931-c03ede6acaf9,01a07757-932d-7a30-ad58-71828cee862b,01a07757-a785-7bd1-a8ec-a9ef20c25bf0,f,2026-09-06 15:30:28.390981+00
01a07757-a7d6-7c71-a0fd-36948c088bae,01a07757-90f6-7ca2-9931-c03ede6acaf9,01a07757-932d-7a30-ad58-71abe0d95927,01a07757-a785-7bd1-a8ec-a9ef20c25bf0,f,2026-09-06 15:30:28.390981+00
01a07757-a7d6-7c71-a0fd-36aa96779422,01a07757-90f6-7ca2-9931-c03ede6acaf9,01a07757-932d-7a30-ad58-71828cee862b,01a07757-a785-7bd1-a8ec-a9ef20c25bf0,f,2026-09-06 15:30:28.390981+00
01a07757-a7d6-7c71-a0fd-36b9d76cbf49,01a07757-90f6-7ca2-9931-c03ede6acaf9,01a07757-932d-7a30-ad58-71abe0d95927,01a07757-a785-7bd1-a8ec-a9ef20c25bf0,f,2026-09-06 15:30:28.390981+00
01a07757-a7d7-7752-9c15-776bce74cdae,01a07757-90f6-7ca2-9931-c03ede6acaf9,01a07757-932d-7a30-ad58-71c43dc4ab0b,01a07757-a785-7bd1-a8ec-a9f3c820b813,f,2026-09-06 15:30:28.390981+00
01a07757-a7d7-7752-9c15-777b971568ad,01a07757-90f6-7ca2-9931-c03ede6acaf9,01a07757-932d-7a30-ad58-71eb74f736fe,01a07757-a785-7bd1-a8ec-a9f3c820b813,f,2026-09-06 15:30:28.390981+00
01a07757-a7d7-7752-9c15-7787e960f976,01a07757-90f6-7ca2-9931-c03ede6acaf9,01a07757-932d-7a30-ad58-71c43dc4ab0b,01a07757-a785-7bd1-a8ec-a9f3c820b813,f,2026-09-06 15:30:28.390981+00
01a07757-a7d7-7752-9c15-77985a1e1f68,01a07757-90f6-7ca2-9931-c03ede6acaf9,01a07757-932d-7a30-ad58-71eb74f736fe,01a07757-a785-7bd1-a8ec-a9f3c820b813,f,2026-09-06 15:30:28.390981+00
01a07757-a7d8-7571-80ca-3db93d7851ca,01a07757-90f6-7ca2-9931-c03ede6acaf9,01a07757-932d-7a30-ad58-71c43dc4ab0b,01a07757-a785-7bd1-a8ec-a9f3c820b813,f,2026-09-06 15:30:28.390981+00
01a07757-a7d8-7571-80ca-3dc58a53b3db,01a07757-90f6-7ca2-9931-c03ede6acaf9,01a07757-932d-7a30-ad58-71eb74f736fe,01a07757-a785-7bd1-a8ec-a9f3c820b813,f,2026-09-06 15:30:28.390981+00
01a07757-a7d8-7571-80ca-3dd368b586b2,01a07757-90f6-7ca2-9931-c03ede6acaf9,01a07757-932d-7a30-ad58-720c1a2f1027,01a07757-a785-7bd1-a8ec-aa03629c1b04,f,2026-09-06 15:30:28.390981+00
01a07757-a7d8-7571-80ca-3de9437dbeca,01a07757-90f6-7ca2-9931-c03ede6acaf9,01a07757-932d-7a30-ad58-722fff954d01,01a07757-a785-7bd1-a8ec-aa03629c1b04,f,2026-09-06 15:30:28.390981+00
01a07757-a7d9-7bf3-99e6-06225dafce88,01a07757-90f6-7ca2-9931-c03ede6acaf9,01a07757-932d-7a30-ad58-720c1a2f1027,01a07757-a785-7bd1-a8ec-aa03629c1b04,f,2026-09-06 15:30:28.390981+00
01a07757-a7d9-7bf3-99e6-063af313c550,01a07757-90f6-7ca2-9931-c03ede6acaf9,01a07757-932d-7a30-ad58-722fff954d01,01a07757-a785-7bd1-a8ec-aa03629c1b04,f,2026-09-06 15:30:28.390981+00
01a07757-a7d9-7bf3-99e6-06499b8c3da9,01a07757-90f6-7ca2-9931-c03ede6acaf9,01a07757-932d-7a30-ad58-720c1a2f1027,01a07757-a785-7bd1-a8ec-aa03629c1b04,f,2026-09-06 15:30:28.390981+00
01a07757-a7d9-7bf3-99e6-0652b7206bdd,01a07757-90f6-7ca2-9931-c03ede6acaf9,01a07757-932d-7a30-ad58-722fff954d01,01a07757-a785-7bd1-a8ec-aa03629c1b04,f,2026-09-06 15:30:28.390981+00
01a07757-a7da-7d23-b6fb-29607f63974d,01a07757-90f6-7ca2-9931-c03ede6acaf9,01a07757-932d-7a30-ad58-7243a8544e3f,01a07757-a785-7bd1-a8ec-aa1881ee2486,f,2026-09-06 15:30:28.390981+00
01a07757-a7da-7d23-b6fb-297b650f86dc,01a07757-90f6-7ca2-9931-c03ede6acaf9,01a07757-932d-7a30-ad58-726b6f345c23,01a07757-a785-7bd1-a8ec-aa1881ee2486,f,2026-09-06 15:30:28.390981+00
01a07757-a7da-7d23-b6fb-298d93ad8149,01a07757-90f6-7ca2-9931-c03ede6acaf9,01a07757-932d-7a30-ad58-7243a8544e3f,01a07757-a785-7bd1-a8ec-aa1881ee2486,f,2026-09-06 15:30:28.390981+00
01a07757-a7da-7d23-b6fb-2993b4f85f42,01a07757-90f6-7ca2-9931-c03ede6acaf9,01a07757-932d-7a30-ad58-726b6f345c23,01a07757-a785-7bd1-a8ec-aa1881ee2486,f,2026-09-06 15:30:28.390981+00
01a07757-a7da-7d23-b6fb-29a85e8e6e14,01a07757-90f6-7ca2-9931-c03ede6acaf9,01a07757-932d-7a30-ad58-7243a8544e3f,01a07757-a785-7bd1-a8ec-aa1881ee2486,f,2026-09-06 15:30:28.390981+00
01a07757-a7da-7d23-b6fb-29b8853063c7,01a07757-90f6-7ca2-9931-c03ede6acaf9,01a07757-932d-7a30-ad58-726b6f345c23,01a07757-a785-7bd1-a8ec-aa1881ee2486,f,2026-09-06 15:30:28.390981+00
01a07757-a7db-7ca0-b40b-bfac58a04c93,01a07757-90f6-7ca2-9931-c03ede6acaf9,01a07757-932d-7a30-ad58-728e3381b5e0,01a07757-a785-7bd1-a8ec-aa20534c0978,f,2026-09-06 15:30:28.390981+00
01a07757-a7db-7ca0-b40b-bfbb37d518f6,01a07757-90f6-7ca2-9931-c03ede6acaf9,01a07757-932d-7a30-ad58-72a50783bee6,01a07757-a785-7bd1-a8ec-aa20534c0978,f,2026-09-06 15:30:28.390981+00
01a07757-a7db-7ca0-b40b-bfc46407ae41,01a07757-90f6-7ca2-9931-c03ede6acaf9,01a07757-932d-7a30-ad58-728e3381b5e0,01a07757-a785-7bd1-a8ec-aa20534c0978,f,2026-09-06 15:30:28.390981+00
01a07757-a7db-7ca0-b40b-bfdc67f9f4c8,01a07757-90f6-7ca2-9931-c03ede6acaf9,01a07757-932d-7a30-ad58-72a50783bee6,01a07757-a785-7bd1-a8ec-aa20534c0978,f,2026-09-06 15:30:28.390981+00
01a07757-a7db-7ca0-b40b-bfe390adf2d7,01a07757-90f6-7ca2-9931-c03ede6acaf9,01a07757-932d-7a30-ad58-728e3381b5e0,01a07757-a785-7bd1-a8ec-aa20534c0978,f,2026-09-06 15:30:28.390981+00
01a07757-a7db-7ca0-b40b-bffe988b506a,01a07757-90f6-7ca2-9931-c03ede6acaf9,01a07757-932d-7a30-ad58-72a50783bee6,01a07757-a785-7bd1-a8ec-aa20534c0978,f,2026-09-06 15:30:28.390981+00
01a07757-a7dc-7ac2-8457-68512e2f95af,01a07757-90f6-7ca2-9931-c03ede6acaf9,01a07757-932d-7a30-ad58-72c71f58f127,01a07757-a785-7bd1-a8ec-aa36054a3ae2,f,2026-09-06 15:30:28.390981+00
01a07757-a7dc-7ac2-8457-68660044cc58,01a07757-90f6-7ca2-9931-c03ede6acaf9,01a07757-932d-7a30-ad58-72e9ef74578d,01a07757-a785-7bd1-a8ec-aa36054a3ae2,f,2026-09-06 15:30:28.390981+00
01a07757-a7dd-7c53-825f-c08ee17cb50d,01a07757-90f6-7ca2-9931-c03ede6acaf9,01a07757-932d-7a30-ad58-72c71f58f127,01a07757-a785-7bd1-a8ec-aa36054a3ae2,f,2026-09-06 15:30:28.390981+00
01a07757-a7dd-7c53-825f-c097710e71f1,01a07757-90f6-7ca2-9931-c03ede6acaf9,01a07757-932d-7a30-ad58-72e9ef74578d,01a07757-a785-7bd1-a8ec-aa36054a3ae2,f,2026-09-06 15:30:28.390981+00
01a07757-a7dd-7c53-825f-c0ac55b5da04,01a07757-90f6-7ca2-9931-c03ede6acaf9,01a07757-932d-7a30-ad58-72c71f58f127,01a07757-a785-7bd1-a8ec-aa36054a3ae2,f,2026-09-06 15:30:28.390981+00
01a07757-a7dd-7c53-825f-c0b73cc05d6a,01a07757-90f6-7ca2-9931-c03ede6acaf9,01a07757-932d-7a30-ad58-72e9ef74578d,01a07757-a785-7bd1-a8ec-aa36054a3ae2,f,2026-09-06 15:30:28.390981+00
01a07757-a7de-7b42-bc73-27e27d53b800,01a07757-90f6-7ca2-9931-c03ede6acaf9,01a07757-932d-7a30-ad58-73029189717a,01a07757-a785-7bd1-a8ec-aa4b6c5a2cb8,f,2026-09-06 15:30:28.390981+00
01a07757-a7de-7b42-bc73-27fd33487cc6,01a07757-90f6-7ca2-9931-c03ede6acaf9,01a07757-932e-71e2-a31e-2df62caad6cd,01a07757-a785-7bd1-a8ec-aa4b6c5a2cb8,f,2026-09-06 15:30:28.390981+00
01a07757-a7de-7b42-bc73-280835d503b0,01a07757-90f6-7ca2-9931-c03ede6acaf9,01a07757-932d-7a30-ad58-73029189717a,01a07757-a785-7bd1-a8ec-aa4b6c5a2cb8,f,2026-09-06 15:30:28.390981+00
01a07757-a7de-7b42-bc73-281556b792fd,01a07757-90f6-7ca2-9931-c03ede6acaf9,01a07757-932e-71e2-a31e-2df62caad6cd,01a07757-a785-7bd1-a8ec-aa4b6c5a2cb8,f,2026-09-06 15:30:28.390981+00
01a07757-a7de-7b42-bc73-282ffd8e51ee,01a07757-90f6-7ca2-9931-c03ede6acaf9,01a07757-932d-7a30-ad58-73029189717a,01a07757-a785-7bd1-a8ec-aa4b6c5a2cb8,f,2026-09-06 15:30:28.390981+00
01a07757-a7de-7b42-bc73-283ae63fcf26,01a07757-90f6-7ca2-9931-c03ede6acaf9,01a07757-932e-71e2-a31e-2df62caad6cd,01a07757-a785-7bd1-a8ec-aa4b6c5a2cb8,f,2026-09-06 15:30:28.390981+00
01a07757-a7df-7981-9821-dbcdea625066,01a07757-90f6-7ca2-9931-c03ede6acaf9,01a07757-932e-71e2-a31e-2e1c7373ab6b,01a07757-a785-7bd1-a8ec-aa518ef86690,f,2026-09-06 15:30:28.390981+00
01a07757-a7df-7981-9821-dbd803f7c127,01a07757-90f6-7ca2-9931-c03ede6acaf9,01a07757-932e-71e2-a31e-2e3a80fb5a7d,01a07757-a785-7bd1-a8ec-aa518ef86690,f,2026-09-06 15:30:28.390981+00
01a07757-a7df-7981-9821-dbe41b4cbddb,01a07757-90f6-7ca2-9931-c03ede6acaf9,01a07757-932e-71e2-a31e-2e1c7373ab6b,01a07757-a785-7bd1-a8ec-aa518ef86690,f,2026-09-06 15:30:28.390981+00
01a07757-a7e0-7a52-b398-7bbc6fdc9a00,01a07757-90f6-7ca2-9931-c03ede6acaf9,01a07757-932e-71e2-a31e-2e3a80fb5a7d,01a07757-a785-7bd1-a8ec-aa518ef86690,f,2026-09-06 15:30:28.390981+00
01a07757-a7e0-7a52-b398-7bc847248b0d,01a07757-90f6-7ca2-9931-c03ede6acaf9,01a07757-932e-71e2-a31e-2e1c7373ab6b,01a07757-a785-7bd1-a8ec-aa518ef86690,f,2026-09-06 15:30:28.390981+00
01a07757-a7e0-7a52-b398-7bdf0f214c34,01a07757-90f6-7ca2-9931-c03ede6acaf9,01a07757-932e-71e2-a31e-2e3a80fb5a7d,01a07757-a785-7bd1-a8ec-aa518ef86690,f,2026-09-06 15:30:28.390981+00
01a07757-a7e1-7000-a1e9-b54f8cf3d032,01a07757-90f6-7ca2-9931-c03ede6acaf9,01a07757-932e-71e2-a31e-2e5ad8fa96d0,01a07757-a785-7bd1-a8ec-aa6d49596145,f,2026-09-06 15:30:28.390981+00
01a07757-a7e1-7000-a1e9-b5589a622854,01a07757-90f6-7ca2-9931-c03ede6acaf9,01a07757-932e-71e2-a31e-2e7c69101789,01a07757-a785-7bd1-a8ec-aa6d49596145,f,2026-09-06 15:30:28.390981+00
01a07757-a7e1-7000-a1e9-b561b5eff2c3,01a07757-90f6-7ca2-9931-c03ede6acaf9,01a07757-932e-71e2-a31e-2e5ad8fa96d0,01a07757-a785-7bd1-a8ec-aa6d49596145,f,2026-09-06 15:30:28.390981+00
01a07757-a7e1-7000-a1e9-b577774640c8,01a07757-90f6-7ca2-9931-c03ede6acaf9,01a07757-932e-71e2-a31e-2e7c69101789,01a07757-a785-7bd1-a8ec-aa6d49596145,f,2026-09-06 15:30:28.390981+00
01a07757-a7e1-7000-a1e9-b5827913461e,01a07757-90f6-7ca2-9931-c03ede6acaf9,01a07757-932e-71e2-a31e-2e5ad8fa96d0,01a07757-a785-7bd1-a8ec-aa6d49596145,f,2026-09-06 15:30:28.390981+00
01a07757-a7e1-7000-a1e9-b599df5cd6da,01a07757-90f6-7ca2-9931-c03ede6acaf9,01a07757-932e-71e2-a31e-2e7c69101789,01a07757-a785-7bd1-a8ec-aa6d49596145,f,2026-09-06 15:30:28.390981+00
01a07757-a7e2-7393-be96-e6358f4fb2ad,01a07757-90f6-7ca2-9931-c03ede6acaf9,01a07757-932e-71e2-a31e-2e9c498d50a9,01a07757-a785-7bd1-a8ec-aa710d8e2c9b,f,2026-09-06 15:30:28.390981+00
01a07757-a7e2-7393-be96-e64debb20e5f,01a07757-90f6-7ca2-9931-c03ede6acaf9,01a07757-932e-71e2-a31e-2ebf17fca133,01a07757-a785-7bd1-a8ec-aa710d8e2c9b,f,2026-09-06 15:30:28.390981+00
01a07757-a7e2-7393-be96-e65a55918da9,01a07757-90f6-7ca2-9931-c03ede6acaf9,01a07757-932e-71e2-a31e-2e9c498d50a9,01a07757-a785-7bd1-a8ec-aa710d8e2c9b,f,2026-09-06 15:30:28.390981+00
01a07757-a7e2-7393-be96-e66866c881b3,01a07757-90f6-7ca2-9931-c03ede6acaf9,01a07757-932e-71e2-a31e-2ebf17fca133,01a07757-a785-7bd1-a8ec-aa710d8e2c9b,f,2026-09-06 15:30:28.390981+00
01a07757-a7e3-7c92-988f-a2dab418a9fe,01a07757-90f6-7ca2-9931-c03ede6acaf9,01a07757-932e-71e2-a31e-2e9c498d50a9,01a07757-a785-7bd1-a8ec-aa710d8e2c9b,f,2026-09-06 15:30:28.390981+00
01a07757-a7e3-7c92-988f-a2ed8da0b9b0,01a07757-90f6-7ca2-9931-c03ede6acaf9,01a07757-932e-71e2-a31e-2ebf17fca133,01a07757-a785-7bd1-a8ec-aa710d8e2c9b,f,2026-09-06 15:30:28.390981+00
01a07757-a7e3-7c92-988f-a2f996e639a2,01a07757-90f6-7ca2-9931-c03ede6acaf9,01a07757-932e-71e2-a31e-2ed89815f09b,01a07757-a785-7bd1-a8ec-aa84e51e46ef,f,2026-09-06 15:30:28.390981+00
01a07757-a7e3-7c92-988f-a30b3af4aa90,01a07757-90f6-7ca2-9931-c03ede6acaf9,01a07757-932e-71e2-a31e-2ef40ded3c41,01a07757-a785-7bd1-a8ec-aa84e51e46ef,f,2026-09-06 15:30:28.390981+00
01a07757-a7e4-7900-ae94-0b3d176b6b16,01a07757-90f6-7ca2-9931-c03ede6acaf9,01a07757-932e-71e2-a31e-2ed89815f09b,01a07757-a785-7bd1-a8ec-aa84e51e46ef,f,2026-09-06 15:30:28.390981+00
01a07757-a7e4-7900-ae94-0b427b58eb46,01a07757-90f6-7ca2-9931-c03ede6acaf9,01a07757-932e-71e2-a31e-2ef40ded3c41,01a07757-a785-7bd1-a8ec-aa84e51e46ef,f,2026-09-06 15:30:28.390981+00
01a07757-a7e4-7900-ae94-0b554957c5e8,01a07757-90f6-7ca2-9931-c03ede6acaf9,01a07757-932e-71e2-a31e-2ed89815f09b,01a07757-a785-7bd1-a8ec-aa84e51e46ef,f,2026-09-06 15:30:28.390981+00
01a07757-a7e4-7900-ae94-0b66ed66f26f,01a07757-90f6-7ca2-9931-c03ede6acaf9,01a07757-932e-71e2-a31e-2ef40ded3c41,01a07757-a785-7bd1-a8ec-aa84e51e46ef,f,2026-09-06 15:30:28.390981+00
01a07757-a7e5-7370-b19b-d953efcc68a2,01a07757-90f6-7ca2-9931-c03ede6acaf9,01a07757-932e-71e2-a31e-2f1dbe114170,01a07757-a785-7bd1-a8ec-aa92e46f87e5,f,2026-09-06 15:30:28.390981+00
01a07757-a7e5-7370-b19b-d96b34e5ee83,01a07757-90f6-7ca2-9931-c03ede6acaf9,01a07757-932e-71e2-a31e-2f347e50786c,01a07757-a785-7bd1-a8ec-aa92e46f87e5,f,2026-09-06 15:30:28.390981+00
01a07757-a7e5-7370-b19b-d974a273d846,01a07757-90f6-7ca2-9931-c03ede6acaf9,01a07757-932e-71e2-a31e-2f1dbe114170,01a07757-a785-7bd1-a8ec-aa92e46f87e5,f,2026-09-06 15:30:28.390981+00
01a07757-a7e5-7370-b19b-d9885ed02245,01a07757-90f6-7ca2-9931-c03ede6acaf9,01a07757-932e-71e2-a31e-2f347e50786c,01a07757-a785-7bd1-a8ec-aa92e46f87e5,f,2026-09-06 15:30:28.390981+00
01a07757-a7e5-7370-b19b-d99cace1f180,01a07757-90f6-7ca2-9931-c03ede6acaf9,01a07757-932e-71e2-a31e-2f1dbe114170,01a07757-a785-7bd1-a8ec-aa92e46f87e5,f,2026-09-06 15:30:28.390981+00
01a07757-a7e5-7370-b19b-d9a303d0cf5a,01a07757-90f6-7ca2-9931-c03ede6acaf9,01a07757-932e-71e2-a31e-2f347e50786c,01a07757-a785-7bd1-a8ec-aa92e46f87e5,f,2026-09-06 15:30:28.390981+00
01a07757-a7e6-7982-a62a-6ce56be9351d,01a07757-90f6-7ca2-9931-c03ede6acaf9,01a07757-932e-71e2-a31e-2f56c44331b4,01a07757-a785-7bd1-a8ec-aaad2a14a069,f,2026-09-06 15:30:28.390981+00
01a07757-a7e6-7982-a62a-6cf5fdc8022d,01a07757-90f6-7ca2-9931-c03ede6acaf9,01a07757-932e-71e2-a31e-2f7a9cc29db0,01a07757-a785-7bd1-a8ec-aaad2a14a069,f,2026-09-06 15:30:28.390981+00
01a07757-a7e6-7982-a62a-6d02634b5e50,01a07757-90f6-7ca2-9931-c03ede6acaf9,01a07757-932e-71e2-a31e-2f56c44331b4,01a07757-a785-7bd1-a8ec-aaad2a14a069,f,2026-09-06 15:30:28.390981+00
01a07757-a7e6-7982-a62a-6d13e69d541d,01a07757-90f6-7ca2-9931-c03ede6acaf9,01a07757-932e-71e2-a31e-2f7a9cc29db0,01a07757-a785-7bd1-a8ec-aaad2a14a069,f,2026-09-06 15:30:28.390981+00
01a07757-a7e6-7982-a62a-6d223af360f7,01a07757-90f6-7ca2-9931-c03ede6acaf9,01a07757-932e-71e2-a31e-2f56c44331b4,01a07757-a785-7bd1-a8ec-aaad2a14a069,f,2026-09-06 15:30:28.390981+00
01a07757-a7e6-7982-a62a-6d3b05dda949,01a07757-90f6-7ca2-9931-c03ede6acaf9,01a07757-932e-71e2-a31e-2f7a9cc29db0,01a07757-a785-7bd1-a8ec-aaad2a14a069,f,2026-09-06 15:30:28.390981+00
01a07757-a7e7-70b1-9608-0a11cebf3d52,01a07757-90f6-7ca2-9931-c03ede6acaf9,01a07757-932e-71e2-a31e-2f9f8a919e6a,01a07757-a785-7bd1-a8ec-aab7dd3134bb,f,2026-09-06 15:30:28.390981+00
01a07757-a7e7-70b1-9608-0a20207831a5,01a07757-90f6-7ca2-9931-c03ede6acaf9,01a07757-932e-71e2-a31e-2fb67027c561,01a07757-a785-7bd1-a8ec-aab7dd3134bb,f,2026-09-06 15:30:28.390981+00
01a07757-a7e7-70b1-9608-0a388d78c5b5,01a07757-90f6-7ca2-9931-c03ede6acaf9,01a07757-932e-71e2-a31e-2f9f8a919e6a,01a07757-a785-7bd1-a8ec-aab7dd3134bb,f,2026-09-06 15:30:28.390981+00
01a07757-a7e7-70b1-9608-0a46ea33957f,01a07757-90f6-7ca2-9931-c03ede6acaf9,01a07757-932e-71e2-a31e-2fb67027c561,01a07757-a785-7bd1-a8ec-aab7dd3134bb,f,2026-09-06 15:30:28.390981+00
01a07757-a7e8-7b61-8b42-6e14be3ddffe,01a07757-90f6-7ca2-9931-c03ede6acaf9,01a07757-932e-71e2-a31e-2f9f8a919e6a,01a07757-a785-7bd1-a8ec-aab7dd3134bb,f,2026-09-06 15:30:28.390981+00
01a07757-a7e8-7b61-8b42-6e2d0446019d,01a07757-90f6-7ca2-9931-c03ede6acaf9,01a07757-932e-71e2-a31e-2fb67027c561,01a07757-a785-7bd1-a8ec-aab7dd3134bb,f,2026-09-06 15:30:28.390981+00
01a07757-a7e8-7b61-8b42-6e3d0b9bce4b,01a07757-90f6-7ca2-9931-c03ede6acaf9,01a07757-932e-71e2-a31e-2fd2f7a850b3,01a07757-a785-7bd1-a8ec-aacc54ab5a02,f,2026-09-06 15:30:28.390981+00
01a07757-a7e8-7b61-8b42-6e46c5fe7290,01a07757-90f6-7ca2-9931-c03ede6acaf9,01a07757-932e-71e2-a31e-2ff7561d8286,01a07757-a785-7bd1-a8ec-aacc54ab5a02,f,2026-09-06 15:30:28.390981+00
01a07757-a7e8-7b61-8b42-6e58df9e37bd,01a07757-90f6-7ca2-9931-c03ede6acaf9,01a07757-932e-71e2-a31e-2fd2f7a850b3,01a07757-a785-7bd1-a8ec-aacc54ab5a02,f,2026-09-06 15:30:28.390981+00
01a07757-a7e9-7043-8e82-5dcbec605aa2,01a07757-90f6-7ca2-9931-c03ede6acaf9,01a07757-932e-71e2-a31e-2ff7561d8286,01a07757-a785-7bd1-a8ec-aacc54ab5a02,f,2026-09-06 15:30:28.390981+00
01a07757-a7e9-7043-8e82-5dddb9de4e60,01a07757-90f6-7ca2-9931-c03ede6acaf9,01a07757-932e-71e2-a31e-2fd2f7a850b3,01a07757-a785-7bd1-a8ec-aacc54ab5a02,f,2026-09-06 15:30:28.390981+00
01a07757-a7e9-7043-8e82-5de2d02a3f0a,01a07757-90f6-7ca2-9931-c03ede6acaf9,01a07757-932e-71e2-a31e-2ff7561d8286,01a07757-a785-7bd1-a8ec-aacc54ab5a02,f,2026-09-06 15:30:28.390981+00
01a07757-a7e9-7043-8e82-5df5a9cc3549,01a07757-90f6-7ca2-9931-c03ede6acaf9,01a07757-932e-71e2-a31e-30112a5235bf,01a07757-a785-7bd1-a8ec-aad4a23bebb0,f,2026-09-06 15:30:28.390981+00
01a07757-a7ea-7f71-8c10-6c734800e20c,01a07757-90f6-7ca2-9931-c03ede6acaf9,01a07757-932e-71e2-a31e-303f14b63a8b,01a07757-a785-7bd1-a8ec-aad4a23bebb0,f,2026-09-06 15:30:28.390981+00
01a07757-a7ea-7f71-8c10-6c834ba2e961,01a07757-90f6-7ca2-9931-c03ede6acaf9,01a07757-932e-71e2-a31e-30112a5235bf,01a07757-a785-7bd1-a8ec-aad4a23bebb0,f,2026-09-06 15:30:28.390981+00
01a07757-a7ea-7f71-8c10-6c9231d0bcbc,01a07757-90f6-7ca2-9931-c03ede6acaf9,01a07757-932e-71e2-a31e-303f14b63a8b,01a07757-a785-7bd1-a8ec-aad4a23bebb0,f,2026-09-06 15:30:28.390981+00
01a07757-a7ea-7f71-8c10-6cacd40c9eea,01a07757-90f6-7ca2-9931-c03ede6acaf9,01a07757-932e-71e2-a31e-30112a5235bf,01a07757-a785-7bd1-a8ec-aad4a23bebb0,f,2026-09-06 15:30:28.390981+00
01a07757-a7ea-7f71-8c10-6cba6429e058,01a07757-90f6-7ca2-9931-c03ede6acaf9,01a07757-932e-71e2-a31e-303f14b63a8b,01a07757-a785-7bd1-a8ec-aad4a23bebb0,f,2026-09-06 15:30:28.390981+00
01a07757-a7eb-7491-abd4-7da00dedfd93,01a07757-90f6-7ca2-9931-c03ede6acaf9,01a07757-932e-71e2-a31e-305f1c7f67d3,01a07757-a785-7bd1-a8ec-aae205051f83,f,2026-09-06 15:30:28.390981+00
01a07757-a7eb-7491-abd4-7db5bc578f7d,01a07757-90f6-7ca2-9931-c03ede6acaf9,01a07757-932e-71e2-a31e-307b68815349,01a07757-a785-7bd1-a8ec-aae205051f83,f,2026-09-06 15:30:28.390981+00
01a07757-a7eb-7491-abd4-7dc7dd48e798,01a07757-90f6-7ca2-9931-c03ede6acaf9,01a07757-932e-71e2-a31e-305f1c7f67d3,01a07757-a785-7bd1-a8ec-aae205051f83,f,2026-09-06 15:30:28.390981+00
01a07757-a7ec-78b0-80ab-a60a476a621f,01a07757-90f6-7ca2-9931-c03ede6acaf9,01a07757-932e-71e2-a31e-307b68815349,01a07757-a785-7bd1-a8ec-aae205051f83,f,2026-09-06 15:30:28.390981+00
01a07757-a7ec-78b0-80ab-a61e7f8856ed,01a07757-90f6-7ca2-9931-c03ede6acaf9,01a07757-932e-71e2-a31e-305f1c7f67d3,01a07757-a785-7bd1-a8ec-aae205051f83,f,2026-09-06 15:30:28.390981+00
01a07757-a7ec-78b0-80ab-a62a3cc4a12d,01a07757-90f6-7ca2-9931-c03ede6acaf9,01a07757-932e-71e2-a31e-307b68815349,01a07757-a785-7bd1-a8ec-aae205051f83,f,2026-09-06 15:30:28.390981+00
01a07757-a7ed-7fb1-82c9-f92111121508,01a07757-90f6-7ca2-9931-c03ede6acaf9,01a07757-932e-71e2-a31e-30938be8dee4,01a07757-a785-7bd1-a8ec-aaf9d759f05d,f,2026-09-06 15:30:28.390981+00
01a07757-a7ee-7690-862d-70099ad45489,01a07757-90f6-7ca2-9931-c03ede6acaf9,01a07757-932e-71e2-a31e-30b9f3f89655,01a07757-a785-7bd1-a8ec-aaf9d759f05d,f,2026-09-06 15:30:28.390981+00
01a07757-a7ee-7690-862d-701e4dbc65be,01a07757-90f6-7ca2-9931-c03ede6acaf9,01a07757-932e-71e2-a31e-30938be8dee4,01a07757-a785-7bd1-a8ec-aaf9d759f05d,f,2026-09-06 15:30:28.390981+00
01a07757-a7ee-7690-862d-702dd41f9101,01a07757-90f6-7ca2-9931-c03ede6acaf9,01a07757-932e-71e2-a31e-30b9f3f89655,01a07757-a785-7bd1-a8ec-aaf9d759f05d,f,2026-09-06 15:30:28.390981+00
01a07757-a7ee-7690-862d-7033511b3fa5,01a07757-90f6-7ca2-9931-c03ede6acaf9,01a07757-932e-71e2-a31e-30938be8dee4,01a07757-a785-7bd1-a8ec-aaf9d759f05d,f,2026-09-06 15:30:28.390981+00
01a07757-a7ef-7a80-b732-222cb7935739,01a07757-90f6-7ca2-9931-c03ede6acaf9,01a07757-932e-71e2-a31e-30b9f3f89655,01a07757-a785-7bd1-a8ec-aaf9d759f05d,f,2026-09-06 15:30:28.390981+00
01a07757-a7f0-7ba1-9653-b3176e04799a,01a07757-90f6-7ca2-9931-c03ede6acaf9,01a07757-932e-71e2-a31e-30d666f790a9,01a07757-a785-7bd1-a8ec-ab0376dcd30b,f,2026-09-06 15:30:28.390981+00
01a07757-a7f0-7ba1-9653-b321bac68dcd,01a07757-90f6-7ca2-9931-c03ede6acaf9,01a07757-932e-71e2-a31e-30f2f7516879,01a07757-a785-7bd1-a8ec-ab0376dcd30b,f,2026-09-06 15:30:28.390981+00
01a07757-a7f0-7ba1-9653-b33bea33fd60,01a07757-90f6-7ca2-9931-c03ede6acaf9,01a07757-932e-71e2-a31e-30d666f790a9,01a07757-a785-7bd1-a8ec-ab0376dcd30b,f,2026-09-06 15:30:28.390981+00
01a07757-a7f0-7ba1-9653-b346b0c46d9b,01a07757-90f6-7ca2-9931-c03ede6acaf9,01a07757-932e-71e2-a31e-30f2f7516879,01a07757-a785-7bd1-a8ec-ab0376dcd30b,f,2026-09-06 15:30:28.390981+00
01a07757-a7f0-7ba1-9653-b35176dc0555,01a07757-90f6-7ca2-9931-c03ede6acaf9,01a07757-932e-71e2-a31e-30d666f790a9,01a07757-a785-7bd1-a8ec-ab0376dcd30b,f,2026-09-06 15:30:28.390981+00
01a07757-a7f0-7ba1-9653-b368d0b41513,01a07757-90f6-7ca2-9931-c03ede6acaf9,01a07757-932e-71e2-a31e-30f2f7516879,01a07757-a785-7bd1-a8ec-ab0376dcd30b,f,2026-09-06 15:30:28.390981+00
01a07757-a7f1-7ff0-b450-947d8d6f8fe1,01a07757-90f6-7ca2-9931-c03ede6acaf9,01a07757-932e-71e2-a31e-311f66d4aa57,01a07757-a785-7bd1-a8ec-ab14ab2bd4f2,f,2026-09-06 15:30:28.390981+00
01a07757-a7f1-7ff0-b450-948c31b31792,01a07757-90f6-7ca2-9931-c03ede6acaf9,01a07757-932e-71e2-a31e-3137df446466,01a07757-a785-7bd1-a8ec-ab14ab2bd4f2,f,2026-09-06 15:30:28.390981+00
01a07757-a7f1-7ff0-b450-94936e26b23e,01a07757-90f6-7ca2-9931-c03ede6acaf9,01a07757-932e-71e2-a31e-311f66d4aa57,01a07757-a785-7bd1-a8ec-ab14ab2bd4f2,f,2026-09-06 15:30:28.390981+00
01a07757-a7f1-7ff0-b450-94ae0612cd5d,01a07757-90f6-7ca2-9931-c03ede6acaf9,01a07757-932e-71e2-a31e-3137df446466,01a07757-a785-7bd1-a8ec-ab14ab2bd4f2,f,2026-09-06 15:30:28.390981+00
01a07757-a7f1-7ff0-b450-94bc4f7621be,01a07757-90f6-7ca2-9931-c03ede6acaf9,01a07757-932e-71e2-a31e-311f66d4aa57,01a07757-a785-7bd1-a8ec-ab14ab2bd4f2,f,2026-09-06 15:30:28.390981+00
01a07757-a7f1-7ff0-b450-94ccfe8a70da,01a07757-90f6-7ca2-9931-c03ede6acaf9,01a07757-932e-71e2-a31e-3137df446466,01a07757-a785-7bd1-a8ec-ab14ab2bd4f2,f,2026-09-06 15:30:28.390981+00
01a07757-a7f2-7f42-8491-9338fadd6ca6,01a07757-90f6-7ca2-9931-c03ede6acaf9,01a07757-932e-71e2-a31e-3156d824ec4e,01a07757-a785-7bd1-a8ec-ab28b4d5c551,f,2026-09-06 15:30:28.390981+00
01a07757-a7f2-7f42-8491-934512646ea7,01a07757-90f6-7ca2-9931-c03ede6acaf9,01a07757-932e-71e2-a31e-317dc75c361b,01a07757-a785-7bd1-a8ec-ab28b4d5c551,f,2026-09-06 15:30:28.390981+00
01a07757-a7f2-7f42-8491-93501f362fb9,01a07757-90f6-7ca2-9931-c03ede6acaf9,01a07757-932e-71e2-a31e-3156d824ec4e,01a07757-a785-7bd1-a8ec-ab28b4d5c551,f,2026-09-06 15:30:28.390981+00
01a07757-a7f2-7f42-8491-936407bd2502,01a07757-90f6-7ca2-9931-c03ede6acaf9,01a07757-932e-71e2-a31e-317dc75c361b,01a07757-a785-7bd1-a8ec-ab28b4d5c551,f,2026-09-06 15:30:28.390981+00
01a07757-a7f3-7a22-a164-7267aa334746,01a07757-90f6-7ca2-9931-c03ede6acaf9,01a07757-932e-71e2-a31e-3156d824ec4e,01a07757-a785-7bd1-a8ec-ab28b4d5c551,f,2026-09-06 15:30:28.390981+00
01a07757-a7f3-7a22-a164-7275967cd3e7,01a07757-90f6-7ca2-9931-c03ede6acaf9,01a07757-932e-71e2-a31e-317dc75c361b,01a07757-a785-7bd1-a8ec-ab28b4d5c551,f,2026-09-06 15:30:28.390981+00
01a07757-a7f3-7a22-a164-728ca7d24093,01a07757-90f6-7ca2-9931-c03ede6acaf9,01a07757-932e-71e2-a31e-319a63fe25ee,01a07757-a785-7bd1-a8ec-ab3093d6ef09,f,2026-09-06 15:30:28.390981+00
01a07757-a7f3-7a22-a164-7298396d2e53,01a07757-90f6-7ca2-9931-c03ede6acaf9,01a07757-932e-71e2-a31e-31bf375ab728,01a07757-a785-7bd1-a8ec-ab3093d6ef09,f,2026-09-06 15:30:28.390981+00
01a07757-a7f3-7a22-a164-72aa8dc00d68,01a07757-90f6-7ca2-9931-c03ede6acaf9,01a07757-932e-71e2-a31e-319a63fe25ee,01a07757-a785-7bd1-a8ec-ab3093d6ef09,f,2026-09-06 15:30:28.390981+00
01a07757-a7f4-74e0-a760-652ac678d19a,01a07757-90f6-7ca2-9931-c03ede6acaf9,01a07757-932e-71e2-a31e-31bf375ab728,01a07757-a785-7bd1-a8ec-ab3093d6ef09,f,2026-09-06 15:30:28.390981+00
01a07757-a7f4-74e0-a760-653d754cdab4,01a07757-90f6-7ca2-9931-c03ede6acaf9,01a07757-932e-71e2-a31e-319a63fe25ee,01a07757-a785-7bd1-a8ec-ab3093d6ef09,f,2026-09-06 15:30:28.390981+00
01a07757-a7f4-74e0-a760-6542f0981121,01a07757-90f6-7ca2-9931-c03ede6acaf9,01a07757-932e-71e2-a31e-31bf375ab728,01a07757-a785-7bd1-a8ec-ab3093d6ef09,f,2026-09-06 15:30:28.390981+00
01a07757-a7f4-74e0-a760-655148c9b8a1,01a07757-90f6-7ca2-9931-c03ede6acaf9,01a07757-932e-71e2-a31e-31df64abe90f,01a07757-a785-7bd1-a8ec-ab4b15c490a1,f,2026-09-06 15:30:28.390981+00
01a07757-a7f4-74e0-a760-65658aeb1a06,01a07757-90f6-7ca2-9931-c03ede6acaf9,01a07757-932e-71e2-a31e-31f5bd8b7eb5,01a07757-a785-7bd1-a8ec-ab4b15c490a1,f,2026-09-06 15:30:28.390981+00
01a07757-a7f5-74d2-b8c5-a058398cd58d,01a07757-90f6-7ca2-9931-c03ede6acaf9,01a07757-932e-71e2-a31e-31df64abe90f,01a07757-a785-7bd1-a8ec-ab4b15c490a1,f,2026-09-06 15:30:28.390981+00
01a07757-a7f5-74d2-b8c5-a066d2920469,01a07757-90f6-7ca2-9931-c03ede6acaf9,01a07757-932e-71e2-a31e-31f5bd8b7eb5,01a07757-a785-7bd1-a8ec-ab4b15c490a1,f,2026-09-06 15:30:28.390981+00
01a07757-a7f5-74d2-b8c5-a079aacf8e76,01a07757-90f6-7ca2-9931-c03ede6acaf9,01a07757-932e-71e2-a31e-31df64abe90f,01a07757-a785-7bd1-a8ec-ab4b15c490a1,f,2026-09-06 15:30:28.390981+00
01a07757-a7f5-74d2-b8c5-a089d400f6dd,01a07757-90f6-7ca2-9931-c03ede6acaf9,01a07757-932e-71e2-a31e-31f5bd8b7eb5,01a07757-a785-7bd1-a8ec-ab4b15c490a1,f,2026-09-06 15:30:28.390981+00
01a07757-a7f5-74d2-b8c5-a09df8b97ad5,01a07757-90f6-7ca2-9931-c03ede6acaf9,01a07757-932e-71e2-a31e-32126ed2b9ff,01a07757-a785-7bd1-a8ec-ab59e9560f38,f,2026-09-06 15:30:28.390981+00
01a07757-a7f6-7a63-a62b-1374c08a54d9,01a07757-90f6-7ca2-9931-c03ede6acaf9,01a07757-932e-71e2-a31e-3236544cd1b7,01a07757-a785-7bd1-a8ec-ab59e9560f38,f,2026-09-06 15:30:28.390981+00
01a07757-a7f6-7a63-a62b-1385d8a4d533,01a07757-90f6-7ca2-9931-c03ede6acaf9,01a07757-932e-71e2-a31e-32126ed2b9ff,01a07757-a785-7bd1-a8ec-ab59e9560f38,f,2026-09-06 15:30:28.390981+00
01a07757-a7f6-7a63-a62b-139b65e75369,01a07757-90f6-7ca2-9931-c03ede6acaf9,01a07757-932e-71e2-a31e-3236544cd1b7,01a07757-a785-7bd1-a8ec-ab59e9560f38,f,2026-09-06 15:30:28.390981+00
01a07757-a7f6-7a63-a62b-13a90fa312a6,01a07757-90f6-7ca2-9931-c03ede6acaf9,01a07757-932e-71e2-a31e-32126ed2b9ff,01a07757-a785-7bd1-a8ec-ab59e9560f38,f,2026-09-06 15:30:28.390981+00
01a07757-a7f6-7a63-a62b-13ba97d7f18d,01a07757-90f6-7ca2-9931-c03ede6acaf9,01a07757-932e-71e2-a31e-3236544cd1b7,01a07757-a785-7bd1-a8ec-ab59e9560f38,f,2026-09-06 15:30:28.390981+00
01a07757-a7f7-79a2-af5d-1dfe556c1700,01a07757-90f6-7ca2-9931-c03ede6acaf9,01a07757-932e-71e2-a31e-325737d578ed,01a07757-a785-7bd1-a8ec-ab6edc12532f,f,2026-09-06 15:30:28.390981+00
01a07757-a7f7-79a2-af5d-1e0afefef71b,01a07757-90f6-7ca2-9931-c03ede6acaf9,01a07757-932e-71e2-a31e-327a994e5526,01a07757-a785-7bd1-a8ec-ab6edc12532f,f,2026-09-06 15:30:28.390981+00
01a07757-a7f7-79a2-af5d-1e114bc1300c,01a07757-90f6-7ca2-9931-c03ede6acaf9,01a07757-932e-71e2-a31e-325737d578ed,01a07757-a785-7bd1-a8ec-ab6edc12532f,f,2026-09-06 15:30:28.390981+00
01a07757-a7f7-79a2-af5d-1e272c052e88,01a07757-90f6-7ca2-9931-c03ede6acaf9,01a07757-932e-71e2-a31e-327a994e5526,01a07757-a785-7bd1-a8ec-ab6edc12532f,f,2026-09-06 15:30:28.390981+00
01a07757-a7f7-79a2-af5d-1e32f37ab460,01a07757-90f6-7ca2-9931-c03ede6acaf9,01a07757-932e-71e2-a31e-325737d578ed,01a07757-a785-7bd1-a8ec-ab6edc12532f,f,2026-09-06 15:30:28.390981+00
01a07757-a7f7-79a2-af5d-1e47c12dcb08,01a07757-90f6-7ca2-9931-c03ede6acaf9,01a07757-932e-71e2-a31e-327a994e5526,01a07757-a785-7bd1-a8ec-ab6edc12532f,f,2026-09-06 15:30:28.390981+00
01a07757-a7f8-7733-b729-24c824e2fb43,01a07757-90f6-7ca2-9931-c03ede6acaf9,01a07757-932e-71e2-a31e-32982f8720c1,01a07757-a785-7bd1-a8ec-ab76a6f64512,f,2026-09-06 15:30:28.390981+00
01a07757-a7f8-7733-b729-24d7a7926f3d,01a07757-90f6-7ca2-9931-c03ede6acaf9,01a07757-932e-71e2-a31e-32b4f5948957,01a07757-a785-7bd1-a8ec-ab76a6f64512,f,2026-09-06 15:30:28.390981+00
01a07757-a7f8-7733-b729-24e939c003de,01a07757-90f6-7ca2-9931-c03ede6acaf9,01a07757-932e-71e2-a31e-32982f8720c1,01a07757-a785-7bd1-a8ec-ab76a6f64512,f,2026-09-06 15:30:28.390981+00
01a07757-a7f8-7733-b729-24ff41f983d4,01a07757-90f6-7ca2-9931-c03ede6acaf9,01a07757-932e-71e2-a31e-32b4f5948957,01a07757-a785-7bd1-a8ec-ab76a6f64512,f,2026-09-06 15:30:28.390981+00
01a07757-a7f8-7733-b729-250f0aedd7c1,01a07757-90f6-7ca2-9931-c03ede6acaf9,01a07757-932e-71e2-a31e-32982f8720c1,01a07757-a785-7bd1-a8ec-ab76a6f64512,f,2026-09-06 15:30:28.390981+00
01a07757-a7f8-7733-b729-2510a619a472,01a07757-90f6-7ca2-9931-c03ede6acaf9,01a07757-932e-71e2-a31e-32b4f5948957,01a07757-a785-7bd1-a8ec-ab76a6f64512,f,2026-09-06 15:30:28.390981+00
01a07757-a7f9-7b73-8802-de5cdc83cdad,01a07757-90f6-7ca2-9931-c03ede6acaf9,01a07757-932e-71e2-a31e-32d982bd30ef,01a07757-a785-7bd1-a8ec-ab8b2b5ba30f,f,2026-09-06 15:30:28.390981+00
01a07757-a7f9-7b73-8802-de69e0a674f1,01a07757-90f6-7ca2-9931-c03ede6acaf9,01a07757-932e-71e2-a31e-32f11692ac9b,01a07757-a785-7bd1-a8ec-ab8b2b5ba30f,f,2026-09-06 15:30:28.390981+00
01a07757-a7f9-7b73-8802-de7588cbb597,01a07757-90f6-7ca2-9931-c03ede6acaf9,01a07757-932e-71e2-a31e-32d982bd30ef,01a07757-a785-7bd1-a8ec-ab8b2b5ba30f,f,2026-09-06 15:30:28.390981+00
01a07757-a7f9-7b73-8802-de8dc4066557,01a07757-90f6-7ca2-9931-c03ede6acaf9,01a07757-932e-71e2-a31e-32f11692ac9b,01a07757-a785-7bd1-a8ec-ab8b2b5ba30f,f,2026-09-06 15:30:28.390981+00
01a07757-a7f9-7b73-8802-de9a8fa441aa,01a07757-90f6-7ca2-9931-c03ede6acaf9,01a07757-932e-71e2-a31e-32d982bd30ef,01a07757-a785-7bd1-a8ec-ab8b2b5ba30f,f,2026-09-06 15:30:28.390981+00
01a07757-a7fa-72d0-a038-c0636e62da03,01a07757-90f6-7ca2-9931-c03ede6acaf9,01a07757-932e-71e2-a31e-32f11692ac9b,01a07757-a785-7bd1-a8ec-ab8b2b5ba30f,f,2026-09-06 15:30:28.390981+00
01a07757-a7fa-72d0-a038-c079d0abc9b0,01a07757-90f6-7ca2-9931-c03ede6acaf9,01a07757-932e-71e2-a31e-331204c1dcca,01a07757-a785-7bd1-a8ec-ab9fffb4845c,f,2026-09-06 15:30:28.390981+00
01a07757-a7fa-72d0-a038-c08f2e5a8323,01a07757-90f6-7ca2-9931-c03ede6acaf9,01a07757-932e-71e2-a31e-3339b0ef2b93,01a07757-a785-7bd1-a8ec-ab9fffb4845c,f,2026-09-06 15:30:28.390981+00
01a07757-a7fa-72d0-a038-c098ae5538ef,01a07757-90f6-7ca2-9931-c03ede6acaf9,01a07757-932e-71e2-a31e-331204c1dcca,01a07757-a785-7bd1-a8ec-ab9fffb4845c,f,2026-09-06 15:30:28.390981+00
01a07757-a7fa-72d0-a038-c0a9a2ac542d,01a07757-90f6-7ca2-9931-c03ede6acaf9,01a07757-932e-71e2-a31e-3339b0ef2b93,01a07757-a785-7bd1-a8ec-ab9fffb4845c,f,2026-09-06 15:30:28.390981+00
01a07757-a7fb-7e01-9096-6138c56953db,01a07757-90f6-7ca2-9931-c03ede6acaf9,01a07757-932e-71e2-a31e-331204c1dcca,01a07757-a785-7bd1-a8ec-ab9fffb4845c,f,2026-09-06 15:30:28.390981+00
01a07757-a7fb-7e01-9096-614dffa697c6,01a07757-90f6-7ca2-9931-c03ede6acaf9,01a07757-932e-71e2-a31e-3339b0ef2b93,01a07757-a785-7bd1-a8ec-ab9fffb4845c,f,2026-09-06 15:30:28.390981+00
01a07757-a7fb-7e01-9096-615bf52d65e7,01a07757-90f6-7ca2-9931-c03ede6acaf9,01a07757-932e-71e2-a31e-335eedc6f14c,01a07757-a785-7bd1-a8ec-aba869cb2580,f,2026-09-06 15:30:28.390981+00
01a07757-a7fb-7e01-9096-61647cb8638a,01a07757-90f6-7ca2-9931-c03ede6acaf9,01a07757-932e-71e2-a31e-3372edb7b643,01a07757-a785-7bd1-a8ec-aba869cb2580,f,2026-09-06 15:30:28.390981+00
01a07757-a7fc-79d0-b649-e1c7d8eb3dd4,01a07757-90f6-7ca2-9931-c03ede6acaf9,01a07757-932e-71e2-a31e-335eedc6f14c,01a07757-a785-7bd1-a8ec-aba869cb2580,f,2026-09-06 15:30:28.390981+00
01a07757-a7fc-79d0-b649-e1dc1679cb89,01a07757-90f6-7ca2-9931-c03ede6acaf9,01a07757-932e-71e2-a31e-3372edb7b643,01a07757-a785-7bd1-a8ec-aba869cb2580,f,2026-09-06 15:30:28.390981+00
01a07757-a7fc-79d0-b649-e1e3eba79297,01a07757-90f6-7ca2-9931-c03ede6acaf9,01a07757-932e-71e2-a31e-335eedc6f14c,01a07757-a785-7bd1-a8ec-aba869cb2580,f,2026-09-06 15:30:28.390981+00
01a07757-a7fc-79d0-b649-e1f5ee13e31b,01a07757-90f6-7ca2-9931-c03ede6acaf9,01a07757-932e-71e2-a31e-3372edb7b643,01a07757-a785-7bd1-a8ec-aba869cb2580,f,2026-09-06 15:30:28.390981+00
01a07757-a7fd-7a83-8810-fe6ae86bff3d,01a07757-90f6-7ca2-9931-c03ede6acaf9,01a07757-932e-71e2-a31e-339d395504e4,01a07757-a785-7bd1-a8ec-abb108708964,f,2026-09-06 15:30:28.390981+00
01a07757-a7fe-7981-bc6c-9e66187642f6,01a07757-90f6-7ca2-9931-c03ede6acaf9,01a07757-932e-71e2-a31e-33bb23b7aa8d,01a07757-a785-7bd1-a8ec-abb108708964,f,2026-09-06 15:30:28.390981+00
01a07757-a7fe-7981-bc6c-9e7f747cda69,01a07757-90f6-7ca2-9931-c03ede6acaf9,01a07757-932e-71e2-a31e-339d395504e4,01a07757-a785-7bd1-a8ec-abb108708964,f,2026-09-06 15:30:28.390981+00
01a07757-a7fe-7981-bc6c-9e8c54e230e4,01a07757-90f6-7ca2-9931-c03ede6acaf9,01a07757-932e-71e2-a31e-33bb23b7aa8d,01a07757-a785-7bd1-a8ec-abb108708964,f,2026-09-06 15:30:28.390981+00
01a07757-a7fe-7981-bc6c-9e9d620cac11,01a07757-90f6-7ca2-9931-c03ede6acaf9,01a07757-932e-71e2-a31e-339d395504e4,01a07757-a785-7bd1-a8ec-abb108708964,f,2026-09-06 15:30:28.390981+00
01a07757-a7fe-7981-bc6c-9ea2978e3555,01a07757-90f6-7ca2-9931-c03ede6acaf9,01a07757-932e-71e2-a31e-33bb23b7aa8d,01a07757-a785-7bd1-a8ec-abb108708964,f,2026-09-06 15:30:28.390981+00
01a07757-a7ff-7630-8aaf-a074525f11e4,01a07757-90f6-7ca2-9931-c03ede6acaf9,01a07757-932e-71e2-a31e-33dbcb7279e8,01a07757-a785-7bd1-a8ec-abc28f4a60d9,f,2026-09-06 15:30:28.390981+00
01a07757-a800-7ee0-bdf6-8465f340b6a1,01a07757-90f6-7ca2-9931-c03ede6acaf9,01a07757-932e-71e2-a31e-33fc26650808,01a07757-a785-7bd1-a8ec-abc28f4a60d9,f,2026-09-06 15:30:28.390981+00
01a07757-a800-7ee0-bdf6-8475d979e0a7,01a07757-90f6-7ca2-9931-c03ede6acaf9,01a07757-932e-71e2-a31e-33dbcb7279e8,01a07757-a785-7bd1-a8ec-abc28f4a60d9,f,2026-09-06 15:30:28.390981+00
01a07757-a800-7ee0-bdf6-848202563478,01a07757-90f6-7ca2-9931-c03ede6acaf9,01a07757-932e-71e2-a31e-33fc26650808,01a07757-a785-7bd1-a8ec-abc28f4a60d9,f,2026-09-06 15:30:28.390981+00
01a07757-a800-7ee0-bdf6-849735c9ce19,01a07757-90f6-7ca2-9931-c03ede6acaf9,01a07757-932e-71e2-a31e-33dbcb7279e8,01a07757-a785-7bd1-a8ec-abc28f4a60d9,f,2026-09-06 15:30:28.390981+00
01a07757-a800-7ee0-bdf6-84a3f300f18a,01a07757-90f6-7ca2-9931-c03ede6acaf9,01a07757-932e-71e2-a31e-33fc26650808,01a07757-a785-7bd1-a8ec-abc28f4a60d9,f,2026-09-06 15:30:28.390981+00
01a07757-a801-7a93-b3c3-c223518c8127,01a07757-90f6-7ca2-9931-c03ede6acaf9,01a07757-932f-7192-b2a8-8905d1253fa5,01a07757-a785-7bd1-a8ec-abdcaec0908e,f,2026-09-06 15:30:28.390981+00
01a07757-a802-7262-b470-31cfe15639f4,01a07757-90f6-7ca2-9931-c03ede6acaf9,01a07757-932f-7192-b2a8-892fcc4e6280,01a07757-a785-7bd1-a8ec-abdcaec0908e,f,2026-09-06 15:30:28.390981+00
01a07757-a802-7262-b470-31da0168a5bf,01a07757-90f6-7ca2-9931-c03ede6acaf9,01a07757-932f-7192-b2a8-8905d1253fa5,01a07757-a785-7bd1-a8ec-abdcaec0908e,f,2026-09-06 15:30:28.390981+00
01a07757-a802-7262-b470-31e6e87de2d4,01a07757-90f6-7ca2-9931-c03ede6acaf9,01a07757-932f-7192-b2a8-892fcc4e6280,01a07757-a785-7bd1-a8ec-abdcaec0908e,f,2026-09-06 15:30:28.390981+00
01a07757-a802-7262-b470-31feca46aba9,01a07757-90f6-7ca2-9931-c03ede6acaf9,01a07757-932f-7192-b2a8-8905d1253fa5,01a07757-a785-7bd1-a8ec-abdcaec0908e,f,2026-09-06 15:30:28.390981+00
01a07757-a802-7262-b470-3204cef97c47,01a07757-90f6-7ca2-9931-c03ede6acaf9,01a07757-932f-7192-b2a8-892fcc4e6280,01a07757-a785-7bd1-a8ec-abdcaec0908e,f,2026-09-06 15:30:28.390981+00
01a07757-a803-78c2-a7f3-7465593822f1,01a07757-90f6-7ca2-9931-c03ede6acaf9,01a07757-932f-7192-b2a8-894374935043,01a07757-a785-7bd1-a8ec-abe6aab19690,f,2026-09-06 15:30:28.390981+00
01a07757-a804-7972-9aba-c02030cc6a8c,01a07757-90f6-7ca2-9931-c03ede6acaf9,01a07757-932f-7192-b2a8-896000e1837e,01a07757-a785-7bd1-a8ec-abe6aab19690,f,2026-09-06 15:30:28.390981+00
01a07757-a804-7972-9aba-c039f2180030,01a07757-90f6-7ca2-9931-c03ede6acaf9,01a07757-932f-7192-b2a8-894374935043,01a07757-a785-7bd1-a8ec-abe6aab19690,f,2026-09-06 15:30:28.390981+00
01a07757-a804-7972-9aba-c044e0901cf2,01a07757-90f6-7ca2-9931-c03ede6acaf9,01a07757-932f-7192-b2a8-896000e1837e,01a07757-a785-7bd1-a8ec-abe6aab19690,f,2026-09-06 15:30:28.390981+00
01a07757-a804-7972-9aba-c059e4e27eb9,01a07757-90f6-7ca2-9931-c03ede6acaf9,01a07757-932f-7192-b2a8-894374935043,01a07757-a785-7bd1-a8ec-abe6aab19690,f,2026-09-06 15:30:28.390981+00
01a07757-a804-7972-9aba-c064f5de6eb7,01a07757-90f6-7ca2-9931-c03ede6acaf9,01a07757-932f-7192-b2a8-896000e1837e,01a07757-a785-7bd1-a8ec-abe6aab19690,f,2026-09-06 15:30:28.390981+00
01a07757-a805-7440-a56e-52d736c473f2,01a07757-90f6-7ca2-9931-c03ede6acaf9,01a07757-932f-7192-b2a8-8982b7b846cd,01a07757-a785-7bd1-a8ec-abfc3522280d,f,2026-09-06 15:30:28.390981+00
01a07757-a805-7440-a56e-52e695276c93,01a07757-90f6-7ca2-9931-c03ede6acaf9,01a07757-932f-7192-b2a8-89a3e3e31607,01a07757-a785-7bd1-a8ec-abfc3522280d,f,2026-09-06 15:30:28.390981+00
01a07757-a806-77a3-b198-b2addc389830,01a07757-90f6-7ca2-9931-c03ede6acaf9,01a07757-932f-7192-b2a8-8982b7b846cd,01a07757-a785-7bd1-a8ec-abfc3522280d,f,2026-09-06 15:30:28.390981+00
01a07757-a806-77a3-b198-b2b69fab3c51,01a07757-90f6-7ca2-9931-c03ede6acaf9,01a07757-932f-7192-b2a8-89a3e3e31607,01a07757-a785-7bd1-a8ec-abfc3522280d,f,2026-09-06 15:30:28.390981+00
01a07757-a806-77a3-b198-b2c3f8e9c230,01a07757-90f6-7ca2-9931-c03ede6acaf9,01a07757-932f-7192-b2a8-8982b7b846cd,01a07757-a785-7bd1-a8ec-abfc3522280d,f,2026-09-06 15:30:28.390981+00
01a07757-a806-77a3-b198-b2dc3f738839,01a07757-90f6-7ca2-9931-c03ede6acaf9,01a07757-932f-7192-b2a8-89a3e3e31607,01a07757-a785-7bd1-a8ec-abfc3522280d,f,2026-09-06 15:30:28.390981+00
01a07757-a807-7442-9bca-a0ecc2e77117,01a07757-90f6-7ca2-9931-c03ede6acaf9,01a07757-932f-7192-b2a8-89cece0ad545,01a07757-a785-7bd1-a8ec-ac0cdb3c1b44,f,2026-09-06 15:30:28.390981+00
01a07757-a808-7ed2-b1db-fa962bcdb27e,01a07757-90f6-7ca2-9931-c03ede6acaf9,01a07757-932f-7192-b2a8-89e5f6e4f88e,01a07757-a785-7bd1-a8ec-ac0cdb3c1b44,f,2026-09-06 15:30:28.390981+00
01a07757-a808-7ed2-b1db-faa35729eab5,01a07757-90f6-7ca2-9931-c03ede6acaf9,01a07757-932f-7192-b2a8-89cece0ad545,01a07757-a785-7bd1-a8ec-ac0cdb3c1b44,f,2026-09-06 15:30:28.390981+00
01a07757-a808-7ed2-b1db-fabb7326ec2a,01a07757-90f6-7ca2-9931-c03ede6acaf9,01a07757-932f-7192-b2a8-89e5f6e4f88e,01a07757-a785-7bd1-a8ec-ac0cdb3c1b44,f,2026-09-06 15:30:28.390981+00
01a07757-a808-7ed2-b1db-faccb2c47a24,01a07757-90f6-7ca2-9931-c03ede6acaf9,01a07757-932f-7192-b2a8-89cece0ad545,01a07757-a785-7bd1-a8ec-ac0cdb3c1b44,f,2026-09-06 15:30:28.390981+00
01a07757-a808-7ed2-b1db-fadef3640a43,01a07757-90f6-7ca2-9931-c03ede6acaf9,01a07757-932f-7192-b2a8-89e5f6e4f88e,01a07757-a785-7bd1-a8ec-ac0cdb3c1b44,f,2026-09-06 15:30:28.390981+00
01a07757-a809-71b2-a26c-6c6ee44e79e4,01a07757-90f6-7ca2-9931-c03ede6acaf9,01a07757-932f-7192-b2a8-8a0c0734add8,01a07757-a785-7bd1-a8ec-ac14b9f7e6c7,f,2026-09-06 15:30:28.390981+00
01a07757-a809-71b2-a26c-6c709a621278,01a07757-90f6-7ca2-9931-c03ede6acaf9,01a07757-932f-7192-b2a8-8a29d14ce446,01a07757-a785-7bd1-a8ec-ac14b9f7e6c7,f,2026-09-06 15:30:28.390981+00
01a07757-a809-71b2-a26c-6c8434ddece4,01a07757-90f6-7ca2-9931-c03ede6acaf9,01a07757-932f-7192-b2a8-8a0c0734add8,01a07757-a785-7bd1-a8ec-ac14b9f7e6c7,f,2026-09-06 15:30:28.390981+00
01a07757-a809-71b2-a26c-6c9d374c6cc0,01a07757-90f6-7ca2-9931-c03ede6acaf9,01a07757-932f-7192-b2a8-8a29d14ce446,01a07757-a785-7bd1-a8ec-ac14b9f7e6c7,f,2026-09-06 15:30:28.390981+00
01a07757-a809-71b2-a26c-6ca07d11f717,01a07757-90f6-7ca2-9931-c03ede6acaf9,01a07757-932f-7192-b2a8-8a0c0734add8,01a07757-a785-7bd1-a8ec-ac14b9f7e6c7,f,2026-09-06 15:30:28.390981+00
01a07757-a809-71b2-a26c-6cbfa955f00c,01a07757-90f6-7ca2-9931-c03ede6acaf9,01a07757-932f-7192-b2a8-8a29d14ce446,01a07757-a785-7bd1-a8ec-ac14b9f7e6c7,f,2026-09-06 15:30:28.390981+00
01a07757-a80a-7202-8fa8-249bf4d847d9,01a07757-90f6-7ca2-9931-c03ede6acaf9,01a07757-932f-7192-b2a8-8a440b282113,01a07757-a785-7bd1-a8ec-ac2868881a64,f,2026-09-06 15:30:28.390981+00
01a07757-a80a-7202-8fa8-24a1e0ac48f6,01a07757-90f6-7ca2-9931-c03ede6acaf9,01a07757-932f-7192-b2a8-8a6202201644,01a07757-a785-7bd1-a8ec-ac2868881a64,f,2026-09-06 15:30:28.390981+00
01a07757-a80a-7202-8fa8-24b04b3d208a,01a07757-90f6-7ca2-9931-c03ede6acaf9,01a07757-932f-7192-b2a8-8a440b282113,01a07757-a785-7bd1-a8ec-ac2868881a64,f,2026-09-06 15:30:28.390981+00
01a07757-a80b-7240-b041-d59481ef53bd,01a07757-90f6-7ca2-9931-c03ede6acaf9,01a07757-932f-7192-b2a8-8a6202201644,01a07757-a785-7bd1-a8ec-ac2868881a64,f,2026-09-06 15:30:28.390981+00
01a07757-a80b-7240-b041-d5a26eaef020,01a07757-90f6-7ca2-9931-c03ede6acaf9,01a07757-932f-7192-b2a8-8a440b282113,01a07757-a785-7bd1-a8ec-ac2868881a64,f,2026-09-06 15:30:28.390981+00
01a07757-a80b-7240-b041-d5b075056b48,01a07757-90f6-7ca2-9931-c03ede6acaf9,01a07757-932f-7192-b2a8-8a6202201644,01a07757-a785-7bd1-a8ec-ac2868881a64,f,2026-09-06 15:30:28.390981+00
01a07757-a80d-7ff0-94de-86bed52b71c0,01a07757-90f6-7ca2-9931-c03ede6acaf9,01a07757-932f-7192-b2a8-8a8ea07eab54,01a07757-a785-7bd1-a8ec-ac3f78f1dd1c,f,2026-09-06 15:30:28.390981+00
01a07757-a80d-7ff0-94de-86cc0c807d5c,01a07757-90f6-7ca2-9931-c03ede6acaf9,01a07757-932f-7192-b2a8-8aa214322b48,01a07757-a785-7bd1-a8ec-ac3f78f1dd1c,f,2026-09-06 15:30:28.390981+00
01a07757-a80d-7ff0-94de-86d22b9998ea,01a07757-90f6-7ca2-9931-c03ede6acaf9,01a07757-932f-7192-b2a8-8a8ea07eab54,01a07757-a785-7bd1-a8ec-ac3f78f1dd1c,f,2026-09-06 15:30:28.390981+00
01a07757-a80d-7ff0-94de-86e4f4d7ea44,01a07757-90f6-7ca2-9931-c03ede6acaf9,01a07757-932f-7192-b2a8-8aa214322b48,01a07757-a785-7bd1-a8ec-ac3f78f1dd1c,f,2026-09-06 15:30:28.390981+00
01a07757-a80e-7992-8811-1fee93857d9a,01a07757-90f6-7ca2-9931-c03ede6acaf9,01a07757-932f-7192-b2a8-8a8ea07eab54,01a07757-a785-7bd1-a8ec-ac3f78f1dd1c,f,2026-09-06 15:30:28.390981+00
01a07757-a80e-7992-8811-1ffbf6abb5c0,01a07757-90f6-7ca2-9931-c03ede6acaf9,01a07757-932f-7192-b2a8-8aa214322b48,01a07757-a785-7bd1-a8ec-ac3f78f1dd1c,f,2026-09-06 15:30:28.390981+00
01a07757-a80f-7d81-bb24-6313b23cd33b,01a07757-90f6-7ca2-9931-c03ede6acaf9,01a07757-932f-7192-b2a8-8acf4cf3cba7,01a07757-a785-7bd1-a8ec-ac4837c75712,f,2026-09-06 15:30:28.390981+00
01a07757-a810-76a1-ab80-120ec9aae51a,01a07757-90f6-7ca2-9931-c03ede6acaf9,01a07757-9330-7793-a5c3-a4c7b806b096,01a07757-a785-7bd1-a8ec-ac4837c75712,f,2026-09-06 15:30:28.390981+00
01a07757-a810-76a1-ab80-1217f7dd1451,01a07757-90f6-7ca2-9931-c03ede6acaf9,01a07757-932f-7192-b2a8-8acf4cf3cba7,01a07757-a785-7bd1-a8ec-ac4837c75712,f,2026-09-06 15:30:28.390981+00
01a07757-a810-76a1-ab80-12200f03bf5d,01a07757-90f6-7ca2-9931-c03ede6acaf9,01a07757-9330-7793-a5c3-a4c7b806b096,01a07757-a785-7bd1-a8ec-ac4837c75712,f,2026-09-06 15:30:28.390981+00
01a07757-a810-76a1-ab80-123a3b41441f,01a07757-90f6-7ca2-9931-c03ede6acaf9,01a07757-932f-7192-b2a8-8acf4cf3cba7,01a07757-a785-7bd1-a8ec-ac4837c75712,f,2026-09-06 15:30:28.390981+00
01a07757-a810-76a1-ab80-124297dc309d,01a07757-90f6-7ca2-9931-c03ede6acaf9,01a07757-9330-7793-a5c3-a4c7b806b096,01a07757-a785-7bd1-a8ec-ac4837c75712,f,2026-09-06 15:30:28.390981+00
01a07757-a811-79d2-bf85-3da0a4590c3e,01a07757-90f6-7ca2-9931-c03ede6acaf9,01a07757-9330-7793-a5c3-a4eab1c00307,01a07757-a785-7bd1-a8ec-ac5c011648be,f,2026-09-06 15:30:28.390981+00
01a07757-a811-79d2-bf85-3dbb4d9cffc7,01a07757-90f6-7ca2-9931-c03ede6acaf9,01a07757-9330-7793-a5c3-a5082fcf37e4,01a07757-a785-7bd1-a8ec-ac5c011648be,f,2026-09-06 15:30:28.390981+00
01a07757-a811-79d2-bf85-3dc52f8b1386,01a07757-90f6-7ca2-9931-c03ede6acaf9,01a07757-9330-7793-a5c3-a4eab1c00307,01a07757-a785-7bd1-a8ec-ac5c011648be,f,2026-09-06 15:30:28.390981+00
01a07757-a811-79d2-bf85-3dda14def096,01a07757-90f6-7ca2-9931-c03ede6acaf9,01a07757-9330-7793-a5c3-a5082fcf37e4,01a07757-a785-7bd1-a8ec-ac5c011648be,f,2026-09-06 15:30:28.390981+00
01a07757-a812-70f1-bfc6-a50955404a3d,01a07757-90f6-7ca2-9931-c03ede6acaf9,01a07757-9330-7793-a5c3-a4eab1c00307,01a07757-a785-7bd1-a8ec-ac5c011648be,f,2026-09-06 15:30:28.390981+00
01a07757-a812-70f1-bfc6-a5180f6b8fb8,01a07757-90f6-7ca2-9931-c03ede6acaf9,01a07757-9330-7793-a5c3-a5082fcf37e4,01a07757-a785-7bd1-a8ec-ac5c011648be,f,2026-09-06 15:30:28.390981+00
01a07757-a813-7241-9b13-6f9d2b02926f,01a07757-90f6-7ca2-9931-c03ede6acaf9,01a07757-9330-7793-a5c3-a52f6464b7b2,01a07757-a785-7bd1-a8ec-ac6b8d6556e4,f,2026-09-06 15:30:28.390981+00
01a07757-a813-7241-9b13-6fa841b59d98,01a07757-90f6-7ca2-9931-c03ede6acaf9,01a07757-9330-7793-a5c3-a5492e4069b8,01a07757-a785-7bd1-a8ec-ac6b8d6556e4,f,2026-09-06 15:30:28.390981+00
01a07757-a813-7241-9b13-6fb019e872ed,01a07757-90f6-7ca2-9931-c03ede6acaf9,01a07757-9330-7793-a5c3-a52f6464b7b2,01a07757-a785-7bd1-a8ec-ac6b8d6556e4,f,2026-09-06 15:30:28.390981+00
01a07757-a813-7241-9b13-6fccbc1c65f7,01a07757-90f6-7ca2-9931-c03ede6acaf9,01a07757-9330-7793-a5c3-a5492e4069b8,01a07757-a785-7bd1-a8ec-ac6b8d6556e4,f,2026-09-06 15:30:28.390981+00
01a07757-a813-7241-9b13-6fd3ec98daa9,01a07757-90f6-7ca2-9931-c03ede6acaf9,01a07757-9330-7793-a5c3-a52f6464b7b2,01a07757-a785-7bd1-a8ec-ac6b8d6556e4,f,2026-09-06 15:30:28.390981+00
01a07757-a814-7072-9ab3-db6ea731b906,01a07757-90f6-7ca2-9931-c03ede6acaf9,01a07757-9330-7793-a5c3-a5492e4069b8,01a07757-a785-7bd1-a8ec-ac6b8d6556e4,f,2026-09-06 15:30:28.390981+00
01a07757-a814-7072-9ab3-db7fca9f6559,01a07757-90f6-7ca2-9931-c03ede6acaf9,01a07757-9330-7793-a5c3-a56f0f9ba0b6,01a07757-a785-7bd1-a8ec-ac790b2f62bc,f,2026-09-06 15:30:28.390981+00
01a07757-a814-7072-9ab3-db810297f8d8,01a07757-90f6-7ca2-9931-c03ede6acaf9,01a07757-9330-7793-a5c3-a589a9321d1a,01a07757-a785-7bd1-a8ec-ac790b2f62bc,f,2026-09-06 15:30:28.390981+00
01a07757-a815-7ec0-98b3-6cc8a5d8f5bd,01a07757-90f6-7ca2-9931-c03ede6acaf9,01a07757-9330-7793-a5c3-a56f0f9ba0b6,01a07757-a785-7bd1-a8ec-ac790b2f62bc,f,2026-09-06 15:30:28.390981+00
01a07757-a815-7ec0-98b3-6cdf4a73c491,01a07757-90f6-7ca2-9931-c03ede6acaf9,01a07757-9330-7793-a5c3-a589a9321d1a,01a07757-a785-7bd1-a8ec-ac790b2f62bc,f,2026-09-06 15:30:28.390981+00
01a07757-a815-7ec0-98b3-6ce6c5230868,01a07757-90f6-7ca2-9931-c03ede6acaf9,01a07757-9330-7793-a5c3-a56f0f9ba0b6,01a07757-a785-7bd1-a8ec-ac790b2f62bc,f,2026-09-06 15:30:28.390981+00
01a07757-a815-7ec0-98b3-6cf89912bdd2,01a07757-90f6-7ca2-9931-c03ede6acaf9,01a07757-9330-7793-a5c3-a589a9321d1a,01a07757-a785-7bd1-a8ec-ac790b2f62bc,f,2026-09-06 15:30:28.390981+00
01a07757-a816-7871-b615-d7ba15928113,01a07757-90f6-7ca2-9931-c03ede6acaf9,01a07757-9330-7793-a5c3-a5a4d2371e54,01a07757-a785-7bd1-a8ec-ac84921dc9d1,f,2026-09-06 15:30:28.390981+00
01a07757-a816-7871-b615-d7cc0a689ba5,01a07757-90f6-7ca2-9931-c03ede6acaf9,01a07757-9330-7793-a5c3-a5c3957af505,01a07757-a785-7bd1-a8ec-ac84921dc9d1,f,2026-09-06 15:30:28.390981+00
01a07757-a816-7871-b615-d7ddf542c7ec,01a07757-90f6-7ca2-9931-c03ede6acaf9,01a07757-9330-7793-a5c3-a5a4d2371e54,01a07757-a785-7bd1-a8ec-ac84921dc9d1,f,2026-09-06 15:30:28.390981+00
01a07757-a816-7871-b615-d7e1688fe894,01a07757-90f6-7ca2-9931-c03ede6acaf9,01a07757-9330-7793-a5c3-a5c3957af505,01a07757-a785-7bd1-a8ec-ac84921dc9d1,f,2026-09-06 15:30:28.390981+00
01a07757-a816-7871-b615-d7fb005d98bf,01a07757-90f6-7ca2-9931-c03ede6acaf9,01a07757-9330-7793-a5c3-a5a4d2371e54,01a07757-a785-7bd1-a8ec-ac84921dc9d1,f,2026-09-06 15:30:28.390981+00
01a07757-a816-7871-b615-d80a902c370e,01a07757-90f6-7ca2-9931-c03ede6acaf9,01a07757-9330-7793-a5c3-a5c3957af505,01a07757-a785-7bd1-a8ec-ac84921dc9d1,f,2026-09-06 15:30:28.390981+00
01a07757-a817-7a70-8ee6-4d9703ffbd3e,01a07757-90f6-7ca2-9931-c03ede6acaf9,01a07757-9330-7793-a5c3-a5e4ea6848c2,01a07757-a785-7bd1-a8ec-ac94acab23d7,f,2026-09-06 15:30:28.390981+00
01a07757-a817-7a70-8ee6-4daf6aa697d1,01a07757-90f6-7ca2-9931-c03ede6acaf9,01a07757-9330-7793-a5c3-a604e5c43486,01a07757-a785-7bd1-a8ec-ac94acab23d7,f,2026-09-06 15:30:28.390981+00
01a07757-a817-7a70-8ee6-4db04868ee32,01a07757-90f6-7ca2-9931-c03ede6acaf9,01a07757-9330-7793-a5c3-a5e4ea6848c2,01a07757-a785-7bd1-a8ec-ac94acab23d7,f,2026-09-06 15:30:28.390981+00
01a07757-a817-7a70-8ee6-4dc6b7ad97a9,01a07757-90f6-7ca2-9931-c03ede6acaf9,01a07757-9330-7793-a5c3-a604e5c43486,01a07757-a785-7bd1-a8ec-ac94acab23d7,f,2026-09-06 15:30:28.390981+00
01a07757-a817-7a70-8ee6-4dd8b4e3085a,01a07757-90f6-7ca2-9931-c03ede6acaf9,01a07757-9330-7793-a5c3-a5e4ea6848c2,01a07757-a785-7bd1-a8ec-ac94acab23d7,f,2026-09-06 15:30:28.390981+00
01a07757-a818-7992-bd29-c111e1a62048,01a07757-90f6-7ca2-9931-c03ede6acaf9,01a07757-9330-7793-a5c3-a604e5c43486,01a07757-a785-7bd1-a8ec-ac94acab23d7,f,2026-09-06 15:30:28.390981+00
01a07757-a818-7992-bd29-c12b98a7e567,01a07757-90f6-7ca2-9931-c03ede6acaf9,01a07757-9330-7793-a5c3-a624fff55688,01a07757-a785-7bd1-a8ec-acaa4a7b2deb,f,2026-09-06 15:30:28.390981+00
01a07757-a819-77e0-ba01-d66506c63cc1,01a07757-90f6-7ca2-9931-c03ede6acaf9,01a07757-9330-7793-a5c3-a6426f8d4aa5,01a07757-a785-7bd1-a8ec-acaa4a7b2deb,f,2026-09-06 15:30:28.390981+00
01a07757-a819-77e0-ba01-d675d12a9261,01a07757-90f6-7ca2-9931-c03ede6acaf9,01a07757-9330-7793-a5c3-a624fff55688,01a07757-a785-7bd1-a8ec-acaa4a7b2deb,f,2026-09-06 15:30:28.390981+00
01a07757-a819-77e0-ba01-d68a10cb73f2,01a07757-90f6-7ca2-9931-c03ede6acaf9,01a07757-9330-7793-a5c3-a6426f8d4aa5,01a07757-a785-7bd1-a8ec-acaa4a7b2deb,f,2026-09-06 15:30:28.390981+00
01a07757-a819-77e0-ba01-d692b10f4818,01a07757-90f6-7ca2-9931-c03ede6acaf9,01a07757-9330-7793-a5c3-a624fff55688,01a07757-a785-7bd1-a8ec-acaa4a7b2deb,f,2026-09-06 15:30:28.390981+00
01a07757-a819-77e0-ba01-d6a73a2b1091,01a07757-90f6-7ca2-9931-c03ede6acaf9,01a07757-9330-7793-a5c3-a6426f8d4aa5,01a07757-a785-7bd1-a8ec-acaa4a7b2deb,f,2026-09-06 15:30:28.390981+00
01a07757-a81a-7650-ae62-4ff2c6217fba,01a07757-90f6-7ca2-9931-c03ede6acaf9,01a07757-9330-7793-a5c3-a66ede8f98aa,01a07757-a785-7bd1-a8ec-acba7a554430,f,2026-09-06 15:30:28.390981+00
01a07757-a81a-7650-ae62-50075996593a,01a07757-90f6-7ca2-9931-c03ede6acaf9,01a07757-9330-7793-a5c3-a68171c00a19,01a07757-a785-7bd1-a8ec-acba7a554430,f,2026-09-06 15:30:28.390981+00
01a07757-a81b-7663-893f-e8b062119e2d,01a07757-90f6-7ca2-9931-c03ede6acaf9,01a07757-9330-7793-a5c3-a66ede8f98aa,01a07757-a785-7bd1-a8ec-acba7a554430,f,2026-09-06 15:30:28.390981+00
01a07757-a81b-7663-893f-e8c2415a3fac,01a07757-90f6-7ca2-9931-c03ede6acaf9,01a07757-9330-7793-a5c3-a68171c00a19,01a07757-a785-7bd1-a8ec-acba7a554430,f,2026-09-06 15:30:28.390981+00
01a07757-a81b-7663-893f-e8dc5de6f194,01a07757-90f6-7ca2-9931-c03ede6acaf9,01a07757-9330-7793-a5c3-a66ede8f98aa,01a07757-a785-7bd1-a8ec-acba7a554430,f,2026-09-06 15:30:28.390981+00
01a07757-a81b-7663-893f-e8e1784e1c41,01a07757-90f6-7ca2-9931-c03ede6acaf9,01a07757-9330-7793-a5c3-a68171c00a19,01a07757-a785-7bd1-a8ec-acba7a554430,f,2026-09-06 15:30:28.390981+00
01a07757-a81c-7e00-a9e3-89fe6655f4ab,01a07757-90f6-7ca2-9931-c03ede6acaf9,01a07757-9330-7793-a5c3-a6ac5313514f,01a07757-a785-7bd1-a8ec-accccfae2151,f,2026-09-06 15:30:28.390981+00
01a07757-a81c-7e00-a9e3-8a0bd046081e,01a07757-90f6-7ca2-9931-c03ede6acaf9,01a07757-9330-7793-a5c3-a6c49ead07cb,01a07757-a785-7bd1-a8ec-accccfae2151,f,2026-09-06 15:30:28.390981+00
01a07757-a81c-7e00-a9e3-8a1d1d580b8d,01a07757-90f6-7ca2-9931-c03ede6acaf9,01a07757-9330-7793-a5c3-a6ac5313514f,01a07757-a785-7bd1-a8ec-accccfae2151,f,2026-09-06 15:30:28.390981+00
01a07757-a81c-7e00-a9e3-8a2e6bd52396,01a07757-90f6-7ca2-9931-c03ede6acaf9,01a07757-9330-7793-a5c3-a6c49ead07cb,01a07757-a785-7bd1-a8ec-accccfae2151,f,2026-09-06 15:30:28.390981+00
01a07757-a81c-7e00-a9e3-8a3d20d14573,01a07757-90f6-7ca2-9931-c03ede6acaf9,01a07757-9330-7793-a5c3-a6ac5313514f,01a07757-a785-7bd1-a8ec-accccfae2151,f,2026-09-06 15:30:28.390981+00
01a07757-a81c-7e00-a9e3-8a49577b2419,01a07757-90f6-7ca2-9931-c03ede6acaf9,01a07757-9330-7793-a5c3-a6c49ead07cb,01a07757-a785-7bd1-a8ec-accccfae2151,f,2026-09-06 15:30:28.390981+00
01a07757-a81d-7152-97d0-7d3aa5e51c16,01a07757-90f6-7ca2-9931-c03ede6acaf9,01a07757-9330-7793-a5c3-a6e8c6584a22,01a07757-a785-7bd1-a8ec-acd6fe905cfa,f,2026-09-06 15:30:28.390981+00
01a07757-a81d-7152-97d0-7d4ad856b893,01a07757-90f6-7ca2-9931-c03ede6acaf9,01a07757-9330-7793-a5c3-a70aec0a4b5b,01a07757-a785-7bd1-a8ec-acd6fe905cfa,f,2026-09-06 15:30:28.390981+00
01a07757-a81d-7152-97d0-7d596fd0490a,01a07757-90f6-7ca2-9931-c03ede6acaf9,01a07757-9330-7793-a5c3-a6e8c6584a22,01a07757-a785-7bd1-a8ec-acd6fe905cfa,f,2026-09-06 15:30:28.390981+00
01a07757-a81d-7152-97d0-7d615075ca3a,01a07757-90f6-7ca2-9931-c03ede6acaf9,01a07757-9330-7793-a5c3-a70aec0a4b5b,01a07757-a785-7bd1-a8ec-acd6fe905cfa,f,2026-09-06 15:30:28.390981+00
01a07757-a81d-7152-97d0-7d7d45de4cc5,01a07757-90f6-7ca2-9931-c03ede6acaf9,01a07757-9330-7793-a5c3-a6e8c6584a22,01a07757-a785-7bd1-a8ec-acd6fe905cfa,f,2026-09-06 15:30:28.390981+00
01a07757-a81d-7152-97d0-7d814e65b3a5,01a07757-90f6-7ca2-9931-c03ede6acaf9,01a07757-9330-7793-a5c3-a70aec0a4b5b,01a07757-a785-7bd1-a8ec-acd6fe905cfa,f,2026-09-06 15:30:28.390981+00
01a07757-a81e-7b30-80d0-c46966150536,01a07757-90f6-7ca2-9931-c03ede6acaf9,01a07757-9330-7793-a5c3-a72bfc187047,01a07757-a785-7bd1-a8ec-ace4d6cd8a13,f,2026-09-06 15:30:28.390981+00
01a07757-a81e-7b30-80d0-c4744ba2c0b0,01a07757-90f6-7ca2-9931-c03ede6acaf9,01a07757-9330-7793-a5c3-a744d67d32de,01a07757-a785-7bd1-a8ec-ace4d6cd8a13,f,2026-09-06 15:30:28.390981+00
01a07757-a81f-7973-9338-7880d3f52dfd,01a07757-90f6-7ca2-9931-c03ede6acaf9,01a07757-9330-7793-a5c3-a72bfc187047,01a07757-a785-7bd1-a8ec-ace4d6cd8a13,f,2026-09-06 15:30:28.390981+00
01a07757-a81f-7973-9338-78992f19c05d,01a07757-90f6-7ca2-9931-c03ede6acaf9,01a07757-9330-7793-a5c3-a744d67d32de,01a07757-a785-7bd1-a8ec-ace4d6cd8a13,f,2026-09-06 15:30:28.390981+00
01a07757-a81f-7973-9338-78ad75de79a5,01a07757-90f6-7ca2-9931-c03ede6acaf9,01a07757-9330-7793-a5c3-a72bfc187047,01a07757-a785-7bd1-a8ec-ace4d6cd8a13,f,2026-09-06 15:30:28.390981+00
01a07757-a81f-7973-9338-78bec5767c2b,01a07757-90f6-7ca2-9931-c03ede6acaf9,01a07757-9330-7793-a5c3-a744d67d32de,01a07757-a785-7bd1-a8ec-ace4d6cd8a13,f,2026-09-06 15:30:28.390981+00
01a07757-a820-78d2-ab0c-f6519b2bb00f,01a07757-90f6-7ca2-9931-c03ede6acaf9,01a07757-9330-7793-a5c3-a76bedc4a230,01a07757-a785-7bd1-a8ec-acf3c5b7801c,f,2026-09-06 15:30:28.390981+00
01a07757-a820-78d2-ab0c-f66b21b60cab,01a07757-90f6-7ca2-9931-c03ede6acaf9,01a07757-9330-7793-a5c3-a7898eda6540,01a07757-a785-7bd1-a8ec-acf3c5b7801c,f,2026-09-06 15:30:28.390981+00
01a07757-a821-7441-a1ec-5a01e6b5edd9,01a07757-90f6-7ca2-9931-c03ede6acaf9,01a07757-9330-7793-a5c3-a76bedc4a230,01a07757-a785-7bd1-a8ec-acf3c5b7801c,f,2026-09-06 15:30:28.390981+00
01a07757-a821-7441-a1ec-5a12aed865dc,01a07757-90f6-7ca2-9931-c03ede6acaf9,01a07757-9330-7793-a5c3-a7898eda6540,01a07757-a785-7bd1-a8ec-acf3c5b7801c,f,2026-09-06 15:30:28.390981+00
01a07757-a821-7441-a1ec-5a24af36754d,01a07757-90f6-7ca2-9931-c03ede6acaf9,01a07757-9330-7793-a5c3-a76bedc4a230,01a07757-a785-7bd1-a8ec-acf3c5b7801c,f,2026-09-06 15:30:28.390981+00
01a07757-a821-7441-a1ec-5a3faa768af1,01a07757-90f6-7ca2-9931-c03ede6acaf9,01a07757-9330-7793-a5c3-a7898eda6540,01a07757-a785-7bd1-a8ec-acf3c5b7801c,f,2026-09-06 15:30:28.390981+00
01a07757-a821-7441-a1ec-5a4bd9a05551,01a07757-90f6-7ca2-9931-c03ede6acaf9,01a07757-9330-7793-a5c3-a7a583f715e1,01a07757-a785-7bd1-a8ec-ad0a73aa9b8b,f,2026-09-06 15:30:28.390981+00
01a07757-a822-7d70-9308-43b8a2b1dd67,01a07757-90f6-7ca2-9931-c03ede6acaf9,01a07757-9330-7793-a5c3-a7c2e2d57db6,01a07757-a785-7bd1-a8ec-ad0a73aa9b8b,f,2026-09-06 15:30:28.390981+00
01a07757-a822-7d70-9308-43ca2bee23ae,01a07757-90f6-7ca2-9931-c03ede6acaf9,01a07757-9330-7793-a5c3-a7a583f715e1,01a07757-a785-7bd1-a8ec-ad0a73aa9b8b,f,2026-09-06 15:30:28.390981+00
01a07757-a822-7d70-9308-43d37d12f261,01a07757-90f6-7ca2-9931-c03ede6acaf9,01a07757-9330-7793-a5c3-a7c2e2d57db6,01a07757-a785-7bd1-a8ec-ad0a73aa9b8b,f,2026-09-06 15:30:28.390981+00
01a07757-a822-7d70-9308-43ec64b848c9,01a07757-90f6-7ca2-9931-c03ede6acaf9,01a07757-9330-7793-a5c3-a7a583f715e1,01a07757-a785-7bd1-a8ec-ad0a73aa9b8b,f,2026-09-06 15:30:28.390981+00
01a07757-a822-7d70-9308-43f81d40c87b,01a07757-90f6-7ca2-9931-c03ede6acaf9,01a07757-9330-7793-a5c3-a7c2e2d57db6,01a07757-a785-7bd1-a8ec-ad0a73aa9b8b,f,2026-09-06 15:30:28.390981+00
01a07757-a823-78c2-be43-64350279b343,01a07757-90f6-7ca2-9931-c03ede6acaf9,01a07757-9330-7793-a5c3-a7ee1e2005ca,01a07757-a785-7bd1-a8ec-ad1a1d8eef4c,f,2026-09-06 15:30:28.390981+00
01a07757-a823-78c2-be43-6444b4d6348c,01a07757-90f6-7ca2-9931-c03ede6acaf9,01a07757-9330-7793-a5c3-a80b9227cfa8,01a07757-a785-7bd1-a8ec-ad1a1d8eef4c,f,2026-09-06 15:30:28.390981+00
01a07757-a823-78c2-be43-645d0ee3a333,01a07757-90f6-7ca2-9931-c03ede6acaf9,01a07757-9330-7793-a5c3-a7ee1e2005ca,01a07757-a785-7bd1-a8ec-ad1a1d8eef4c,f,2026-09-06 15:30:28.390981+00
01a07757-a824-7110-b35a-c271eb6fb0fb,01a07757-90f6-7ca2-9931-c03ede6acaf9,01a07757-9330-7793-a5c3-a80b9227cfa8,01a07757-a785-7bd1-a8ec-ad1a1d8eef4c,f,2026-09-06 15:30:28.390981+00
01a07757-a824-7110-b35a-c28e6f1e2a4e,01a07757-90f6-7ca2-9931-c03ede6acaf9,01a07757-9330-7793-a5c3-a7ee1e2005ca,01a07757-a785-7bd1-a8ec-ad1a1d8eef4c,f,2026-09-06 15:30:28.390981+00
01a07757-a824-7110-b35a-c29655890df0,01a07757-90f6-7ca2-9931-c03ede6acaf9,01a07757-9330-7793-a5c3-a80b9227cfa8,01a07757-a785-7bd1-a8ec-ad1a1d8eef4c,f,2026-09-06 15:30:28.390981+00
01a07757-a825-7952-9a90-6f9207256805,01a07757-90f6-7ca2-9931-c03ede6acaf9,01a07757-9330-7793-a5c3-a82a02887dd9,01a07757-a785-7bd1-a8ec-ad25b79c58e3,f,2026-09-06 15:30:28.390981+00
01a07757-a825-7952-9a90-6facb9bb94b6,01a07757-90f6-7ca2-9931-c03ede6acaf9,01a07757-9330-7793-a5c3-a8419c047308,01a07757-a785-7bd1-a8ec-ad25b79c58e3,f,2026-09-06 15:30:28.390981+00
01a07757-a825-7952-9a90-6fb89eb8c6dc,01a07757-90f6-7ca2-9931-c03ede6acaf9,01a07757-9330-7793-a5c3-a82a02887dd9,01a07757-a785-7bd1-a8ec-ad25b79c58e3,f,2026-09-06 15:30:28.390981+00
01a07757-a825-7952-9a90-6fc445c2971b,01a07757-90f6-7ca2-9931-c03ede6acaf9,01a07757-9330-7793-a5c3-a8419c047308,01a07757-a785-7bd1-a8ec-ad25b79c58e3,f,2026-09-06 15:30:28.390981+00
01a07757-a825-7952-9a90-6fd045d6478c,01a07757-90f6-7ca2-9931-c03ede6acaf9,01a07757-9330-7793-a5c3-a82a02887dd9,01a07757-a785-7bd1-a8ec-ad25b79c58e3,f,2026-09-06 15:30:28.390981+00
01a07757-a826-7342-8b59-c4a7e3e1f390,01a07757-90f6-7ca2-9931-c03ede6acaf9,01a07757-9330-7793-a5c3-a8419c047308,01a07757-a785-7bd1-a8ec-ad25b79c58e3,f,2026-09-06 15:30:28.390981+00
01a07757-a826-7342-8b59-c4b2b35a9a3c,01a07757-90f6-7ca2-9931-c03ede6acaf9,01a07757-9330-7793-a5c3-a86a8e2b116c,01a07757-a785-7bd1-a8ec-ad31da93d609,f,2026-09-06 15:30:28.390981+00
01a07757-a827-7182-8184-cbe6f6a99aa0,01a07757-90f6-7ca2-9931-c03ede6acaf9,01a07757-9330-7793-a5c3-a88132e5f281,01a07757-a785-7bd1-a8ec-ad31da93d609,f,2026-09-06 15:30:28.390981+00
01a07757-a827-7182-8184-cbfc063395a7,01a07757-90f6-7ca2-9931-c03ede6acaf9,01a07757-9330-7793-a5c3-a86a8e2b116c,01a07757-a785-7bd1-a8ec-ad31da93d609,f,2026-09-06 15:30:28.390981+00
01a07757-a827-7182-8184-cc0f40deb1ee,01a07757-90f6-7ca2-9931-c03ede6acaf9,01a07757-9330-7793-a5c3-a88132e5f281,01a07757-a785-7bd1-a8ec-ad31da93d609,f,2026-09-06 15:30:28.390981+00
01a07757-a827-7182-8184-cc14b225ab71,01a07757-90f6-7ca2-9931-c03ede6acaf9,01a07757-9330-7793-a5c3-a86a8e2b116c,01a07757-a785-7bd1-a8ec-ad31da93d609,f,2026-09-06 15:30:28.390981+00
01a07757-a827-7182-8184-cc2f05428440,01a07757-90f6-7ca2-9931-c03ede6acaf9,01a07757-9330-7793-a5c3-a88132e5f281,01a07757-a785-7bd1-a8ec-ad31da93d609,f,2026-09-06 15:30:28.390981+00
01a07757-a828-79f3-aaaf-f5514c2da354,01a07757-90f6-7ca2-9931-c03ede6acaf9,01a07757-9330-7793-a5c3-a8a328bb862c,01a07757-a785-7bd1-a8ec-ad49ad1b97c4,f,2026-09-06 15:30:28.390981+00
01a07757-a828-79f3-aaaf-f56fb0571b8f,01a07757-90f6-7ca2-9931-c03ede6acaf9,01a07757-9330-7793-a5c3-a8ca8572a853,01a07757-a785-7bd1-a8ec-ad49ad1b97c4,f,2026-09-06 15:30:28.390981+00
01a07757-a828-79f3-aaaf-f57b7cc92b5f,01a07757-90f6-7ca2-9931-c03ede6acaf9,01a07757-9330-7793-a5c3-a8a328bb862c,01a07757-a785-7bd1-a8ec-ad49ad1b97c4,f,2026-09-06 15:30:28.390981+00
01a07757-a828-79f3-aaaf-f58c110d6c2e,01a07757-90f6-7ca2-9931-c03ede6acaf9,01a07757-9330-7793-a5c3-a8ca8572a853,01a07757-a785-7bd1-a8ec-ad49ad1b97c4,f,2026-09-06 15:30:28.390981+00
01a07757-a828-79f3-aaaf-f59c96880a2b,01a07757-90f6-7ca2-9931-c03ede6acaf9,01a07757-9330-7793-a5c3-a8a328bb862c,01a07757-a785-7bd1-a8ec-ad49ad1b97c4,f,2026-09-06 15:30:28.390981+00
01a07757-a828-79f3-aaaf-f5a8ded3f135,01a07757-90f6-7ca2-9931-c03ede6acaf9,01a07757-9330-7793-a5c3-a8ca8572a853,01a07757-a785-7bd1-a8ec-ad49ad1b97c4,f,2026-09-06 15:30:28.390981+00
01a07757-a829-7d10-baec-5ce122ba4a37,01a07757-90f6-7ca2-9931-c03ede6acaf9,01a07757-9330-7793-a5c3-a8ef5b177551,01a07757-a785-7bd1-a8ec-ad5813a0e5d6,f,2026-09-06 15:30:28.390981+00
01a07757-a829-7d10-baec-5cf64c48d658,01a07757-90f6-7ca2-9931-c03ede6acaf9,01a07757-9330-7793-a5c3-a901f46bc342,01a07757-a785-7bd1-a8ec-ad5813a0e5d6,f,2026-09-06 15:30:28.390981+00
01a07757-a82a-78f2-ba37-51fa2a65f795,01a07757-90f6-7ca2-9931-c03ede6acaf9,01a07757-9330-7793-a5c3-a8ef5b177551,01a07757-a785-7bd1-a8ec-ad5813a0e5d6,f,2026-09-06 15:30:28.390981+00
01a07757-a82a-78f2-ba37-5209fb93560b,01a07757-90f6-7ca2-9931-c03ede6acaf9,01a07757-9330-7793-a5c3-a901f46bc342,01a07757-a785-7bd1-a8ec-ad5813a0e5d6,f,2026-09-06 15:30:28.390981+00
01a07757-a82a-78f2-ba37-521f9d19d6af,01a07757-90f6-7ca2-9931-c03ede6acaf9,01a07757-9330-7793-a5c3-a8ef5b177551,01a07757-a785-7bd1-a8ec-ad5813a0e5d6,f,2026-09-06 15:30:28.390981+00
01a07757-a82a-78f2-ba37-5227e850da26,01a07757-90f6-7ca2-9931-c03ede6acaf9,01a07757-9330-7793-a5c3-a901f46bc342,01a07757-a785-7bd1-a8ec-ad5813a0e5d6,f,2026-09-06 15:30:28.390981+00
01a07757-a82b-7900-b1c5-ae29be3b1fe0,01a07757-90f6-7ca2-9931-c03ede6acaf9,01a07757-9330-7793-a5c3-a925a00b627f,01a07757-a785-7bd1-a8ec-ad65a136adbb,f,2026-09-06 15:30:28.390981+00
01a07757-a82b-7900-b1c5-ae3b5aa9f1af,01a07757-90f6-7ca2-9931-c03ede6acaf9,01a07757-9330-7793-a5c3-a94814ee9702,01a07757-a785-7bd1-a8ec-ad65a136adbb,f,2026-09-06 15:30:28.390981+00
01a07757-a82b-7900-b1c5-ae444cb5c14f,01a07757-90f6-7ca2-9931-c03ede6acaf9,01a07757-9330-7793-a5c3-a925a00b627f,01a07757-a785-7bd1-a8ec-ad65a136adbb,f,2026-09-06 15:30:28.390981+00
01a07757-a82b-7900-b1c5-ae5f85d78478,01a07757-90f6-7ca2-9931-c03ede6acaf9,01a07757-9330-7793-a5c3-a94814ee9702,01a07757-a785-7bd1-a8ec-ad65a136adbb,f,2026-09-06 15:30:28.390981+00
01a07757-a82c-7cd3-b9d9-244f3842266f,01a07757-90f6-7ca2-9931-c03ede6acaf9,01a07757-9330-7793-a5c3-a925a00b627f,01a07757-a785-7bd1-a8ec-ad65a136adbb,f,2026-09-06 15:30:28.390981+00
01a07757-a82c-7cd3-b9d9-24596039cfef,01a07757-90f6-7ca2-9931-c03ede6acaf9,01a07757-9330-7793-a5c3-a94814ee9702,01a07757-a785-7bd1-a8ec-ad65a136adbb,f,2026-09-06 15:30:28.390981+00
01a07757-a82c-7cd3-b9d9-246a676467b8,01a07757-90f6-7ca2-9931-c03ede6acaf9,01a07757-9330-7793-a5c3-a9698ed1e7b6,01a07757-a785-7bd1-a8ec-ad701672944d,f,2026-09-06 15:30:28.390981+00
01a07757-a82c-7cd3-b9d9-247b1bff68ef,01a07757-90f6-7ca2-9931-c03ede6acaf9,01a07757-9330-7793-a5c3-a987a5790c7f,01a07757-a785-7bd1-a8ec-ad701672944d,f,2026-09-06 15:30:28.390981+00
01a07757-a82d-7460-ac3c-3454c0f8ba2d,01a07757-90f6-7ca2-9931-c03ede6acaf9,01a07757-9330-7793-a5c3-a9698ed1e7b6,01a07757-a785-7bd1-a8ec-ad701672944d,f,2026-09-06 15:30:28.390981+00
01a07757-a82d-7460-ac3c-34611cd7da7b,01a07757-90f6-7ca2-9931-c03ede6acaf9,01a07757-9330-7793-a5c3-a987a5790c7f,01a07757-a785-7bd1-a8ec-ad701672944d,f,2026-09-06 15:30:28.390981+00
01a07757-a82d-7460-ac3c-34796dd8fe45,01a07757-90f6-7ca2-9931-c03ede6acaf9,01a07757-9330-7793-a5c3-a9698ed1e7b6,01a07757-a785-7bd1-a8ec-ad701672944d,f,2026-09-06 15:30:28.390981+00
01a07757-a82d-7460-ac3c-348fff42a306,01a07757-90f6-7ca2-9931-c03ede6acaf9,01a07757-9330-7793-a5c3-a987a5790c7f,01a07757-a785-7bd1-a8ec-ad701672944d,f,2026-09-06 15:30:28.390981+00
01a07757-a82e-7ce1-a1a6-cafb27a7f62d,01a07757-90f6-7ca2-9931-c03ede6acaf9,01a07757-9330-7793-a5c3-a9ab547f19c3,01a07757-a785-7bd1-a8ec-ad892fd295ef,f,2026-09-06 15:30:28.390981+00
01a07757-a82e-7ce1-a1a6-cb02eafdff22,01a07757-90f6-7ca2-9931-c03ede6acaf9,01a07757-9330-7793-a5c3-a9ca26e87c7b,01a07757-a785-7bd1-a8ec-ad892fd295ef,f,2026-09-06 15:30:28.390981+00
01a07757-a82e-7ce1-a1a6-cb1ada48f049,01a07757-90f6-7ca2-9931-c03ede6acaf9,01a07757-9330-7793-a5c3-a9ab547f19c3,01a07757-a785-7bd1-a8ec-ad892fd295ef,f,2026-09-06 15:30:28.390981+00
01a07757-a82e-7ce1-a1a6-cb2786b35cf8,01a07757-90f6-7ca2-9931-c03ede6acaf9,01a07757-9330-7793-a5c3-a9ca26e87c7b,01a07757-a785-7bd1-a8ec-ad892fd295ef,f,2026-09-06 15:30:28.390981+00
01a07757-a82e-7ce1-a1a6-cb308d8c6b7f,01a07757-90f6-7ca2-9931-c03ede6acaf9,01a07757-9330-7793-a5c3-a9ab547f19c3,01a07757-a785-7bd1-a8ec-ad892fd295ef,f,2026-09-06 15:30:28.390981+00
01a07757-a82f-7fb0-bfaf-3e9432736760,01a07757-90f6-7ca2-9931-c03ede6acaf9,01a07757-9330-7793-a5c3-a9ca26e87c7b,01a07757-a785-7bd1-a8ec-ad892fd295ef,f,2026-09-06 15:30:28.390981+00
01a07757-a82f-7fb0-bfaf-3ea757c9fc05,01a07757-90f6-7ca2-9931-c03ede6acaf9,01a07757-9330-7793-a5c3-a9e697d06d2a,01a07757-a785-7bd1-a8ec-ad911734ca61,f,2026-09-06 15:30:28.390981+00
01a07757-a82f-7fb0-bfaf-3eb3ba9ebfb9,01a07757-90f6-7ca2-9931-c03ede6acaf9,01a07757-9330-7793-a5c3-aa03acad6e89,01a07757-a785-7bd1-a8ec-ad911734ca61,f,2026-09-06 15:30:28.390981+00
01a07757-a830-7af1-a8d1-90fe0df7bca3,01a07757-90f6-7ca2-9931-c03ede6acaf9,01a07757-9330-7793-a5c3-a9e697d06d2a,01a07757-a785-7bd1-a8ec-ad911734ca61,f,2026-09-06 15:30:28.390981+00
01a07757-a830-7af1-a8d1-91036f4203ae,01a07757-90f6-7ca2-9931-c03ede6acaf9,01a07757-9330-7793-a5c3-aa03acad6e89,01a07757-a785-7bd1-a8ec-ad911734ca61,f,2026-09-06 15:30:28.390981+00
01a07757-a830-7af1-a8d1-911e3d502f3e,01a07757-90f6-7ca2-9931-c03ede6acaf9,01a07757-9330-7793-a5c3-a9e697d06d2a,01a07757-a785-7bd1-a8ec-ad911734ca61,f,2026-09-06 15:30:28.390981+00
01a07757-a830-7af1-a8d1-912027d4b111,01a07757-90f6-7ca2-9931-c03ede6acaf9,01a07757-9330-7793-a5c3-aa03acad6e89,01a07757-a785-7bd1-a8ec-ad911734ca61,f,2026-09-06 15:30:28.390981+00
01a07757-a831-7f91-a491-ee3f726ec926,01a07757-90f6-7ca2-9931-c03ede6acaf9,01a07757-9330-7793-a5c3-aa241587814b,01a07757-a785-7bd1-a8ec-ada2bf768272,f,2026-09-06 15:30:28.390981+00
01a07757-a831-7f91-a491-ee4dc503e306,01a07757-90f6-7ca2-9931-c03ede6acaf9,01a07757-9330-7793-a5c3-aa439256ec62,01a07757-a785-7bd1-a8ec-ada2bf768272,f,2026-09-06 15:30:28.390981+00
01a07757-a832-7913-8910-25e3b7b722f8,01a07757-90f6-7ca2-9931-c03ede6acaf9,01a07757-9330-7793-a5c3-aa241587814b,01a07757-a785-7bd1-a8ec-ada2bf768272,f,2026-09-06 15:30:28.390981+00
01a07757-a832-7913-8910-25f37c645bb6,01a07757-90f6-7ca2-9931-c03ede6acaf9,01a07757-9330-7793-a5c3-aa439256ec62,01a07757-a785-7bd1-a8ec-ada2bf768272,f,2026-09-06 15:30:28.390981+00
01a07757-a832-7913-8910-260396cbcaec,01a07757-90f6-7ca2-9931-c03ede6acaf9,01a07757-9330-7793-a5c3-aa241587814b,01a07757-a785-7bd1-a8ec-ada2bf768272,f,2026-09-06 15:30:28.390981+00
01a07757-a832-7913-8910-261b73c07550,01a07757-90f6-7ca2-9931-c03ede6acaf9,01a07757-9330-7793-a5c3-aa439256ec62,01a07757-a785-7bd1-a8ec-ada2bf768272,f,2026-09-06 15:30:28.390981+00
01a07757-a833-76c2-a38d-dabe6e87506f,01a07757-90f6-7ca2-9931-c03ede6acaf9,01a07757-9335-7dd1-9852-1f7511de441f,01a07757-a785-7bd1-a8ec-adb049f0ad10,f,2026-09-06 15:30:28.390981+00
01a07757-a833-76c2-a38d-dacd36d55cf6,01a07757-90f6-7ca2-9931-c03ede6acaf9,01a07757-9335-7dd1-9852-1f9bf8077df7,01a07757-a785-7bd1-a8ec-adb049f0ad10,f,2026-09-06 15:30:28.390981+00
01a07757-a833-76c2-a38d-dade03cfb7fd,01a07757-90f6-7ca2-9931-c03ede6acaf9,01a07757-9335-7dd1-9852-1f7511de441f,01a07757-a785-7bd1-a8ec-adb049f0ad10,f,2026-09-06 15:30:28.390981+00
01a07757-a833-76c2-a38d-daed248e7484,01a07757-90f6-7ca2-9931-c03ede6acaf9,01a07757-9335-7dd1-9852-1f9bf8077df7,01a07757-a785-7bd1-a8ec-adb049f0ad10,f,2026-09-06 15:30:28.390981+00
01a07757-a834-7071-a1bf-4b38e154b1d0,01a07757-90f6-7ca2-9931-c03ede6acaf9,01a07757-9335-7dd1-9852-1f7511de441f,01a07757-a785-7bd1-a8ec-adb049f0ad10,f,2026-09-06 15:30:28.390981+00
01a07757-a834-7071-a1bf-4b4ae53687d0,01a07757-90f6-7ca2-9931-c03ede6acaf9,01a07757-9335-7dd1-9852-1f9bf8077df7,01a07757-a785-7bd1-a8ec-adb049f0ad10,f,2026-09-06 15:30:28.390981+00
01a07757-a834-7071-a1bf-4b571d6ad6bc,01a07757-90f6-7ca2-9931-c03ede6acaf9,01a07757-9335-7dd1-9852-1fb7a4315aa0,01a07757-a785-7bd1-a8ec-adc4893fd300,f,2026-09-06 15:30:28.390981+00
01a07757-a835-7183-9555-29dc60efda4e,01a07757-90f6-7ca2-9931-c03ede6acaf9,01a07757-9335-7dd1-9852-1fd48dc6417f,01a07757-a785-7bd1-a8ec-adc4893fd300,f,2026-09-06 15:30:28.390981+00
01a07757-a835-7183-9555-29e6752fc8dc,01a07757-90f6-7ca2-9931-c03ede6acaf9,01a07757-9335-7dd1-9852-1fb7a4315aa0,01a07757-a785-7bd1-a8ec-adc4893fd300,f,2026-09-06 15:30:28.390981+00
01a07757-a835-7183-9555-29f821ddef40,01a07757-90f6-7ca2-9931-c03ede6acaf9,01a07757-9335-7dd1-9852-1fd48dc6417f,01a07757-a785-7bd1-a8ec-adc4893fd300,f,2026-09-06 15:30:28.390981+00
01a07757-a835-7183-9555-2a0d6fa25bc7,01a07757-90f6-7ca2-9931-c03ede6acaf9,01a07757-9335-7dd1-9852-1fb7a4315aa0,01a07757-a785-7bd1-a8ec-adc4893fd300,f,2026-09-06 15:30:28.390981+00
01a07757-a835-7183-9555-2a14b2d92021,01a07757-90f6-7ca2-9931-c03ede6acaf9,01a07757-9335-7dd1-9852-1fd48dc6417f,01a07757-a785-7bd1-a8ec-adc4893fd300,f,2026-09-06 15:30:28.390981+00
01a07757-a836-7e91-8081-bffc81c2d5b2,01a07757-90f6-7ca2-9931-c03ede6acaf9,01a07757-9335-7dd1-9852-1ff7f3412e66,01a07757-a785-7bd1-a8ec-adde4ef24cb7,f,2026-09-06 15:30:28.390981+00
01a07757-a836-7e91-8081-c004395f3d93,01a07757-90f6-7ca2-9931-c03ede6acaf9,01a07757-9335-7dd1-9852-201e1bd49ac6,01a07757-a785-7bd1-a8ec-adde4ef24cb7,f,2026-09-06 15:30:28.390981+00
01a07757-a836-7e91-8081-c01f0f896840,01a07757-90f6-7ca2-9931-c03ede6acaf9,01a07757-9335-7dd1-9852-1ff7f3412e66,01a07757-a785-7bd1-a8ec-adde4ef24cb7,f,2026-09-06 15:30:28.390981+00
01a07757-a836-7e91-8081-c02aff013b59,01a07757-90f6-7ca2-9931-c03ede6acaf9,01a07757-9335-7dd1-9852-201e1bd49ac6,01a07757-a785-7bd1-a8ec-adde4ef24cb7,f,2026-09-06 15:30:28.390981+00
01a07757-a836-7e91-8081-c03c87978435,01a07757-90f6-7ca2-9931-c03ede6acaf9,01a07757-9335-7dd1-9852-1ff7f3412e66,01a07757-a785-7bd1-a8ec-adde4ef24cb7,f,2026-09-06 15:30:28.390981+00
01a07757-a837-78e2-9379-ecc3ee826657,01a07757-90f6-7ca2-9931-c03ede6acaf9,01a07757-9335-7dd1-9852-201e1bd49ac6,01a07757-a785-7bd1-a8ec-adde4ef24cb7,f,2026-09-06 15:30:28.390981+00
01a07757-a837-78e2-9379-ecd345c4bade,01a07757-90f6-7ca2-9931-c03ede6acaf9,01a07757-9335-7dd1-9852-203c27bda557,01a07757-a785-7bd1-a8ec-ade6ff35b508,f,2026-09-06 15:30:28.390981+00
01a07757-a837-78e2-9379-ece074d7b73b,01a07757-90f6-7ca2-9931-c03ede6acaf9,01a07757-9335-7dd1-9852-2053fc8d200c,01a07757-a785-7bd1-a8ec-ade6ff35b508,f,2026-09-06 15:30:28.390981+00
01a07757-a837-78e2-9379-ecf948ed49e0,01a07757-90f6-7ca2-9931-c03ede6acaf9,01a07757-9335-7dd1-9852-203c27bda557,01a07757-a785-7bd1-a8ec-ade6ff35b508,f,2026-09-06 15:30:28.390981+00
01a07757-a837-78e2-9379-ed02e7ef1aab,01a07757-90f6-7ca2-9931-c03ede6acaf9,01a07757-9335-7dd1-9852-2053fc8d200c,01a07757-a785-7bd1-a8ec-ade6ff35b508,f,2026-09-06 15:30:28.390981+00
01a07757-a838-7bf3-b045-e32f77797e60,01a07757-90f6-7ca2-9931-c03ede6acaf9,01a07757-9335-7dd1-9852-203c27bda557,01a07757-a785-7bd1-a8ec-ade6ff35b508,f,2026-09-06 15:30:28.390981+00
01a07757-a838-7bf3-b045-e33085f628b2,01a07757-90f6-7ca2-9931-c03ede6acaf9,01a07757-9335-7dd1-9852-2053fc8d200c,01a07757-a785-7bd1-a8ec-ade6ff35b508,f,2026-09-06 15:30:28.390981+00
01a07757-a838-7bf3-b045-e349531bbd06,01a07757-90f6-7ca2-9931-c03ede6acaf9,01a07757-9335-7dd1-9852-207268b4ad2e,01a07757-a785-7bd1-a8ec-adfd8f278ce8,f,2026-09-06 15:30:28.390981+00
01a07757-a839-7230-810e-846e4efa7550,01a07757-90f6-7ca2-9931-c03ede6acaf9,01a07757-9335-7dd1-9852-209071baf227,01a07757-a785-7bd1-a8ec-adfd8f278ce8,f,2026-09-06 15:30:28.390981+00
01a07757-a839-7230-810e-84732dd0ab30,01a07757-90f6-7ca2-9931-c03ede6acaf9,01a07757-9335-7dd1-9852-207268b4ad2e,01a07757-a785-7bd1-a8ec-adfd8f278ce8,f,2026-09-06 15:30:28.390981+00
01a07757-a839-7230-810e-8482ee4e7b47,01a07757-90f6-7ca2-9931-c03ede6acaf9,01a07757-9335-7dd1-9852-209071baf227,01a07757-a785-7bd1-a8ec-adfd8f278ce8,f,2026-09-06 15:30:28.390981+00
01a07757-a839-7230-810e-849fea2b20bd,01a07757-90f6-7ca2-9931-c03ede6acaf9,01a07757-9335-7dd1-9852-207268b4ad2e,01a07757-a785-7bd1-a8ec-adfd8f278ce8,f,2026-09-06 15:30:28.390981+00
01a07757-a839-7230-810e-84ae85d7dd34,01a07757-90f6-7ca2-9931-c03ede6acaf9,01a07757-9335-7dd1-9852-209071baf227,01a07757-a785-7bd1-a8ec-adfd8f278ce8,f,2026-09-06 15:30:28.390981+00
01a07757-a83a-7411-bd91-e7cb81c211bf,01a07757-90f6-7ca2-9931-c03ede6acaf9,01a07757-9335-7dd1-9852-20bf62f7e259,01a07757-a785-7bd1-a8ec-ae08f92da02c,f,2026-09-06 15:30:28.390981+00
01a07757-a83a-7411-bd91-e7d139c517ba,01a07757-90f6-7ca2-9931-c03ede6acaf9,01a07757-9335-7dd1-9852-20d06932345c,01a07757-a785-7bd1-a8ec-ae08f92da02c,f,2026-09-06 15:30:28.390981+00
01a07757-a83a-7411-bd91-e7ecbab1f5c8,01a07757-90f6-7ca2-9931-c03ede6acaf9,01a07757-9335-7dd1-9852-20bf62f7e259,01a07757-a785-7bd1-a8ec-ae08f92da02c,f,2026-09-06 15:30:28.390981+00
01a07757-a83b-7721-9cf1-a501b26adc53,01a07757-90f6-7ca2-9931-c03ede6acaf9,01a07757-9335-7dd1-9852-20d06932345c,01a07757-a785-7bd1-a8ec-ae08f92da02c,f,2026-09-06 15:30:28.390981+00
01a07757-a83b-7721-9cf1-a51d576ab045,01a07757-90f6-7ca2-9931-c03ede6acaf9,01a07757-9335-7dd1-9852-20bf62f7e259,01a07757-a785-7bd1-a8ec-ae08f92da02c,f,2026-09-06 15:30:28.390981+00
01a07757-a83b-7721-9cf1-a52bbbfdb19a,01a07757-90f6-7ca2-9931-c03ede6acaf9,01a07757-9335-7dd1-9852-20d06932345c,01a07757-a785-7bd1-a8ec-ae08f92da02c,f,2026-09-06 15:30:28.390981+00
01a07757-abbf-7413-a887-dbfecd1fd4bd,01a07757-ab63-7f51-8139-13159b30f81d,01a07757-ab6b-7482-802c-077b044f6709,01a07757-abb9-7893-ba14-e7a0e38f5d22,f,2026-09-06 15:30:29.433911+00
01a07757-abbf-7413-a887-dc060cdf8fad,01a07757-ab63-7f51-8139-13159b30f81d,01a07757-ab6b-7482-802c-0786f35281d2,01a07757-abb9-7893-ba14-e7a0e38f5d22,f,2026-09-06 15:30:29.433911+00
01a07757-abbf-7413-a887-dc1a304f33b5,01a07757-ab63-7f51-8139-13159b30f81d,01a07757-ab6b-7482-802c-077b044f6709,01a07757-abb9-7893-ba14-e7a0e38f5d22,f,2026-09-06 15:30:29.433911+00
01a07757-abbf-7413-a887-dc2b15333c89,01a07757-ab63-7f51-8139-13159b30f81d,01a07757-ab6b-7482-802c-0786f35281d2,01a07757-abb9-7893-ba14-e7a0e38f5d22,f,2026-09-06 15:30:29.433911+00
01a07757-abc0-7510-9c7b-e4ad47561a33,01a07757-ab63-7f51-8139-13159b30f81d,01a07757-ab6b-7482-802c-077b044f6709,01a07757-abb9-7893-ba14-e7a0e38f5d22,f,2026-09-06 15:30:29.433911+00
01a07757-abc0-7510-9c7b-e4b57f3c4955,01a07757-ab63-7f51-8139-13159b30f81d,01a07757-ab6b-7482-802c-0786f35281d2,01a07757-abb9-7893-ba14-e7a0e38f5d22,f,2026-09-06 15:30:29.433911+00
01a07757-abdb-7bb1-a18f-03b1a65d3698,01a07757-ab63-7f51-8139-13159b30f81d,01a07757-ab6b-7482-802c-077b044f6709,01a07757-abd9-7342-8567-c687fc195813,f,2026-09-06 15:30:29.466573+00
01a07757-abdb-7bb1-a18f-03c71d2bb182,01a07757-ab63-7f51-8139-13159b30f81d,01a07757-ab6b-7482-802c-0786f35281d2,01a07757-abd9-7342-8567-c687fc195813,f,2026-09-06 15:30:29.466573+00
01a07757-abdc-7730-9bbd-ea3b0f7558a2,01a07757-ab63-7f51-8139-13159b30f81d,01a07757-ab6b-7482-802c-077b044f6709,01a07757-abd9-7342-8567-c687fc195813,f,2026-09-06 15:30:29.466573+00
01a07757-abdc-7730-9bbd-ea49521ec0d9,01a07757-ab63-7f51-8139-13159b30f81d,01a07757-ab6b-7482-802c-0786f35281d2,01a07757-abd9-7342-8567-c687fc195813,f,2026-09-06 15:30:29.466573+00
01a07757-abdc-7730-9bbd-ea5da3ff9e47,01a07757-ab63-7f51-8139-13159b30f81d,01a07757-ab6b-7482-802c-077b044f6709,01a07757-abd9-7342-8567-c687fc195813,f,2026-09-06 15:30:29.466573+00
01a07757-abdd-7512-a5de-d92aca80ba5d,01a07757-ab63-7f51-8139-13159b30f81d,01a07757-ab6b-7482-802c-0786f35281d2,01a07757-abd9-7342-8567-c687fc195813,f,2026-09-06 15:30:29.466573+00
01a07757-b557-7521-b37e-a5b053f2d889,01a07757-b108-7771-bcb9-59bac292af91,01a07757-b38e-7151-85ae-c45d30c4f341,01a07757-b547-7983-8a81-e9f1cf1bcf3f,f,2026-09-06 15:30:31.880458+00
01a07757-b558-71c1-b2e0-5b5b96f29526,01a07757-b108-7771-bcb9-59bac292af91,01a07757-b358-7343-b1a0-2ec327c37188,01a07757-b547-7983-8a81-e9f1cf1bcf3f,f,2026-09-06 15:30:31.880458+00
01a07757-b5d3-7bd0-8465-9c2a8a94ce74,01a07757-b0c8-7ea0-88b0-adc59c62c159,01a07757-b463-7bd0-bed9-2da829223d06,01a07757-b5c0-7ea2-93b6-261a49d71817,f,2026-09-06 15:30:32.00865+00
01a07757-b5d4-7e43-8d72-a75e1e07d9c3,01a07757-b0c8-7ea0-88b0-adc59c62c159,01a07757-b463-7bd0-bed9-2db0ecedb54c,01a07757-b5c0-7ea2-93b6-261a49d71817,f,2026-09-06 15:30:32.00865+00
01a07757-b620-7ea3-b671-59319b28e183,01a07757-b108-7771-bcb9-59bac292af91,01a07757-b3b9-7920-bc1d-617123534ac6,01a07757-b611-7110-92da-684d2e47e19b,f,2026-09-06 15:30:32.095686+00
01a07757-b621-7432-85bf-ff08bae9624f,01a07757-b108-7771-bcb9-59bac292af91,01a07757-b358-7343-b1a0-2ec327c37188,01a07757-b611-7110-92da-684d2e47e19b,f,2026-09-06 15:30:32.095686+00
01a07757-b6bb-7e41-8d58-a2c7757c2445,01a07757-b108-7771-bcb9-59bac292af91,01a07757-b4d0-7262-86de-59c8ecfcda09,01a07757-b6b6-7253-8fa1-716a4a5be69b,f,2026-09-06 15:30:32.250226+00
01a07757-b6bb-7e41-8d58-a2dcc96bb2b4,01a07757-b108-7771-bcb9-59bac292af91,01a07757-b358-7343-b1a0-2ec327c37188,01a07757-b6b6-7253-8fa1-716a4a5be69b,f,2026-09-06 15:30:32.250226+00
01a07757-b78a-77c3-a2a3-e533c38b7355,01a07757-b310-7d91-b68c-74ecc99476dd,01a07757-b4a1-7901-8742-6e44e8ac74d7,01a07757-b770-7290-a56c-120c2458f606,f,2026-09-06 15:30:32.436281+00
01a07757-b78a-77c3-a2a3-e54aa088241c,01a07757-b310-7d91-b68c-74ecc99476dd,01a07757-b4a1-7901-8742-6e527b44715c,01a07757-b770-7290-a56c-120c2458f606,f,2026-09-06 15:30:32.436281+00
01a07757-b953-7ec0-a6ea-6ef7e9a0f03c,01a07757-b8cc-7d73-8fc8-8d3b3bc43b72,01a07757-b928-7f51-ac03-5c50fe250f67,01a07757-b94e-7f01-9314-dbc480085543,f,2026-09-06 15:30:32.910501+00
01a07757-b953-7ec0-a6ea-6f0048a39d13,01a07757-b8cc-7d73-8fc8-8d3b3bc43b72,01a07757-b923-7891-991e-6d40ded07f17,01a07757-b94e-7f01-9314-dbc480085543,f,2026-09-06 15:30:32.910501+00
01a07757-ba3b-7503-b7a8-9ff0b7905aae,01a07757-b924-7d11-bd7e-dd45440c1b67,01a07757-b9b2-7d92-bd6e-59aa3c9e5790,01a07757-ba39-7da2-9818-43a30a098fb8,f,2026-09-06 15:30:33.146167+00
01a07757-ba3c-7833-857a-6f0db6fca69c,01a07757-b924-7d11-bd7e-dd45440c1b67,01a07757-b9f6-7a23-ba6d-230bc9854e5a,01a07757-ba39-7da2-9818-43a30a098fb8,f,2026-09-06 15:30:33.146167+00
01a07757-ba58-78a0-8b4c-e527704bd7aa,01a07757-b924-7d11-bd7e-dd45440c1b67,01a07757-b9d8-7372-b165-ad183581b35b,01a07757-ba55-7892-95f4-60cf4132063e,f,2026-09-06 15:30:33.174678+00
01a07757-ba58-78a0-8b4c-e53dd0177675,01a07757-b924-7d11-bd7e-dd45440c1b67,01a07757-b9f6-7a23-ba6d-230bc9854e5a,01a07757-ba55-7892-95f4-60cf4132063e,f,2026-09-06 15:30:33.174678+00
01a07757-dee2-76f1-b0bc-c8e932b6d109,00000000-0000-0000-0000-000000000001,01a07757-de96-7cb2-b62b-73c5d13fd5c7,01a07757-dedf-7082-a2d8-a2d1f4edc54d,f,2026-09-06 15:30:42.527909+00
01a07757-dee2-76f1-b0bc-c8fe218463d7,00000000-0000-0000-0000-000000000001,00000000-0000-0000-0000-000000000001,01a07757-dedf-7082-a2d8-a2d1f4edc54d,f,2026-09-06 15:30:42.527909+00
