id,journal_id,tx_template_id,external_id,correlation_id,effective,created_at
01a07756-fee3-7710-a2b5-5a0f151caeab,01a07756-fde8-77c2-85e0-e4094b6c94c7,01a07756-fec3-70c1-8e56-e395a0041c22,,01a07756-fee3-7710-a2b5-5a0f151caeab,2026-09-06,2026-09-06 15:29:45.191124+00
01a07757-0cfb-7e12-ac82-34b46b927c1f,01a07757-074f-7882-bc35-1710e26d5cc9,01a07757-07c8-7a02-8400-4645b89de9e7,,01a07757-0cfb-7e12-ac82-34b46b927c1f,2026-09-06,2026-09-06 15:29:48.795824+00
01a07757-0e13-7770-ae51-5c5cfba49b4a,01a07757-0a09-79f2-9f43-57f9f2a2b525,01a07757-0ca5-7c13-bf3b-ebb367352212,,01a07757-0e13-7770-ae51-5c5cfba49b4a,2026-09-06,2026-09-06 15:29:49.081534+00
01a07757-0f7f-7682-80a8-3e8f60688389,01a07757-09ef-7c23-96ec-b5ba0ca88215,01a07757-0b74-79f3-911f-e8dacfa563f6,,01a07757-0f7f-7682-80a8-3e8f60688389,2026-09-06,2026-09-06 15:29:49.440454+00
01a07757-18f6-7e71-8aab-68f8b0fabff6,01a07757-188b-7803-b9a9-ee97969e21e1,01a07757-18bc-7c53-9973-d88b99a824d4,,01a07757-18f6-7e71-8aab-68f8b0fabff6,2026-09-06,2026-09-06 15:29:51.863331+00
01a07757-350d-7be1-8d29-a9ff64feea2a,01a07757-3415-71b1-8a31-162540732dc7,01a07757-345c-7e61-be72-a075e7913771,,01a07757-350d-7be1-8d29-a9ff64feea2a,2026-09-06,2026-09-06 15:29:59.053967+00
01a07757-35db-7f92-81aa-dfdf30585845,01a07757-3417-7df3-8b4f-15889efd2142,01a07757-34c6-7571-b2da-d665dbe8b7e4,,01a07757-35db-7f92-81aa-dfdf30585845,2026-09-06,2026-09-06 15:29:59.260646+00
01a07757-3763-77d0-b523-7ba87840a38f,01a07757-36d2-74a1-b38b-f19ee7674061,01a07757-3757-7c31-b2f1-ee48e9c1d3ee,,01a07757-3763-77d0-b523-7ba87840a38f,2026-09-06,2026-09-06 15:29:59.652113+00
01a07757-378f-7603-ad5b-3676bf947f44,01a07757-36d2-74a1-b38b-f19ee7674061,01a07757-3757-7c31-b2f1-ee48e9c1d3ee,,01a07757-378f-7603-ad5b-3676bf947f44,2026-09-06,2026-09-06 15:29:59.696662+00
01a07757-3b63-7972-a026-7760f96394d3,01a07757-3b27-7851-90f4-9925c833b007,01a07757-3b58-7d02-94ec-0fd83b56f781,,01a07757-3b63-7972-a026-7760f96394d3,2025-06-15,2025-06-15 10:30:00+00
01a07757-3c5d-7671-84dc-d4959a51338b,01a07757-3ae8-7cb0-a046-09c1ef040890,01a07757-3c52-7300-a4ed-ab9a49fc88ad,,01a07757-3c5d-7671-84dc-d4959a51338b,2025-09-21,2025-09-21 08:15:00+00
01a07757-3ca2-7811-81a6-d17b7b0f887d,01a07757-3bb6-7260-8642-37791ed35604,01a07757-3c9b-71f2-b5f3-2c9e0dd849e9,,01a07757-3ca2-7811-81a6-d17b7b0f887d,2025-03-01,2025-03-01 09:00:00+00
01a07757-3cb4-79d0-86f6-60f96bca5918,01a07757-3add-7432-9975-8ba6425c01b7,01a07757-3b1e-7b82-b8a8-370240989c94,,01a07757-3cb4-79d0-86f6-60f96bca5918,2025-01-01,2025-01-01 12:00:00+00
01a07757-3cbf-7711-94bc-0ad64b148f80,01a07757-3bb6-7260-8642-37791ed35604,01a07757-3c9b-71f2-b5f3-2c9e0dd849e9,,01a07757-3cbf-7711-94bc-0ad64b148f80,2025-03-15,2025-03-15 16:30:00+00
01a07757-3cd4-7120-8c10-ba154a2df7bb,01a07757-3add-7432-9975-8ba6425c01b7,01a07757-3b1e-7b82-b8a8-370240989c94,,01a07757-3cd4-7120-8c10-ba154a2df7bb,2025-12-25,2025-12-25 14:00:00+00
01a07757-6c88-7f42-8839-f396ba4fcbdd,01a07757-6ae8-7753-a09e-e8bccbc3b14a,01a07757-6c70-7023-b7fb-344c474e43a1,,01a07757-6c88-7f42-8839-f396ba4fcbdd,2025-06-10,2026-09-06 15:30:13.258614+00
01a07757-6e28-76d2-9314-eb93e8054763,01a07757-6b08-7150-a534-2b0b7828eef8,01a07757-6e13-78c2-b652-9e9a688195ae,,01a07757-6e28-76d2-9314-eb93e8054763,2025-11-01,2026-09-06 15:30:13.67864+00
01a07757-6e50-74a0-b84c-090caea094f3,01a07757-6af1-7963-9fe2-4daee4acb105,01a07757-6e39-7242-bcc5-7915d04dea84,,01a07757-6e50-74a0-b84c-090caea094f3,2025-06-11,2026-09-06 15:30:13.717793+00
01a07757-6e54-7c00-ba8e-6bc784c64bea,01a07757-6b0e-73b3-8af0-a4bbdc35ed0e,01a07757-6e37-7262-8ea1-a84a0ec1653b,,01a07757-6e54-7c00-ba8e-6bc784c64bea,2025-08-01,2026-09-06 15:30:13.719185+00
01a07757-6e7e-7430-90e0-e6bb70a4db99,01a07757-6c0e-7733-b6e0-6d081b11755d,01a07757-6e6d-7a22-8e8a-ea678932ef0d,,01a07757-6e7e-7430-90e0-e6bb70a4db99,2025-07-01,2026-09-06 15:30:13.758673+00
01a07757-6ea1-7162-8ec4-4b38925419cd,01a07757-6cec-7a72-8dff-cbf874ec6d80,01a07757-6e1f-7a71-9a9b-3f57f656abd3,,01a07757-6ea1-7162-8ec4-4b38925419cd,2025-09-01,2026-09-06 15:30:13.795713+00
01a07757-6ee1-7810-a605-a418136eedcc,01a07757-6b08-7150-a534-2b0b7828eef8,01a07757-6e13-78c2-b652-9e9a688195ae,,01a07757-6ee1-7810-a605-a418136eedcc,2025-11-01,2026-09-06 15:30:13.858764+00
01a07757-6ee5-79d0-b63d-c6231d166210,01a07757-6cec-7a72-8dff-cbf874ec6d80,01a07757-6e1f-7a71-9a9b-3f57f656abd3,,01a07757-6ee5-79d0-b63d-c6231d166210,2025-09-01,2026-09-06 15:30:13.8633+00
01a07757-6f36-76c1-93eb-161c4905bddd,01a07757-6c0e-7733-b6e0-6d081b11755d,01a07757-6e6d-7a22-8e8a-ea678932ef0d,,01a07757-6f36-76c1-93eb-161c4905bddd,2025-07-02,2026-09-06 15:30:13.949365+00
01a07757-6f52-78b3-bc4f-e27fa5a79ee8,01a07757-6cec-7a72-8dff-cbf874ec6d80,01a07757-6e1f-7a71-9a9b-3f57f656abd3,,01a07757-6f52-78b3-bc4f-e27fa5a79ee8,2025-09-01,2026-09-06 15:30:13.972785+00
01a07757-7065-7af3-8541-8c4f0974e266,01a07757-6b0e-73b3-8af0-a4bbdc35ed0e,01a07757-6e37-7262-8ea1-a84a0ec1653b,,01a07757-7065-7af3-8541-8c4f0974e266,2025-08-02,2026-09-06 15:30:14.252094+00
01a07757-70c7-7081-ba15-49490f97e5dd,01a07757-6b0e-73b3-8af0-a4bbdc35ed0e,01a07757-6e37-7262-8ea1-a84a0ec1653b,,01a07757-70c7-7081-ba15-49490f97e5dd,2025-08-03,2026-09-06 15:30:14.347284+00
01a07757-7135-7402-9ff6-f045e3dc10cf,01a07757-6b0e-73b3-8af0-a4bbdc35ed0e,01a07757-6e37-7262-8ea1-a84a0ec1653b,,01a07757-7135-7402-9ff6-f045e3dc10cf,2025-08-04,2026-09-06 15:30:14.45518+00
01a07757-7204-7970-87f3-7d0fe0b15092,01a07757-6b0e-73b3-8af0-a4bbdc35ed0e,01a07757-6e37-7262-8ea1-a84a0ec1653b,,01a07757-7204-7970-87f3-7d0fe0b15092,2025-08-01,2026-09-06 15:30:14.661472+00
01a07757-73f5-7162-810b-04c169cb26be,01a07757-72ec-71e0-bd1e-7d939dab7faa,01a07757-73ea-7450-8bb7-efded342a6bf,,01a07757-73f5-7162-810b-04c169cb26be,2025-06-19,2026-09-06 15:30:15.158466+00
01a07757-743a-7d72-827c-59c5d3a3bdf1,01a07757-72ec-71e0-bd1e-7d939dab7faa,01a07757-73ea-7450-8bb7-efded342a6bf,,01a07757-743a-7d72-827c-59c5d3a3bdf1,2025-06-20,2026-09-06 15:30:15.228143+00
01a07757-743d-75f0-8732-1dd72e0e1cf9,01a07757-72a0-7a51-8e2f-c392653aa1c6,01a07757-73be-7fa0-a966-a476776a37da,,01a07757-743d-75f0-8732-1dd72e0e1cf9,2025-10-01,2026-09-06 15:30:15.230388+00
01a07757-74b6-7920-889f-5f160df73a18,01a07757-72a0-7a51-8e2f-c392653aa1c6,01a07757-73be-7fa0-a966-a476776a37da,,01a07757-74b6-7920-889f-5f160df73a18,2025-10-01,2026-09-06 15:30:15.352948+00
01a07757-74ea-7ce3-babe-7188508e89f0,01a07757-72a0-7a51-8e2f-c392653aa1c6,01a07757-73be-7fa0-a966-a476776a37da,,01a07757-74ea-7ce3-babe-7188508e89f0,2025-10-01,2026-09-06 15:30:15.404301+00
01a07757-7531-7873-a4df-6877cf9244d2,01a07757-72a0-7a51-8e2f-c392653aa1c6,01a07757-73be-7fa0-a966-a476776a37da,,01a07757-7531-7873-a4df-6877cf9244d2,2025-10-01,2026-09-06 15:30:15.474412+00
01a07757-7566-79a0-a120-f6622ea2b703,01a07757-72a0-7a51-8e2f-c392653aa1c6,01a07757-73be-7fa0-a966-a476776a37da,,01a07757-7566-79a0-a120-f6622ea2b703,2025-10-01,2026-09-06 15:30:15.527016+00
01a07757-75da-7ee3-9504-24bbbeb5158f,01a07757-759c-79b2-9f0a-1354e366fb56,01a07757-75ce-7971-831b-1809f9870191,,01a07757-75da-7ee3-9504-24bbbeb5158f,2025-06-20,2026-09-06 15:30:15.642911+00
01a07757-7608-7bb2-90ef-89c9a97b7279,01a07757-759c-79b2-9f0a-1354e366fb56,01a07757-75ce-7971-831b-1809f9870191,,01a07757-7608-7bb2-90ef-89c9a97b7279,2025-06-21,2026-09-06 15:30:15.689468+00
01a07757-7680-7eb3-9fb2-7155731961e9,01a07757-746c-7be0-b86d-fc88561cb42c,01a07757-7678-7821-960e-97ad49bc721c,,01a07757-7680-7eb3-9fb2-7155731961e9,2025-05-05,2026-09-06 15:30:15.809455+00
01a07757-76b3-7120-a245-ffb54a76b93f,01a07757-746c-7be0-b86d-fc88561cb42c,01a07757-7678-7821-960e-97ad49bc721c,,01a07757-76b3-7120-a245-ffb54a76b93f,2025-05-04,2026-09-06 15:30:15.859744+00
01a07757-7a3f-77f0-bb7b-c480a1a9bb50,01a07757-79b1-7fa1-a073-017d68bb6824,01a07757-79e7-7e52-bb04-d3e7056b9157,,01a07757-7a3f-77f0-bb7b-c480a1a9bb50,2020-01-15,2026-09-06 15:30:16.768087+00
01a07757-7a53-7680-b9f0-e1636db00d54,01a07757-79b1-7fa1-a073-017d68bb6824,01a07757-79e7-7e52-bb04-d3e7056b9157,,01a07757-7a53-7680-b9f0-e1636db00d54,2020-06-20,2026-09-06 15:30:16.788244+00
01a07757-9382-7691-9dee-a560cbba6059,01a07757-90ea-7170-97d6-dd28ca359de0,01a07757-9360-7221-8c6b-f940f2a4be8d,,01a07757-9382-7691-9dee-a560cbba6059,2026-09-06,2026-09-06 15:30:23.237357+00
01a07757-9422-7691-9b83-3ac4b9fafaa1,01a07757-90ea-7170-97d6-dd28ca359de0,01a07757-9360-7221-8c6b-f940f2a4be8d,,01a07757-9422-7691-9b83-3ac4b9fafaa1,2026-09-06,2026-09-06 15:30:23.396121+00
01a07757-9538-7530-a770-041931ac383b,01a07757-94a6-7810-ab43-bb6bfd1baf20,01a07757-9518-7c42-8e5b-15d1b5187ce9,,01a07757-9538-7530-a770-041931ac383b,2026-09-06,2026-09-06 15:30:23.675704+00
01a07757-9538-7530-a770-042f209cdc4d,01a07757-94a6-7810-ab43-bb6bfd1baf20,01a07757-9518-7c42-8e5b-15d1b5187ce9,,01a07757-9538-7530-a770-042f209cdc4d,2026-09-06,2026-09-06 15:30:23.675704+00
01a07757-9538-7530-a770-04386d2e78a5,01a07757-94a6-7810-ab43-bb6bfd1baf20,01a07757-9518-7c42-8e5b-15d1b5187ce9,,01a07757-9538-7530-a770-04386d2e78a5,2026-09-06,2026-09-06 15:30:23.675704+00
01a07757-9538-7530-a770-0440c5e8737c,01a07757-94a6-7810-ab43-bb6bfd1baf20,01a07757-9518-7c42-8e5b-15d1b5187ce9,,01a07757-9538-7530-a770-0440c5e8737c,2026-09-06,2026-09-06 15:30:23.675704+00
01a07757-9538-7530-a770-045e375f1cbd,01a07757-94a6-7810-ab43-bb6bfd1baf20,01a07757-9518-7c42-8e5b-15d1b5187ce9,,01a07757-9538-7530-a770-045e375f1cbd,2026-09-06,2026-09-06 15:30:23.675704+00
01a07757-994b-7191-b9e9-103fc3b56f5c,01a07757-9102-7c80-b07f-9cfe7b06dc0a,01a07757-92fa-7b51-a30b-b40834914ea9,,01a07757-994b-7191-b9e9-103fc3b56f5c,2026-09-06,2026-09-06 15:30:24.719276+00
01a07757-994c-7b23-b4fb-e2785ac033e0,01a07757-92e2-72f2-93f2-9c1020301029,01a07757-92fa-7b51-a30b-b40834914ea9,,01a07757-994c-7b23-b4fb-e2785ac033e0,2026-09-06,2026-09-06 15:30:24.719276+00
01a07757-9a5b-7253-a167-e1534d06b3ae,01a07757-984c-75b0-ae88-ac75c0c27c9f,01a07757-99b3-7472-b093-361ae1267c05,,01a07757-9a5b-7253-a167-e1534d06b3ae,2026-09-06,2026-09-06 15:30:24.992634+00
01a07757-9a5b-7253-a167-e166a13c1108,01a07757-998c-76c2-a8a9-4397148323cd,01a07757-99c9-73e2-aa69-04cb1d61b260,,01a07757-9a5b-7253-a167-e166a13c1108,2026-09-06,2026-09-06 15:30:24.992634+00
01a07757-9a5b-7253-a167-e175316088c7,01a07757-984c-75b0-ae88-ac75c0c27c9f,01a07757-99b3-7472-b093-361ae1267c05,,01a07757-9a5b-7253-a167-e175316088c7,2026-09-06,2026-09-06 15:30:24.992634+00
01a07757-9b3a-7760-8acc-4c7bc0299f04,01a07757-9506-7103-9ec6-09cbefd8da74,01a07757-951d-71c1-a636-b59d75ef6ae5,,01a07757-9b3a-7760-8acc-4c7bc0299f04,2026-09-06,2026-09-06 15:30:25.215767+00
01a07757-9b3a-7760-8acc-4c89cf03172f,01a07757-9506-7103-9ec6-09cbefd8da74,01a07757-951d-71c1-a636-b59d75ef6ae5,,01a07757-9b3a-7760-8acc-4c89cf03172f,2026-09-06,2026-09-06 15:30:25.215767+00
01a07757-9b3a-7760-8acc-4c93419a81b7,01a07757-9506-7103-9ec6-09cbefd8da74,01a07757-951d-71c1-a636-b59d75ef6ae5,,01a07757-9b3a-7760-8acc-4c93419a81b7,2026-09-06,2026-09-06 15:30:25.215767+00
01a07757-9b3a-7760-8acc-4ca602e329f2,01a07757-9506-7103-9ec6-09cbefd8da74,01a07757-951d-71c1-a636-b59d75ef6ae5,,01a07757-9b3a-7760-8acc-4ca602e329f2,2026-09-06,2026-09-06 15:30:25.215767+00
01a07757-9bc1-71d3-83df-7e2b4fb75ce6,01a07757-9506-7103-9ec6-09cbefd8da74,01a07757-951d-71c1-a636-b59d75ef6ae5,,01a07757-9bc1-71d3-83df-7e2b4fb75ce6,2026-09-06,2026-09-06 15:30:25.349284+00
01a07757-9c16-7053-ac2a-14ebeaef77dc,01a07757-9506-7103-9ec6-09cbefd8da74,01a07757-951d-71c1-a636-b59d75ef6ae5,,01a07757-9c16-7053-ac2a-14ebeaef77dc,2026-09-06,2026-09-06 15:30:25.43329+00
01a07757-9c84-76f2-ade1-272512a46d92,01a07757-9506-7103-9ec6-09cbefd8da74,01a07757-951d-71c1-a636-b59d75ef6ae5,,01a07757-9c84-76f2-ade1-272512a46d92,2026-09-06,2026-09-06 15:30:25.542209+00
01a07757-9cbd-71d2-a95b-014bc87da0b1,01a07757-9506-7103-9ec6-09cbefd8da74,01a07757-951d-71c1-a636-b59d75ef6ae5,,01a07757-9cbd-71d2-a95b-014bc87da0b1,2026-09-06,2026-09-06 15:30:25.602606+00
01a07757-9e01-79d3-8314-b24a14b1b281,01a07757-99b6-7ff0-bf13-83dd6ad07a1e,01a07757-99f3-7412-bb47-27981c4a4c0c,,01a07757-9e01-79d3-8314-b24a14b1b281,2026-09-06,2026-09-06 15:30:25.935057+00
01a07757-9e01-79d3-8314-b25043a461fe,01a07757-99b6-7ff0-bf13-83dd6ad07a1e,01a07757-99f3-7412-bb47-27981c4a4c0c,,01a07757-9e01-79d3-8314-b25043a461fe,2026-09-06,2026-09-06 15:30:25.935057+00
01a07757-9e01-79d3-8314-b264d842c3ac,01a07757-99b6-7ff0-bf13-83dd6ad07a1e,01a07757-99f3-7412-bb47-27981c4a4c0c,,01a07757-9e01-79d3-8314-b264d842c3ac,2026-09-06,2026-09-06 15:30:25.935057+00
01a07757-9e02-7ee2-bfb8-d780e0b88589,01a07757-99b6-7ff0-bf13-83dd6ad07a1e,01a07757-99f3-7412-bb47-27981c4a4c0c,,01a07757-9e02-7ee2-bfb8-d780e0b88589,2026-09-06,2026-09-06 15:30:25.930416+00
01a07757-9e02-7ee2-bfb8-d79205a7ed01,01a07757-99b6-7ff0-bf13-83dd6ad07a1e,01a07757-99f3-7412-bb47-27981c4a4c0c,,01a07757-9e02-7ee2-bfb8-d79205a7ed01,2026-09-06,2026-09-06 15:30:25.930416+00
01a07757-9e02-7ee2-bfb8-d7af306aa513,01a07757-99b6-7ff0-bf13-83dd6ad07a1e,01a07757-99f3-7412-bb47-27981c4a4c0c,,01a07757-9e02-7ee2-bfb8-d7af306aa513,2026-09-06,2026-09-06 15:30:25.930416+00
01a07757-9e02-7ee2-bfb8-d7c4e8b7ba7b,01a07757-99b6-7ff0-bf13-83dd6ad07a1e,01a07757-99f3-7412-bb47-27981c4a4c0c,,01a07757-9e02-7ee2-bfb8-d7c4e8b7ba7b,2026-09-06,2026-09-06 15:30:25.930137+00
01a07757-9e02-7ee2-bfb8-d7db0e3ebb43,01a07757-99b6-7ff0-bf13-83dd6ad07a1e,01a07757-99f3-7412-bb47-27981c4a4c0c,,01a07757-9e02-7ee2-bfb8-d7db0e3ebb43,2026-09-06,2026-09-06 15:30:25.930137+00
01a07757-9e02-7ee2-bfb8-d7e7240712da,01a07757-99b6-7ff0-bf13-83dd6ad07a1e,01a07757-99f3-7412-bb47-27981c4a4c0c,,01a07757-9e02-7ee2-bfb8-d7e7240712da,2026-09-06,2026-09-06 15:30:25.930137+00
01a07757-9e02-7ee2-bfb8-d7fce9fb5c3f,01a07757-99b6-7ff0-bf13-83dd6ad07a1e,01a07757-99f3-7412-bb47-27981c4a4c0c,,01a07757-9e02-7ee2-bfb8-d7fce9fb5c3f,2026-09-06,2026-09-06 15:30:25.924398+00
01a07757-9e02-7ee2-bfb8-d8095f168ea0,01a07757-99b6-7ff0-bf13-83dd6ad07a1e,01a07757-99f3-7412-bb47-27981c4a4c0c,,01a07757-9e02-7ee2-bfb8-d8095f168ea0,2026-09-06,2026-09-06 15:30:25.924398+00
01a07757-9e02-7ee2-bfb8-d81cb55c1f59,01a07757-99b6-7ff0-bf13-83dd6ad07a1e,01a07757-99f3-7412-bb47-27981c4a4c0c,,01a07757-9e02-7ee2-bfb8-d81cb55c1f59,2026-09-06,2026-09-06 15:30:25.924398+00
01a07757-9e06-7360-a17f-8e6978012c7b,01a07757-99b6-7ff0-bf13-83dd6ad07a1e,01a07757-99f3-7412-bb47-27981c4a4c0c,,01a07757-9e06-7360-a17f-8e6978012c7b,2026-09-06,2026-09-06 15:30:25.931777+00
01a07757-9e06-7360-a17f-8e72ea2d7fcf,01a07757-99b6-7ff0-bf13-83dd6ad07a1e,01a07757-99f3-7412-bb47-27981c4a4c0c,,01a07757-9e06-7360-a17f-8e72ea2d7fcf,2026-09-06,2026-09-06 15:30:25.931777+00
01a07757-9e06-7360-a17f-8e8a0e91d8c2,01a07757-99b6-7ff0-bf13-83dd6ad07a1e,01a07757-99f3-7412-bb47-27981c4a4c0c,,01a07757-9e06-7360-a17f-8e8a0e91d8c2,2026-09-06,2026-09-06 15:30:25.931777+00
01a07757-9e08-7133-b79a-9f0cc28af8f8,01a07757-99b6-7ff0-bf13-83dd6ad07a1e,01a07757-99f3-7412-bb47-27981c4a4c0c,,01a07757-9e08-7133-b79a-9f0cc28af8f8,2026-09-06,2026-09-06 15:30:25.933682+00
01a07757-9e08-7133-b79a-9f135b83089f,01a07757-99b6-7ff0-bf13-83dd6ad07a1e,01a07757-99f3-7412-bb47-27981c4a4c0c,,01a07757-9e08-7133-b79a-9f135b83089f,2026-09-06,2026-09-06 15:30:25.933682+00
01a07757-9e08-7133-b79a-9f236fc50b98,01a07757-99b6-7ff0-bf13-83dd6ad07a1e,01a07757-99f3-7412-bb47-27981c4a4c0c,,01a07757-9e08-7133-b79a-9f236fc50b98,2026-09-06,2026-09-06 15:30:25.933682+00
01a07757-9e1a-7242-a0e7-6412dae4d0ca,01a07757-90f6-7ca2-9931-c03ede6acaf9,01a07757-920b-70c0-aaa2-cdc1b16ae111,,01a07757-9e1a-7242-a0e7-6412dae4d0ca,2026-09-06,2026-09-06 15:30:25.94797+00
01a07757-9e1a-7242-a0e7-642373a97570,01a07757-90f6-7ca2-9931-c03ede6acaf9,01a07757-920b-70c0-aaa2-cdc1b16ae111,,01a07757-9e1a-7242-a0e7-642373a97570,2026-09-06,2026-09-06 15:30:25.94797+00
01a07757-9e1a-7242-a0e7-643425e987ce,01a07757-90f6-7ca2-9931-c03ede6acaf9,01a07757-920b-70c0-aaa2-cdc1b16ae111,,01a07757-9e1a-7242-a0e7-643425e987ce,2026-09-06,2026-09-06 15:30:25.94797+00
01a07757-9e1a-7242-a0e7-644f6d996f09,01a07757-90f6-7ca2-9931-c03ede6acaf9,01a07757-920b-70c0-aaa2-cdc1b16ae111,,01a07757-9e1a-7242-a0e7-644f6d996f09,2026-09-06,2026-09-06 15:30:25.94797+00
01a07757-9e1a-7242-a0e7-645a32f79858,01a07757-90f6-7ca2-9931-c03ede6acaf9,01a07757-920b-70c0-aaa2-cdc1b16ae111,,01a07757-9e1a-7242-a0e7-645a32f79858,2026-09-06,2026-09-06 15:30:25.94797+00
01a07757-9e1a-7242-a0e7-646aa48348bb,01a07757-90f6-7ca2-9931-c03ede6acaf9,01a07757-920b-70c0-aaa2-cdc1b16ae111,,01a07757-9e1a-7242-a0e7-646aa48348bb,2026-09-06,2026-09-06 15:30:25.94797+00
01a07757-9e1a-7242-a0e7-647a4adb2905,01a07757-90f6-7ca2-9931-c03ede6acaf9,01a07757-920b-70c0-aaa2-cdc1b16ae111,,01a07757-9e1a-7242-a0e7-647a4adb2905,2026-09-06,2026-09-06 15:30:25.94797+00
01a07757-9e1a-7242-a0e7-648195855c10,01a07757-90f6-7ca2-9931-c03ede6acaf9,01a07757-920b-70c0-aaa2-cdc1b16ae111,,01a07757-9e1a-7242-a0e7-648195855c10,2026-09-06,2026-09-06 15:30:25.94797+00
01a07757-9e1a-7242-a0e7-6495e8110c1c,01a07757-90f6-7ca2-9931-c03ede6acaf9,01a07757-920b-70c0-aaa2-cdc1b16ae111,,01a07757-9e1a-7242-a0e7-6495e8110c1c,2026-09-06,2026-09-06 15:30:25.94797+00
01a07757-9e1a-7242-a0e7-64ab86096c3d,01a07757-90f6-7ca2-9931-c03ede6acaf9,01a07757-920b-70c0-aaa2-cdc1b16ae111,,01a07757-9e1a-7242-a0e7-64ab86096c3d,2026-09-06,2026-09-06 15:30:25.94797+00
01a07757-9e1a-7242-a0e7-64b0c5f9920c,01a07757-90f6-7ca2-9931-c03ede6acaf9,01a07757-920b-70c0-aaa2-cdc1b16ae111,,01a07757-9e1a-7242-a0e7-64b0c5f9920c,2026-09-06,2026-09-06 15:30:25.94797+00
01a07757-9e1a-7242-a0e7-64cc5644894a,01a07757-90f6-7ca2-9931-c03ede6acaf9,01a07757-920b-70c0-aaa2-cdc1b16ae111,,01a07757-9e1a-7242-a0e7-64cc5644894a,2026-09-06,2026-09-06 15:30:25.94797+00
01a07757-9e1a-7242-a0e7-64d9a08ee26c,01a07757-90f6-7ca2-9931-c03ede6acaf9,01a07757-920b-70c0-aaa2-cdc1b16ae111,,01a07757-9e1a-7242-a0e7-64d9a08ee26c,2026-09-06,2026-09-06 15:30:25.94797+00
01a07757-9e1a-7242-a0e7-64e8f3a8f043,01a07757-90f6-7ca2-9931-c03ede6acaf9,01a07757-920b-70c0-aaa2-cdc1b16ae111,,01a07757-9e1a-7242-a0e7-64e8f3a8f043,2026-09-06,2026-09-06 15:30:25.94797+00
01a07757-9e1a-7242-a0e7-64f3738334a2,01a07757-90f6-7ca2-9931-c03ede6acaf9,01a07757-920b-70c0-aaa2-cdc1b16ae111,,01a07757-9e1a-7242-a0e7-64f3738334a2,2026-09-06,2026-09-06 15:30:25.94797+00
01a07757-9e1a-7242-a0e7-6504efbc849f,01a07757-90f6-7ca2-9931-c03ede6acaf9,01a07757-920b-70c0-aaa2-cdc1b16ae111,,01a07757-9e1a-7242-a0e7-6504efbc849f,2026-09-06,2026-09-06 15:30:25.94797+00
01a07757-9e1a-7242-a0e7-65128cb5872d,01a07757-90f6-7ca2-9931-c03ede6acaf9,01a07757-920b-70c0-aaa2-cdc1b16ae111,,01a07757-9e1a-7242-a0e7-65128cb5872d,2026-09-06,2026-09-06 15:30:25.94797+00
01a07757-9e1a-7242-a0e7-652ea652ee7f,01a07757-90f6-7ca2-9931-c03ede6acaf9,01a07757-920b-70c0-aaa2-cdc1b16ae111,,01a07757-9e1a-7242-a0e7-652ea652ee7f,2026-09-06,2026-09-06 15:30:25.94797+00
01a07757-9e1a-7242-a0e7-653c204244e6,01a07757-90f6-7ca2-9931-c03ede6acaf9,01a07757-920b-70c0-aaa2-cdc1b16ae111,,01a07757-9e1a-7242-a0e7-653c204244e6,2026-09-06,2026-09-06 15:30:25.94797+00
01a07757-9e1a-7242-a0e7-654a53b6385a,01a07757-90f6-7ca2-9931-c03ede6acaf9,01a07757-920b-70c0-aaa2-cdc1b16ae111,,01a07757-9e1a-7242-a0e7-654a53b6385a,2026-09-06,2026-09-06 15:30:25.94797+00
01a07757-9e1a-7242-a0e7-655763d2586d,01a07757-90f6-7ca2-9931-c03ede6acaf9,01a07757-920b-70c0-aaa2-cdc1b16ae111,,01a07757-9e1a-7242-a0e7-655763d2586d,2026-09-06,2026-09-06 15:30:25.94797+00
01a07757-9e1a-7242-a0e7-656ba6238ac2,01a07757-90f6-7ca2-9931-c03ede6acaf9,01a07757-920b-70c0-aaa2-cdc1b16ae111,,01a07757-9e1a-7242-a0e7-656ba6238ac2,2026-09-06,2026-09-06 15:30:25.94797+00
01a07757-9e1a-7242-a0e7-6578b9dd7131,01a07757-90f6-7ca2-9931-c03ede6acaf9,01a07757-920b-70c0-aaa2-cdc1b16ae111,,01a07757-9e1a-7242-a0e7-6578b9dd7131,2026-09-06,2026-09-06 15:30:25.94797+00
01a07757-9e1a-7242-a0e7-658547cc32f6,01a07757-90f6-7ca2-9931-c03ede6acaf9,01a07757-920b-70c0-aaa2-cdc1b16ae111,,01a07757-9e1a-7242-a0e7-658547cc32f6,2026-09-06,2026-09-06 15:30:25.94797+00
01a07757-9e1a-7242-a0e7-6599babcaaa7,01a07757-90f6-7ca2-9931-c03ede6acaf9,01a07757-920b-70c0-aaa2-cdc1b16ae111,,01a07757-9e1a-7242-a0e7-6599babcaaa7,2026-09-06,2026-09-06 15:30:25.94797+00
01a07757-9e1a-7242-a0e7-65aaca1ae6f5,01a07757-90f6-7ca2-9931-c03ede6acaf9,01a07757-920b-70c0-aaa2-cdc1b16ae111,,01a07757-9e1a-7242-a0e7-65aaca1ae6f5,2026-09-06,2026-09-06 15:30:25.94797+00
01a07757-9e1a-7242-a0e7-65b16830db04,01a07757-90f6-7ca2-9931-c03ede6acaf9,01a07757-920b-70c0-aaa2-cdc1b16ae111,,01a07757-9e1a-7242-a0e7-65b16830db04,2026-09-06,2026-09-06 15:30:25.94797+00
01a07757-9e1a-7242-a0e7-65c62f4a7d6b,01a07757-90f6-7ca2-9931-c03ede6acaf9,01a07757-920b-70c0-aaa2-cdc1b16ae111,,01a07757-9e1a-7242-a0e7-65c62f4a7d6b,2026-09-06,2026-09-06 15:30:25.94797+00
01a07757-9e1a-7242-a0e7-65dab2f99288,01a07757-90f6-7ca2-9931-c03ede6acaf9,01a07757-920b-70c0-aaa2-cdc1b16ae111,,01a07757-9e1a-7242-a0e7-65dab2f99288,2026-09-06,2026-09-06 15:30:25.94797+00
01a07757-9e1a-7242-a0e7-65e6f4af82e7,01a07757-90f6-7ca2-9931-c03ede6acaf9,01a07757-920b-70c0-aaa2-cdc1b16ae111,,01a07757-9e1a-7242-a0e7-65e6f4af82e7,2026-09-06,2026-09-06 15:30:25.94797+00
01a07757-9e1a-7242-a0e7-65ff3a9dbc6c,01a07757-90f6-7ca2-9931-c03ede6acaf9,01a07757-920b-70c0-aaa2-cdc1b16ae111,,01a07757-9e1a-7242-a0e7-65ff3a9dbc6c,2026-09-06,2026-09-06 15:30:25.94797+00
01a07757-9e1a-7242-a0e7-6603178ca4ef,01a07757-90f6-7ca2-9931-c03ede6acaf9,01a07757-920b-70c0-aaa2-cdc1b16ae111,,01a07757-9e1a-7242-a0e7-6603178ca4ef,2026-09-06,2026-09-06 15:30:25.94797+00
01a07757-9e1a-7242-a0e7-661e9d6b9876,01a07757-90f6-7ca2-9931-c03ede6acaf9,01a07757-920b-70c0-aaa2-cdc1b16ae111,,01a07757-9e1a-7242-a0e7-661e9d6b9876,2026-09-06,2026-09-06 15:30:25.94797+00
01a07757-9e1a-7242-a0e7-6622a44e949a,01a07757-90f6-7ca2-9931-c03ede6acaf9,01a07757-920b-70c0-aaa2-cdc1b16ae111,,01a07757-9e1a-7242-a0e7-6622a44e949a,2026-09-06,2026-09-06 15:30:25.94797+00
01a07757-9e1a-7242-a0e7-663b12eee5d9,01a07757-90f6-7ca2-9931-c03ede6acaf9,01a07757-920b-70c0-aaa2-cdc1b16ae111,,01a07757-9e1a-7242-a0e7-663b12eee5d9,2026-09-06,2026-09-06 15:30:25.94797+00
01a07757-9e1a-7242-a0e7-664dd6ce1c2e,01a07757-90f6-7ca2-9931-c03ede6acaf9,01a07757-920b-70c0-aaa2-cdc1b16ae111,,01a07757-9e1a-7242-a0e7-664dd6ce1c2e,2026-09-06,2026-09-06 15:30:25.94797+00
01a07757-9e1a-7242-a0e7-665ebe2b6cdf,01a07757-90f6-7ca2-9931-c03ede6acaf9,01a07757-920b-70c0-aaa2-cdc1b16ae111,,01a07757-9e1a-7242-a0e7-665ebe2b6cdf,2026-09-06,2026-09-06 15:30:25.94797+00
01a07757-9e1a-7242-a0e7-666f9d55c001,01a07757-90f6-7ca2-9931-c03ede6acaf9,01a07757-920b-70c0-aaa2-cdc1b16ae111,,01a07757-9e1a-7242-a0e7-666f9d55c001,2026-09-06,2026-09-06 15:30:25.94797+00
01a07757-9e1a-7242-a0e7-66770aa3019c,01a07757-90f6-7ca2-9931-c03ede6acaf9,01a07757-920b-70c0-aaa2-cdc1b16ae111,,01a07757-9e1a-7242-a0e7-66770aa3019c,2026-09-06,2026-09-06 15:30:25.94797+00
01a07757-9e1a-7242-a0e7-6684c4aeca0c,01a07757-90f6-7ca2-9931-c03ede6acaf9,01a07757-920b-70c0-aaa2-cdc1b16ae111,,01a07757-9e1a-7242-a0e7-6684c4aeca0c,2026-09-06,2026-09-06 15:30:25.94797+00
01a07757-9e1a-7242-a0e7-6694513a068c,01a07757-90f6-7ca2-9931-c03ede6acaf9,01a07757-920b-70c0-aaa2-cdc1b16ae111,,01a07757-9e1a-7242-a0e7-6694513a068c,2026-09-06,2026-09-06 15:30:25.94797+00
01a07757-9e1a-7242-a0e7-66a749b60a45,01a07757-90f6-7ca2-9931-c03ede6acaf9,01a07757-920b-70c0-aaa2-cdc1b16ae111,,01a07757-9e1a-7242-a0e7-66a749b60a45,2026-09-06,2026-09-06 15:30:25.94797+00
01a07757-9e1a-7242-a0e7-66bac0cf1bdf,01a07757-90f6-7ca2-9931-c03ede6acaf9,01a07757-920b-70c0-aaa2-cdc1b16ae111,,01a07757-9e1a-7242-a0e7-66bac0cf1bdf,2026-09-06,2026-09-06 15:30:25.94797+00
01a07757-9e1a-7242-a0e7-66c67153cd34,01a07757-90f6-7ca2-9931-c03ede6acaf9,01a07757-920b-70c0-aaa2-cdc1b16ae111,,01a07757-9e1a-7242-a0e7-66c67153cd34,2026-09-06,2026-09-06 15:30:25.94797+00
01a07757-9e1a-7242-a0e7-66d0d8cada0f,01a07757-90f6-7ca2-9931-c03ede6acaf9,01a07757-920b-70c0-aaa2-cdc1b16ae111,,01a07757-9e1a-7242-a0e7-66d0d8cada0f,2026-09-06,2026-09-06 15:30:25.94797+00
01a07757-9e1a-7242-a0e7-66e593b5255b,01a07757-90f6-7ca2-9931-c03ede6acaf9,01a07757-920b-70c0-aaa2-cdc1b16ae111,,01a07757-9e1a-7242-a0e7-66e593b5255b,2026-09-06,2026-09-06 15:30:25.94797+00
01a07757-9e1a-7242-a0e7-66fa437f37db,01a07757-90f6-7ca2-9931-c03ede6acaf9,01a07757-920b-70c0-aaa2-cdc1b16ae111,,01a07757-9e1a-7242-a0e7-66fa437f37db,2026-09-06,2026-09-06 15:30:25.94797+00
01a07757-9e1a-7242-a0e7-67005172ec0c,01a07757-90f6-7ca2-9931-c03ede6acaf9,01a07757-920b-70c0-aaa2-cdc1b16ae111,,01a07757-9e1a-7242-a0e7-67005172ec0c,2026-09-06,2026-09-06 15:30:25.94797+00
01a07757-9e1a-7242-a0e7-671c449eba5b,01a07757-90f6-7ca2-9931-c03ede6acaf9,01a07757-920b-70c0-aaa2-cdc1b16ae111,,01a07757-9e1a-7242-a0e7-671c449eba5b,2026-09-06,2026-09-06 15:30:25.94797+00
01a07757-9e1a-7242-a0e7-67250f953331,01a07757-90f6-7ca2-9931-c03ede6acaf9,01a07757-920b-70c0-aaa2-cdc1b16ae111,,01a07757-9e1a-7242-a0e7-67250f953331,2026-09-06,2026-09-06 15:30:25.94797+00
01a07757-9e1a-7242-a0e7-673ba617770c,01a07757-90f6-7ca2-9931-c03ede6acaf9,01a07757-920b-70c0-aaa2-cdc1b16ae111,,01a07757-9e1a-7242-a0e7-673ba617770c,2026-09-06,2026-09-06 15:30:25.94797+00
01a07757-9e1a-7242-a0e7-67447c87db18,01a07757-90f6-7ca2-9931-c03ede6acaf9,01a07757-920b-70c0-aaa2-cdc1b16ae111,,01a07757-9e1a-7242-a0e7-67447c87db18,2026-09-06,2026-09-06 15:30:25.94797+00
01a07757-9e1a-7242-a0e7-675216cf0e58,01a07757-90f6-7ca2-9931-c03ede6acaf9,01a07757-920b-70c0-aaa2-cdc1b16ae111,,01a07757-9e1a-7242-a0e7-675216cf0e58,2026-09-06,2026-09-06 15:30:25.94797+00
01a07757-9e1a-7242-a0e7-676494aec283,01a07757-90f6-7ca2-9931-c03ede6acaf9,01a07757-920b-70c0-aaa2-cdc1b16ae111,,01a07757-9e1a-7242-a0e7-676494aec283,2026-09-06,2026-09-06 15:30:25.94797+00
01a07757-9e1a-7242-a0e7-6775ab994a37,01a07757-90f6-7ca2-9931-c03ede6acaf9,01a07757-920b-70c0-aaa2-cdc1b16ae111,,01a07757-9e1a-7242-a0e7-6775ab994a37,2026-09-06,2026-09-06 15:30:25.94797+00
01a07757-9e1a-7242-a0e7-67859bc6dfa0,01a07757-90f6-7ca2-9931-c03ede6acaf9,01a07757-920b-70c0-aaa2-cdc1b16ae111,,01a07757-9e1a-7242-a0e7-67859bc6dfa0,2026-09-06,2026-09-06 15:30:25.94797+00
01a07757-9e1a-7242-a0e7-679a85dcd3c0,01a07757-90f6-7ca2-9931-c03ede6acaf9,01a07757-920b-70c0-aaa2-cdc1b16ae111,,01a07757-9e1a-7242-a0e7-679a85dcd3c0,2026-09-06,2026-09-06 15:30:25.94797+00
01a07757-9e1b-7fe3-9b11-9da8e4a07cd1,01a07757-90f6-7ca2-9931-c03ede6acaf9,01a07757-920b-70c0-aaa2-cdc1b16ae111,,01a07757-9e1b-7fe3-9b11-9da8e4a07cd1,2026-09-06,2026-09-06 15:30:25.94797+00
01a07757-9e1b-7fe3-9b11-9dbc52a4a041,01a07757-90f6-7ca2-9931-c03ede6acaf9,01a07757-920b-70c0-aaa2-cdc1b16ae111,,01a07757-9e1b-7fe3-9b11-9dbc52a4a041,2026-09-06,2026-09-06 15:30:25.94797+00
01a07757-9e1b-7fe3-9b11-9dc2fa1dac6f,01a07757-90f6-7ca2-9931-c03ede6acaf9,01a07757-920b-70c0-aaa2-cdc1b16ae111,,01a07757-9e1b-7fe3-9b11-9dc2fa1dac6f,2026-09-06,2026-09-06 15:30:25.94797+00
01a07757-9e1b-7fe3-9b11-9dda88fa2c57,01a07757-90f6-7ca2-9931-c03ede6acaf9,01a07757-920b-70c0-aaa2-cdc1b16ae111,,01a07757-9e1b-7fe3-9b11-9dda88fa2c57,2026-09-06,2026-09-06 15:30:25.94797+00
01a07757-9e1b-7fe3-9b11-9dedbf2429aa,01a07757-90f6-7ca2-9931-c03ede6acaf9,01a07757-920b-70c0-aaa2-cdc1b16ae111,,01a07757-9e1b-7fe3-9b11-9dedbf2429aa,2026-09-06,2026-09-06 15:30:25.94797+00
01a07757-9e1b-7fe3-9b11-9dfe9aec7c0c,01a07757-90f6-7ca2-9931-c03ede6acaf9,01a07757-920b-70c0-aaa2-cdc1b16ae111,,01a07757-9e1b-7fe3-9b11-9dfe9aec7c0c,2026-09-06,2026-09-06 15:30:25.94797+00
01a07757-9e1b-7fe3-9b11-9e03bc51d316,01a07757-90f6-7ca2-9931-c03ede6acaf9,01a07757-920b-70c0-aaa2-cdc1b16ae111,,01a07757-9e1b-7fe3-9b11-9e03bc51d316,2026-09-06,2026-09-06 15:30:25.94797+00
01a07757-9e1b-7fe3-9b11-9e1a801accba,01a07757-90f6-7ca2-9931-c03ede6acaf9,01a07757-920b-70c0-aaa2-cdc1b16ae111,,01a07757-9e1b-7fe3-9b11-9e1a801accba,2026-09-06,2026-09-06 15:30:25.94797+00
01a07757-9e1b-7fe3-9b11-9e210d040f87,01a07757-90f6-7ca2-9931-c03ede6acaf9,01a07757-920b-70c0-aaa2-cdc1b16ae111,,01a07757-9e1b-7fe3-9b11-9e210d040f87,2026-09-06,2026-09-06 15:30:25.94797+00
01a07757-9e1b-7fe3-9b11-9e39bea72aa4,01a07757-90f6-7ca2-9931-c03ede6acaf9,01a07757-920b-70c0-aaa2-cdc1b16ae111,,01a07757-9e1b-7fe3-9b11-9e39bea72aa4,2026-09-06,2026-09-06 15:30:25.94797+00
01a07757-9e1b-7fe3-9b11-9e4f3b702234,01a07757-90f6-7ca2-9931-c03ede6acaf9,01a07757-920b-70c0-aaa2-cdc1b16ae111,,01a07757-9e1b-7fe3-9b11-9e4f3b702234,2026-09-06,2026-09-06 15:30:25.94797+00
01a07757-9e1b-7fe3-9b11-9e5c9d1fb432,01a07757-90f6-7ca2-9931-c03ede6acaf9,01a07757-920b-70c0-aaa2-cdc1b16ae111,,01a07757-9e1b-7fe3-9b11-9e5c9d1fb432,2026-09-06,2026-09-06 15:30:25.94797+00
01a07757-9e1b-7fe3-9b11-9e6ca62cee12,01a07757-90f6-7ca2-9931-c03ede6acaf9,01a07757-920b-70c0-aaa2-cdc1b16ae111,,01a07757-9e1b-7fe3-9b11-9e6ca62cee12,2026-09-06,2026-09-06 15:30:25.94797+00
01a07757-9e1b-7fe3-9b11-9e74f02db42b,01a07757-90f6-7ca2-9931-c03ede6acaf9,01a07757-920b-70c0-aaa2-cdc1b16ae111,,01a07757-9e1b-7fe3-9b11-9e74f02db42b,2026-09-06,2026-09-06 15:30:25.94797+00
01a07757-9e1b-7fe3-9b11-9e8ba01edf58,01a07757-90f6-7ca2-9931-c03ede6acaf9,01a07757-920b-70c0-aaa2-cdc1b16ae111,,01a07757-9e1b-7fe3-9b11-9e8ba01edf58,2026-09-06,2026-09-06 15:30:25.94797+00
01a07757-9e1b-7fe3-9b11-9e9d90d59d06,01a07757-90f6-7ca2-9931-c03ede6acaf9,01a07757-920b-70c0-aaa2-cdc1b16ae111,,01a07757-9e1b-7fe3-9b11-9e9d90d59d06,2026-09-06,2026-09-06 15:30:25.94797+00
01a07757-9e1b-7fe3-9b11-9eae2f91080d,01a07757-90f6-7ca2-9931-c03ede6acaf9,01a07757-920b-70c0-aaa2-cdc1b16ae111,,01a07757-9e1b-7fe3-9b11-9eae2f91080d,2026-09-06,2026-09-06 15:30:25.94797+00
01a07757-9e1b-7fe3-9b11-9ebd2b3f9f6b,01a07757-90f6-7ca2-9931-c03ede6acaf9,01a07757-920b-70c0-aaa2-cdc1b16ae111,,01a07757-9e1b-7fe3-9b11-9ebd2b3f9f6b,2026-09-06,2026-09-06 15:30:25.94797+00
01a07757-9e1b-7fe3-9b11-9ecdc92016a4,01a07757-90f6-7ca2-9931-c03ede6acaf9,01a07757-920b-70c0-aaa2-cdc1b16ae111,,01a07757-9e1b-7fe3-9b11-9ecdc92016a4,2026-09-06,2026-09-06 15:30:25.94797+00
01a07757-9e1b-7fe3-9b11-9ed69c3585ce,01a07757-90f6-7ca2-9931-c03ede6acaf9,01a07757-920b-70c0-aaa2-cdc1b16ae111,,01a07757-9e1b-7fe3-9b11-9ed69c3585ce,2026-09-06,2026-09-06 15:30:25.94797+00
01a07757-9e1b-7fe3-9b11-9eeb879665fc,01a07757-90f6-7ca2-9931-c03ede6acaf9,01a07757-920b-70c0-aaa2-cdc1b16ae111,,01a07757-9e1b-7fe3-9b11-9eeb879665fc,2026-09-06,2026-09-06 15:30:25.94797+00
01a07757-9e1b-7fe3-9b11-9efe4eabf035,01a07757-90f6-7ca2-9931-c03ede6acaf9,01a07757-920b-70c0-aaa2-cdc1b16ae111,,01a07757-9e1b-7fe3-9b11-9efe4eabf035,2026-09-06,2026-09-06 15:30:25.94797+00
01a07757-9e1b-7fe3-9b11-9f04f92258fc,01a07757-90f6-7ca2-9931-c03ede6acaf9,01a07757-920b-70c0-aaa2-cdc1b16ae111,,01a07757-9e1b-7fe3-9b11-9f04f92258fc,2026-09-06,2026-09-06 15:30:25.94797+00
01a07757-9e1b-7fe3-9b11-9f1772d9a9a2,01a07757-90f6-7ca2-9931-c03ede6acaf9,01a07757-920b-70c0-aaa2-cdc1b16ae111,,01a07757-9e1b-7fe3-9b11-9f1772d9a9a2,2026-09-06,2026-09-06 15:30:25.94797+00
01a07757-9e1b-7fe3-9b11-9f2ac728f0d8,01a07757-90f6-7ca2-9931-c03ede6acaf9,01a07757-920b-70c0-aaa2-cdc1b16ae111,,01a07757-9e1b-7fe3-9b11-9f2ac728f0d8,2026-09-06,2026-09-06 15:30:25.94797+00
01a07757-9e1b-7fe3-9b11-9f3746f4dc1a,01a07757-90f6-7ca2-9931-c03ede6acaf9,01a07757-920b-70c0-aaa2-cdc1b16ae111,,01a07757-9e1b-7fe3-9b11-9f3746f4dc1a,2026-09-06,2026-09-06 15:30:25.94797+00
01a07757-9e1b-7fe3-9b11-9f4d823b370d,01a07757-90f6-7ca2-9931-c03ede6acaf9,01a07757-920b-70c0-aaa2-cdc1b16ae111,,01a07757-9e1b-7fe3-9b11-9f4d823b370d,2026-09-06,2026-09-06 15:30:25.94797+00
01a07757-9e1b-7fe3-9b11-9f513bdebf7e,01a07757-90f6-7ca2-9931-c03ede6acaf9,01a07757-920b-70c0-aaa2-cdc1b16ae111,,01a07757-9e1b-7fe3-9b11-9f513bdebf7e,2026-09-06,2026-09-06 15:30:25.94797+00
01a07757-9e1b-7fe3-9b11-9f639148241e,01a07757-90f6-7ca2-9931-c03ede6acaf9,01a07757-920b-70c0-aaa2-cdc1b16ae111,,01a07757-9e1b-7fe3-9b11-9f639148241e,2026-09-06,2026-09-06 15:30:25.94797+00
01a07757-9e1b-7fe3-9b11-9f7b4f8dd5b0,01a07757-90f6-7ca2-9931-c03ede6acaf9,01a07757-920b-70c0-aaa2-cdc1b16ae111,,01a07757-9e1b-7fe3-9b11-9f7b4f8dd5b0,2026-09-06,2026-09-06 15:30:25.94797+00
01a07757-9e1b-7fe3-9b11-9f8412de6cd3,01a07757-90f6-7ca2-9931-c03ede6acaf9,01a07757-920b-70c0-aaa2-cdc1b16ae111,,01a07757-9e1b-7fe3-9b11-9f8412de6cd3,2026-09-06,2026-09-06 15:30:25.94797+00
01a07757-9e1b-7fe3-9b11-9f9998b76302,01a07757-90f6-7ca2-9931-c03ede6acaf9,01a07757-920b-70c0-aaa2-cdc1b16ae111,,01a07757-9e1b-7fe3-9b11-9f9998b76302,2026-09-06,2026-09-06 15:30:25.94797+00
01a07757-9e1b-7fe3-9b11-9fa9f4ca5ec6,01a07757-90f6-7ca2-9931-c03ede6acaf9,01a07757-920b-70c0-aaa2-cdc1b16ae111,,01a07757-9e1b-7fe3-9b11-9fa9f4ca5ec6,2026-09-06,2026-09-06 15:30:25.94797+00
01a07757-9e1b-7fe3-9b11-9fbd059811a6,01a07757-90f6-7ca2-9931-c03ede6acaf9,01a07757-920b-70c0-aaa2-cdc1b16ae111,,01a07757-9e1b-7fe3-9b11-9fbd059811a6,2026-09-06,2026-09-06 15:30:25.94797+00
01a07757-9e1b-7fe3-9b11-9fc0eb244018,01a07757-90f6-7ca2-9931-c03ede6acaf9,01a07757-920b-70c0-aaa2-cdc1b16ae111,,01a07757-9e1b-7fe3-9b11-9fc0eb244018,2026-09-06,2026-09-06 15:30:25.94797+00
01a07757-9e1b-7fe3-9b11-9fdcea79b215,01a07757-90f6-7ca2-9931-c03ede6acaf9,01a07757-920b-70c0-aaa2-cdc1b16ae111,,01a07757-9e1b-7fe3-9b11-9fdcea79b215,2026-09-06,2026-09-06 15:30:25.94797+00
01a07757-9e1b-7fe3-9b11-9fe75a42cb69,01a07757-90f6-7ca2-9931-c03ede6acaf9,01a07757-920b-70c0-aaa2-cdc1b16ae111,,01a07757-9e1b-7fe3-9b11-9fe75a42cb69,2026-09-06,2026-09-06 15:30:25.94797+00
01a07757-9e1b-7fe3-9b11-9ff50552c00a,01a07757-90f6-7ca2-9931-c03ede6acaf9,01a07757-920b-70c0-aaa2-cdc1b16ae111,,01a07757-9e1b-7fe3-9b11-9ff50552c00a,2026-09-06,2026-09-06 15:30:25.94797+00
01a07757-9e1b-7fe3-9b11-a0034530db23,01a07757-90f6-7ca2-9931-c03ede6acaf9,01a07757-920b-70c0-aaa2-cdc1b16ae111,,01a07757-9e1b-7fe3-9b11-a0034530db23,2026-09-06,2026-09-06 15:30:25.94797+00
01a07757-9e1b-7fe3-9b11-a015c6932ef3,01a07757-90f6-7ca2-9931-c03ede6acaf9,01a07757-920b-70c0-aaa2-cdc1b16ae111,,01a07757-9e1b-7fe3-9b11-a015c6932ef3,2026-09-06,2026-09-06 15:30:25.94797+00
01a07757-9e1b-7fe3-9b11-a020f49bee5d,01a07757-90f6-7ca2-9931-c03ede6acaf9,01a07757-920b-70c0-aaa2-cdc1b16ae111,,01a07757-9e1b-7fe3-9b11-a020f49bee5d,2026-09-06,2026-09-06 15:30:25.94797+00
01a07757-9e1b-7fe3-9b11-a0342ed98a0c,01a07757-90f6-7ca2-9931-c03ede6acaf9,01a07757-920b-70c0-aaa2-cdc1b16ae111,,01a07757-9e1b-7fe3-9b11-a0342ed98a0c,2026-09-06,2026-09-06 15:30:25.94797+00
01a07757-9e1b-7fe3-9b11-a04cbd396d04,01a07757-90f6-7ca2-9931-c03ede6acaf9,01a07757-920b-70c0-aaa2-cdc1b16ae111,,01a07757-9e1b-7fe3-9b11-a04cbd396d04,2026-09-06,2026-09-06 15:30:25.94797+00
01a07757-9f49-7741-932d-f86c745d19a1,01a07757-99b6-7ff0-bf13-83dd6ad07a1e,01a07757-99f3-7412-bb47-27981c4a4c0c,,01a07757-9f49-7741-932d-f86c745d19a1,2026-09-06,2026-09-06 15:30:26.682264+00
01a07757-9f49-7741-932d-f874dc9ef0df,01a07757-99b6-7ff0-bf13-83dd6ad07a1e,01a07757-99f3-7412-bb47-27981c4a4c0c,,01a07757-9f49-7741-932d-f874dc9ef0df,2026-09-06,2026-09-06 15:30:26.682264+00
01a07757-9f49-7741-932d-f88533b8ffe0,01a07757-99b6-7ff0-bf13-83dd6ad07a1e,01a07757-99f3-7412-bb47-27981c4a4c0c,,01a07757-9f49-7741-932d-f88533b8ffe0,2026-09-06,2026-09-06 15:30:26.682264+00
01a07757-9f69-7811-a3c2-684ebaf19bdb,01a07757-9b49-78d2-ba3e-8cb7e6c2f25d,01a07757-9dfa-7a10-9a1e-7112f724ac6e,,01a07757-9f69-7811-a3c2-684ebaf19bdb,2026-03-10,2026-09-06 15:30:26.286312+00
01a07757-9f69-7811-a3c2-68570cd75f97,01a07757-9b49-78d2-ba3e-8cb7e6c2f25d,01a07757-9dfa-7a10-9a1e-7112f724ac6e,,01a07757-9f69-7811-a3c2-68570cd75f97,2026-03-01,2026-09-06 15:30:26.286312+00
01a07757-9f69-7811-a3c2-6867ce9ee638,01a07757-9b49-78d2-ba3e-8cb7e6c2f25d,01a07757-9dfa-7a10-9a1e-7112f724ac6e,,01a07757-9f69-7811-a3c2-6867ce9ee638,2026-03-20,2026-09-06 15:30:26.286312+00
01a07757-9f69-7811-a3c2-68781acf7ac0,01a07757-9b49-78d2-ba3e-8cb7e6c2f25d,01a07757-9dfa-7a10-9a1e-7112f724ac6e,,01a07757-9f69-7811-a3c2-68781acf7ac0,2026-03-01,2026-09-06 15:30:26.286312+00
01a07757-9f69-7811-a3c2-688248cd13b7,01a07757-9b49-78d2-ba3e-8cb7e6c2f25d,01a07757-9dfa-7a10-9a1e-7112f724ac6e,,01a07757-9f69-7811-a3c2-688248cd13b7,2026-03-10,2026-09-06 15:30:26.286312+00
01a07757-9ffb-7973-96eb-efeb08eb1bf3,01a07757-9b49-78d2-ba3e-8cb7e6c2f25d,01a07757-9dfa-7a10-9a1e-7112f724ac6e,,01a07757-9ffb-7973-96eb-efeb08eb1bf3,2026-03-10,2026-09-06 15:30:26.431195+00
01a07757-a031-7fc0-ba9b-4c747a4622a4,01a07757-9b49-78d2-ba3e-8cb7e6c2f25d,01a07757-9dfa-7a10-9a1e-7112f724ac6e,,01a07757-a031-7fc0-ba9b-4c747a4622a4,2026-03-01,2026-09-06 15:30:26.483283+00
01a07757-a06b-7002-90cf-9dbc204abfa1,01a07757-9b49-78d2-ba3e-8cb7e6c2f25d,01a07757-9dfa-7a10-9a1e-7112f724ac6e,,01a07757-a06b-7002-90cf-9dbc204abfa1,2026-03-20,2026-09-06 15:30:26.541392+00
01a07757-a0bc-7821-bb41-d2e3d448d1cb,01a07757-9b49-78d2-ba3e-8cb7e6c2f25d,01a07757-9dfa-7a10-9a1e-7112f724ac6e,,01a07757-a0bc-7821-bb41-d2e3d448d1cb,2026-03-01,2026-09-06 15:30:26.62291+00
01a07757-a10e-73e1-8c88-a0a5332af637,01a07757-99b6-7ff0-bf13-83dd6ad07a1e,01a07757-99f3-7412-bb47-27981c4a4c0c,,01a07757-a10e-73e1-8c88-a0a5332af637,2026-09-06,2026-09-06 15:30:26.717809+00
01a07757-a10e-73e1-8c88-a0bd1268078d,01a07757-99b6-7ff0-bf13-83dd6ad07a1e,01a07757-99f3-7412-bb47-27981c4a4c0c,,01a07757-a10e-73e1-8c88-a0bd1268078d,2026-09-06,2026-09-06 15:30:26.717809+00
01a07757-a10e-73e1-8c88-a0c489c73001,01a07757-99b6-7ff0-bf13-83dd6ad07a1e,01a07757-99f3-7412-bb47-27981c4a4c0c,,01a07757-a10e-73e1-8c88-a0c489c73001,2026-09-06,2026-09-06 15:30:26.717809+00
01a07757-a11e-79f3-8fda-209b14901762,01a07757-9b49-78d2-ba3e-8cb7e6c2f25d,01a07757-9dfa-7a10-9a1e-7112f724ac6e,,01a07757-a11e-79f3-8fda-209b14901762,2026-03-10,2026-09-06 15:30:26.720279+00
01a07757-a18c-7922-a134-3672ca8fd798,01a07757-99b6-7ff0-bf13-83dd6ad07a1e,01a07757-99f3-7412-bb47-27981c4a4c0c,,01a07757-a18c-7922-a134-3672ca8fd798,2026-09-06,2026-09-06 15:30:26.832813+00
01a07757-a18c-7922-a134-36892a34d957,01a07757-99b6-7ff0-bf13-83dd6ad07a1e,01a07757-99f3-7412-bb47-27981c4a4c0c,,01a07757-a18c-7922-a134-36892a34d957,2026-09-06,2026-09-06 15:30:26.832813+00
01a07757-a18d-7ff2-bffa-fee9d55423b2,01a07757-99b6-7ff0-bf13-83dd6ad07a1e,01a07757-99f3-7412-bb47-27981c4a4c0c,,01a07757-a18d-7ff2-bffa-fee9d55423b2,2026-09-06,2026-09-06 15:30:26.832813+00
01a07757-a1ca-79e2-ab0e-b7e98ccf8fce,01a07757-99b6-7ff0-bf13-83dd6ad07a1e,01a07757-99f3-7412-bb47-27981c4a4c0c,,01a07757-a1ca-79e2-ab0e-b7e98ccf8fce,2026-09-06,2026-09-06 15:30:26.893244+00
01a07757-a1ca-79e2-ab0e-b7ff0c7d5a6c,01a07757-99b6-7ff0-bf13-83dd6ad07a1e,01a07757-99f3-7412-bb47-27981c4a4c0c,,01a07757-a1ca-79e2-ab0e-b7ff0c7d5a6c,2026-09-06,2026-09-06 15:30:26.893244+00
01a07757-a1ca-79e2-ab0e-b805611ab83d,01a07757-99b6-7ff0-bf13-83dd6ad07a1e,01a07757-99f3-7412-bb47-27981c4a4c0c,,01a07757-a1ca-79e2-ab0e-b805611ab83d,2026-09-06,2026-09-06 15:30:26.893244+00
01a07757-a1fc-7ba3-a544-20f7808fe855,01a07757-99b6-7ff0-bf13-83dd6ad07a1e,01a07757-99f3-7412-bb47-27981c4a4c0c,,01a07757-a1fc-7ba3-a544-20f7808fe855,2026-09-06,2026-09-06 15:30:26.943099+00
01a07757-a1fc-7ba3-a544-2100ed481d09,01a07757-99b6-7ff0-bf13-83dd6ad07a1e,01a07757-99f3-7412-bb47-27981c4a4c0c,,01a07757-a1fc-7ba3-a544-2100ed481d09,2026-09-06,2026-09-06 15:30:26.943099+00
01a07757-a1fc-7ba3-a544-211a21663e76,01a07757-99b6-7ff0-bf13-83dd6ad07a1e,01a07757-99f3-7412-bb47-27981c4a4c0c,,01a07757-a1fc-7ba3-a544-211a21663e76,2026-09-06,2026-09-06 15:30:26.943099+00
01a07757-a1fe-7f63-8e40-7fd3db5d3042,01a07757-9fb2-7d52-8bc6-bc50b332b733,01a07757-a0d6-7892-8cc3-9da563b7fc76,,01a07757-a1fe-7f63-8e40-7fd3db5d3042,2026-09-06,2026-09-06 15:30:26.943973+00
01a07757-a1fe-7f63-8e40-7fe8105b7ed3,01a07757-9fb2-7d52-8bc6-bc50b332b733,01a07757-a0d6-7892-8cc3-9da563b7fc76,,01a07757-a1fe-7f63-8e40-7fe8105b7ed3,2026-09-06,2026-09-06 15:30:26.943973+00
01a07757-a1fe-7f63-8e40-7fffd30640a3,01a07757-9fb2-7d52-8bc6-bc50b332b733,01a07757-a0d6-7892-8cc3-9da563b7fc76,,01a07757-a1fe-7f63-8e40-7fffd30640a3,2026-09-06,2026-09-06 15:30:26.943973+00
01a07757-a1fe-7f63-8e40-8006a6c0da52,01a07757-9fb2-7d52-8bc6-bc50b332b733,01a07757-a0d6-7892-8cc3-9da563b7fc76,,01a07757-a1fe-7f63-8e40-8006a6c0da52,2026-09-06,2026-09-06 15:30:26.943973+00
01a07757-a223-7961-ab24-de883b7e3e93,01a07757-90f6-7ca2-9931-c03ede6acaf9,01a07757-920b-70c0-aaa2-cdc1b16ae111,,01a07757-a223-7961-ab24-de883b7e3e93,2026-09-06,2026-09-06 15:30:27.026135+00
01a07757-a223-7961-ab24-de9b91541da9,01a07757-90f6-7ca2-9931-c03ede6acaf9,01a07757-920b-70c0-aaa2-cdc1b16ae111,,01a07757-a223-7961-ab24-de9b91541da9,2026-09-06,2026-09-06 15:30:27.026135+00
01a07757-a223-7961-ab24-dea6f6653b17,01a07757-90f6-7ca2-9931-c03ede6acaf9,01a07757-920b-70c0-aaa2-cdc1b16ae111,,01a07757-a223-7961-ab24-dea6f6653b17,2026-09-06,2026-09-06 15:30:27.026135+00
01a07757-a223-7961-ab24-deb540a1dd3d,01a07757-90f6-7ca2-9931-c03ede6acaf9,01a07757-920b-70c0-aaa2-cdc1b16ae111,,01a07757-a223-7961-ab24-deb540a1dd3d,2026-09-06,2026-09-06 15:30:27.026135+00
01a07757-a223-7961-ab24-decfd6639d2b,01a07757-90f6-7ca2-9931-c03ede6acaf9,01a07757-920b-70c0-aaa2-cdc1b16ae111,,01a07757-a223-7961-ab24-decfd6639d2b,2026-09-06,2026-09-06 15:30:27.026135+00
01a07757-a223-7961-ab24-dedc01b4c88a,01a07757-90f6-7ca2-9931-c03ede6acaf9,01a07757-920b-70c0-aaa2-cdc1b16ae111,,01a07757-a223-7961-ab24-dedc01b4c88a,2026-09-06,2026-09-06 15:30:27.026135+00
01a07757-a223-7961-ab24-dee02aad2f2c,01a07757-90f6-7ca2-9931-c03ede6acaf9,01a07757-920b-70c0-aaa2-cdc1b16ae111,,01a07757-a223-7961-ab24-dee02aad2f2c,2026-09-06,2026-09-06 15:30:27.026135+00
01a07757-a223-7961-ab24-def6858081d9,01a07757-90f6-7ca2-9931-c03ede6acaf9,01a07757-920b-70c0-aaa2-cdc1b16ae111,,01a07757-a223-7961-ab24-def6858081d9,2026-09-06,2026-09-06 15:30:27.026135+00
01a07757-a223-7961-ab24-df0a147a0e50,01a07757-90f6-7ca2-9931-c03ede6acaf9,01a07757-920b-70c0-aaa2-cdc1b16ae111,,01a07757-a223-7961-ab24-df0a147a0e50,2026-09-06,2026-09-06 15:30:27.026135+00
01a07757-a223-7961-ab24-df1ee753a55e,01a07757-90f6-7ca2-9931-c03ede6acaf9,01a07757-920b-70c0-aaa2-cdc1b16ae111,,01a07757-a223-7961-ab24-df1ee753a55e,2026-09-06,2026-09-06 15:30:27.026135+00
01a07757-a223-7961-ab24-df23dae0b713,01a07757-90f6-7ca2-9931-c03ede6acaf9,01a07757-920b-70c0-aaa2-cdc1b16ae111,,01a07757-a223-7961-ab24-df23dae0b713,2026-09-06,2026-09-06 15:30:27.026135+00
01a07757-a223-7961-ab24-df3c03b535c5,01a07757-90f6-7ca2-9931-c03ede6acaf9,01a07757-920b-70c0-aaa2-cdc1b16ae111,,01a07757-a223-7961-ab24-df3c03b535c5,2026-09-06,2026-09-06 15:30:27.026135+00
01a07757-a223-7961-ab24-df4194097093,01a07757-90f6-7ca2-9931-c03ede6acaf9,01a07757-920b-70c0-aaa2-cdc1b16ae111,,01a07757-a223-7961-ab24-df4194097093,2026-09-06,2026-09-06 15:30:27.026135+00
01a07757-a223-7961-ab24-df519379791a,01a07757-90f6-7ca2-9931-c03ede6acaf9,01a07757-920b-70c0-aaa2-cdc1b16ae111,,01a07757-a223-7961-ab24-df519379791a,2026-09-06,2026-09-06 15:30:27.026135+00
01a07757-a223-7961-ab24-df6e059945ec,01a07757-90f6-7ca2-9931-c03ede6acaf9,01a07757-920b-70c0-aaa2-cdc1b16ae111,,01a07757-a223-7961-ab24-df6e059945ec,2026-09-06,2026-09-06 15:30:27.026135+00
01a07757-a223-7961-ab24-df77668c26bd,01a07757-90f6-7ca2-9931-c03ede6acaf9,01a07757-920b-70c0-aaa2-cdc1b16ae111,,01a07757-a223-7961-ab24-df77668c26bd,2026-09-06,2026-09-06 15:30:27.026135+00
01a07757-a223-7961-ab24-df8fef8f3e09,01a07757-90f6-7ca2-9931-c03ede6acaf9,01a07757-920b-70c0-aaa2-cdc1b16ae111,,01a07757-a223-7961-ab24-df8fef8f3e09,2026-09-06,2026-09-06 15:30:27.026135+00
01a07757-a223-7961-ab24-df975ee846b3,01a07757-90f6-7ca2-9931-c03ede6acaf9,01a07757-920b-70c0-aaa2-cdc1b16ae111,,01a07757-a223-7961-ab24-df975ee846b3,2026-09-06,2026-09-06 15:30:27.026135+00
01a07757-a223-7961-ab24-dfab85c19a4c,01a07757-90f6-7ca2-9931-c03ede6acaf9,01a07757-920b-70c0-aaa2-cdc1b16ae111,,01a07757-a223-7961-ab24-dfab85c19a4c,2026-09-06,2026-09-06 15:30:27.026135+00
01a07757-a223-7961-ab24-dfb9bd485b08,01a07757-90f6-7ca2-9931-c03ede6acaf9,01a07757-920b-70c0-aaa2-cdc1b16ae111,,01a07757-a223-7961-ab24-dfb9bd485b08,2026-09-06,2026-09-06 15:30:27.026135+00
01a07757-a223-7961-ab24-dfc32e719c77,01a07757-90f6-7ca2-9931-c03ede6acaf9,01a07757-920b-70c0-aaa2-cdc1b16ae111,,01a07757-a223-7961-ab24-dfc32e719c77,2026-09-06,2026-09-06 15:30:27.026135+00
01a07757-a223-7961-ab24-dfd310f7cb62,01a07757-90f6-7ca2-9931-c03ede6acaf9,01a07757-920b-70c0-aaa2-cdc1b16ae111,,01a07757-a223-7961-ab24-dfd310f7cb62,2026-09-06,2026-09-06 15:30:27.026135+00
01a07757-a223-7961-ab24-dfe2adf5d1a0,01a07757-90f6-7ca2-9931-c03ede6acaf9,01a07757-920b-70c0-aaa2-cdc1b16ae111,,01a07757-a223-7961-ab24-dfe2adf5d1a0,2026-09-06,2026-09-06 15:30:27.026135+00
01a07757-a223-7961-ab24-dff3453b35f0,01a07757-90f6-7ca2-9931-c03ede6acaf9,01a07757-920b-70c0-aaa2-cdc1b16ae111,,01a07757-a223-7961-ab24-dff3453b35f0,2026-09-06,2026-09-06 15:30:27.026135+00
01a07757-a223-7961-ab24-e0062500a672,01a07757-90f6-7ca2-9931-c03ede6acaf9,01a07757-920b-70c0-aaa2-cdc1b16ae111,,01a07757-a223-7961-ab24-e0062500a672,2026-09-06,2026-09-06 15:30:27.026135+00
01a07757-a223-7961-ab24-e01d854d57a5,01a07757-90f6-7ca2-9931-c03ede6acaf9,01a07757-920b-70c0-aaa2-cdc1b16ae111,,01a07757-a223-7961-ab24-e01d854d57a5,2026-09-06,2026-09-06 15:30:27.026135+00
01a07757-a223-7961-ab24-e02e0d5760fb,01a07757-90f6-7ca2-9931-c03ede6acaf9,01a07757-920b-70c0-aaa2-cdc1b16ae111,,01a07757-a223-7961-ab24-e02e0d5760fb,2026-09-06,2026-09-06 15:30:27.026135+00
01a07757-a223-7961-ab24-e03894eb9488,01a07757-90f6-7ca2-9931-c03ede6acaf9,01a07757-920b-70c0-aaa2-cdc1b16ae111,,01a07757-a223-7961-ab24-e03894eb9488,2026-09-06,2026-09-06 15:30:27.026135+00
01a07757-a223-7961-ab24-e04fd5f9a6ad,01a07757-90f6-7ca2-9931-c03ede6acaf9,01a07757-920b-70c0-aaa2-cdc1b16ae111,,01a07757-a223-7961-ab24-e04fd5f9a6ad,2026-09-06,2026-09-06 15:30:27.026135+00
01a07757-a223-7961-ab24-e05e1d2149a1,01a07757-90f6-7ca2-9931-c03ede6acaf9,01a07757-920b-70c0-aaa2-cdc1b16ae111,,01a07757-a223-7961-ab24-e05e1d2149a1,2026-09-06,2026-09-06 15:30:27.026135+00
01a07757-a223-7961-ab24-e06c9204cbcf,01a07757-90f6-7ca2-9931-c03ede6acaf9,01a07757-920b-70c0-aaa2-cdc1b16ae111,,01a07757-a223-7961-ab24-e06c9204cbcf,2026-09-06,2026-09-06 15:30:27.026135+00
01a07757-a223-7961-ab24-e07359a6c4b4,01a07757-90f6-7ca2-9931-c03ede6acaf9,01a07757-920b-70c0-aaa2-cdc1b16ae111,,01a07757-a223-7961-ab24-e07359a6c4b4,2026-09-06,2026-09-06 15:30:27.026135+00
01a07757-a223-7961-ab24-e08bc0830ae5,01a07757-90f6-7ca2-9931-c03ede6acaf9,01a07757-920b-70c0-aaa2-cdc1b16ae111,,01a07757-a223-7961-ab24-e08bc0830ae5,2026-09-06,2026-09-06 15:30:27.026135+00
01a07757-a223-7961-ab24-e09ec7781768,01a07757-90f6-7ca2-9931-c03ede6acaf9,01a07757-920b-70c0-aaa2-cdc1b16ae111,,01a07757-a223-7961-ab24-e09ec7781768,2026-09-06,2026-09-06 15:30:27.026135+00
01a07757-a223-7961-ab24-e0a2c9d9ad25,01a07757-90f6-7ca2-9931-c03ede6acaf9,01a07757-920b-70c0-aaa2-cdc1b16ae111,,01a07757-a223-7961-ab24-e0a2c9d9ad25,2026-09-06,2026-09-06 15:30:27.026135+00
01a07757-a223-7961-ab24-e0b805c8f5a1,01a07757-90f6-7ca2-9931-c03ede6acaf9,01a07757-920b-70c0-aaa2-cdc1b16ae111,,01a07757-a223-7961-ab24-e0b805c8f5a1,2026-09-06,2026-09-06 15:30:27.026135+00
01a07757-a223-7961-ab24-e0cdf5e36400,01a07757-90f6-7ca2-9931-c03ede6acaf9,01a07757-920b-70c0-aaa2-cdc1b16ae111,,01a07757-a223-7961-ab24-e0cdf5e36400,2026-09-06,2026-09-06 15:30:27.026135+00
01a07757-a223-7961-ab24-e0d21929d6c8,01a07757-90f6-7ca2-9931-c03ede6acaf9,01a07757-920b-70c0-aaa2-cdc1b16ae111,,01a07757-a223-7961-ab24-e0d21929d6c8,2026-09-06,2026-09-06 15:30:27.026135+00
01a07757-a223-7961-ab24-e0ed22ef21f9,01a07757-90f6-7ca2-9931-c03ede6acaf9,01a07757-920b-70c0-aaa2-cdc1b16ae111,,01a07757-a223-7961-ab24-e0ed22ef21f9,2026-09-06,2026-09-06 15:30:27.026135+00
01a07757-a223-7961-ab24-e0f828608566,01a07757-90f6-7ca2-9931-c03ede6acaf9,01a07757-920b-70c0-aaa2-cdc1b16ae111,,01a07757-a223-7961-ab24-e0f828608566,2026-09-06,2026-09-06 15:30:27.026135+00
01a07757-a223-7961-ab24-e1044ffbd765,01a07757-90f6-7ca2-9931-c03ede6acaf9,01a07757-920b-70c0-aaa2-cdc1b16ae111,,01a07757-a223-7961-ab24-e1044ffbd765,2026-09-06,2026-09-06 15:30:27.026135+00
01a07757-a223-7961-ab24-e113afb28f55,01a07757-90f6-7ca2-9931-c03ede6acaf9,01a07757-920b-70c0-aaa2-cdc1b16ae111,,01a07757-a223-7961-ab24-e113afb28f55,2026-09-06,2026-09-06 15:30:27.026135+00
01a07757-a223-7961-ab24-e12a016c5558,01a07757-90f6-7ca2-9931-c03ede6acaf9,01a07757-920b-70c0-aaa2-cdc1b16ae111,,01a07757-a223-7961-ab24-e12a016c5558,2026-09-06,2026-09-06 15:30:27.026135+00
01a07757-a223-7961-ab24-e1306ee9b038,01a07757-90f6-7ca2-9931-c03ede6acaf9,01a07757-920b-70c0-aaa2-cdc1b16ae111,,01a07757-a223-7961-ab24-e1306ee9b038,2026-09-06,2026-09-06 15:30:27.026135+00
01a07757-a223-7961-ab24-e149a647eca5,01a07757-90f6-7ca2-9931-c03ede6acaf9,01a07757-920b-70c0-aaa2-cdc1b16ae111,,01a07757-a223-7961-ab24-e149a647eca5,2026-09-06,2026-09-06 15:30:27.026135+00
01a07757-a223-7961-ab24-e158e982e214,01a07757-90f6-7ca2-9931-c03ede6acaf9,01a07757-920b-70c0-aaa2-cdc1b16ae111,,01a07757-a223-7961-ab24-e158e982e214,2026-09-06,2026-09-06 15:30:27.026135+00
01a07757-a223-7961-ab24-e163bbd138b0,01a07757-90f6-7ca2-9931-c03ede6acaf9,01a07757-920b-70c0-aaa2-cdc1b16ae111,,01a07757-a223-7961-ab24-e163bbd138b0,2026-09-06,2026-09-06 15:30:27.026135+00
01a07757-a223-7961-ab24-e17d86b01e5e,01a07757-90f6-7ca2-9931-c03ede6acaf9,01a07757-920b-70c0-aaa2-cdc1b16ae111,,01a07757-a223-7961-ab24-e17d86b01e5e,2026-09-06,2026-09-06 15:30:27.026135+00
01a07757-a223-7961-ab24-e18d6bf07fe3,01a07757-90f6-7ca2-9931-c03ede6acaf9,01a07757-920b-70c0-aaa2-cdc1b16ae111,,01a07757-a223-7961-ab24-e18d6bf07fe3,2026-09-06,2026-09-06 15:30:27.026135+00
01a07757-a223-7961-ab24-e1912b53ccde,01a07757-90f6-7ca2-9931-c03ede6acaf9,01a07757-920b-70c0-aaa2-cdc1b16ae111,,01a07757-a223-7961-ab24-e1912b53ccde,2026-09-06,2026-09-06 15:30:27.026135+00
01a07757-a223-7961-ab24-e1a312890e36,01a07757-90f6-7ca2-9931-c03ede6acaf9,01a07757-920b-70c0-aaa2-cdc1b16ae111,,01a07757-a223-7961-ab24-e1a312890e36,2026-09-06,2026-09-06 15:30:27.026135+00
01a07757-a223-7961-ab24-e1bc2a5b0bdb,01a07757-90f6-7ca2-9931-c03ede6acaf9,01a07757-920b-70c0-aaa2-cdc1b16ae111,,01a07757-a223-7961-ab24-e1bc2a5b0bdb,2026-09-06,2026-09-06 15:30:27.026135+00
01a07757-a223-7961-ab24-e1c5657d1eb9,01a07757-90f6-7ca2-9931-c03ede6acaf9,01a07757-920b-70c0-aaa2-cdc1b16ae111,,01a07757-a223-7961-ab24-e1c5657d1eb9,2026-09-06,2026-09-06 15:30:27.026135+00
01a07757-a223-7961-ab24-e1de278ad95c,01a07757-90f6-7ca2-9931-c03ede6acaf9,01a07757-920b-70c0-aaa2-cdc1b16ae111,,01a07757-a223-7961-ab24-e1de278ad95c,2026-09-06,2026-09-06 15:30:27.026135+00
01a07757-a223-7961-ab24-e1e27668c94b,01a07757-90f6-7ca2-9931-c03ede6acaf9,01a07757-920b-70c0-aaa2-cdc1b16ae111,,01a07757-a223-7961-ab24-e1e27668c94b,2026-09-06,2026-09-06 15:30:27.026135+00
01a07757-a223-7961-ab24-e1fecd38db2b,01a07757-90f6-7ca2-9931-c03ede6acaf9,01a07757-920b-70c0-aaa2-cdc1b16ae111,,01a07757-a223-7961-ab24-e1fecd38db2b,2026-09-06,2026-09-06 15:30:27.026135+00
01a07757-a223-7961-ab24-e20dd2dafa9f,01a07757-90f6-7ca2-9931-c03ede6acaf9,01a07757-920b-70c0-aaa2-cdc1b16ae111,,01a07757-a223-7961-ab24-e20dd2dafa9f,2026-09-06,2026-09-06 15:30:27.026135+00
01a07757-a223-7961-ab24-e2166d940901,01a07757-90f6-7ca2-9931-c03ede6acaf9,01a07757-920b-70c0-aaa2-cdc1b16ae111,,01a07757-a223-7961-ab24-e2166d940901,2026-09-06,2026-09-06 15:30:27.026135+00
01a07757-a223-7961-ab24-e22d8aa763e4,01a07757-90f6-7ca2-9931-c03ede6acaf9,01a07757-920b-70c0-aaa2-cdc1b16ae111,,01a07757-a223-7961-ab24-e22d8aa763e4,2026-09-06,2026-09-06 15:30:27.026135+00
01a07757-a223-7961-ab24-e235b8da0778,01a07757-90f6-7ca2-9931-c03ede6acaf9,01a07757-920b-70c0-aaa2-cdc1b16ae111,,01a07757-a223-7961-ab24-e235b8da0778,2026-09-06,2026-09-06 15:30:27.026135+00
01a07757-a223-7961-ab24-e248e1852c06,01a07757-90f6-7ca2-9931-c03ede6acaf9,01a07757-920b-70c0-aaa2-cdc1b16ae111,,01a07757-a223-7961-ab24-e248e1852c06,2026-09-06,2026-09-06 15:30:27.026135+00
01a07757-a223-7961-ab24-e25e9bba837a,01a07757-90f6-7ca2-9931-c03ede6acaf9,01a07757-920b-70c0-aaa2-cdc1b16ae111,,01a07757-a223-7961-ab24-e25e9bba837a,2026-09-06,2026-09-06 15:30:27.026135+00
01a07757-a223-7961-ab24-e2600cc4a4be,01a07757-90f6-7ca2-9931-c03ede6acaf9,01a07757-920b-70c0-aaa2-cdc1b16ae111,,01a07757-a223-7961-ab24-e2600cc4a4be,2026-09-06,2026-09-06 15:30:27.026135+00
01a07757-a223-7961-ab24-e27d4cfff2c5,01a07757-90f6-7ca2-9931-c03ede6acaf9,01a07757-920b-70c0-aaa2-cdc1b16ae111,,01a07757-a223-7961-ab24-e27d4cfff2c5,2026-09-06,2026-09-06 15:30:27.026135+00
01a07757-a224-7902-a4bd-3761ad81d110,01a07757-90f6-7ca2-9931-c03ede6acaf9,01a07757-920b-70c0-aaa2-cdc1b16ae111,,01a07757-a224-7902-a4bd-3761ad81d110,2026-09-06,2026-09-06 15:30:27.026135+00
01a07757-a224-7902-a4bd-377ff1acb5c8,01a07757-90f6-7ca2-9931-c03ede6acaf9,01a07757-920b-70c0-aaa2-cdc1b16ae111,,01a07757-a224-7902-a4bd-377ff1acb5c8,2026-09-06,2026-09-06 15:30:27.026135+00
01a07757-a224-7902-a4bd-3786cfd78a95,01a07757-90f6-7ca2-9931-c03ede6acaf9,01a07757-920b-70c0-aaa2-cdc1b16ae111,,01a07757-a224-7902-a4bd-3786cfd78a95,2026-09-06,2026-09-06 15:30:27.026135+00
01a07757-a224-7902-a4bd-3796fdf8c6f6,01a07757-90f6-7ca2-9931-c03ede6acaf9,01a07757-920b-70c0-aaa2-cdc1b16ae111,,01a07757-a224-7902-a4bd-3796fdf8c6f6,2026-09-06,2026-09-06 15:30:27.026135+00
01a07757-a224-7902-a4bd-37a184b23148,01a07757-90f6-7ca2-9931-c03ede6acaf9,01a07757-920b-70c0-aaa2-cdc1b16ae111,,01a07757-a224-7902-a4bd-37a184b23148,2026-09-06,2026-09-06 15:30:27.026135+00
01a07757-a224-7902-a4bd-37b9275566ed,01a07757-90f6-7ca2-9931-c03ede6acaf9,01a07757-920b-70c0-aaa2-cdc1b16ae111,,01a07757-a224-7902-a4bd-37b9275566ed,2026-09-06,2026-09-06 15:30:27.026135+00
01a07757-a224-7902-a4bd-37cd1dbf2149,01a07757-90f6-7ca2-9931-c03ede6acaf9,01a07757-920b-70c0-aaa2-cdc1b16ae111,,01a07757-a224-7902-a4bd-37cd1dbf2149,2026-09-06,2026-09-06 15:30:27.026135+00
01a07757-a224-7902-a4bd-37d582af4025,01a07757-90f6-7ca2-9931-c03ede6acaf9,01a07757-920b-70c0-aaa2-cdc1b16ae111,,01a07757-a224-7902-a4bd-37d582af4025,2026-09-06,2026-09-06 15:30:27.026135+00
01a07757-a224-7902-a4bd-37e7e8ee43b3,01a07757-90f6-7ca2-9931-c03ede6acaf9,01a07757-920b-70c0-aaa2-cdc1b16ae111,,01a07757-a224-7902-a4bd-37e7e8ee43b3,2026-09-06,2026-09-06 15:30:27.026135+00
01a07757-a224-7902-a4bd-37f1095d8aca,01a07757-90f6-7ca2-9931-c03ede6acaf9,01a07757-920b-70c0-aaa2-cdc1b16ae111,,01a07757-a224-7902-a4bd-37f1095d8aca,2026-09-06,2026-09-06 15:30:27.026135+00
01a07757-a224-7902-a4bd-38099c2c056a,01a07757-90f6-7ca2-9931-c03ede6acaf9,01a07757-920b-70c0-aaa2-cdc1b16ae111,,01a07757-a224-7902-a4bd-38099c2c056a,2026-09-06,2026-09-06 15:30:27.026135+00
01a07757-a224-7902-a4bd-38174bef9ed2,01a07757-90f6-7ca2-9931-c03ede6acaf9,01a07757-920b-70c0-aaa2-cdc1b16ae111,,01a07757-a224-7902-a4bd-38174bef9ed2,2026-09-06,2026-09-06 15:30:27.026135+00
01a07757-a224-7902-a4bd-38279cd27304,01a07757-90f6-7ca2-9931-c03ede6acaf9,01a07757-920b-70c0-aaa2-cdc1b16ae111,,01a07757-a224-7902-a4bd-38279cd27304,2026-09-06,2026-09-06 15:30:27.026135+00
01a07757-a224-7902-a4bd-383780e3c7d9,01a07757-90f6-7ca2-9931-c03ede6acaf9,01a07757-920b-70c0-aaa2-cdc1b16ae111,,01a07757-a224-7902-a4bd-383780e3c7d9,2026-09-06,2026-09-06 15:30:27.026135+00
01a07757-a224-7902-a4bd-384ec729ca61,01a07757-90f6-7ca2-9931-c03ede6acaf9,01a07757-920b-70c0-aaa2-cdc1b16ae111,,01a07757-a224-7902-a4bd-384ec729ca61,2026-09-06,2026-09-06 15:30:27.026135+00
01a07757-a224-7902-a4bd-38595eec05b7,01a07757-90f6-7ca2-9931-c03ede6acaf9,01a07757-920b-70c0-aaa2-cdc1b16ae111,,01a07757-a224-7902-a4bd-38595eec05b7,2026-09-06,2026-09-06 15:30:27.026135+00
01a07757-a224-7902-a4bd-386420a25e01,01a07757-90f6-7ca2-9931-c03ede6acaf9,01a07757-920b-70c0-aaa2-cdc1b16ae111,,01a07757-a224-7902-a4bd-386420a25e01,2026-09-06,2026-09-06 15:30:27.026135+00
01a07757-a224-7902-a4bd-387023b13857,01a07757-90f6-7ca2-9931-c03ede6acaf9,01a07757-920b-70c0-aaa2-cdc1b16ae111,,01a07757-a224-7902-a4bd-387023b13857,2026-09-06,2026-09-06 15:30:27.026135+00
01a07757-a224-7902-a4bd-3883e68826eb,01a07757-90f6-7ca2-9931-c03ede6acaf9,01a07757-920b-70c0-aaa2-cdc1b16ae111,,01a07757-a224-7902-a4bd-3883e68826eb,2026-09-06,2026-09-06 15:30:27.026135+00
01a07757-a224-7902-a4bd-389e5dd17c83,01a07757-90f6-7ca2-9931-c03ede6acaf9,01a07757-920b-70c0-aaa2-cdc1b16ae111,,01a07757-a224-7902-a4bd-389e5dd17c83,2026-09-06,2026-09-06 15:30:27.026135+00
01a07757-a224-7902-a4bd-38a82fb8a475,01a07757-90f6-7ca2-9931-c03ede6acaf9,01a07757-920b-70c0-aaa2-cdc1b16ae111,,01a07757-a224-7902-a4bd-38a82fb8a475,2026-09-06,2026-09-06 15:30:27.026135+00
01a07757-a224-7902-a4bd-38b73a3d53b1,01a07757-90f6-7ca2-9931-c03ede6acaf9,01a07757-920b-70c0-aaa2-cdc1b16ae111,,01a07757-a224-7902-a4bd-38b73a3d53b1,2026-09-06,2026-09-06 15:30:27.026135+00
01a07757-a224-7902-a4bd-38cb66b63ce7,01a07757-99b6-7ff0-bf13-83dd6ad07a1e,01a07757-99f3-7412-bb47-27981c4a4c0c,,01a07757-a224-7902-a4bd-38cb66b63ce7,2026-09-06,2026-09-06 15:30:26.982843+00
01a07757-a224-7902-a4bd-38d853a275ee,01a07757-90f6-7ca2-9931-c03ede6acaf9,01a07757-920b-70c0-aaa2-cdc1b16ae111,,01a07757-a224-7902-a4bd-38d853a275ee,2026-09-06,2026-09-06 15:30:27.026135+00
01a07757-a224-7902-a4bd-38eda7b86bf7,01a07757-99b6-7ff0-bf13-83dd6ad07a1e,01a07757-99f3-7412-bb47-27981c4a4c0c,,01a07757-a224-7902-a4bd-38eda7b86bf7,2026-09-06,2026-09-06 15:30:26.982843+00
01a07757-a224-7902-a4bd-38fb04236464,01a07757-90f6-7ca2-9931-c03ede6acaf9,01a07757-920b-70c0-aaa2-cdc1b16ae111,,01a07757-a224-7902-a4bd-38fb04236464,2026-09-06,2026-09-06 15:30:27.026135+00
01a07757-a224-7902-a4bd-39036be81164,01a07757-90f6-7ca2-9931-c03ede6acaf9,01a07757-920b-70c0-aaa2-cdc1b16ae111,,01a07757-a224-7902-a4bd-39036be81164,2026-09-06,2026-09-06 15:30:27.026135+00
01a07757-a224-7902-a4bd-39156b3de8a6,01a07757-99b6-7ff0-bf13-83dd6ad07a1e,01a07757-99f3-7412-bb47-27981c4a4c0c,,01a07757-a224-7902-a4bd-39156b3de8a6,2026-09-06,2026-09-06 15:30:26.982843+00
01a07757-a224-7902-a4bd-3921f5a6f6cb,01a07757-90f6-7ca2-9931-c03ede6acaf9,01a07757-920b-70c0-aaa2-cdc1b16ae111,,01a07757-a224-7902-a4bd-3921f5a6f6cb,2026-09-06,2026-09-06 15:30:27.026135+00
01a07757-a224-7902-a4bd-393649e358b4,01a07757-90f6-7ca2-9931-c03ede6acaf9,01a07757-920b-70c0-aaa2-cdc1b16ae111,,01a07757-a224-7902-a4bd-393649e358b4,2026-09-06,2026-09-06 15:30:27.026135+00
01a07757-a224-7902-a4bd-394fbb2c6984,01a07757-90f6-7ca2-9931-c03ede6acaf9,01a07757-920b-70c0-aaa2-cdc1b16ae111,,01a07757-a224-7902-a4bd-394fbb2c6984,2026-09-06,2026-09-06 15:30:27.026135+00
01a07757-a224-7902-a4bd-395edb606ba0,01a07757-90f6-7ca2-9931-c03ede6acaf9,01a07757-920b-70c0-aaa2-cdc1b16ae111,,01a07757-a224-7902-a4bd-395edb606ba0,2026-09-06,2026-09-06 15:30:27.026135+00
01a07757-a224-7902-a4bd-39638c9a5566,01a07757-90f6-7ca2-9931-c03ede6acaf9,01a07757-920b-70c0-aaa2-cdc1b16ae111,,01a07757-a224-7902-a4bd-39638c9a5566,2026-09-06,2026-09-06 15:30:27.026135+00
01a07757-a224-7902-a4bd-39773b1da0ba,01a07757-90f6-7ca2-9931-c03ede6acaf9,01a07757-920b-70c0-aaa2-cdc1b16ae111,,01a07757-a224-7902-a4bd-39773b1da0ba,2026-09-06,2026-09-06 15:30:27.026135+00
01a07757-a224-7902-a4bd-3989bceecaab,01a07757-90f6-7ca2-9931-c03ede6acaf9,01a07757-920b-70c0-aaa2-cdc1b16ae111,,01a07757-a224-7902-a4bd-3989bceecaab,2026-09-06,2026-09-06 15:30:27.026135+00
01a07757-a224-7902-a4bd-39924f7e2683,01a07757-90f6-7ca2-9931-c03ede6acaf9,01a07757-920b-70c0-aaa2-cdc1b16ae111,,01a07757-a224-7902-a4bd-39924f7e2683,2026-09-06,2026-09-06 15:30:27.026135+00
01a07757-a224-7902-a4bd-39afbc6a5ac2,01a07757-90f6-7ca2-9931-c03ede6acaf9,01a07757-920b-70c0-aaa2-cdc1b16ae111,,01a07757-a224-7902-a4bd-39afbc6a5ac2,2026-09-06,2026-09-06 15:30:27.026135+00
01a07757-a224-7902-a4bd-39bda12991ab,01a07757-90f6-7ca2-9931-c03ede6acaf9,01a07757-920b-70c0-aaa2-cdc1b16ae111,,01a07757-a224-7902-a4bd-39bda12991ab,2026-09-06,2026-09-06 15:30:27.026135+00
01a07757-a224-7902-a4bd-39cba471e480,01a07757-90f6-7ca2-9931-c03ede6acaf9,01a07757-920b-70c0-aaa2-cdc1b16ae111,,01a07757-a224-7902-a4bd-39cba471e480,2026-09-06,2026-09-06 15:30:27.026135+00
01a07757-a251-70f3-9f87-9def85db3acb,01a07757-9fb2-7d52-8bc6-bc50b332b733,01a07757-a0d6-7892-8cc3-9da563b7fc76,,01a07757-a251-70f3-9f87-9def85db3acb,2026-09-06,2026-09-06 15:30:27.027523+00
01a07757-a257-7dc0-badf-e1277dee2c09,01a07757-99b6-7ff0-bf13-83dd6ad07a1e,01a07757-99f3-7412-bb47-27981c4a4c0c,,01a07757-a257-7dc0-badf-e1277dee2c09,2026-09-06,2026-09-06 15:30:27.033964+00
01a07757-a257-7dc0-badf-e1334a775a8e,01a07757-99b6-7ff0-bf13-83dd6ad07a1e,01a07757-99f3-7412-bb47-27981c4a4c0c,,01a07757-a257-7dc0-badf-e1334a775a8e,2026-09-06,2026-09-06 15:30:27.033964+00
01a07757-a257-7dc0-badf-e1417fc3a1e3,01a07757-99b6-7ff0-bf13-83dd6ad07a1e,01a07757-99f3-7412-bb47-27981c4a4c0c,,01a07757-a257-7dc0-badf-e1417fc3a1e3,2026-09-06,2026-09-06 15:30:27.033964+00
01a07757-a280-7c12-986b-54c6d6ce2301,01a07757-99b6-7ff0-bf13-83dd6ad07a1e,01a07757-99f3-7412-bb47-27981c4a4c0c,,01a07757-a280-7c12-986b-54c6d6ce2301,2026-09-06,2026-09-06 15:30:27.074188+00
01a07757-a280-7c12-986b-54d6f9da835e,01a07757-99b6-7ff0-bf13-83dd6ad07a1e,01a07757-99f3-7412-bb47-27981c4a4c0c,,01a07757-a280-7c12-986b-54d6f9da835e,2026-09-06,2026-09-06 15:30:27.074188+00
01a07757-a280-7c12-986b-54e198c63c08,01a07757-99b6-7ff0-bf13-83dd6ad07a1e,01a07757-99f3-7412-bb47-27981c4a4c0c,,01a07757-a280-7c12-986b-54e198c63c08,2026-09-06,2026-09-06 15:30:27.074188+00
01a07757-a283-7293-9d50-f368b3b680a6,01a07757-9fb2-7d52-8bc6-bc50b332b733,01a07757-a0d6-7892-8cc3-9da563b7fc76,,01a07757-a283-7293-9d50-f368b3b680a6,2026-09-06,2026-09-06 15:30:27.076999+00
01a07757-a2ab-7e90-9a73-381b3fa62d08,01a07757-9fb2-7d52-8bc6-bc50b332b733,01a07757-a0d6-7892-8cc3-9da563b7fc76,,01a07757-a2ab-7e90-9a73-381b3fa62d08,2026-09-06,2026-09-06 15:30:27.116464+00
01a07757-a2b0-7b21-af82-9a8ad2a2c44b,01a07757-99b6-7ff0-bf13-83dd6ad07a1e,01a07757-99f3-7412-bb47-27981c4a4c0c,,01a07757-a2b0-7b21-af82-9a8ad2a2c44b,2026-09-06,2026-09-06 15:30:27.122507+00
01a07757-a2b0-7b21-af82-9a9598fae6bc,01a07757-99b6-7ff0-bf13-83dd6ad07a1e,01a07757-99f3-7412-bb47-27981c4a4c0c,,01a07757-a2b0-7b21-af82-9a9598fae6bc,2026-09-06,2026-09-06 15:30:27.122507+00
01a07757-a2b0-7b21-af82-9aa2b30920e7,01a07757-99b6-7ff0-bf13-83dd6ad07a1e,01a07757-99f3-7412-bb47-27981c4a4c0c,,01a07757-a2b0-7b21-af82-9aa2b30920e7,2026-09-06,2026-09-06 15:30:27.122507+00
01a07757-a2be-7cb0-b55b-9be73e466a4f,01a07757-9fb2-7d52-8bc6-bc50b332b733,01a07757-a0d6-7892-8cc3-9da563b7fc76,,01a07757-a2be-7cb0-b55b-9be73e466a4f,2026-09-06,2026-09-06 15:30:27.13557+00
01a07757-a2e0-7970-bd15-dc2607ff9d87,01a07757-99b6-7ff0-bf13-83dd6ad07a1e,01a07757-99f3-7412-bb47-27981c4a4c0c,,01a07757-a2e0-7970-bd15-dc2607ff9d87,2026-09-06,2026-09-06 15:30:27.170915+00
01a07757-a2e0-7970-bd15-dc44bc7717c1,01a07757-99b6-7ff0-bf13-83dd6ad07a1e,01a07757-99f3-7412-bb47-27981c4a4c0c,,01a07757-a2e0-7970-bd15-dc44bc7717c1,2026-09-06,2026-09-06 15:30:27.170915+00
01a07757-a2e0-7970-bd15-dc59dc65cf56,01a07757-99b6-7ff0-bf13-83dd6ad07a1e,01a07757-99f3-7412-bb47-27981c4a4c0c,,01a07757-a2e0-7970-bd15-dc59dc65cf56,2026-09-06,2026-09-06 15:30:27.170915+00
01a07757-a30a-74b0-b100-939996957783,01a07757-99b6-7ff0-bf13-83dd6ad07a1e,01a07757-99f3-7412-bb47-27981c4a4c0c,,01a07757-a30a-74b0-b100-939996957783,2026-09-06,2026-09-06 15:30:27.213559+00
01a07757-a30a-74b0-b100-93a1abd088bf,01a07757-99b6-7ff0-bf13-83dd6ad07a1e,01a07757-99f3-7412-bb47-27981c4a4c0c,,01a07757-a30a-74b0-b100-93a1abd088bf,2026-09-06,2026-09-06 15:30:27.213559+00
01a07757-a30a-74b0-b100-93b0f702e039,01a07757-99b6-7ff0-bf13-83dd6ad07a1e,01a07757-99f3-7412-bb47-27981c4a4c0c,,01a07757-a30a-74b0-b100-93b0f702e039,2026-09-06,2026-09-06 15:30:27.213559+00
01a07757-a338-70d3-af01-97fe890c348b,01a07757-99b6-7ff0-bf13-83dd6ad07a1e,01a07757-99f3-7412-bb47-27981c4a4c0c,,01a07757-a338-70d3-af01-97fe890c348b,2026-09-06,2026-09-06 15:30:27.25857+00
01a07757-a338-70d3-af01-980ba233fc3c,01a07757-99b6-7ff0-bf13-83dd6ad07a1e,01a07757-99f3-7412-bb47-27981c4a4c0c,,01a07757-a338-70d3-af01-980ba233fc3c,2026-09-06,2026-09-06 15:30:27.25857+00
01a07757-a338-70d3-af01-9811dcde8966,01a07757-99b6-7ff0-bf13-83dd6ad07a1e,01a07757-99f3-7412-bb47-27981c4a4c0c,,01a07757-a338-70d3-af01-9811dcde8966,2026-09-06,2026-09-06 15:30:27.25857+00
01a07757-a3cd-72a3-b11c-387c4b80a796,01a07757-99b6-7ff0-bf13-83dd6ad07a1e,01a07757-99f3-7412-bb47-27981c4a4c0c,,01a07757-a3cd-72a3-b11c-387c4b80a796,2026-09-06,2026-09-06 15:30:27.4078+00
01a07757-a3cd-72a3-b11c-388788f1cbc9,01a07757-99b6-7ff0-bf13-83dd6ad07a1e,01a07757-99f3-7412-bb47-27981c4a4c0c,,01a07757-a3cd-72a3-b11c-388788f1cbc9,2026-09-06,2026-09-06 15:30:27.4078+00
01a07757-a3cd-72a3-b11c-389bb2a86fb5,01a07757-99b6-7ff0-bf13-83dd6ad07a1e,01a07757-99f3-7412-bb47-27981c4a4c0c,,01a07757-a3cd-72a3-b11c-389bb2a86fb5,2026-09-06,2026-09-06 15:30:27.4078+00
01a07757-a3ec-7dc0-a145-f7ea36668042,01a07757-99b6-7ff0-bf13-83dd6ad07a1e,01a07757-99f3-7412-bb47-27981c4a4c0c,,01a07757-a3ec-7dc0-a145-f7ea36668042,2026-09-06,2026-09-06 15:30:27.43856+00
01a07757-a3ec-7dc0-a145-f7f3e29ba0f9,01a07757-99b6-7ff0-bf13-83dd6ad07a1e,01a07757-99f3-7412-bb47-27981c4a4c0c,,01a07757-a3ec-7dc0-a145-f7f3e29ba0f9,2026-09-06,2026-09-06 15:30:27.43856+00
01a07757-a3ec-7dc0-a145-f801e6f566c0,01a07757-99b6-7ff0-bf13-83dd6ad07a1e,01a07757-99f3-7412-bb47-27981c4a4c0c,,01a07757-a3ec-7dc0-a145-f801e6f566c0,2026-09-06,2026-09-06 15:30:27.43856+00
01a07757-a441-7281-b78d-f7b00473c435,01a07757-99b6-7ff0-bf13-83dd6ad07a1e,01a07757-99f3-7412-bb47-27981c4a4c0c,,01a07757-a441-7281-b78d-f7b00473c435,2026-09-06,2026-09-06 15:30:27.523955+00
01a07757-a441-7281-b78d-f7c72109826d,01a07757-99b6-7ff0-bf13-83dd6ad07a1e,01a07757-99f3-7412-bb47-27981c4a4c0c,,01a07757-a441-7281-b78d-f7c72109826d,2026-09-06,2026-09-06 15:30:27.523955+00
01a07757-a441-7281-b78d-f7d6e2f11e5a,01a07757-99b6-7ff0-bf13-83dd6ad07a1e,01a07757-99f3-7412-bb47-27981c4a4c0c,,01a07757-a441-7281-b78d-f7d6e2f11e5a,2026-09-06,2026-09-06 15:30:27.523955+00
01a07757-a462-7970-8bdb-7ab3d76a84ef,01a07757-99b6-7ff0-bf13-83dd6ad07a1e,01a07757-99f3-7412-bb47-27981c4a4c0c,,01a07757-a462-7970-8bdb-7ab3d76a84ef,2026-09-06,2026-09-06 15:30:27.558052+00
01a07757-a462-7970-8bdb-7ac4f6b6e24a,01a07757-99b6-7ff0-bf13-83dd6ad07a1e,01a07757-99f3-7412-bb47-27981c4a4c0c,,01a07757-a462-7970-8bdb-7ac4f6b6e24a,2026-09-06,2026-09-06 15:30:27.558052+00
01a07757-a462-7970-8bdb-7ada37ad537f,01a07757-99b6-7ff0-bf13-83dd6ad07a1e,01a07757-99f3-7412-bb47-27981c4a4c0c,,01a07757-a462-7970-8bdb-7ada37ad537f,2026-09-06,2026-09-06 15:30:27.558052+00
01a07757-a48d-7e82-b81f-17cfdad4772d,01a07757-99b6-7ff0-bf13-83dd6ad07a1e,01a07757-99f3-7412-bb47-27981c4a4c0c,,01a07757-a48d-7e82-b81f-17cfdad4772d,2026-09-06,2026-09-06 15:30:27.600423+00
01a07757-a48d-7e82-b81f-17dc1a3314f3,01a07757-99b6-7ff0-bf13-83dd6ad07a1e,01a07757-99f3-7412-bb47-27981c4a4c0c,,01a07757-a48d-7e82-b81f-17dc1a3314f3,2026-09-06,2026-09-06 15:30:27.600423+00
01a07757-a48d-7e82-b81f-17ef9e3019df,01a07757-99b6-7ff0-bf13-83dd6ad07a1e,01a07757-99f3-7412-bb47-27981c4a4c0c,,01a07757-a48d-7e82-b81f-17ef9e3019df,2026-09-06,2026-09-06 15:30:27.600423+00
01a07757-a4b2-70f3-85b3-a29aefe5568b,01a07757-99b6-7ff0-bf13-83dd6ad07a1e,01a07757-99f3-7412-bb47-27981c4a4c0c,,01a07757-a4b2-70f3-85b3-a29aefe5568b,2026-09-06,2026-09-06 15:30:27.637156+00
01a07757-a4b2-70f3-85b3-a2a3886894e9,01a07757-99b6-7ff0-bf13-83dd6ad07a1e,01a07757-99f3-7412-bb47-27981c4a4c0c,,01a07757-a4b2-70f3-85b3-a2a3886894e9,2026-09-06,2026-09-06 15:30:27.637156+00
01a07757-a4b2-70f3-85b3-a2be731d7f95,01a07757-99b6-7ff0-bf13-83dd6ad07a1e,01a07757-99f3-7412-bb47-27981c4a4c0c,,01a07757-a4b2-70f3-85b3-a2be731d7f95,2026-09-06,2026-09-06 15:30:27.637156+00
01a07757-a536-7d53-927f-4c4ea8937e2e,01a07757-90f6-7ca2-9931-c03ede6acaf9,01a07757-920b-70c0-aaa2-cdc1b16ae111,,01a07757-a536-7d53-927f-4c4ea8937e2e,2026-09-06,2026-09-06 15:30:27.812062+00
01a07757-a536-7d53-927f-4c5c402af6a6,01a07757-90f6-7ca2-9931-c03ede6acaf9,01a07757-920b-70c0-aaa2-cdc1b16ae111,,01a07757-a536-7d53-927f-4c5c402af6a6,2026-09-06,2026-09-06 15:30:27.812062+00
01a07757-a536-7d53-927f-4c624d01079f,01a07757-90f6-7ca2-9931-c03ede6acaf9,01a07757-920b-70c0-aaa2-cdc1b16ae111,,01a07757-a536-7d53-927f-4c624d01079f,2026-09-06,2026-09-06 15:30:27.812062+00
01a07757-a536-7d53-927f-4c7946282549,01a07757-90f6-7ca2-9931-c03ede6acaf9,01a07757-920b-70c0-aaa2-cdc1b16ae111,,01a07757-a536-7d53-927f-4c7946282549,2026-09-06,2026-09-06 15:30:27.812062+00
01a07757-a536-7d53-927f-4c881208acdf,01a07757-90f6-7ca2-9931-c03ede6acaf9,01a07757-920b-70c0-aaa2-cdc1b16ae111,,01a07757-a536-7d53-927f-4c881208acdf,2026-09-06,2026-09-06 15:30:27.812062+00
01a07757-a536-7d53-927f-4c943a8894ee,01a07757-90f6-7ca2-9931-c03ede6acaf9,01a07757-920b-70c0-aaa2-cdc1b16ae111,,01a07757-a536-7d53-927f-4c943a8894ee,2026-09-06,2026-09-06 15:30:27.812062+00
01a07757-a536-7d53-927f-4cae15d38f60,01a07757-90f6-7ca2-9931-c03ede6acaf9,01a07757-920b-70c0-aaa2-cdc1b16ae111,,01a07757-a536-7d53-927f-4cae15d38f60,2026-09-06,2026-09-06 15:30:27.812062+00
01a07757-a536-7d53-927f-4cb6b12dcad6,01a07757-90f6-7ca2-9931-c03ede6acaf9,01a07757-920b-70c0-aaa2-cdc1b16ae111,,01a07757-a536-7d53-927f-4cb6b12dcad6,2026-09-06,2026-09-06 15:30:27.812062+00
01a07757-a536-7d53-927f-4cc98277ed14,01a07757-90f6-7ca2-9931-c03ede6acaf9,01a07757-920b-70c0-aaa2-cdc1b16ae111,,01a07757-a536-7d53-927f-4cc98277ed14,2026-09-06,2026-09-06 15:30:27.812062+00
01a07757-a536-7d53-927f-4cdade34e84d,01a07757-90f6-7ca2-9931-c03ede6acaf9,01a07757-920b-70c0-aaa2-cdc1b16ae111,,01a07757-a536-7d53-927f-4cdade34e84d,2026-09-06,2026-09-06 15:30:27.812062+00
01a07757-a536-7d53-927f-4ced0040a1db,01a07757-90f6-7ca2-9931-c03ede6acaf9,01a07757-920b-70c0-aaa2-cdc1b16ae111,,01a07757-a536-7d53-927f-4ced0040a1db,2026-09-06,2026-09-06 15:30:27.812062+00
01a07757-a536-7d53-927f-4cfaddad0728,01a07757-90f6-7ca2-9931-c03ede6acaf9,01a07757-920b-70c0-aaa2-cdc1b16ae111,,01a07757-a536-7d53-927f-4cfaddad0728,2026-09-06,2026-09-06 15:30:27.812062+00
01a07757-a536-7d53-927f-4d028c878f1b,01a07757-90f6-7ca2-9931-c03ede6acaf9,01a07757-920b-70c0-aaa2-cdc1b16ae111,,01a07757-a536-7d53-927f-4d028c878f1b,2026-09-06,2026-09-06 15:30:27.812062+00
01a07757-a536-7d53-927f-4d1e5610fa02,01a07757-90f6-7ca2-9931-c03ede6acaf9,01a07757-920b-70c0-aaa2-cdc1b16ae111,,01a07757-a536-7d53-927f-4d1e5610fa02,2026-09-06,2026-09-06 15:30:27.812062+00
01a07757-a536-7d53-927f-4d2036335d81,01a07757-90f6-7ca2-9931-c03ede6acaf9,01a07757-920b-70c0-aaa2-cdc1b16ae111,,01a07757-a536-7d53-927f-4d2036335d81,2026-09-06,2026-09-06 15:30:27.812062+00
01a07757-a536-7d53-927f-4d37144e7fa8,01a07757-90f6-7ca2-9931-c03ede6acaf9,01a07757-920b-70c0-aaa2-cdc1b16ae111,,01a07757-a536-7d53-927f-4d37144e7fa8,2026-09-06,2026-09-06 15:30:27.812062+00
01a07757-a536-7d53-927f-4d4b1102b2f0,01a07757-90f6-7ca2-9931-c03ede6acaf9,01a07757-920b-70c0-aaa2-cdc1b16ae111,,01a07757-a536-7d53-927f-4d4b1102b2f0,2026-09-06,2026-09-06 15:30:27.812062+00
01a07757-a536-7d53-927f-4d5b1624b0cb,01a07757-90f6-7ca2-9931-c03ede6acaf9,01a07757-920b-70c0-aaa2-cdc1b16ae111,,01a07757-a536-7d53-927f-4d5b1624b0cb,2026-09-06,2026-09-06 15:30:27.812062+00
01a07757-a536-7d53-927f-4d63c22c5e51,01a07757-90f6-7ca2-9931-c03ede6acaf9,01a07757-920b-70c0-aaa2-cdc1b16ae111,,01a07757-a536-7d53-927f-4d63c22c5e51,2026-09-06,2026-09-06 15:30:27.812062+00
01a07757-a536-7d53-927f-4d746d770a02,01a07757-90f6-7ca2-9931-c03ede6acaf9,01a07757-920b-70c0-aaa2-cdc1b16ae111,,01a07757-a536-7d53-927f-4d746d770a02,2026-09-06,2026-09-06 15:30:27.812062+00
01a07757-a536-7d53-927f-4d84f636503e,01a07757-90f6-7ca2-9931-c03ede6acaf9,01a07757-920b-70c0-aaa2-cdc1b16ae111,,01a07757-a536-7d53-927f-4d84f636503e,2026-09-06,2026-09-06 15:30:27.812062+00
01a07757-a536-7d53-927f-4d9d5ab22930,01a07757-90f6-7ca2-9931-c03ede6acaf9,01a07757-920b-70c0-aaa2-cdc1b16ae111,,01a07757-a536-7d53-927f-4d9d5ab22930,2026-09-06,2026-09-06 15:30:27.812062+00
01a07757-a536-7d53-927f-4da6238948f5,01a07757-90f6-7ca2-9931-c03ede6acaf9,01a07757-920b-70c0-aaa2-cdc1b16ae111,,01a07757-a536-7d53-927f-4da6238948f5,2026-09-06,2026-09-06 15:30:27.812062+00
01a07757-a536-7d53-927f-4db201452568,01a07757-90f6-7ca2-9931-c03ede6acaf9,01a07757-920b-70c0-aaa2-cdc1b16ae111,,01a07757-a536-7d53-927f-4db201452568,2026-09-06,2026-09-06 15:30:27.812062+00
01a07757-a536-7d53-927f-4dc03a3ba7e8,01a07757-90f6-7ca2-9931-c03ede6acaf9,01a07757-920b-70c0-aaa2-cdc1b16ae111,,01a07757-a536-7d53-927f-4dc03a3ba7e8,2026-09-06,2026-09-06 15:30:27.812062+00
01a07757-a536-7d53-927f-4dd5b72a7c33,01a07757-90f6-7ca2-9931-c03ede6acaf9,01a07757-920b-70c0-aaa2-cdc1b16ae111,,01a07757-a536-7d53-927f-4dd5b72a7c33,2026-09-06,2026-09-06 15:30:27.812062+00
01a07757-a537-74a3-a019-0d44bdb7d553,01a07757-90f6-7ca2-9931-c03ede6acaf9,01a07757-920b-70c0-aaa2-cdc1b16ae111,,01a07757-a537-74a3-a019-0d44bdb7d553,2026-09-06,2026-09-06 15:30:27.812062+00
01a07757-a537-74a3-a019-0d53f2ff7502,01a07757-90f6-7ca2-9931-c03ede6acaf9,01a07757-920b-70c0-aaa2-cdc1b16ae111,,01a07757-a537-74a3-a019-0d53f2ff7502,2026-09-06,2026-09-06 15:30:27.812062+00
01a07757-a537-74a3-a019-0d67ab9c037f,01a07757-90f6-7ca2-9931-c03ede6acaf9,01a07757-920b-70c0-aaa2-cdc1b16ae111,,01a07757-a537-74a3-a019-0d67ab9c037f,2026-09-06,2026-09-06 15:30:27.812062+00
01a07757-a537-74a3-a019-0d72ff92e76b,01a07757-90f6-7ca2-9931-c03ede6acaf9,01a07757-920b-70c0-aaa2-cdc1b16ae111,,01a07757-a537-74a3-a019-0d72ff92e76b,2026-09-06,2026-09-06 15:30:27.812062+00
01a07757-a537-74a3-a019-0d8dd00825f4,01a07757-90f6-7ca2-9931-c03ede6acaf9,01a07757-920b-70c0-aaa2-cdc1b16ae111,,01a07757-a537-74a3-a019-0d8dd00825f4,2026-09-06,2026-09-06 15:30:27.812062+00
01a07757-a537-74a3-a019-0d9db7b8a490,01a07757-90f6-7ca2-9931-c03ede6acaf9,01a07757-920b-70c0-aaa2-cdc1b16ae111,,01a07757-a537-74a3-a019-0d9db7b8a490,2026-09-06,2026-09-06 15:30:27.812062+00
01a07757-a537-74a3-a019-0dacbafc1942,01a07757-90f6-7ca2-9931-c03ede6acaf9,01a07757-920b-70c0-aaa2-cdc1b16ae111,,01a07757-a537-74a3-a019-0dacbafc1942,2026-09-06,2026-09-06 15:30:27.812062+00
01a07757-a537-74a3-a019-0db5786f75d5,01a07757-90f6-7ca2-9931-c03ede6acaf9,01a07757-920b-70c0-aaa2-cdc1b16ae111,,01a07757-a537-74a3-a019-0db5786f75d5,2026-09-06,2026-09-06 15:30:27.812062+00
01a07757-a537-74a3-a019-0dc4ea2188d0,01a07757-90f6-7ca2-9931-c03ede6acaf9,01a07757-920b-70c0-aaa2-cdc1b16ae111,,01a07757-a537-74a3-a019-0dc4ea2188d0,2026-09-06,2026-09-06 15:30:27.812062+00
01a07757-a537-74a3-a019-0dded5e1eb68,01a07757-90f6-7ca2-9931-c03ede6acaf9,01a07757-920b-70c0-aaa2-cdc1b16ae111,,01a07757-a537-74a3-a019-0dded5e1eb68,2026-09-06,2026-09-06 15:30:27.812062+00
01a07757-a537-74a3-a019-0debf7a37478,01a07757-90f6-7ca2-9931-c03ede6acaf9,01a07757-920b-70c0-aaa2-cdc1b16ae111,,01a07757-a537-74a3-a019-0debf7a37478,2026-09-06,2026-09-06 15:30:27.812062+00
01a07757-a537-74a3-a019-0dfe810228b4,01a07757-90f6-7ca2-9931-c03ede6acaf9,01a07757-920b-70c0-aaa2-cdc1b16ae111,,01a07757-a537-74a3-a019-0dfe810228b4,2026-09-06,2026-09-06 15:30:27.812062+00
01a07757-a537-74a3-a019-0e05cb0d8a36,01a07757-90f6-7ca2-9931-c03ede6acaf9,01a07757-920b-70c0-aaa2-cdc1b16ae111,,01a07757-a537-74a3-a019-0e05cb0d8a36,2026-09-06,2026-09-06 15:30:27.812062+00
01a07757-a537-74a3-a019-0e1111f1ed18,01a07757-90f6-7ca2-9931-c03ede6acaf9,01a07757-920b-70c0-aaa2-cdc1b16ae111,,01a07757-a537-74a3-a019-0e1111f1ed18,2026-09-06,2026-09-06 15:30:27.812062+00
01a07757-a537-74a3-a019-0e20bc27a922,01a07757-90f6-7ca2-9931-c03ede6acaf9,01a07757-920b-70c0-aaa2-cdc1b16ae111,,01a07757-a537-74a3-a019-0e20bc27a922,2026-09-06,2026-09-06 15:30:27.812062+00
01a07757-a537-74a3-a019-0e3afdd563b3,01a07757-90f6-7ca2-9931-c03ede6acaf9,01a07757-920b-70c0-aaa2-cdc1b16ae111,,01a07757-a537-74a3-a019-0e3afdd563b3,2026-09-06,2026-09-06 15:30:27.812062+00
01a07757-a537-74a3-a019-0e463f410bda,01a07757-90f6-7ca2-9931-c03ede6acaf9,01a07757-920b-70c0-aaa2-cdc1b16ae111,,01a07757-a537-74a3-a019-0e463f410bda,2026-09-06,2026-09-06 15:30:27.812062+00
01a07757-a537-74a3-a019-0e5ba952c602,01a07757-90f6-7ca2-9931-c03ede6acaf9,01a07757-920b-70c0-aaa2-cdc1b16ae111,,01a07757-a537-74a3-a019-0e5ba952c602,2026-09-06,2026-09-06 15:30:27.812062+00
01a07757-a537-74a3-a019-0e6a3db32798,01a07757-90f6-7ca2-9931-c03ede6acaf9,01a07757-920b-70c0-aaa2-cdc1b16ae111,,01a07757-a537-74a3-a019-0e6a3db32798,2026-09-06,2026-09-06 15:30:27.812062+00
01a07757-a537-74a3-a019-0e737ed7c12e,01a07757-90f6-7ca2-9931-c03ede6acaf9,01a07757-920b-70c0-aaa2-cdc1b16ae111,,01a07757-a537-74a3-a019-0e737ed7c12e,2026-09-06,2026-09-06 15:30:27.812062+00
01a07757-a537-74a3-a019-0e86a7d5ba65,01a07757-90f6-7ca2-9931-c03ede6acaf9,01a07757-920b-70c0-aaa2-cdc1b16ae111,,01a07757-a537-74a3-a019-0e86a7d5ba65,2026-09-06,2026-09-06 15:30:27.812062+00
01a07757-a537-74a3-a019-0e95c13dbd4b,01a07757-90f6-7ca2-9931-c03ede6acaf9,01a07757-920b-70c0-aaa2-cdc1b16ae111,,01a07757-a537-74a3-a019-0e95c13dbd4b,2026-09-06,2026-09-06 15:30:27.812062+00
01a07757-a537-74a3-a019-0eaba0102191,01a07757-90f6-7ca2-9931-c03ede6acaf9,01a07757-920b-70c0-aaa2-cdc1b16ae111,,01a07757-a537-74a3-a019-0eaba0102191,2026-09-06,2026-09-06 15:30:27.812062+00
01a07757-a537-74a3-a019-0ebad89c25b0,01a07757-90f6-7ca2-9931-c03ede6acaf9,01a07757-920b-70c0-aaa2-cdc1b16ae111,,01a07757-a537-74a3-a019-0ebad89c25b0,2026-09-06,2026-09-06 15:30:27.812062+00
01a07757-a537-74a3-a019-0ecd29402449,01a07757-90f6-7ca2-9931-c03ede6acaf9,01a07757-920b-70c0-aaa2-cdc1b16ae111,,01a07757-a537-74a3-a019-0ecd29402449,2026-09-06,2026-09-06 15:30:27.812062+00
01a07757-a537-74a3-a019-0edc8f687974,01a07757-90f6-7ca2-9931-c03ede6acaf9,01a07757-920b-70c0-aaa2-cdc1b16ae111,,01a07757-a537-74a3-a019-0edc8f687974,2026-09-06,2026-09-06 15:30:27.812062+00
01a07757-a537-74a3-a019-0ee8dd16b90f,01a07757-90f6-7ca2-9931-c03ede6acaf9,01a07757-920b-70c0-aaa2-cdc1b16ae111,,01a07757-a537-74a3-a019-0ee8dd16b90f,2026-09-06,2026-09-06 15:30:27.812062+00
01a07757-a537-74a3-a019-0ef89e670abe,01a07757-90f6-7ca2-9931-c03ede6acaf9,01a07757-920b-70c0-aaa2-cdc1b16ae111,,01a07757-a537-74a3-a019-0ef89e670abe,2026-09-06,2026-09-06 15:30:27.812062+00
01a07757-a537-74a3-a019-0f01ec031029,01a07757-90f6-7ca2-9931-c03ede6acaf9,01a07757-920b-70c0-aaa2-cdc1b16ae111,,01a07757-a537-74a3-a019-0f01ec031029,2026-09-06,2026-09-06 15:30:27.812062+00
01a07757-a537-74a3-a019-0f135c87fc91,01a07757-90f6-7ca2-9931-c03ede6acaf9,01a07757-920b-70c0-aaa2-cdc1b16ae111,,01a07757-a537-74a3-a019-0f135c87fc91,2026-09-06,2026-09-06 15:30:27.812062+00
01a07757-a537-74a3-a019-0f2e1696126b,01a07757-90f6-7ca2-9931-c03ede6acaf9,01a07757-920b-70c0-aaa2-cdc1b16ae111,,01a07757-a537-74a3-a019-0f2e1696126b,2026-09-06,2026-09-06 15:30:27.812062+00
01a07757-a537-74a3-a019-0f3e50cfd457,01a07757-90f6-7ca2-9931-c03ede6acaf9,01a07757-920b-70c0-aaa2-cdc1b16ae111,,01a07757-a537-74a3-a019-0f3e50cfd457,2026-09-06,2026-09-06 15:30:27.812062+00
01a07757-a537-74a3-a019-0f4d080f6d61,01a07757-90f6-7ca2-9931-c03ede6acaf9,01a07757-920b-70c0-aaa2-cdc1b16ae111,,01a07757-a537-74a3-a019-0f4d080f6d61,2026-09-06,2026-09-06 15:30:27.812062+00
01a07757-a537-74a3-a019-0f5548c914cd,01a07757-90f6-7ca2-9931-c03ede6acaf9,01a07757-920b-70c0-aaa2-cdc1b16ae111,,01a07757-a537-74a3-a019-0f5548c914cd,2026-09-06,2026-09-06 15:30:27.812062+00
01a07757-a537-74a3-a019-0f6f2ab3ee28,01a07757-90f6-7ca2-9931-c03ede6acaf9,01a07757-920b-70c0-aaa2-cdc1b16ae111,,01a07757-a537-74a3-a019-0f6f2ab3ee28,2026-09-06,2026-09-06 15:30:27.812062+00
01a07757-a537-74a3-a019-0f7ce4e5c130,01a07757-90f6-7ca2-9931-c03ede6acaf9,01a07757-920b-70c0-aaa2-cdc1b16ae111,,01a07757-a537-74a3-a019-0f7ce4e5c130,2026-09-06,2026-09-06 15:30:27.812062+00
01a07757-a537-74a3-a019-0f84667b39b9,01a07757-90f6-7ca2-9931-c03ede6acaf9,01a07757-920b-70c0-aaa2-cdc1b16ae111,,01a07757-a537-74a3-a019-0f84667b39b9,2026-09-06,2026-09-06 15:30:27.812062+00
01a07757-a537-74a3-a019-0f947dcf527c,01a07757-90f6-7ca2-9931-c03ede6acaf9,01a07757-920b-70c0-aaa2-cdc1b16ae111,,01a07757-a537-74a3-a019-0f947dcf527c,2026-09-06,2026-09-06 15:30:27.812062+00
01a07757-a537-74a3-a019-0fa94177f5e0,01a07757-90f6-7ca2-9931-c03ede6acaf9,01a07757-920b-70c0-aaa2-cdc1b16ae111,,01a07757-a537-74a3-a019-0fa94177f5e0,2026-09-06,2026-09-06 15:30:27.812062+00
01a07757-a537-74a3-a019-0fb512e1d98c,01a07757-90f6-7ca2-9931-c03ede6acaf9,01a07757-920b-70c0-aaa2-cdc1b16ae111,,01a07757-a537-74a3-a019-0fb512e1d98c,2026-09-06,2026-09-06 15:30:27.812062+00
01a07757-a537-74a3-a019-0fc4a88ddad9,01a07757-90f6-7ca2-9931-c03ede6acaf9,01a07757-920b-70c0-aaa2-cdc1b16ae111,,01a07757-a537-74a3-a019-0fc4a88ddad9,2026-09-06,2026-09-06 15:30:27.812062+00
01a07757-a537-74a3-a019-0fd419bfd186,01a07757-90f6-7ca2-9931-c03ede6acaf9,01a07757-920b-70c0-aaa2-cdc1b16ae111,,01a07757-a537-74a3-a019-0fd419bfd186,2026-09-06,2026-09-06 15:30:27.812062+00
01a07757-a537-74a3-a019-0fef856e58a4,01a07757-90f6-7ca2-9931-c03ede6acaf9,01a07757-920b-70c0-aaa2-cdc1b16ae111,,01a07757-a537-74a3-a019-0fef856e58a4,2026-09-06,2026-09-06 15:30:27.812062+00
01a07757-a537-74a3-a019-0ffd96554961,01a07757-90f6-7ca2-9931-c03ede6acaf9,01a07757-920b-70c0-aaa2-cdc1b16ae111,,01a07757-a537-74a3-a019-0ffd96554961,2026-09-06,2026-09-06 15:30:27.812062+00
01a07757-a537-74a3-a019-1000d8233e03,01a07757-90f6-7ca2-9931-c03ede6acaf9,01a07757-920b-70c0-aaa2-cdc1b16ae111,,01a07757-a537-74a3-a019-1000d8233e03,2026-09-06,2026-09-06 15:30:27.812062+00
01a07757-a537-74a3-a019-10115f064fc0,01a07757-90f6-7ca2-9931-c03ede6acaf9,01a07757-920b-70c0-aaa2-cdc1b16ae111,,01a07757-a537-74a3-a019-10115f064fc0,2026-09-06,2026-09-06 15:30:27.812062+00
01a07757-a537-74a3-a019-10261d278501,01a07757-90f6-7ca2-9931-c03ede6acaf9,01a07757-920b-70c0-aaa2-cdc1b16ae111,,01a07757-a537-74a3-a019-10261d278501,2026-09-06,2026-09-06 15:30:27.812062+00
01a07757-a537-74a3-a019-103729a6eed5,01a07757-90f6-7ca2-9931-c03ede6acaf9,01a07757-920b-70c0-aaa2-cdc1b16ae111,,01a07757-a537-74a3-a019-103729a6eed5,2026-09-06,2026-09-06 15:30:27.812062+00
01a07757-a537-74a3-a019-10443a95fc94,01a07757-90f6-7ca2-9931-c03ede6acaf9,01a07757-920b-70c0-aaa2-cdc1b16ae111,,01a07757-a537-74a3-a019-10443a95fc94,2026-09-06,2026-09-06 15:30:27.812062+00
01a07757-a537-74a3-a019-105d64ef2165,01a07757-90f6-7ca2-9931-c03ede6acaf9,01a07757-920b-70c0-aaa2-cdc1b16ae111,,01a07757-a537-74a3-a019-105d64ef2165,2026-09-06,2026-09-06 15:30:27.812062+00
01a07757-a537-74a3-a019-106b80796e45,01a07757-90f6-7ca2-9931-c03ede6acaf9,01a07757-920b-70c0-aaa2-cdc1b16ae111,,01a07757-a537-74a3-a019-106b80796e45,2026-09-06,2026-09-06 15:30:27.812062+00
01a07757-a537-74a3-a019-1071df8794e2,01a07757-90f6-7ca2-9931-c03ede6acaf9,01a07757-920b-70c0-aaa2-cdc1b16ae111,,01a07757-a537-74a3-a019-1071df8794e2,2026-09-06,2026-09-06 15:30:27.812062+00
01a07757-a537-74a3-a019-108acf8b6d2b,01a07757-90f6-7ca2-9931-c03ede6acaf9,01a07757-920b-70c0-aaa2-cdc1b16ae111,,01a07757-a537-74a3-a019-108acf8b6d2b,2026-09-06,2026-09-06 15:30:27.812062+00
01a07757-a537-74a3-a019-109d721c48b8,01a07757-90f6-7ca2-9931-c03ede6acaf9,01a07757-920b-70c0-aaa2-cdc1b16ae111,,01a07757-a537-74a3-a019-109d721c48b8,2026-09-06,2026-09-06 15:30:27.812062+00
01a07757-a537-74a3-a019-10ace17a0d08,01a07757-90f6-7ca2-9931-c03ede6acaf9,01a07757-920b-70c0-aaa2-cdc1b16ae111,,01a07757-a537-74a3-a019-10ace17a0d08,2026-09-06,2026-09-06 15:30:27.812062+00
01a07757-a537-74a3-a019-10b6bd06165d,01a07757-90f6-7ca2-9931-c03ede6acaf9,01a07757-920b-70c0-aaa2-cdc1b16ae111,,01a07757-a537-74a3-a019-10b6bd06165d,2026-09-06,2026-09-06 15:30:27.812062+00
01a07757-a537-74a3-a019-10c810b6475f,01a07757-90f6-7ca2-9931-c03ede6acaf9,01a07757-920b-70c0-aaa2-cdc1b16ae111,,01a07757-a537-74a3-a019-10c810b6475f,2026-09-06,2026-09-06 15:30:27.812062+00
01a07757-a537-74a3-a019-10d2f12c16f2,01a07757-90f6-7ca2-9931-c03ede6acaf9,01a07757-920b-70c0-aaa2-cdc1b16ae111,,01a07757-a537-74a3-a019-10d2f12c16f2,2026-09-06,2026-09-06 15:30:27.812062+00
01a07757-a537-74a3-a019-10e77d7f4147,01a07757-90f6-7ca2-9931-c03ede6acaf9,01a07757-920b-70c0-aaa2-cdc1b16ae111,,01a07757-a537-74a3-a019-10e77d7f4147,2026-09-06,2026-09-06 15:30:27.812062+00
01a07757-a537-74a3-a019-10faa5629151,01a07757-90f6-7ca2-9931-c03ede6acaf9,01a07757-920b-70c0-aaa2-cdc1b16ae111,,01a07757-a537-74a3-a019-10faa5629151,2026-09-06,2026-09-06 15:30:27.812062+00
01a07757-a537-74a3-a019-1105535cd6fa,01a07757-90f6-7ca2-9931-c03ede6acaf9,01a07757-920b-70c0-aaa2-cdc1b16ae111,,01a07757-a537-74a3-a019-1105535cd6fa,2026-09-06,2026-09-06 15:30:27.812062+00
01a07757-a537-74a3-a019-111a45f2576e,01a07757-90f6-7ca2-9931-c03ede6acaf9,01a07757-920b-70c0-aaa2-cdc1b16ae111,,01a07757-a537-74a3-a019-111a45f2576e,2026-09-06,2026-09-06 15:30:27.812062+00
01a07757-a537-74a3-a019-11295cc27a87,01a07757-90f6-7ca2-9931-c03ede6acaf9,01a07757-920b-70c0-aaa2-cdc1b16ae111,,01a07757-a537-74a3-a019-11295cc27a87,2026-09-06,2026-09-06 15:30:27.812062+00
01a07757-a537-74a3-a019-1133830911eb,01a07757-90f6-7ca2-9931-c03ede6acaf9,01a07757-920b-70c0-aaa2-cdc1b16ae111,,01a07757-a537-74a3-a019-1133830911eb,2026-09-06,2026-09-06 15:30:27.812062+00
01a07757-a537-74a3-a019-11464d96f883,01a07757-90f6-7ca2-9931-c03ede6acaf9,01a07757-920b-70c0-aaa2-cdc1b16ae111,,01a07757-a537-74a3-a019-11464d96f883,2026-09-06,2026-09-06 15:30:27.812062+00
01a07757-a537-74a3-a019-115f03c79d50,01a07757-90f6-7ca2-9931-c03ede6acaf9,01a07757-920b-70c0-aaa2-cdc1b16ae111,,01a07757-a537-74a3-a019-115f03c79d50,2026-09-06,2026-09-06 15:30:27.812062+00
01a07757-a537-74a3-a019-11686a0c1feb,01a07757-90f6-7ca2-9931-c03ede6acaf9,01a07757-920b-70c0-aaa2-cdc1b16ae111,,01a07757-a537-74a3-a019-11686a0c1feb,2026-09-06,2026-09-06 15:30:27.812062+00
01a07757-a537-74a3-a019-11723d487938,01a07757-90f6-7ca2-9931-c03ede6acaf9,01a07757-920b-70c0-aaa2-cdc1b16ae111,,01a07757-a537-74a3-a019-11723d487938,2026-09-06,2026-09-06 15:30:27.812062+00
01a07757-a537-74a3-a019-118f409c86be,01a07757-90f6-7ca2-9931-c03ede6acaf9,01a07757-920b-70c0-aaa2-cdc1b16ae111,,01a07757-a537-74a3-a019-118f409c86be,2026-09-06,2026-09-06 15:30:27.812062+00
01a07757-a537-74a3-a019-1194515dda56,01a07757-90f6-7ca2-9931-c03ede6acaf9,01a07757-920b-70c0-aaa2-cdc1b16ae111,,01a07757-a537-74a3-a019-1194515dda56,2026-09-06,2026-09-06 15:30:27.812062+00
01a07757-a537-74a3-a019-11a704618b57,01a07757-90f6-7ca2-9931-c03ede6acaf9,01a07757-920b-70c0-aaa2-cdc1b16ae111,,01a07757-a537-74a3-a019-11a704618b57,2026-09-06,2026-09-06 15:30:27.812062+00
01a07757-a537-74a3-a019-11bd3c776933,01a07757-90f6-7ca2-9931-c03ede6acaf9,01a07757-920b-70c0-aaa2-cdc1b16ae111,,01a07757-a537-74a3-a019-11bd3c776933,2026-09-06,2026-09-06 15:30:27.812062+00
01a07757-a537-74a3-a019-11c9364eea74,01a07757-90f6-7ca2-9931-c03ede6acaf9,01a07757-920b-70c0-aaa2-cdc1b16ae111,,01a07757-a537-74a3-a019-11c9364eea74,2026-09-06,2026-09-06 15:30:27.812062+00
01a07757-a537-74a3-a019-11d5d78031bb,01a07757-90f6-7ca2-9931-c03ede6acaf9,01a07757-920b-70c0-aaa2-cdc1b16ae111,,01a07757-a537-74a3-a019-11d5d78031bb,2026-09-06,2026-09-06 15:30:27.812062+00
01a07757-a785-7bd1-a8ec-a7d6b95cdd3b,01a07757-90f6-7ca2-9931-c03ede6acaf9,01a07757-920b-70c0-aaa2-cdc1b16ae111,,01a07757-a785-7bd1-a8ec-a7d6b95cdd3b,2026-09-06,2026-09-06 15:30:28.390981+00
01a07757-a785-7bd1-a8ec-a7e0959422db,01a07757-90f6-7ca2-9931-c03ede6acaf9,01a07757-920b-70c0-aaa2-cdc1b16ae111,,01a07757-a785-7bd1-a8ec-a7e0959422db,2026-09-06,2026-09-06 15:30:28.390981+00
01a07757-a785-7bd1-a8ec-a7fbbc8804a5,01a07757-90f6-7ca2-9931-c03ede6acaf9,01a07757-920b-70c0-aaa2-cdc1b16ae111,,01a07757-a785-7bd1-a8ec-a7fbbc8804a5,2026-09-06,2026-09-06 15:30:28.390981+00
01a07757-a785-7bd1-a8ec-a80b5decb7b3,01a07757-90f6-7ca2-9931-c03ede6acaf9,01a07757-920b-70c0-aaa2-cdc1b16ae111,,01a07757-a785-7bd1-a8ec-a80b5decb7b3,2026-09-06,2026-09-06 15:30:28.390981+00
01a07757-a785-7bd1-a8ec-a818d64160aa,01a07757-90f6-7ca2-9931-c03ede6acaf9,01a07757-920b-70c0-aaa2-cdc1b16ae111,,01a07757-a785-7bd1-a8ec-a818d64160aa,2026-09-06,2026-09-06 15:30:28.390981+00
01a07757-a785-7bd1-a8ec-a8283143084d,01a07757-90f6-7ca2-9931-c03ede6acaf9,01a07757-920b-70c0-aaa2-cdc1b16ae111,,01a07757-a785-7bd1-a8ec-a8283143084d,2026-09-06,2026-09-06 15:30:28.390981+00
01a07757-a785-7bd1-a8ec-a8365a145a53,01a07757-90f6-7ca2-9931-c03ede6acaf9,01a07757-920b-70c0-aaa2-cdc1b16ae111,,01a07757-a785-7bd1-a8ec-a8365a145a53,2026-09-06,2026-09-06 15:30:28.390981+00
01a07757-a785-7bd1-a8ec-a84bf580db74,01a07757-90f6-7ca2-9931-c03ede6acaf9,01a07757-920b-70c0-aaa2-cdc1b16ae111,,01a07757-a785-7bd1-a8ec-a84bf580db74,2026-09-06,2026-09-06 15:30:28.390981+00
01a07757-a785-7bd1-a8ec-a851f4dc2538,01a07757-90f6-7ca2-9931-c03ede6acaf9,01a07757-920b-70c0-aaa2-cdc1b16ae111,,01a07757-a785-7bd1-a8ec-a851f4dc2538,2026-09-06,2026-09-06 15:30:28.390981+00
01a07757-a785-7bd1-a8ec-a86923fb0fcb,01a07757-90f6-7ca2-9931-c03ede6acaf9,01a07757-920b-70c0-aaa2-cdc1b16ae111,,01a07757-a785-7bd1-a8ec-a86923fb0fcb,2026-09-06,2026-09-06 15:30:28.390981+00
01a07757-a785-7bd1-a8ec-a875983a8da3,01a07757-90f6-7ca2-9931-c03ede6acaf9,01a07757-920b-70c0-aaa2-cdc1b16ae111,,01a07757-a785-7bd1-a8ec-a875983a8da3,2026-09-06,2026-09-06 15:30:28.390981+00
01a07757-a785-7bd1-a8ec-a8896dea62cf,01a07757-90f6-7ca2-9931-c03ede6acaf9,01a07757-920b-70c0-aaa2-cdc1b16ae111,,01a07757-a785-7bd1-a8ec-a8896dea62cf,2026-09-06,2026-09-06 15:30:28.390981+00
01a07757-a785-7bd1-a8ec-a8900c5035e6,01a07757-90f6-7ca2-9931-c03ede6acaf9,01a07757-920b-70c0-aaa2-cdc1b16ae111,,01a07757-a785-7bd1-a8ec-a8900c5035e6,2026-09-06,2026-09-06 15:30:28.390981+00
01a07757-a785-7bd1-a8ec-a8adb40a36da,01a07757-90f6-7ca2-9931-c03ede6acaf9,01a07757-920b-70c0-aaa2-cdc1b16ae111,,01a07757-a785-7bd1-a8ec-a8adb40a36da,2026-09-06,2026-09-06 15:30:28.390981+00
01a07757-a785-7bd1-a8ec-a8b9c8408114,01a07757-90f6-7ca2-9931-c03ede6acaf9,01a07757-920b-70c0-aaa2-cdc1b16ae111,,01a07757-a785-7bd1-a8ec-a8b9c8408114,2026-09-06,2026-09-06 15:30:28.390981+00
01a07757-a785-7bd1-a8ec-a8c7835f42ea,01a07757-90f6-7ca2-9931-c03ede6acaf9,01a07757-920b-70c0-aaa2-cdc1b16ae111,,01a07757-a785-7bd1-a8ec-a8c7835f42ea,2026-09-06,2026-09-06 15:30:28.390981+00
01a07757-a785-7bd1-a8ec-a8db8d13ddb9,01a07757-90f6-7ca2-9931-c03ede6acaf9,01a07757-920b-70c0-aaa2-cdc1b16ae111,,01a07757-a785-7bd1-a8ec-a8db8d13ddb9,2026-09-06,2026-09-06 15:30:28.390981+00
01a07757-a785-7bd1-a8ec-a8e8b7781446,01a07757-90f6-7ca2-9931-c03ede6acaf9,01a07757-920b-70c0-aaa2-cdc1b16ae111,,01a07757-a785-7bd1-a8ec-a8e8b7781446,2026-09-06,2026-09-06 15:30:28.390981+00
01a07757-a785-7bd1-a8ec-a8fc3edb2cc8,01a07757-90f6-7ca2-9931-c03ede6acaf9,01a07757-920b-70c0-aaa2-cdc1b16ae111,,01a07757-a785-7bd1-a8ec-a8fc3edb2cc8,2026-09-06,2026-09-06 15:30:28.390981+00
01a07757-a785-7bd1-a8ec-a90b4009cb9b,01a07757-90f6-7ca2-9931-c03ede6acaf9,01a07757-920b-70c0-aaa2-cdc1b16ae111,,01a07757-a785-7bd1-a8ec-a90b4009cb9b,2026-09-06,2026-09-06 15:30:28.390981+00
01a07757-a785-7bd1-a8ec-a9157e728328,01a07757-90f6-7ca2-9931-c03ede6acaf9,01a07757-920b-70c0-aaa2-cdc1b16ae111,,01a07757-a785-7bd1-a8ec-a9157e728328,2026-09-06,2026-09-06 15:30:28.390981+00
01a07757-a785-7bd1-a8ec-a92db680052a,01a07757-90f6-7ca2-9931-c03ede6acaf9,01a07757-920b-70c0-aaa2-cdc1b16ae111,,01a07757-a785-7bd1-a8ec-a92db680052a,2026-09-06,2026-09-06 15:30:28.390981+00
01a07757-a785-7bd1-a8ec-a93b6d127c57,01a07757-90f6-7ca2-9931-c03ede6acaf9,01a07757-920b-70c0-aaa2-cdc1b16ae111,,01a07757-a785-7bd1-a8ec-a93b6d127c57,2026-09-06,2026-09-06 15:30:28.390981+00
01a07757-a785-7bd1-a8ec-a947e28a7d89,01a07757-90f6-7ca2-9931-c03ede6acaf9,01a07757-920b-70c0-aaa2-cdc1b16ae111,,01a07757-a785-7bd1-a8ec-a947e28a7d89,2026-09-06,2026-09-06 15:30:28.390981+00
01a07757-a785-7bd1-a8ec-a9578d5fe51d,01a07757-90f6-7ca2-9931-c03ede6acaf9,01a07757-920b-70c0-aaa2-cdc1b16ae111,,01a07757-a785-7bd1-a8ec-a9578d5fe51d,2026-09-06,2026-09-06 15:30:28.390981+00
01a07757-a785-7bd1-a8ec-a966d45d9cd3,01a07757-90f6-7ca2-9931-c03ede6acaf9,01a07757-920b-70c0-aaa2-cdc1b16ae111,,01a07757-a785-7bd1-a8ec-a966d45d9cd3,2026-09-06,2026-09-06 15:30:28.390981+00
01a07757-a785-7bd1-a8ec-a97c8beb806c,01a07757-90f6-7ca2-9931-c03ede6acaf9,01a07757-920b-70c0-aaa2-cdc1b16ae111,,01a07757-a785-7bd1-a8ec-a97c8beb806c,2026-09-06,2026-09-06 15:30:28.390981+00
01a07757-a785-7bd1-a8ec-a9849cc84dab,01a07757-90f6-7ca2-9931-c03ede6acaf9,01a07757-920b-70c0-aaa2-cdc1b16ae111,,01a07757-a785-7bd1-a8ec-a9849cc84dab,2026-09-06,2026-09-06 15:30:28.390981+00
01a07757-a785-7bd1-a8ec-a99ec21b63f9,01a07757-90f6-7ca2-9931-c03ede6acaf9,01a07757-920b-70c0-aaa2-cdc1b16ae111,,01a07757-a785-7bd1-a8ec-a99ec21b63f9,2026-09-06,2026-09-06 15:30:28.390981+00
01a07757-a785-7bd1-a8ec-a9a938da96e6,01a07757-90f6-7ca2-9931-c03ede6acaf9,01a07757-920b-70c0-aaa2-cdc1b16ae111,,01a07757-a785-7bd1-a8ec-a9a938da96e6,2026-09-06,2026-09-06 15:30:28.390981+00
01a07757-a785-7bd1-a8ec-a9bd59773bd1,01a07757-90f6-7ca2-9931-c03ede6acaf9,01a07757-920b-70c0-aaa2-cdc1b16ae111,,01a07757-a785-7bd1-a8ec-a9bd59773bd1,2026-09-06,2026-09-06 15:30:28.390981+00
01a07757-a785-7bd1-a8ec-a9c8a223616e,01a07757-90f6-7ca2-9931-c03ede6acaf9,01a07757-920b-70c0-aaa2-cdc1b16ae111,,01a07757-a785-7bd1-a8ec-a9c8a223616e,2026-09-06,2026-09-06 15:30:28.390981+00
01a07757-a785-7bd1-a8ec-a9d8198cd444,01a07757-90f6-7ca2-9931-c03ede6acaf9,01a07757-920b-70c0-aaa2-cdc1b16ae111,,01a07757-a785-7bd1-a8ec-a9d8198cd444,2026-09-06,2026-09-06 15:30:28.390981+00
01a07757-a785-7bd1-a8ec-a9ef20c25bf0,01a07757-90f6-7ca2-9931-c03ede6acaf9,01a07757-920b-70c0-aaa2-cdc1b16ae111,,01a07757-a785-7bd1-a8ec-a9ef20c25bf0,2026-09-06,2026-09-06 15:30:28.390981+00
01a07757-a785-7bd1-a8ec-a9f3c820b813,01a07757-90f6-7ca2-9931-c03ede6acaf9,01a07757-920b-70c0-aaa2-cdc1b16ae111,,01a07757-a785-7bd1-a8ec-a9f3c820b813,2026-09-06,2026-09-06 15:30:28.390981+00
01a07757-a785-7bd1-a8ec-aa03629c1b04,01a07757-90f6-7ca2-9931-c03ede6acaf9,01a07757-920b-70c0-aaa2-cdc1b16ae111,,01a07757-a785-7bd1-a8ec-aa03629c1b04,2026-09-06,2026-09-06 15:30:28.390981+00
01a07757-a785-7bd1-a8ec-aa1881ee2486,01a07757-90f6-7ca2-9931-c03ede6acaf9,01a07757-920b-70c0-aaa2-cdc1b16ae111,,01a07757-a785-7bd1-a8ec-aa1881ee2486,2026-09-06,2026-09-06 15:30:28.390981+00
01a07757-a785-7bd1-a8ec-aa20534c0978,01a07757-90f6-7ca2-9931-c03ede6acaf9,01a07757-920b-70c0-aaa2-cdc1b16ae111,,01a07757-a785-7bd1-a8ec-aa20534c0978,2026-09-06,2026-09-06 15:30:28.390981+00
01a07757-a785-7bd1-a8ec-aa36054a3ae2,01a07757-90f6-7ca2-9931-c03ede6acaf9,01a07757-920b-70c0-aaa2-cdc1b16ae111,,01a07757-a785-7bd1-a8ec-aa36054a3ae2,2026-09-06,2026-09-06 15:30:28.390981+00
01a07757-a785-7bd1-a8ec-aa4b6c5a2cb8,01a07757-90f6-7ca2-9931-c03ede6acaf9,01a07757-920b-70c0-aaa2-cdc1b16ae111,,01a07757-a785-7bd1-a8ec-aa4b6c5a2cb8,2026-09-06,2026-09-06 15:30:28.390981+00
01a07757-a785-7bd1-a8ec-aa518ef86690,01a07757-90f6-7ca2-9931-c03ede6acaf9,01a07757-920b-70c0-aaa2-cdc1b16ae111,,01a07757-a785-7bd1-a8ec-aa518ef86690,2026-09-06,2026-09-06 15:30:28.390981+00
01a07757-a785-7bd1-a8ec-aa6d49596145,01a07757-90f6-7ca2-9931-c03ede6acaf9,01a07757-920b-70c0-aaa2-cdc1b16ae111,,01a07757-a785-7bd1-a8ec-aa6d49596145,2026-09-06,2026-09-06 15:30:28.390981+00
01a07757-a785-7bd1-a8ec-aa710d8e2c9b,01a07757-90f6-7ca2-9931-c03ede6acaf9,01a07757-920b-70c0-aaa2-cdc1b16ae111,,01a07757-a785-7bd1-a8ec-aa710d8e2c9b,2026-09-06,2026-09-06 15:30:28.390981+00
01a07757-a785-7bd1-a8ec-aa84e51e46ef,01a07757-90f6-7ca2-9931-c03ede6acaf9,01a07757-920b-70c0-aaa2-cdc1b16ae111,,01a07757-a785-7bd1-a8ec-aa84e51e46ef,2026-09-06,2026-09-06 15:30:28.390981+00
01a07757-a785-7bd1-a8ec-aa92e46f87e5,01a07757-90f6-7ca2-9931-c03ede6acaf9,01a07757-920b-70c0-aaa2-cdc1b16ae111,,01a07757-a785-7bd1-a8ec-aa92e46f87e5,2026-09-06,2026-09-06 15:30:28.390981+00
01a07757-a785-7bd1-a8ec-aaad2a14a069,01a07757-90f6-7ca2-9931-c03ede6acaf9,01a07757-920b-70c0-aaa2-cdc1b16ae111,,01a07757-a785-7bd1-a8ec-aaad2a14a069,2026-09-06,2026-09-06 15:30:28.390981+00
01a07757-a785-7bd1-a8ec-aab7dd3134bb,01a07757-90f6-7ca2-9931-c03ede6acaf9,01a07757-920b-70c0-aaa2-cdc1b16ae111,,01a07757-a785-7bd1-a8ec-aab7dd3134bb,2026-09-06,2026-09-06 15:30:28.390981+00
01a07757-a785-7bd1-a8ec-aacc54ab5a02,01a07757-90f6-7ca2-9931-c03ede6acaf9,01a07757-920b-70c0-aaa2-cdc1b16ae111,,01a07757-a785-7bd1-a8ec-aacc54ab5a02,2026-09-06,2026-09-06 15:30:28.390981+00
01a07757-a785-7bd1-a8ec-aad4a23bebb0,01a07757-90f6-7ca2-9931-c03ede6acaf9,01a07757-920b-70c0-aaa2-cdc1b16ae111,,01a07757-a785-7bd1-a8ec-aad4a23bebb0,2026-09-06,2026-09-06 15:30:28.390981+00
01a07757-a785-7bd1-a8ec-aae205051f83,01a07757-90f6-7ca2-9931-c03ede6acaf9,01a07757-920b-70c0-aaa2-cdc1b16ae111,,01a07757-a785-7bd1-a8ec-aae205051f83,2026-09-06,2026-09-06 15:30:28.390981+00
01a07757-a785-7bd1-a8ec-aaf9d759f05d,01a07757-90f6-7ca2-9931-c03ede6acaf9,01a07757-920b-70c0-aaa2-cdc1b16ae111,,01a07757-a785-7bd1-a8ec-aaf9d759f05d,2026-09-06,2026-09-06 15:30:28.390981+00
01a07757-a785-7bd1-a8ec-ab0376dcd30b,01a07757-90f6-7ca2-9931-c03ede6acaf9,01a07757-920b-70c0-aaa2-cdc1b16ae111,,01a07757-a785-7bd1-a8ec-ab0376dcd30b,2026-09-06,2026-09-06 15:30:28.390981+00
01a07757-a785-7bd1-a8ec-ab14ab2bd4f2,01a07757-90f6-7ca2-9931-c03ede6acaf9,01a07757-920b-70c0-aaa2-cdc1b16ae111,,01a07757-a785-7bd1-a8ec-ab14ab2bd4f2,2026-09-06,2026-09-06 15:30:28.390981+00
01a07757-a785-7bd1-a8ec-ab28b4d5c551,01a07757-90f6-7ca2-9931-c03ede6acaf9,01a07757-920b-70c0-aaa2-cdc1b16ae111,,01a07757-a785-7bd1-a8ec-ab28b4d5c551,2026-09-06,2026-09-06 15:30:28.390981+00
01a07757-a785-7bd1-a8ec-ab3093d6ef09,01a07757-90f6-7ca2-9931-c03ede6acaf9,01a07757-920b-70c0-aaa2-cdc1b16ae111,,01a07757-a785-7bd1-a8ec-ab3093d6ef09,2026-09-06,2026-09-06 15:30:28.390981+00
01a07757-a785-7bd1-a8ec-ab4b15c490a1,01a07757-90f6-7ca2-9931-c03ede6acaf9,01a07757-920b-70c0-aaa2-cdc1b16ae111,,01a07757-a785-7bd1-a8ec-ab4b15c490a1,2026-09-06,2026-09-06 15:30:28.390981+00
01a07757-a785-7bd1-a8ec-ab59e9560f38,01a07757-90f6-7ca2-9931-c03ede6acaf9,01a07757-920b-70c0-aaa2-cdc1b16ae111,,01a07757-a785-7bd1-a8ec-ab59e9560f38,2026-09-06,2026-09-06 15:30:28.390981+00
01a07757-a785-7bd1-a8ec-ab6edc12532f,01a07757-90f6-7ca2-9931-c03ede6acaf9,01a07757-920b-70c0-aaa2-cdc1b16ae111,,01a07757-a785-7bd1-a8ec-ab6edc12532f,2026-09-06,2026-09-06 15:30:28.390981+00
01a07757-a785-7bd1-a8ec-ab76a6f64512,01a07757-90f6-7ca2-9931-c03ede6acaf9,01a07757-920b-70c0-aaa2-cdc1b16ae111,,01a07757-a785-7bd1-a8ec-ab76a6f64512,2026-09-06,2026-09-06 15:30:28.390981+00
01a07757-a785-7bd1-a8ec-ab8b2b5ba30f,01a07757-90f6-7ca2-9931-c03ede6acaf9,01a07757-920b-70c0-aaa2-cdc1b16ae111,,01a07757-a785-7bd1-a8ec-ab8b2b5ba30f,2026-09-06,2026-09-06 15:30:28.390981+00
01a07757-a785-7bd1-a8ec-ab9fffb4845c,01a07757-90f6-7ca2-9931-c03ede6acaf9,01a07757-920b-70c0-aaa2-cdc1b16ae111,,01a07757-a785-7bd1-a8ec-ab9fffb4845c,2026-09-06,2026-09-06 15:30:28.390981+00
01a07757-a785-7bd1-a8ec-aba869cb2580,01a07757-90f6-7ca2-9931-c03ede6acaf9,01a07757-920b-70c0-aaa2-cdc1b16ae111,,01a07757-a785-7bd1-a8ec-aba869cb2580,2026-09-06,2026-09-06 15:30:28.390981+00
01a07757-a785-7bd1-a8ec-abb108708964,01a07757-90f6-7ca2-9931-c03ede6acaf9,01a07757-920b-70c0-aaa2-cdc1b16ae111,,01a07757-a785-7bd1-a8ec-abb108708964,2026-09-06,2026-09-06 15:30:28.390981+00
01a07757-a785-7bd1-a8ec-abc28f4a60d9,01a07757-90f6-7ca2-9931-c03ede6acaf9,01a07757-920b-70c0-aaa2-cdc1b16ae111,,01a07757-a785-7bd1-a8ec-abc28f4a60d9,2026-09-06,2026-09-06 15:30:28.390981+00
01a07757-a785-7bd1-a8ec-abdcaec0908e,01a07757-90f6-7ca2-9931-c03ede6acaf9,01a07757-920b-70c0-aaa2-cdc1b16ae111,,01a07757-a785-7bd1-a8ec-abdcaec0908e,2026-09-06,2026-09-06 15:30:28.390981+00
01a07757-a785-7bd1-a8ec-abe6aab19690,01a07757-90f6-7ca2-9931-c03ede6acaf9,01a07757-920b-70c0-aaa2-cdc1b16ae111,,01a07757-a785-7bd1-a8ec-abe6aab19690,2026-09-06,2026-09-06 15:30:28.390981+00
01a07757-a785-7bd1-a8ec-abfc3522280d,01a07757-90f6-7ca2-9931-c03ede6acaf9,01a07757-920b-70c0-aaa2-cdc1b16ae111,,01a07757-a785-7bd1-a8ec-abfc3522280d,2026-09-06,2026-09-06 15:30:28.390981+00
01a07757-a785-7bd1-a8ec-ac0cdb3c1b44,01a07757-90f6-7ca2-9931-c03ede6acaf9,01a07757-920b-70c0-aaa2-cdc1b16ae111,,01a07757-a785-7bd1-a8ec-ac0cdb3c1b44,2026-09-06,2026-09-06 15:30:28.390981+00
01a07757-a785-7bd1-a8ec-ac14b9f7e6c7,01a07757-90f6-7ca2-9931-c03ede6acaf9,01a07757-920b-70c0-aaa2-cdc1b16ae111,,01a07757-a785-7bd1-a8ec-ac14b9f7e6c7,2026-09-06,2026-09-06 15:30:28.390981+00
01a07757-a785-7bd1-a8ec-ac2868881a64,01a07757-90f6-7ca2-9931-c03ede6acaf9,01a07757-920b-70c0-aaa2-cdc1b16ae111,,01a07757-a785-7bd1-a8ec-ac2868881a64,2026-09-06,2026-09-06 15:30:28.390981+00
01a07757-a785-7bd1-a8ec-ac3f78f1dd1c,01a07757-90f6-7ca2-9931-c03ede6acaf9,01a07757-920b-70c0-aaa2-cdc1b16ae111,,01a07757-a785-7bd1-a8ec-ac3f78f1dd1c,2026-09-06,2026-09-06 15:30:28.390981+00
01a07757-a785-7bd1-a8ec-ac4837c75712,01a07757-90f6-7ca2-9931-c03ede6acaf9,01a07757-920b-70c0-aaa2-cdc1b16ae111,,01a07757-a785-7bd1-a8ec-ac4837c75712,2026-09-06,2026-09-06 15:30:28.390981+00
01a07757-a785-7bd1-a8ec-ac5c011648be,01a07757-90f6-7ca2-9931-c03ede6acaf9,01a07757-920b-70c0-aaa2-cdc1b16ae111,,01a07757-a785-7bd1-a8ec-ac5c011648be,2026-09-06,2026-09-06 15:30:28.390981+00
01a07757-a785-7bd1-a8ec-ac6b8d6556e4,01a07757-90f6-7ca2-9931-c03ede6acaf9,01a07757-920b-70c0-aaa2-cdc1b16ae111,,01a07757-a785-7bd1-a8ec-ac6b8d6556e4,2026-09-06,2026-09-06 15:30:28.390981+00
01a07757-a785-7bd1-a8ec-ac790b2f62bc,01a07757-90f6-7ca2-9931-c03ede6acaf9,01a07757-920b-70c0-aaa2-cdc1b16ae111,,01a07757-a785-7bd1-a8ec-ac790b2f62bc,2026-09-06,2026-09-06 15:30:28.390981+00
01a07757-a785-7bd1-a8ec-ac84921dc9d1,01a07757-90f6-7ca2-9931-c03ede6acaf9,01a07757-920b-70c0-aaa2-cdc1b16ae111,,01a07757-a785-7bd1-a8ec-ac84921dc9d1,2026-09-06,2026-09-06 15:30:28.390981+00
01a07757-a785-7bd1-a8ec-ac94acab23d7,01a07757-90f6-7ca2-9931-c03ede6acaf9,01a07757-920b-70c0-aaa2-cdc1b16ae111,,01a07757-a785-7bd1-a8ec-ac94acab23d7,2026-09-06,2026-09-06 15:30:28.390981+00
01a07757-a785-7bd1-a8ec-acaa4a7b2deb,01a07757-90f6-7ca2-9931-c03ede6acaf9,01a07757-920b-70c0-aaa2-cdc1b16ae111,,01a07757-a785-7bd1-a8ec-acaa4a7b2deb,2026-09-06,2026-09-06 15:30:28.390981+00
01a07757-a785-7bd1-a8ec-acba7a554430,01a07757-90f6-7ca2-9931-c03ede6acaf9,01a07757-920b-70c0-aaa2-cdc1b16ae111,,01a07757-a785-7bd1-a8ec-acba7a554430,2026-09-06,2026-09-06 15:30:28.390981+00
01a07757-a785-7bd1-a8ec-accccfae2151,01a07757-90f6-7ca2-9931-c03ede6acaf9,01a07757-920b-70c0-aaa2-cdc1b16ae111,,01a07757-a785-7bd1-a8ec-accccfae2151,2026-09-06,2026-09-06 15:30:28.390981+00
01a07757-a785-7bd1-a8ec-acd6fe905cfa,01a07757-90f6-7ca2-9931-c03ede6acaf9,01a07757-920b-70c0-aaa2-cdc1b16ae111,,01a07757-a785-7bd1-a8ec-acd6fe905cfa,2026-09-06,2026-09-06 15:30:28.390981+00
01a07757-a785-7bd1-a8ec-ace4d6cd8a13,01a07757-90f6-7ca2-9931-c03ede6acaf9,01a07757-920b-70c0-aaa2-cdc1b16ae111,,01a07757-a785-7bd1-a8ec-ace4d6cd8a13,2026-09-06,2026-09-06 15:30:28.390981+00
01a07757-a785-7bd1-a8ec-acf3c5b7801c,01a07757-90f6-7ca2-9931-c03ede6acaf9,01a07757-920b-70c0-aaa2-cdc1b16ae111,,01a07757-a785-7bd1-a8ec-acf3c5b7801c,2026-09-06,2026-09-06 15:30:28.390981+00
01a07757-a785-7bd1-a8ec-ad0a73aa9b8b,01a07757-90f6-7ca2-9931-c03ede6acaf9,01a07757-920b-70c0-aaa2-cdc1b16ae111,,01a07757-a785-7bd1-a8ec-ad0a73aa9b8b,2026-09-06,2026-09-06 15:30:28.390981+00
01a07757-a785-7bd1-a8ec-ad1a1d8eef4c,01a07757-90f6-7ca2-9931-c03ede6acaf9,01a07757-920b-70c0-aaa2-cdc1b16ae111,,01a07757-a785-7bd1-a8ec-ad1a1d8eef4c,2026-09-06,2026-09-06 15:30:28.390981+00
01a07757-a785-7bd1-a8ec-ad25b79c58e3,01a07757-90f6-7ca2-9931-c03ede6acaf9,01a07757-920b-70c0-aaa2-cdc1b16ae111,,01a07757-a785-7bd1-a8ec-ad25b79c58e3,2026-09-06,2026-09-06 15:30:28.390981+00
01a07757-a785-7bd1-a8ec-ad31da93d609,01a07757-90f6-7ca2-9931-c03ede6acaf9,01a07757-920b-70c0-aaa2-cdc1b16ae111,,01a07757-a785-7bd1-a8ec-ad31da93d609,2026-09-06,2026-09-06 15:30:28.390981+00
01a07757-a785-7bd1-a8ec-ad49ad1b97c4,01a07757-90f6-7ca2-9931-c03ede6acaf9,01a07757-920b-70c0-aaa2-cdc1b16ae111,,01a07757-a785-7bd1-a8ec-ad49ad1b97c4,2026-09-06,2026-09-06 15:30:28.390981+00
01a07757-a785-7bd1-a8ec-ad5813a0e5d6,01a07757-90f6-7ca2-9931-c03ede6acaf9,01a07757-920b-70c0-aaa2-cdc1b16ae111,,01a07757-a785-7bd1-a8ec-ad5813a0e5d6,2026-09-06,2026-09-06 15:30:28.390981+00
01a07757-a785-7bd1-a8ec-ad65a136adbb,01a07757-90f6-7ca2-9931-c03ede6acaf9,01a07757-920b-70c0-aaa2-cdc1b16ae111,,01a07757-a785-7bd1-a8ec-ad65a136adbb,2026-09-06,2026-09-06 15:30:28.390981+00
01a07757-a785-7bd1-a8ec-ad701672944d,01a07757-90f6-7ca2-9931-c03ede6acaf9,01a07757-920b-70c0-aaa2-cdc1b16ae111,,01a07757-a785-7bd1-a8ec-ad701672944d,2026-09-06,2026-09-06 15:30:28.390981+00
01a07757-a785-7bd1-a8ec-ad892fd295ef,01a07757-90f6-7ca2-9931-c03ede6acaf9,01a07757-920b-70c0-aaa2-cdc1b16ae111,,01a07757-a785-7bd1-a8ec-ad892fd295ef,2026-09-06,2026-09-06 15:30:28.390981+00
01a07757-a785-7bd1-a8ec-ad911734ca61,01a07757-90f6-7ca2-9931-c03ede6acaf9,01a07757-920b-70c0-aaa2-cdc1b16ae111,,01a07757-a785-7bd1-a8ec-ad911734ca61,2026-09-06,2026-09-06 15:30:28.390981+00
01a07757-a785-7bd1-a8ec-ada2bf768272,01a07757-90f6-7ca2-9931-c03ede6acaf9,01a07757-920b-70c0-aaa2-cdc1b16ae111,,01a07757-a785-7bd1-a8ec-ada2bf768272,2026-09-06,2026-09-06 15:30:28.390981+00
01a07757-a785-7bd1-a8ec-adb049f0ad10,01a07757-90f6-7ca2-9931-c03ede6acaf9,01a07757-920b-70c0-aaa2-cdc1b16ae111,,01a07757-a785-7bd1-a8ec-adb049f0ad10,2026-09-06,2026-09-06 15:30:28.390981+00
01a07757-a785-7bd1-a8ec-adc4893fd300,01a07757-90f6-7ca2-9931-c03ede6acaf9,01a07757-920b-70c0-aaa2-cdc1b16ae111,,01a07757-a785-7bd1-a8ec-adc4893fd300,2026-09-06,2026-09-06 15:30:28.390981+00
01a07757-a785-7bd1-a8ec-adde4ef24cb7,01a07757-90f6-7ca2-9931-c03ede6acaf9,01a07757-920b-70c0-aaa2-cdc1b16ae111,,01a07757-a785-7bd1-a8ec-adde4ef24cb7,2026-09-06,2026-09-06 15:30:28.390981+00
01a07757-a785-7bd1-a8ec-ade6ff35b508,01a07757-90f6-7ca2-9931-c03ede6acaf9,01a07757-920b-70c0-aaa2-cdc1b16ae111,,01a07757-a785-7bd1-a8ec-ade6ff35b508,2026-09-06,2026-09-06 15:30:28.390981+00
01a07757-a785-7bd1-a8ec-adfd8f278ce8,01a07757-90f6-7ca2-9931-c03ede6acaf9,01a07757-920b-70c0-aaa2-cdc1b16ae111,,01a07757-a785-7bd1-a8ec-adfd8f278ce8,2026-09-06,2026-09-06 15:30:28.390981+00
01a07757-a785-7bd1-a8ec-ae08f92da02c,01a07757-90f6-7ca2-9931-c03ede6acaf9,01a07757-920b-70c0-aaa2-cdc1b16ae111,,01a07757-a785-7bd1-a8ec-ae08f92da02c,2026-09-06,2026-09-06 15:30:28.390981+00
01a07757-abb9-7893-ba14-e7a0e38f5d22,01a07757-ab63-7f51-8139-13159b30f81d,01a07757-abac-78f0-b8ac-7deb334c1ab2,,01a07757-abb9-7893-ba14-e7a0e38f5d22,2026-09-06,2026-09-06 15:30:29.433911+00
01a07757-abd9-7342-8567-c687fc195813,01a07757-ab63-7f51-8139-13159b30f81d,01a07757-abac-78f0-b8ac-7deb334c1ab2,,01a07757-abd9-7342-8567-c687fc195813,2026-09-06,2026-09-06 15:30:29.466573+00
01a07757-b547-7983-8a81-e9f1cf1bcf3f,01a07757-b108-7771-bcb9-59bac292af91,01a07757-b11d-7812-93c8-2863e2952b37,,01a07757-b547-7983-8a81-e9f1cf1bcf3f,2026-09-06,2026-09-06 15:30:31.880458+00
01a07757-b5c0-7ea2-93b6-261a49d71817,01a07757-b0c8-7ea0-88b0-adc59c62c159,01a07757-b114-7d00-afed-a4121ec14872,,01a07757-b5c0-7ea2-93b6-261a49d71817,2026-09-06,2026-09-06 15:30:32.00865+00
01a07757-b611-7110-92da-684d2e47e19b,01a07757-b108-7771-bcb9-59bac292af91,01a07757-b11d-7812-93c8-2863e2952b37,,01a07757-b611-7110-92da-684d2e47e19b,2026-09-06,2026-09-06 15:30:32.095686+00
01a07757-b6b6-7253-8fa1-716a4a5be69b,01a07757-b108-7771-bcb9-59bac292af91,01a07757-b11d-7812-93c8-2863e2952b37,,01a07757-b6b6-7253-8fa1-716a4a5be69b,2026-09-06,2026-09-06 15:30:32.250226+00
01a07757-b770-7290-a56c-120c2458f606,01a07757-b310-7d91-b68c-74ecc99476dd,01a07757-b3e3-79e3-94be-9df3b704dac7,,01a07757-b770-7290-a56c-120c2458f606,2026-09-06,2026-09-06 15:30:32.436281+00
01a07757-b94e-7f01-9314-dbc480085543,01a07757-b8cc-7d73-8fc8-8d3b3bc43b72,01a07757-b8de-7701-8cc3-46ef1acfd093,,01a07757-b94e-7f01-9314-dbc480085543,2026-09-06,2026-09-06 15:30:32.910501+00
01a07757-ba39-7da2-9818-43a30a098fb8,01a07757-b924-7d11-bd7e-dd45440c1b67,01a07757-b936-70f0-b486-6b3ddfa1afce,,01a07757-ba39-7da2-9818-43a30a098fb8,2025-01-01,2026-09-06 15:30:33.146167+00
01a07757-ba55-7892-95f4-60cf4132063e,01a07757-b924-7d11-bd7e-dd45440c1b67,01a07757-b936-70f0-b486-6b3ddfa1afce,,01a07757-ba55-7892-95f4-60cf4132063e,2025-01-01,2026-09-06 15:30:33.174678+00
01a07757-dedf-7082-a2d8-a2d1f4edc54d,00000000-0000-0000-0000-000000000001,01a07757-de90-76f3-a4d5-fcde77e25e5b,,01a07757-dedf-7082-a2d8-a2d1f4edc54d,2026-09-06,2026-09-06 15:30:42.527909+00
